e1,e2,e4,e8,e16,sat,lum_p10,lum_p50,lum_p90,lum_sd,grad_mean,spec_centroid_cpm,dom_wavelength_mm,R,G,B,tile_path
3.4828593730926514,3.2357053756713867,2.861250162124634,1.9145481586456299,1.3834232091903687,0.14140485227108002,134.79867233947894,149.51346390776993,162.85191158839072,10.47998575138292,6.6313221997407235,2.946724007619356,0.3393599120291877,159.68565279047345,149.5213872326086,138.57926958931606,data/tiles/train/F827/F827__Motorola_Edge_F827_01__x38_y15__t256.png
4.745215892791748,4.276726722717285,3.8146286010742188,2.6060123443603516,1.5578644275665283,0.14592239260673523,123.05303128235614,142.22310035814147,158.76707326278833,13.273877784039009,9.143131750970117,2.8397027376255446,0.35214953549545236,151.97965795833923,141.69086534039428,131.30834720037242,data/tiles/train/F827/F827__Motorola_Edge_F827_01__x294_y15__t256.png
5.238570690155029,4.719276428222656,4.2428879737854,2.8111178874969482,1.5578404664993286,0.14567773044109344,116.05347738754108,137.09795140945113,155.9694734076188,14.796322239192348,10.167278802362624,2.678288063993849,0.3733728322370243,146.6090884422883,136.65280713548046,126.7015722594894,data/tiles/train/F827/F827__Motorola_Edge_F827_01__x550_y15__t256.png
5.044234275817871,4.5047173500061035,3.997843027114868,2.746495485305786,1.6556034088134766,0.14535550773143768,118.6430466892087,138.58013490349498,156.57993551459722,14.065681746635784,9.682402693037758,3.004588402952649,0.3328242893493454,148.2712372230333,138.22037324499559,128.17965195598865,data/tiles/train/F827/F827__Motorola_Edge_F827_01__x806_y15__t256.png
3.945613384246826,3.636802911758423,3.291748285293579,2.1884210109710693,1.4502158164978027,0.13582512736320496,131.24165842912765,149.41929242961294,163.99775475734432,12.077184170228806,7.624590791995445,2.9127837632932856,0.3433141905698377,158.6422917005936,148.65854865922378,138.46043315575739,data/tiles/train/F827/F827__Motorola_Edge_F827_01__x1062_y15__t256.png
3.8053641319274902,3.608898639678955,3.4093568325042725,2.4497764110565186,1.6075655221939087,0.14206266403198242,132.66903343812496,149.08067921831523,165.13472664097307,11.980096918327913,7.4881005468959945,2.7874830339561365,0.358746578120244,159.65658322972666,149.20353320076381,138.4734497012808,data/tiles/train/F827/F827__Motorola_Edge_F827_01__x38_y271__t256.png
5.130794525146484,4.5948896408081055,4.112171649932861,2.8905014991760254,1.7740356922149658,0.1476127952337265,117.89437593342116,138.28768902679303,156.97652821174287,14.510220062389507,9.919800094980348,2.822796601428976,0.35425860988134,148.19133264884303,137.9658855171946,127.82180086394322,data/tiles/train/F827/F827__Motorola_Edge_F827_01__x294_y271__t256.png
5.655210971832275,4.998748779296875,4.401250839233398,2.7743213176727295,1.4616588354110718,0.1497054398059845,110.2199786205054,131.34331104966984,151.5391495126253,15.352338442861953,10.9125424929872,2.7583477192079378,0.36253587357258604,141.1176683102603,131.214622703266,121.46639882133996,data/tiles/train/F827/F827__Motorola_Edge_F827_01__x550_y271__t256.png
5.656164169311523,4.999365329742432,4.496211528778076,3.2068417072296143,2.001810073852539,0.1493193805217743,109.87292684004593,131.33878001023848,152.83746519723934,15.868300917773757,10.812936157623067,2.91030593392451,0.34360648766967017,141.2912972951467,131.59249395176093,121.65392163041435,data/tiles/train/F827/F827__Motorola_Edge_F827_01__x806_y271__t256.png
4.484196186065674,4.0385589599609375,3.6119353771209717,2.5159292221069336,1.6260625123977661,0.1395454704761505,125.34582566036636,145.3761100161946,162.02362815860738,13.560041127712774,8.558748918809329,2.790711072527013,0.35833161298725613,154.75090435124073,144.6444702833996,134.56516168466055,data/tiles/train/F827/F827__Motorola_Edge_F827_01__x1062_y271__t256.png
3.3089027404785156,3.142686605453491,2.9132678508758545,2.239408016204834,1.6901623010635376,0.13953138887882233,135.8402502238536,151.33006911597445,166.27886572600974,11.201755440939065,6.346403415156535,2.886560045643311,0.34643311907171354,161.63839864551392,151.53718624311253,140.5360603271647,data/tiles/train/F827/F827__Motorola_Edge_F827_02__x37_y15__t256.png
4.293923854827881,3.9471747875213623,3.604078531265259,2.449141502380371,1.5657638311386108,0.14207947254180908,125.3848196012304,142.77949773878566,159.33307957140676,12.60969236464568,8.438893310642987,2.8652199637253974,0.34901334370844833,152.80614399107503,142.75560374202826,132.5317123182109,data/tiles/train/F827/F827__Motorola_Edge_F827_02__x293_y15__t256.png
4.710238933563232,4.218225002288818,3.5865843296051025,2.1637070178985596,1.332890510559082,0.14404509961605072,120.35207843559225,138.7164521022779,155.80631549232464,13.145167377225787,9.203648836891777,2.566743368894898,0.389598746847273,148.47759834448726,138.567595910594,128.52402875476568,data/tiles/train/F827/F827__Motorola_Edge_F827_02__x549_y15__t256.png
4.542604446411133,4.070737838745117,3.5808112621307373,2.5145838260650635,1.5118927955627441,0.14347106218338013,121.9184635045465,140.3439413138706,157.55908364864987,13.19238891257921,8.81063670515464,2.9454181640855976,0.3395103663694724,150.14797067458858,140.20638252361422,130.0430207749782,data/tiles/train/F827/F827__Motorola_Edge_F827_02__x805_y15__t256.png
3.2907309532165527,3.166771411895752,3.116065263748169,2.2609000205993652,1.64897620677948,0.1371363252401352,134.68512099136004,152.61387884765094,166.98036710334353,11.870136439567752,6.38822044903475,2.8904145752939745,0.3459711311130146,162.1269516037789,151.93016892652219,141.31111209089346,data/tiles/train/F827/F827__Motorola_Edge_F827_02__x1061_y15__t256.png
3.118941307067871,2.9117324352264404,2.7190136909484863,2.0638930797576904,1.7029911279678345,0.13496822118759155,138.1129093314424,153.63421411803972,166.7495498131741,10.58267261378698,6.0327604488253455,2.7427057827990757,0.3646034533749542,163.33172006873343,153.29656526636776,142.66824261099686,data/tiles/train/F827/F827__Motorola_Edge_F827_02__x37_y271__t256.png
4.347823143005371,3.874898910522461,3.3869285583496094,2.2183988094329834,1.7402657270431519,0.14333434402942657,123.34849256001053,140.14548406395022,157.16037039209178,12.600351302571877,8.397192335135081,2.814821821001523,0.35526227363272206,150.39467538979721,140.39056680598702,130.2771083069412,data/tiles/train/F827/F827__Motorola_Edge_F827_02__x293_y271__t256.png
4.882957458496094,4.196348190307617,3.6106882095336914,2.366595983505249,1.6809492111206055,0.14892977476119995,114.72568244726358,133.1339434906989,149.9204826711331,13.10950322623059,9.326273890241472,2.605747169470413,0.38376708673667603,142.78983312224358,132.90588761324014,122.99733726480827,data/tiles/train/F827/F827__Motorola_Edge_F827_02__x549_y271__t256.png
5.1931657791137695,4.441788673400879,3.9949800968170166,2.825399398803711,1.8924601078033447,0.14870040118694305,113.1489819586504,132.92731759497272,151.92842594059996,14.428196018066973,9.811685508902395,2.880924359307181,0.3471108141973172,142.73740842726974,133.05067993259414,122.9721404553354,data/tiles/train/F827/F827__Motorola_Edge_F827_02__x805_y271__t256.png
3.865053176879883,3.4828271865844727,3.1545467376708984,2.274916648864746,1.649479627609253,0.13629910349845886,129.13123297182526,146.93270968545426,163.4673975688776,12.627238641609573,7.441500752204022,3.007337933279981,0.33251999681636735,156.670410260279,146.80756754352274,136.67301427871703,data/tiles/train/F827/F827__Motorola_Edge_F827_02__x1061_y271__t256.png
1.6562726497650146,1.7212772369384766,1.9603807926177979,1.7944114208221436,1.5203605890274048,0.22018958628177643,169.17703890340331,178.5922736952252,188.18248676488682,7.1201129226740765,2.7674739969262068,2.7932593236923173,0.3580047121003191,197.1375039230185,181.163557202357,157.79026152736424,data/tiles/train/F827/F827__Samsung_A52_F827_01__x111_y211__t256.png
2.0894229412078857,2.2045295238494873,2.357497215270996,2.03450870513916,1.8551236391067505,0.23953020572662354,152.96043960947426,164.80324524290634,176.14656737013794,8.825919141249718,3.6636840259502153,2.753604972988,0.3631602970686376,183.36209502584038,167.20085880413754,143.8837863333108,data/tiles/train/F827/F827__Samsung_A52_F827_01__x367_y211__t256.png
2.127901792526245,2.196978807449341,2.270010232925415,1.9132472276687622,1.9861551523208618,0.2614991366863251,146.39888961892157,158.74675701930263,168.632807147539,8.302870492563327,3.8284985086432863,2.7653846550877135,0.36161334668586337,177.48654090303455,161.03029871817205,136.11462783855814,data/tiles/train/F827/F827__Samsung_A52_F827_01__x623_y211__t256.png
2.3407387733459473,2.4966394901275635,2.5144710540771484,1.8990955352783203,1.6001735925674438,0.2727412283420563,142.04094610044845,154.89989687662322,168.1650365507488,9.724245920309475,4.652409201866106,2.8292527558805225,0.3534502168183907,174.87971948976534,157.96536747617654,132.56733546249072,data/tiles/train/F827/F827__Samsung_A52_F827_01__x879_y211__t256.png
1.9834977388381958,2.0743861198425293,2.169665575027466,1.9479856491088867,1.6059120893478394,0.24123850464820862,160.0749012978832,171.9176134921187,184.74852939217627,9.151916810436644,3.9257271935551343,2.8815466046845057,0.3470358585817451,191.5648328938897,175.14647724170038,150.01352440718426,data/tiles/train/F827/F827__Samsung_A52_F827_01__x1135_y211__t256.png
1.9147638082504272,1.9893860816955566,2.1054584980010986,1.7501510381698608,1.6523150205612183,0.23924560844898224,158.38673016509583,168.71945115590057,179.357004821731,7.788694029251264,3.5146978402624107,2.7268085620878293,0.3667290817197421,187.84113197568772,171.35154592171952,147.43807204887858,data/tiles/train/F827/F827__Samsung_A52_F827_01__x111_y467__t256.png
3.148566484451294,3.2349977493286133,3.1995930671691895,2.2872185707092285,1.4213054180145264,0.27759042382240295,129.51089464133918,144.14854706040592,159.41811416127533,11.138803541749224,6.2868979410456,2.8042877379597755,0.3565967880056194,163.316323719247,146.76059012057706,123.22301666204983,data/tiles/train/F827/F827__Samsung_A52_F827_01__x367_y467__t256.png
3.392676830291748,3.2188992500305176,3.0761168003082275,2.2073781490325928,1.3655043840408325,0.29288774728775024,120.634876396322,134.58806158817194,148.56457386851682,10.569796459075274,6.716746903889126,2.78625668216884,0.35890447796848124,153.49433105115946,136.94519891300592,114.00838366337075,data/tiles/train/F827/F827__Samsung_A52_F827_01__x623_y467__t256.png
3.1365935802459717,3.009777307510376,2.762662172317505,1.7636947631835938,1.2107783555984497,0.293535053730011,125.51263037823571,137.95700825358284,151.29006304623334,9.71403843149937,6.2423488571520505,2.701946440864128,0.3701035612238795,157.47965299530753,140.64024248275535,116.87451231505386,data/tiles/train/F827/F827__Samsung_A52_F827_01__x879_y467__t256.png
2.839982271194458,2.941547155380249,2.9302661418914795,2.2162022590637207,1.7764384746551514,0.26314011216163635,139.28005198245646,155.50768988106157,173.53228499866518,12.61267854042504,5.748500750669552,2.747827761842846,0.36392382880990487,175.36067907011224,158.50022802897126,134.29697541778606,data/tiles/train/F827/F827__Samsung_A52_F827_01__x1135_y467__t256.png
1.6636115312576294,1.7929033041000366,1.9628233909606934,1.5602537393569946,1.3716933727264404,0.23228216171264648,164.50122095062204,174.52577643054119,184.32897062819043,7.305067090122079,3.270316455377451,2.8525168738008833,0.35056760196041664,193.4880623331049,177.06266940231052,152.95442219635717,data/tiles/train/F827/F827__Samsung_A52_F827_01__x111_y723__t256.png
2.8299827575683594,2.852280855178833,2.9435510635375977,2.1767077445983887,1.4979721307754517,0.2585451006889343,138.8736496915515,154.6932487319187,170.02623645054894,11.577628935049525,5.52083701820618,2.8746171307897184,0.34787241378655487,173.68157946057286,156.78574506256885,133.68053203601272,data/tiles/train/F827/F827__Samsung_A52_F827_01__x367_y723__t256.png
2.9808998107910156,2.929396152496338,2.8831284046173096,2.0619890689849854,1.2741618156433105,0.2767656743526459,130.48325004375081,144.72601682888728,160.08641609353137,11.007711502957719,5.953323040780554,2.593127071604714,0.38563478471618684,164.26609812965023,147.05534660600998,124.0965173636554,data/tiles/train/F827/F827__Samsung_A52_F827_01__x623_y723__t256.png
2.9974138736724854,3.002584218978882,2.873774290084839,1.9301457405090332,1.2570841312408447,0.2736256718635559,132.15780768847455,146.5505504614509,161.8281220739949,11.016107678378889,6.068127424550117,2.5442413971141855,0.3930444654875333,166.05479844261177,148.74235166915923,125.86284141809014,data/tiles/train/F827/F827__Samsung_A52_F827_01__x879_y723__t256.png
2.637880325317383,2.6263647079467773,2.62321400642395,2.101050615310669,1.5930662155151367,0.2460736781358719,146.03367666407237,161.61721670211546,177.05515277963784,11.407954010281596,5.258054016286078,2.8772755349386134,0.34755100366893954,180.60836018844833,163.536310371188,140.82863870381115,data/tiles/train/F827/F827__Samsung_A52_F827_01__x1135_y723__t256.png
1.6024376153945923,1.7980324029922485,2.1102936267852783,1.8253973722457886,1.4164115190505981,0.227946475148201,169.87173631695921,178.98013332021898,188.2568472401696,6.808702210909065,2.962815229579562,2.882042398473839,0.34697615848036845,198.1182769540079,181.8074343236818,157.29879843599022,data/tiles/train/F827/F827__Samsung_A52_F827_02__x125_y185__t256.png
2.2267563343048096,2.418394088745117,2.5123393535614014,2.0755844116210938,1.469164252281189,0.2420993596315384,153.22248428003695,164.8715320332731,176.86269580271673,8.830734768295834,4.189832532056239,2.742047647424226,0.3646909640462891,183.75039344619276,167.602736672302,143.79226850385626,data/tiles/train/F827/F827__Samsung_A52_F827_02__x381_y185__t256.png
2.463876962661743,2.672511100769043,2.8105432987213135,2.2584729194641113,1.658812403678894,0.26116129755973816,143.25240468694597,156.40134301623877,167.53109741505227,9.110818544008355,4.927717175823064,2.8782602243210698,0.34743210205598496,175.01875246453295,158.76953512612485,134.27231681308277,data/tiles/train/F827/F827__Samsung_A52_F827_02__x637_y185__t256.png
2.6594784259796143,2.865675687789917,2.949211597442627,2.159844160079956,1.5178046226501465,0.26167115569114685,142.71508431062907,156.46502879949495,168.74576105955438,9.7446612311771,5.411432514411224,2.6287104379317814,0.38041466476116736,175.40289127247993,158.8240789023491,134.5172754755765,data/tiles/train/F827/F827__Samsung_A52_F827_02__x893_y185__t256.png
2.5640039443969727,2.8790535926818848,3.255427360534668,2.587585926055908,1.7650235891342163,0.2407233715057373,153.9613363178719,169.3720585370382,184.22682258086024,11.289521502532098,5.309928480477403,2.683101997193109,0.37270293900348794,188.42770620520872,172.06698927213193,147.65333664667813,data/tiles/train/F827/F827__Samsung_A52_F827_02__x1149_y185__t256.png
1.9674365520477295,2.213651657104492,2.356191396713257,1.7821556329727173,1.1619359254837036,0.2428044229745865,159.899969830516,169.91258195366495,179.22408509284912,7.236351735661444,3.809107291095599,2.770486854898343,0.36094739025090694,189.09195859768582,172.5573622226725,147.85529862940842,data/tiles/train/F827/F827__Samsung_A52_F827_02__x125_y441__t256.png
3.4071712493896484,3.5279862880706787,3.596574068069458,2.8749337196350098,2.025263547897339,0.27367496490478516,128.59163618497365,146.48010188560093,163.0373596544491,12.774049027779023,6.865724675057867,2.52421562801014,0.39616266887164,165.0617826363173,148.56673049494032,125.04389537075824,data/tiles/train/F827/F827__Samsung_A52_F827_02__x381_y441__t256.png
3.6972756385803223,3.5786280632019043,3.427233934402466,2.2584991455078125,1.3126026391983032,0.2845769226551056,121.42390632823852,136.03114944569987,151.55898015535044,11.378117913232968,7.34681055901402,2.7594861978446867,0.36238630248669335,154.8521287382708,138.54741050551522,116.01544162660464,data/tiles/train/F827/F827__Samsung_A52_F827_02__x637_y441__t256.png
3.6806342601776123,3.646204710006714,3.5233006477355957,2.3676705360412598,1.2887459993362427,0.2867538034915924,123.8352975291054,139.60076897570218,154.75102751271714,11.576283724728127,7.422956980164652,2.7597344265832238,0.36235370706958986,158.42651898917097,142.0061879216536,118.39321115561437,data/tiles/train/F827/F827__Samsung_A52_F827_02__x893_y441__t256.png
3.2111244201660156,3.2395095825195312,3.218745470046997,2.2534070014953613,1.4287251234054565,0.26288527250289917,140.66608799996334,155.85953821709705,171.63361342564107,11.50552011713912,6.510822232371954,2.9518634849500365,0.33876905388696393,175.40280337034756,158.5784161492794,134.36257481172652,data/tiles/train/F827/F827__Samsung_A52_F827_02__x1149_y441__t256.png
1.8875268697738647,2.0996649265289307,2.235819101333618,1.6396822929382324,1.2407904863357544,0.2400156855583191,162.72122973066476,172.6048802603875,181.97944196837378,7.213999538661182,3.804799585956286,2.7085442628502814,0.3692020151620747,191.94430246878318,175.261351423048,150.52328115052313,data/tiles/train/F827/F827__Samsung_A52_F827_02__x125_y697__t256.png
2.92812180519104,3.0134565830230713,3.086008310317993,2.258087158203125,1.4269111156463623,0.2554342448711395,139.72232361661338,155.3194993071614,171.2835851338939,11.714679840135137,5.9391048972337135,2.8545276339889507,0.3503206583439475,174.39068935135853,157.57274156932567,134.66014347592133,data/tiles/train/F827/F827__Samsung_A52_F827_02__x381_y697__t256.png
3.1896250247955322,3.1789982318878174,3.106236457824707,2.214207410812378,1.4273157119750977,0.27201831340789795,131.48202732641457,146.76429365872426,161.74364099116465,11.258273957520183,6.395688160746066,2.691720904141361,0.37150954189249147,165.76031812125203,148.90774249607776,125.82003900787443,data/tiles/train/F827/F827__Samsung_A52_F827_02__x637_y697__t256.png
3.2087624073028564,3.195890426635742,3.2514591217041016,2.4104020595550537,1.5792090892791748,0.2713163495063782,132.98004759605453,148.87716645641478,164.4343743210387,11.81188880826223,6.443831218485946,2.8955347214403426,0.345359353695667,168.1047105970785,151.04760314781905,127.69260114996179,data/tiles/train/F827/F827__Samsung_A52_F827_02__x893_y697__t256.png
2.6952881813049316,2.8177928924560547,2.9225871562957764,2.176004648208618,1.3680065870285034,0.2516982853412628,147.97373059493378,162.22056436374075,175.41008367279014,10.34440517842139,5.575444686232133,2.734557506866756,0.3656898776086796,181.32108825018983,164.4699439409372,140.5198776278098,data/tiles/train/F827/F827__Samsung_A52_F827_02__x1149_y697__t256.png
1.538177251815796,1.6978799104690552,1.974076271057129,1.8712060451507568,1.9438843727111816,0.24080845713615417,171.13474297917523,181.48656616431057,191.77665357164014,7.620492306716208,2.739240363013663,2.710177379176793,0.36897953900853037,201.8621522737522,184.69776797709486,158.13941099117935,data/tiles/train/F827/F827__Samsung_A52_F827_03__x142_y163__t256.png
2.0606565475463867,2.3337132930755615,2.5750486850738525,2.113072395324707,1.7761297225952148,0.2642818093299866,152.44836070400336,165.67960178114015,179.98785963319958,10.22267449669369,3.9399890143392127,2.6804843185344063,0.37306690924674557,186.47141149211163,169.054483075344,142.59038683368703,data/tiles/train/F827/F827__Samsung_A52_F827_03__x398_y163__t256.png
2.307682752609253,2.5275113582611084,2.765465259552002,2.249375820159912,1.8523194789886475,0.2891320586204529,144.13374167542804,157.48850029287715,169.7797851159273,9.577045356816665,4.563011067356135,2.8721823428967728,0.3481673099457322,178.3882672520507,160.6883549249933,132.90037310151345,data/tiles/train/F827/F827__Samsung_A52_F827_03__x654_y163__t256.png
2.3625741004943848,2.537376642227173,2.6526269912719727,1.9622032642364502,1.5828343629837036,0.29506921768188477,146.54172118809262,158.74520501597962,169.81863080889954,8.749051433117497,4.743142550716367,2.6588013436052202,0.3761093330290119,180.29884492799698,161.9101028773197,133.50894260189278,data/tiles/train/F827/F827__Samsung_A52_F827_03__x910_y163__t256.png
2.2965478897094727,2.504042863845825,2.649176836013794,2.207160234451294,1.757115364074707,0.26222193241119385,157.3853874071359,171.60731609962008,185.76530448900238,10.49548481633187,4.649215983816802,2.8962052501804068,0.34527939618150655,192.50861268919124,174.8091314662276,147.5089966879291,data/tiles/train/F827/F827__Samsung_A52_F827_03__x1166_y163__t256.png
2.020331621170044,2.2460665702819824,2.493906259536743,1.995227336883545,1.7473440170288086,0.2685868740081787,158.50060316132922,170.53585204358376,180.982854062603,8.399865723016175,3.730565513715872,2.8290331850593007,0.3534776492835797,191.5087869002664,173.4782316967486,145.7803194663036,data/tiles/train/F827/F827__Samsung_A52_F827_03__x142_y419__t256.png
2.80187726020813,2.8226451873779297,2.8301210403442383,2.1140310764312744,1.6219695806503296,0.3017781376838684,135.9592525314165,149.01663995935107,163.7750315611168,10.36865846035819,5.477021031717962,2.7086690178208364,0.3691850105792972,170.70278984013208,152.263899614684,125.58205028057534,data/tiles/train/F827/F827__Samsung_A52_F827_03__x398_y419__t256.png
3.3152313232421875,3.300633430480957,3.251000165939331,2.2829806804656982,1.5922919511795044,0.32495224475860596,122.80825507399487,136.83292019956426,152.52183620186474,11.148877143734781,6.594846235501685,2.683298217273781,0.3726756845595774,158.41543201868996,140.03670368478203,113.76512188078067,data/tiles/train/F827/F827__Samsung_A52_F827_03__x654_y419__t256.png
3.0681967735290527,3.048854112625122,3.018819808959961,2.2328145503997803,1.5536348819732666,0.32179954648017883,127.89617717640856,142.9520553845392,156.7263949801339,10.831197341071599,6.046127284369868,2.695888721237548,0.37093519184313734,164.3176088325882,145.61398811041047,118.3746853881271,data/tiles/train/F827/F827__Samsung_A52_F827_03__x910_y419__t256.png
2.9065029621124268,2.9347987174987793,3.125232458114624,2.6210198402404785,2.1978909969329834,0.2980356514453888,140.4521709051669,156.75122493203364,173.83962463777297,12.41231703789974,5.770459402008521,2.9160198737872425,0.34293319088433677,178.98085788183596,160.00205009962346,132.1736998721278,data/tiles/train/F827/F827__Samsung_A52_F827_03__x1166_y419__t256.png
1.860337495803833,2.082486867904663,2.2662742137908936,1.7170741558074951,1.2965736389160156,0.2694757580757141,162.5434060063536,173.43233830872794,182.87155677749752,7.584363920915423,3.6140881374679004,2.782611005185747,0.35937470172308444,194.93334503085495,176.24515832668888,148.2734450745686,data/tiles/train/F827/F827__Samsung_A52_F827_03__x142_y675__t256.png
2.611422538757324,2.7082669734954834,2.798800468444824,2.0922131538391113,1.5645651817321777,0.2895891070365906,143.0936545021163,156.71965882773193,170.5032877087156,10.25913055546838,5.160811791028357,2.8753780735764205,0.3477803525002857,178.37358934760093,159.40510955173485,132.93567460290564,data/tiles/train/F827/F827__Samsung_A52_F827_03__x398_y675__t256.png
2.6241540908813477,2.6742160320281982,2.606537103652954,1.8160665035247803,1.0984872579574585,0.3066480755805969,136.12074529781094,148.812559596452,162.41517634554813,9.89088970663043,5.213720163069613,2.876835439429956,0.3476041716860071,170.80615672116977,151.7788425753663,125.05062404598885,data/tiles/train/F827/F827__Samsung_A52_F827_03__x654_y675__t256.png
2.731654405593872,2.791325092315674,2.8540425300598145,1.9533334970474243,1.1575971841812134,0.30504533648490906,137.78969867319202,151.4298615132709,165.67333889945033,10.400158424835826,5.56292548768324,2.567000507591207,0.38955972039848513,173.628487260907,154.26446834500672,127.33962760319362,data/tiles/train/F827/F827__Samsung_A52_F827_03__x910_y675__t256.png
2.385988473892212,2.4627721309661865,2.540877103805542,2.085822343826294,1.6022316217422485,0.28443801403045654,149.91704572229432,163.27564244718585,178.62844822587923,10.695764284682863,4.808847248791059,2.716122520763846,0.36817190401218475,185.84355217972862,166.82102019690518,139.20781613099348,data/tiles/train/F827/F827__Samsung_A52_F827_03__x1166_y675__t256.png
4.229002475738525,4.101036071777344,3.8290486335754395,2.84354567527771,2.1443710327148438,0.11615519970655441,137.21338834743543,156.64489771505714,173.1370713149951,13.269499211678411,8.26700661012689,2.6889448411809678,0.37189308783322095,164.72610329904123,156.56264538136728,146.6098202418841,data/tiles/train/G190/G190__Motorola_Edge_G190_01__x44_y15__t256.png
5.687693119049072,5.2676310539245605,4.597553253173828,3.256373167037964,2.4400928020477295,0.12184210121631622,121.87280345891354,145.69319270987648,167.32033544736515,16.655567262626768,11.058641955041503,2.933172076723493,0.3409278330226887,153.77209170011835,145.84306399848987,136.07688335122123,data/tiles/train/G190/G190__Motorola_Edge_G190_01__x300_y15__t256.png
5.760766506195068,5.211221694946289,4.5301127433776855,2.9992098808288574,1.7551600933074951,0.1227671355009079,118.88197377012796,141.46495411030023,162.2090391415638,15.971815684291482,11.243110184067817,2.9721393912932164,0.336457974659421,149.56070398576827,141.60318863882122,132.2342459489126,data/tiles/train/G190/G190__Motorola_Edge_G190_01__x556_y15__t256.png
5.2426252365112305,4.8222246170043945,4.3406147956848145,3.126791000366211,2.33449649810791,0.1204051822423935,121.5738431995183,143.19765190741163,163.3353798040164,15.422557448883762,10.26884445703443,2.896071761317549,0.3452953111717979,151.3200139264132,143.4419151127487,134.10732130993884,data/tiles/train/G190/G190__Motorola_Edge_G190_01__x812_y15__t256.png
5.033444404602051,4.521543025970459,4.004329204559326,2.9130866527557373,2.39613938331604,0.11751021444797516,129.8054244311144,151.28638134973045,170.22513280021533,14.923428672288463,9.582395766627165,2.7324628791262704,0.3659702049894852,159.39352158691315,151.27187278989095,141.67626788815517,data/tiles/train/G190/G190__Motorola_Edge_G190_01__x1068_y15__t256.png
3.72219181060791,3.57432222366333,3.348667621612549,2.3416574001312256,1.7363914251327515,0.11143053323030472,143.2163089639932,159.74968380070104,174.4758399963117,11.624483441811849,7.339945081336137,2.9127988821998674,0.3433124085947047,167.9111987977559,160.17875527638557,150.1478047243883,data/tiles/train/G190/G190__Motorola_Edge_G190_01__x44_y271__t256.png
5.373515605926514,4.889449119567871,4.4677629470825195,3.10978102684021,2.401946783065796,0.11923915147781372,122.6510157083588,145.85924607127905,166.76737145641206,16.241374324034176,10.273415963858339,2.9016333173062323,0.34463348419515755,153.74106514832573,145.98725938986482,136.40629099360623,data/tiles/train/G190/G190__Motorola_Edge_G190_01__x300_y271__t256.png
5.0566277503967285,4.614317417144775,4.227356433868408,3.0740983486175537,1.8115321397781372,0.11961733549833298,122.20261474779169,144.1913899284964,163.0280370869944,15.08064109949872,9.716224851441826,2.8874677230331507,0.34632421759144255,151.8698046169429,143.82784357763026,134.70846132585237,data/tiles/train/G190/G190__Motorola_Edge_G190_01__x556_y271__t256.png
5.3141255378723145,4.866002082824707,4.315768718719482,2.916034698486328,1.8966377973556519,0.12198126316070557,121.84988671547596,142.91388689943105,163.0766726952916,15.229425442930049,10.3775394359208,2.8021176005482222,0.35687295915216205,151.2668667400136,143.20267290327624,133.85116480472828,data/tiles/train/G190/G190__Motorola_Edge_G190_01__x812_y271__t256.png
4.808268070220947,4.400450229644775,3.9876749515533447,2.938657760620117,2.2774171829223633,0.11466984450817108,132.14215776271112,153.58476677890562,171.40803979160947,14.479912292818671,9.206603974032847,2.7581424989189935,0.3625628481457839,161.28568649490572,153.15905120045974,143.78940574859223,data/tiles/train/G190/G190__Motorola_Edge_G190_01__x1068_y271__t256.png
3.041478157043457,2.739175319671631,2.3602747917175293,1.7898476123809814,1.5378628969192505,0.11663982272148132,148.40510022398476,160.82864743188932,172.54113714628159,8.914750169519317,5.491989588292769,2.633871268493587,0.3796692769164602,169.7770766446164,161.35064631511224,151.0307801925003,data/tiles/train/G190/G190__Motorola_Edge_G190_02__x133_y15__t256.png
3.7084155082702637,3.494821071624756,3.02721905708313,1.9893673658370972,1.6787984371185303,0.12187764048576355,136.95209433896716,153.36718401246642,166.43189282299133,10.859255232773537,7.168483304595608,2.920928017649596,0.342356947503512,161.56274368765597,153.20478041379906,142.96688111640842,data/tiles/train/G190/G190__Motorola_Edge_G190_02__x389_y15__t256.png
4.310332775115967,3.945227861404419,3.4542455673217773,2.491227388381958,1.9215573072433472,0.12799783051013947,127.83051968409461,148.14007537508286,164.19893729693004,13.40940061023333,8.20007826508377,2.86425223493464,0.3491312628836333,156.13793212697962,147.8801958783312,137.321091286198,data/tiles/train/G190/G190__Motorola_Edge_G190_02__x645_y15__t256.png
4.545773983001709,4.130367755889893,3.6606333255767822,2.889430046081543,2.8816967010498047,0.12916821241378784,126.92156443812797,148.88569444008098,166.95874247518188,14.850771329080033,8.568264222571345,2.7459056766374577,0.3641785690266557,157.20425173078456,148.67082688502973,138.09042003497962,data/tiles/train/G190/G190__Motorola_Edge_G190_02__x901_y15__t256.png
4.3987135887146,4.071500301361084,3.7715256214141846,2.8367161750793457,2.613424301147461,0.11818467825651169,131.62381678223645,154.5751652527557,174.13120149517226,15.510060285982117,8.348541978993657,2.555379736991092,0.3913312708574107,162.52604196763974,154.3397204674008,144.35624891311036,data/tiles/train/G190/G190__Motorola_Edge_G190_02__x1157_y15__t256.png
3.5451855659484863,3.3188133239746094,2.8884761333465576,2.142321825027466,1.7755078077316284,0.1237124428153038,137.47687268046232,152.67211341324818,165.10845064374797,10.327354914392824,6.8480665651918535,2.7532728036186787,0.3632041106444959,161.19737834449344,152.7153159716265,142.38097892877525,data/tiles/train/G190/G190__Motorola_Edge_G190_02__x133_y271__t256.png
5.174947738647461,4.703409671783447,4.037288188934326,2.740525960922241,1.8545198440551758,0.13729868829250336,116.66337181837423,137.24825698248648,156.5687802361872,14.816644709970426,10.117752824181565,2.710365194472903,0.3689539704978666,146.0668493453278,137.92707004525025,127.24595284969472,data/tiles/train/G190/G190__Motorola_Edge_G190_02__x389_y271__t256.png
5.683923244476318,5.121609687805176,4.633671760559082,3.3350813388824463,2.3750429153442383,0.14359340071678162,106.27731714852847,129.79235110312803,151.85130123815114,16.75297654241026,10.880959814488913,2.9748983136963254,0.3361459433406634,138.6232866282909,130.16938054467707,120.01329680876776,data/tiles/train/G190/G190__Motorola_Edge_G190_02__x645_y271__t256.png
5.5950398445129395,4.911695957183838,4.307515621185303,2.972450017929077,2.1021761894226074,0.14023075997829437,110.70238181183295,132.2036168088775,152.83766968449493,15.55602919360429,10.641102067921263,2.6045196339345127,0.3839479599120364,141.10792538858814,132.65890770822972,122.58119505619842,data/tiles/train/G190/G190__Motorola_Edge_G190_02__x901_y271__t256.png
5.123013496398926,4.525357723236084,4.152989864349365,3.1544525623321533,2.5773820877075195,0.13013814389705658,118.5738948371328,141.239727895122,163.51248494514326,16.502891195737266,9.660805863017117,2.8372312317690893,0.3524562921776641,150.0826058978795,142.00333361328305,131.69907580164468,data/tiles/train/G190/G190__Motorola_Edge_G190_02__x1157_y271__t256.png
1.8081908226013184,2.083310127258301,2.4727232456207275,2.413562059402466,2.154430389404297,0.21696774661540985,161.66966733764374,176.32801936171643,186.9269594051624,9.389784165569141,3.4824230866268238,2.7452874500241706,0.36426058043255016,191.38647223613776,181.6220456495035,153.32273460928624,data/tiles/train/G190/G190__Samsung_A52_G190_01__x119_y207__t256.png
2.559169292449951,2.8680663108825684,2.9727158546447754,2.2357099056243896,1.628381609916687,0.22844378650188446,149.19305744219665,163.5646065582059,177.7629950330987,10.52245925770369,5.160346731271575,2.8208242290832417,0.35450631403750976,179.28544993097694,169.61286899011745,141.91131292645275,data/tiles/train/G190/G190__Samsung_A52_G190_01__x375_y207__t256.png
2.6141855716705322,2.780846357345581,2.7729909420013428,2.2916948795318604,1.649945616722107,0.23646628856658936,142.89114974686106,155.80705434164602,168.34467622251603,9.53919715146336,5.158259165843427,2.566541874374612,0.38962933353412343,171.14321950292734,162.07258832510482,134.29317857773626,data/tiles/train/G190/G190__Samsung_A52_G190_01__x631_y207__t256.png
2.982750177383423,3.0240557193756104,3.0890793800354004,2.5755081176757812,2.227597713470459,0.2384980469942093,139.2477459604387,155.6435126859869,172.76664253633567,12.3113154067161,5.823075207319156,2.748189163231985,0.363875970904404,171.4243213397277,162.05803072284263,134.24210244731773,data/tiles/train/G190/G190__Samsung_A52_G190_01__x887_y207__t256.png
2.872648000717163,2.979074001312256,3.1094844341278076,2.598461866378784,2.417480945587158,0.21507152915000916,152.09351174058304,169.22440616885788,188.46322411866674,13.591005463710232,5.763907830415766,2.736746892762262,0.3653973272591083,185.0927157986761,175.9904244835201,148.556395875897,data/tiles/train/G190/G190__Samsung_A52_G190_01__x1143_y207__t256.png
2.3614237308502197,2.6448466777801514,2.7523207664489746,2.087045431137085,1.5338841676712036,0.21919570863246918,158.5473900142993,170.79176234039087,181.83918521241625,8.636799791846823,4.741151438481651,2.7044234005091345,0.3697645863483285,186.24461425399662,176.6683164362643,148.8523619263757,data/tiles/train/G190/G190__Samsung_A52_G190_01__x119_y463__t256.png
3.8086280822753906,3.9028890132904053,3.9518816471099854,3.049360513687134,2.3200409412384033,0.2502822279930115,127.37099323697039,146.5167056867021,165.68551476902897,14.186588559094414,7.6876496522699185,2.641256769754817,0.37860764294144267,162.116528753677,152.62312913682982,125.39706099463382,data/tiles/train/G190/G190__Samsung_A52_G190_01__x375_y463__t256.png
4.458075523376465,4.272024154663086,4.054909706115723,2.781810998916626,1.7853705883026123,0.26098597049713135,116.93311827609053,135.62299044930023,154.31437468930824,13.87577721596467,8.785201723693074,2.722689067630102,0.3672839516964842,150.73782882295163,141.29645260478108,115.30171661300314,data/tiles/train/G190/G190__Samsung_A52_G190_01__x631_y463__t256.png
4.10350227355957,4.089138984680176,4.021313667297363,3.0629093647003174,2.2986974716186523,0.2626435458660126,118.16849246005006,137.72297568356657,155.86844715478153,13.98171520769531,8.083249288368552,2.7796720390762246,0.359754671033901,152.69178223087246,143.2687762553613,116.57516134575778,data/tiles/train/G190/G190__Samsung_A52_G190_01__x887_y463__t256.png
3.861902952194214,3.8772637844085693,3.890150308609009,2.8207833766937256,1.947259783744812,0.2343306839466095,136.6243537729545,157.03924811608113,175.80998787416652,14.455196420367258,7.7779852772505516,2.7331204636075808,0.3658821531342422,172.14512010373326,162.69805348007205,135.4132846207695,data/tiles/train/G190/G190__Samsung_A52_G190_01__x1143_y463__t256.png
2.2951109409332275,2.555260181427002,2.685584783554077,2.1107418537139893,1.7042924165725708,0.2153567224740982,161.3015725586988,173.89607885093903,185.64068334625586,9.00388470876317,4.769955518629216,2.811099747859787,0.355732663261538,189.4667089757472,179.76478454051434,152.05104151580449,data/tiles/train/G190/G190__Samsung_A52_G190_01__x119_y719__t256.png
3.7129907608032227,3.7882370948791504,3.7977519035339355,3.0367743968963623,2.5560190677642822,0.24274541437625885,133.03062418634198,152.9808351950919,172.24801657484053,14.406092461419686,7.387926038767955,2.8464225830527274,0.351318179512025,168.62672433377057,158.5976242441085,131.50867698553444,data/tiles/train/G190/G190__Samsung_A52_G190_01__x375_y719__t256.png
4.053461074829102,4.034536838531494,3.897153854370117,2.9110593795776367,1.8930041790008545,0.25480949878692627,126.66964905625595,145.42299074717377,164.32498244991737,13.97915020427951,8.157338142304177,2.930395250672684,0.3412508943189305,161.29101170613953,151.3237967057776,124.1903577348021,data/tiles/train/G190/G190__Samsung_A52_G190_01__x631_y719__t256.png
4.160325527191162,4.103731632232666,3.9335780143737793,2.9167754650115967,2.056882381439209,0.2468627542257309,127.3379836998514,146.542932462508,166.41468890807354,14.512970745995572,8.33621866445457,2.8585291956245285,0.34983025589896805,162.1856513039218,152.5376295022424,125.92570858895091,data/tiles/train/G190/G190__Samsung_A52_G190_01__x887_y719__t256.png
3.766169786453247,3.778576135635376,3.709678888320923,2.7540957927703857,2.314161777496338,0.2218748778104782,142.22414939150596,162.1719248983638,180.51187185146213,14.132537761573277,7.545912874116701,2.9143820844826207,0.3431259083441443,177.0528168326586,167.51598174058162,141.131269558185,data/tiles/train/G190/G190__Samsung_A52_G190_01__x1143_y719__t256.png
1.762774109840393,2.026576519012451,2.4414544105529785,2.359401226043701,2.1598949432373047,0.2079046070575714,164.24991153374523,176.34968059587962,187.91611242282684,8.796448713863514,3.397699129333185,2.764835499983795,0.361685170783528,191.44538531602194,182.69139932456844,154.79226840943412,data/tiles/train/G190/G190__Samsung_A52_G190_02__x136_y214__t256.png
2.153108835220337,2.4054272174835205,2.6340465545654297,2.427100896835327,2.259183645248413,0.22488752007484436,148.21567664102693,162.97858050955986,177.90959258797363,11.087342438269822,4.259517715437738,2.5976560064345606,0.384962442110478,178.381868773723,169.25005465395313,141.70029958055906,data/tiles/train/G190/G190__Samsung_A52_G190_02__x392_y214__t256.png
2.749741792678833,3.0085175037384033,3.1089365482330322,2.454261541366577,2.1944119930267334,0.2500019967556,138.02884808521134,154.0149760682635,168.41091056068376,11.433693947642878,5.2991615976856785,2.603972411596954,0.3840286462123936,169.70469081906117,160.15020914609042,131.27674871961378,data/tiles/train/G190/G190__Samsung_A52_G190_02__x648_y214__t256.png
2.616767168045044,2.752784013748169,2.897339105606079,2.6251823902130127,2.478458881378174,0.2462567389011383,140.09110638893708,158.26045090704935,174.18596319967324,12.601915407352033,5.012610964230199,3.0277767096946424,0.3302753458661924,173.9170792688219,164.1091140216878,135.08479697085176,data/tiles/train/G190/G190__Samsung_A52_G190_02__x904_y214__t256.png
2.7550837993621826,3.0193684101104736,3.2224316596984863,2.663245677947998,2.478823661804199,0.21750910580158234,153.5356075664054,170.945069673505,189.49530376192988,13.412130710164103,5.500125248249203,2.8180616629346553,0.3548538391309104,186.8621476352649,177.69935601070253,149.5856796118457,data/tiles/train/G190/G190__Samsung_A52_G190_02__x1160_y214__t256.png
2.223421573638916,2.632823944091797,3.0454304218292236,2.8632924556732178,2.947542667388916,0.2245335429906845,146.22388458854311,168.57184507626928,180.53113081912525,12.74441615679351,4.495245570547539,2.889496338109851,0.3460810753801283,181.6469822520551,172.30895032707136,144.35153097533558,data/tiles/train/G190/G190__Samsung_A52_G190_02__x136_y470__t256.png
3.558192729949951,3.6275975704193115,3.732983350753784,3.095292091369629,2.804311513900757,0.2563903033733368,124.0586158404851,142.85878063041454,162.58306871524735,14.381360157400051,6.978611571303634,2.77187661086401,0.36076641942885557,158.6876210635326,149.23093473608165,121.95019084137394,data/tiles/train/G190/G190__Samsung_A52_G190_02__x392_y470__t256.png
3.9518957138061523,3.9841504096984863,3.8201122283935547,2.7396080493927,1.9441962242126465,0.2721810042858124,115.81781495183675,132.478955718749,150.36587058376276,12.885261432479771,7.909425288466706,2.8149601515122917,0.35524481561942045,148.18130394962137,138.6927199040005,111.9932978528879,data/tiles/train/G190/G190__Samsung_A52_G190_02__x648_y470__t256.png
3.7735085487365723,3.7489728927612305,3.6673078536987305,2.8846235275268555,2.293670654296875,0.2706398665904999,120.42003537457951,138.75080797094168,156.6371767239639,13.419104036326322,7.4474282387080235,2.8408661074146044,0.35200532590748285,154.57590783399314,144.69032809241975,117.02124253944861,data/tiles/train/G190/G190__Samsung_A52_G190_02__x904_y470__t256.png
3.66896653175354,3.631509780883789,3.67490816116333,2.936267614364624,2.3499808311462402,0.24256007373332977,132.91993814785567,153.31106530118228,174.68888766303712,15.38156719011819,7.1121902361504,2.783696630935482,0.3592345476467896,169.4331041208884,159.73993968533424,132.13481738365417,data/tiles/train/G190/G190__Samsung_A52_G190_02__x1160_y470__t256.png
1.9760435819625854,2.235889196395874,2.384519577026367,2.0160484313964844,1.7128766775131226,0.21064822375774384,163.51475941261344,174.76672660081988,185.7222364765756,8.327625758249836,3.951943879104624,2.8842309614928703,0.34671287194088046,190.17815609133802,180.88563463308225,153.35549249419435,data/tiles/train/G190/G190__Samsung_A52_G190_02__x136_y726__t256.png
3.5308563709259033,3.5617051124572754,3.9139931201934814,3.7945427894592285,4.251633644104004,0.2501470744609833,114.35166340252795,146.1939507718304,177.12147853165087,22.81613184901846,6.17537201938541,2.5504950773100026,0.3920807410672191,161.60651800316884,151.63796922164465,125.06071670591817,data/tiles/train/G190/G190__Samsung_A52_G190_02__x392_y726__t256.png
3.443267822265625,3.4396865367889404,3.5267436504364014,3.043278455734253,2.7305986881256104,0.25871822237968445,123.77778678313894,142.88743854170173,162.10030126389117,14.254650871625037,6.592450950001129,2.854736258421892,0.3502950568725405,158.69419103032476,148.6817650694996,121.69165485469325,data/tiles/train/G190/G190__Samsung_A52_G190_02__x648_y726__t256.png
3.436555862426758,3.4415993690490723,3.4044103622436523,2.7248613834381104,2.00253963470459,0.2532137334346771,130.0670402407948,147.4435939945269,164.70745121300112,12.864153679964549,6.8444996566555565,2.8183734819555295,0.3548145788350768,163.35181383354362,153.1890496393427,125.99939383762586,data/tiles/train/G190/G190__Samsung_A52_G190_02__x904_y726__t256.png
3.2343578338623047,3.3202362060546875,3.314121961593628,2.6001155376434326,2.3466203212738037,0.22553040087223053,144.25647013533208,162.3472746244386,178.80938457682848,12.874661536949496,6.494045842207269,2.7348440564984156,0.3656515616032454,177.53154269374107,167.73951146483205,140.97697650441287,data/tiles/train/G190/G190__Samsung_A52_G190_02__x1160_y726__t256.png
1.5587222576141357,1.7532545328140259,1.9358519315719604,1.750899314880371,1.5929152965545654,0.19258181750774384,169.1528026851785,179.04926289274337,189.09241131287703,7.416698442258196,2.9152543084025915,2.7687088242907154,0.36117918620647255,193.56980315398326,184.8896937913057,159.06408838197248,data/tiles/train/G190/G190__Samsung_A52_G190_03__x78_y218__t256.png
1.9223188161849976,2.1858272552490234,2.3149540424346924,1.8410125970840454,1.692696213722229,0.21047022938728333,157.09343853713634,168.0754166422581,178.58886142143797,7.954630695389762,3.5618417983936586,2.6984458015310566,0.37058368911193823,182.77462369683326,173.95238599622164,147.40627641816292,data/tiles/train/G190/G190__Samsung_A52_G190_03__x334_y218__t256.png
2.469012975692749,2.735250234603882,2.811811923980713,2.2767457962036133,1.9682756662368774,0.2388036549091339,142.27421477537266,156.9167764319324,169.8570138307459,10.218532241910337,4.904298460026146,2.7521532823856782,0.363351854854959,172.13234732556236,162.91151220599787,134.74854609005183,data/tiles/train/G190/G190__Samsung_A52_G190_03__x590_y218__t256.png
2.7273013591766357,3.0222368240356445,3.0833826065063477,2.5695302486419678,2.318901777267456,0.24669666588306427,139.13907083566232,155.3001462087917,169.943287643599,11.617464456051517,5.461183069173702,2.777536909879321,0.360031219186732,171.11159859596347,161.35622020954153,132.84798972975372,data/tiles/train/G190/G190__Samsung_A52_G190_03__x846_y218__t256.png
2.5553581714630127,2.776886224746704,3.007728099822998,2.6046767234802246,2.568197011947632,0.22377267479896545,154.0667348090435,171.67013770848197,187.93764751400514,12.472543449419485,5.12612276194873,2.9060743866098275,0.3441068145425491,187.40421179436055,177.74248973420202,149.05005315518335,data/tiles/train/G190/G190__Samsung_A52_G190_03__x1102_y218__t256.png
1.975322961807251,2.3328635692596436,2.5077004432678223,2.0149223804473877,1.6897428035736084,0.2126421481370926,159.5627334406305,170.86439623227753,180.09479874328017,7.779717642424691,3.9622212364843414,2.6067361998824614,0.38362148039571103,185.55524511832647,176.49187542358078,149.30989664578686,data/tiles/train/G190/G190__Samsung_A52_G190_03__x78_y474__t256.png
3.241576910018921,3.47393798828125,3.479339361190796,2.444671392440796,1.6942105293273926,0.24009548127651215,132.55520559506954,149.79184494738,166.85495753058385,12.681432279709922,6.665536341188102,2.806802970337089,0.3562772344793061,164.8878311460611,155.75795963937534,128.90978115532408,data/tiles/train/G190/G190__Samsung_A52_G190_03__x334_y474__t256.png
4.15065860748291,4.109830856323242,3.9401111602783203,2.6761081218719482,1.93280827999115,0.26706814765930176,115.47098927015246,133.18400850817815,151.9913906143731,13.663036957080962,8.272539935292272,2.8744243034916614,0.3478957503891356,148.65216336341453,139.37435338667507,112.95563840295165,data/tiles/train/G190/G190__Samsung_A52_G190_03__x590_y474__t256.png
3.770334243774414,3.7754743099212646,3.6900718212127686,2.8460254669189453,2.743952512741089,0.2669530212879181,119.31816090670834,137.4372119034659,158.61584441873072,15.032485384087249,7.457502145522436,2.780797261053658,0.35960909988133943,154.10683928498713,144.44120472181862,117.11898571429037,data/tiles/train/G190/G190__Samsung_A52_G190_03__x846_y474__t256.png
3.5572190284729004,3.5603654384613037,3.6166064739227295,3.0238513946533203,2.399169921875,0.2470792531967163,133.56546273792193,151.7514030369392,170.98732463832744,13.887592712115104,7.110534466085653,2.6923674439727407,0.3714203283205814,167.9115160661555,158.31499472246978,130.31118420950418,data/tiles/train/G190/G190__Samsung_A52_G190_03__x1102_y474__t256.png
2.129199266433716,2.4193613529205322,2.6177914142608643,2.159393787384033,1.8434697389602661,0.21232186257839203,158.6547209366391,172.6695049253179,184.55702273350755,9.633831814851934,4.353056868962952,2.613293867050136,0.3826588400977619,187.45233600569753,178.37263348687074,150.88320720504103,data/tiles/train/G190/G190__Samsung_A52_G190_03__x78_y730__t256.png
2.9949700832366943,3.1626782417297363,3.1968886852264404,2.4225635528564453,2.0437722206115723,0.2286035269498825,141.30230993524182,157.7900461607334,175.326343328322,12.620441838095056,6.009834949795492,2.5226302399984153,0.39641164374554877,173.47591556323636,163.8490928157474,137.30830260161068,data/tiles/train/G190/G190__Samsung_A52_G190_03__x334_y730__t256.png
3.4027695655822754,3.4018919467926025,3.357787847518921,2.6389968395233154,2.3104631900787354,0.25473371148109436,126.35439049879137,145.16987529861478,162.39548140869218,13.41505260268144,6.644858288884299,2.595438826276403,0.3852913002132551,160.55890783024276,150.5846157192558,123.64083510538013,data/tiles/train/G190/G190__Samsung_A52_G190_03__x590_y730__t256.png
3.534959077835083,3.4284610748291016,3.3038225173950195,2.51267671585083,1.8239632844924927,0.2565629482269287,129.55879374106678,147.178376376611,165.49994149212657,13.33077837155526,6.959570235106759,2.611655620082084,0.382898875453024,163.5033281644564,153.48687738627154,125.64844089453794,data/tiles/train/G190/G190__Samsung_A52_G190_03__x846_y730__t256.png
3.4883873462677,3.53601336479187,3.6516952514648438,2.8903908729553223,2.4252870082855225,0.23428073525428772,139.01551586994262,161.2771991861696,180.2177998337836,15.177735628494744,6.799213631637413,2.7967092122689197,0.35756309437287476,176.3693528618787,166.6074468979729,138.74961236712622,data/tiles/train/G190/G190__Samsung_A52_G190_03__x1102_y730__t256.png
3.325272798538208,3.5692436695098877,4.241746425628662,3.7563843727111816,2.853274345397949,0.14076028764247894,119.1481209112607,140.0363888486552,158.5110608095257,14.540077274417524,6.6293343842569215,2.715409491287416,0.3682685809299006,149.12523553412754,140.04009424164204,129.48225165385782,data/tiles/train/H030/H030__Motorola_Edge_H030_01__x34_y15__t256.png
4.037701606750488,4.219191074371338,5.019428730010986,4.527309417724609,3.11846923828125,0.1495821624994278,104.88407560088666,127.99138116502472,151.1627731360262,17.0399115445758,7.9271185646842435,2.862806963091277,0.3493075198197065,137.65098539035802,128.5093861875396,118.47289342383753,data/tiles/train/H030/H030__Motorola_Edge_H030_01__x290_y15__t256.png
4.060805320739746,4.090463161468506,4.449982643127441,3.642211675643921,2.7421107292175293,0.1546725481748581,108.19494129541187,129.48371941821432,149.55384851190823,15.184115860368435,7.86746847905774,2.483923096396891,0.4025889535189604,139.214050663865,129.41527192282805,119.2176271410138,data/tiles/train/H030/H030__Motorola_Edge_H030_01__x546_y15__t256.png
4.624391078948975,4.527065753936768,4.6103129386901855,2.9592366218566895,1.822318196296692,0.1579940915107727,109.22896126637863,129.5403054224264,149.06026583636847,14.620029239752007,9.201979221401182,2.9321468440308216,0.34104703931720565,139.50311042131216,129.670612561206,119.05705689636083,data/tiles/train/H030/H030__Motorola_Edge_H030_01__x802_y15__t256.png
3.4134812355041504,3.565073013305664,3.969547986984253,3.077517509460449,1.9903877973556519,0.149587482213974,119.85344486945507,137.44107554969435,154.17790875290493,12.80934549451498,6.992414495646886,2.5095588698500704,0.3984764063573226,147.45724663640866,137.81735121402798,126.90494492720298,data/tiles/train/H030/H030__Motorola_Edge_H030_01__x1058_y15__t256.png
4.044981002807617,4.081918716430664,4.65956449508667,4.174758434295654,3.3093063831329346,0.1485871821641922,112.53239478624506,136.5366102743612,158.53343423187548,16.845005337258396,7.8229702027110655,2.651184501469192,0.37718989359127425,145.907894532431,136.75123164119964,125.68308988239238,data/tiles/train/H030/H030__Motorola_Edge_H030_01__x34_y271__t256.png
5.146470546722412,5.034814357757568,5.787496566772461,5.181164741516113,3.817110061645508,0.15323443710803986,95.70115003296273,125.42934591311354,151.0582917021668,20.197091262664046,9.507481398874992,2.6967699518506127,0.3708139803744724,133.89329291770915,124.9994987972971,114.80547773562905,data/tiles/train/H030/H030__Motorola_Edge_H030_01__x290_y271__t256.png
5.246570587158203,4.976095199584961,5.440573692321777,4.761909008026123,3.5835912227630615,0.15640586614608765,93.96948413117155,125.75160711732526,147.7286718372579,19.65571010957131,9.404394661631065,2.8388329251221402,0.35225743338064713,132.9703689169089,123.38452123407743,113.67856759954869,data/tiles/train/H030/H030__Motorola_Edge_H030_01__x546_y271__t256.png
4.873666763305664,4.71043062210083,5.110831260681152,4.213984489440918,2.9688920974731445,0.16304801404476166,98.93238388169725,124.64901878258097,146.65888136036054,17.39862218910353,9.110938334375597,2.8658678926091925,0.34893443713121153,133.7964377263899,123.89375274455669,113.61618104016094,data/tiles/train/H030/H030__Motorola_Edge_H030_01__x802_y271__t256.png
3.5182435512542725,3.5944271087646484,4.229556560516357,3.6412670612335205,2.7179648876190186,0.15724489092826843,112.30068914008258,133.56580702160628,151.7707559182705,14.60429555576956,6.870423492513643,2.777289524900117,0.3600632886972647,143.16888633954503,133.21392472398884,122.27333486982604,data/tiles/train/H030/H030__Motorola_Edge_H030_01__x1058_y271__t256.png
2.1785199642181396,2.4601314067840576,2.7258260250091553,2.197187662124634,1.828398585319519,0.1308344006538391,144.5237036084155,156.20583627439547,170.85358341968018,9.75068448096067,4.491122908009474,2.75917388214778,0.36242732162337876,167.12068802240975,157.2555306728945,146.58153093054233,data/tiles/train/H030/H030__Motorola_Edge_H030_02__x41_y14__t256.png
3.4812259674072266,3.758774757385254,3.817638397216797,2.644181251525879,1.5953856706619263,0.13608691096305847,130.51278768367087,146.99417409630237,163.55604176280562,12.241574796123963,7.1353400159627425,2.887016518158514,0.34637834377125454,157.17301347076406,147.22319470994648,137.14374336442515,data/tiles/train/H030/H030__Motorola_Edge_H030_02__x297_y14__t256.png
4.043908596038818,4.124203681945801,4.143580913543701,2.9053189754486084,1.8717889785766602,0.14266160130500793,123.39890586151903,141.71987668864207,160.12698618895223,13.570897296133124,8.137868232865326,2.7088990362976113,0.36915366228146707,152.0201553985399,141.81636203179,131.78042486301766,data/tiles/train/H030/H030__Motorola_Edge_H030_02__x553_y14__t256.png
3.920030355453491,4.106299877166748,4.297907829284668,3.2508976459503174,1.846995234489441,0.14219601452350616,124.9707703813242,143.84964312605902,161.89390692747264,13.767623253543487,7.999897450970108,2.9503220368048373,0.33894604979563103,154.00065936163696,143.7968356847674,133.55512068701995,data/tiles/train/H030/H030__Motorola_Edge_H030_02__x809_y14__t256.png
3.2297489643096924,3.443486452102661,3.7271029949188232,2.7124886512756348,1.690503478050232,0.13375826179981232,136.38196084267256,153.1176266127711,169.60801487816366,12.241197020261108,6.579952083709554,2.73360681635197,0.3658170567976969,163.34943304496517,153.22329955349673,142.86490686975702,data/tiles/train/H030/H030__Motorola_Edge_H030_02__x1065_y14__t256.png
2.5043866634368896,2.776634693145752,3.187662363052368,2.5767362117767334,1.6765735149383545,0.1311771422624588,142.8577173670607,155.98110501424796,170.18550004584444,10.20775194108135,5.105707144085116,2.672515769857697,0.3741792700640441,166.5222601005998,156.67390051420662,146.00605836157908,data/tiles/train/H030/H030__Motorola_Edge_H030_02__x41_y270__t256.png
4.275944709777832,4.346880912780762,4.452083110809326,3.0715060234069824,1.69993257522583,0.1414513885974884,123.83265974432794,142.5932485251183,162.26211379676462,14.272080691273327,8.546397435549366,2.912292527493803,0.34337209966354515,153.01645966034243,143.0250496587403,132.81551577482122,data/tiles/train/H030/H030__Motorola_Edge_H030_02__x297_y270__t256.png
4.538568019866943,4.236935615539551,4.112043857574463,3.0316178798675537,2.0508968830108643,0.14404207468032837,121.56797223861118,141.55881497139663,159.909433537312,14.26963011119415,8.672467187863054,2.8736684994250496,0.34798725051274193,151.45416440684426,141.269878743727,131.1044534868925,data/tiles/train/H030/H030__Motorola_Edge_H030_02__x553_y270__t256.png
4.33957576751709,4.11940860748291,4.083459854125977,2.9737448692321777,1.9088045358657837,0.14003810286521912,125.17312373698752,144.06897389507648,161.86434602437055,13.79033766680343,8.396510647098678,2.656895841692022,0.3763790752757392,154.08661007701375,143.96597057631962,133.92229500823328,data/tiles/train/H030/H030__Motorola_Edge_H030_02__x809_y270__t256.png
3.6254777908325195,3.5407345294952393,3.6570534706115723,2.7727954387664795,1.6886545419692993,0.13303209841251373,134.46273920998874,152.89889707605087,169.2686775079058,12.775135062844859,7.087593464989976,2.9798993054352807,0.3355818091490604,162.6102459465767,152.52250306322713,142.3247366034784,data/tiles/train/H030/H030__Motorola_Edge_H030_02__x1065_y270__t256.png
1.9992583990097046,2.2130439281463623,2.4950125217437744,2.228052854537964,1.7979246377944946,0.12863917648792267,149.31841883450292,161.4678424536531,172.12102395530394,8.50328689196043,3.8492509980499534,2.8181686825544148,0.3548403635986724,171.42169478803615,161.4006241696222,150.69972514246675,data/tiles/train/H030/H030__Motorola_Edge_H030_03__x144_y15__t256.png
3.3689303398132324,3.44657039642334,3.655273914337158,2.778317451477051,1.9441633224487305,0.13311348855495453,133.5202445847552,151.84172438022154,166.71514256073377,12.241428004636258,6.632180886218359,2.874096820628295,0.3479353906321757,161.1308700288544,151.12160099987332,141.01870197137734,data/tiles/train/H030/H030__Motorola_Edge_H030_03__x400_y15__t256.png
4.399434566497803,4.247452735900879,4.153809070587158,2.9501194953918457,1.918652892112732,0.13663984835147858,124.91955071544903,146.85073752596702,164.6450664019939,14.768418648654842,8.46404592151583,2.736130106461735,0.3654796961732072,155.9249747258265,146.04161395907116,135.97807582072096,data/tiles/train/H030/H030__Motorola_Edge_H030_03__x656_y15__t256.png
4.035438060760498,3.874032497406006,3.9815773963928223,2.9518799781799316,1.7880228757858276,0.13613776862621307,126.32432623585707,148.12075655602317,165.6744248629689,14.536430633783866,7.745908736951287,2.8402154097343315,0.3520859708642797,157.11421108565762,147.14469910204792,137.08629431411572,data/tiles/train/H030/H030__Motorola_Edge_H030_03__x912_y15__t256.png
3.2092342376708984,3.2819557189941406,3.4588844776153564,2.829716444015503,2.2553701400756836,0.12397553026676178,139.28632166579442,157.59948897932628,174.04198127487757,12.799853787985016,6.310229090248769,2.782764892281348,0.3593548282766305,166.95673447264508,157.28759845240222,147.46333200811262,data/tiles/train/H030/H030__Motorola_Edge_H030_03__x1168_y15__t256.png
2.485445976257324,2.6116299629211426,2.82552433013916,2.1392993927001953,1.5983421802520752,0.13448286056518555,138.42095969959288,153.1985739914208,165.35550681315019,9.964321329578143,4.896562132105058,2.8968369069178763,0.34520410783635097,162.82628389982153,152.70265705519782,142.30277767999425,data/tiles/train/H030/H030__Motorola_Edge_H030_03__x144_y271__t256.png
4.624445915222168,4.460469722747803,4.519512176513672,3.364215135574341,1.9950480461120605,0.14689704775810242,116.34519360382826,135.5762361273026,156.49436716565808,14.898669583028097,9.09199652719815,2.783698391880066,0.3592343203979853,146.0885925370813,136.191865859586,126.09233822887875,data/tiles/train/H030/H030__Motorola_Edge_H030_03__x400_y271__t256.png
5.654304027557373,5.175371170043945,5.049579620361328,3.652709484100342,1.9703258275985718,0.15247666835784912,106.7259307337584,128.7100755497775,152.49167051872183,16.819003376602467,10.798850670371825,2.912929832910438,0.3432969749912772,139.17572282447918,129.33095625429402,119.45724128310846,data/tiles/train/H030/H030__Motorola_Edge_H030_03__x656_y271__t256.png
5.5311384201049805,5.170001029968262,5.211984157562256,3.818138360977173,2.272156238555908,0.15424972772598267,106.1290765781577,129.24640442133096,153.15636951215828,17.29012445775628,10.640022837967948,2.6474285961523405,0.3777250126607219,139.53776640130582,129.5937756538482,119.55293862822602,data/tiles/train/H030/H030__Motorola_Edge_H030_03__x912_y271__t256.png
4.259831428527832,4.124392509460449,4.223856449127197,3.2081081867218018,2.048485040664673,0.14079846441745758,124.49869108669445,143.2658698144629,162.27215372562426,14.069494636318476,8.408057454092479,2.701540266577563,0.3701592059802412,153.4968837500468,143.46552024953462,133.3032992989125,data/tiles/train/H030/H030__Motorola_Edge_H030_03__x1168_y271__t256.png
2.5124716758728027,2.5329959392547607,2.567718029022217,1.9719035625457764,1.491627812385559,0.12017405033111572,150.17363837816183,163.8766604726862,173.90692474920965,8.824650668897043,4.670636013155521,2.8579409274165406,0.3499022636916286,172.74999572215273,162.9954282417557,153.16520554103923,data/tiles/train/H030/H030__Motorola_Edge_H030_04__x133_y15__t256.png
3.270172357559204,3.2620227336883545,3.252852201461792,2.536830425262451,1.7039456367492676,0.12168529629707336,138.8078142890081,154.2753510664646,168.2263196382433,10.991285511488787,6.30775724452224,2.7429840417717606,0.3645664665821663,163.3711263250886,153.94767823805807,144.6335285179668,data/tiles/train/H030/H030__Motorola_Edge_H030_04__x389_y15__t256.png
3.826002359390259,3.6000733375549316,3.5373032093048096,2.552395820617676,1.6652820110321045,0.1268022507429123,133.04894057865957,150.0443866313639,165.08647673558355,11.930795211234631,7.272027648313176,2.954018519772279,0.33852191288126676,159.17676410464153,149.68491870410844,140.1962449768211,data/tiles/train/H030/H030__Motorola_Edge_H030_04__x645_y15__t256.png
3.940225839614868,3.776127576828003,3.7201154232025146,2.8217225074768066,1.9159562587738037,0.12903912365436554,131.9348296497168,149.5488027603329,166.11482913120022,12.665172354880273,7.5700896727942375,2.964661940901761,0.33730658669832353,158.96859143834914,149.4965329904245,139.69199206418162,data/tiles/train/H030/H030__Motorola_Edge_H030_04__x901_y15__t256.png
3.6648542881011963,3.349250078201294,3.168769598007202,2.547544240951538,2.349945306777954,0.11616326123476028,143.33711864925732,162.24207835242248,178.30022459101488,12.785049646973048,6.792414802028317,2.969523647994581,0.3367543480165021,170.84655967176127,161.7194019111566,152.08052076088168,data/tiles/train/H030/H030__Motorola_Edge_H030_04__x1157_y15__t256.png
3.24768328666687,3.2536444664001465,3.277639150619507,2.4090545177459717,1.5644441843032837,0.1276758760213852,138.87093336379866,153.70383242982965,167.5318140828814,10.660250913846108,6.338814070294707,2.817500756062857,0.3549244832847493,163.32948713040602,153.54985573331282,143.72672928167012,data/tiles/train/H030/H030__Motorola_Edge_H030_04__x133_y271__t256.png
4.911604404449463,4.331418991088867,3.9776127338409424,2.873863935470581,1.9293767213821411,0.13115379214286804,120.87676763898462,142.31219253604235,158.64514132906265,14.009047354275927,9.23032526924692,2.932899436072983,0.34095952547863484,150.3811933131254,141.1766457778296,131.86981143546043,data/tiles/train/H030/H030__Motorola_Edge_H030_04__x389_y271__t256.png
5.43880033493042,4.691774368286133,4.369556427001953,3.294781446456909,2.37054705619812,0.13498562574386597,110.99059380718013,135.62736600633852,153.87083102231315,16.120253519752968,9.806928487819969,3.019493005564653,0.33118142620535646,143.51603263258792,133.98016049637977,125.38816730876212,data/tiles/train/H030/H030__Motorola_Edge_H030_04__x645_y271__t256.png
5.484869003295898,4.84319543838501,4.494312763214111,3.2140650749206543,2.1160519123077393,0.14028751850128174,112.13738112939065,134.48433701157379,153.6957035499992,15.539395534166186,10.377769607089837,2.800232610987141,0.3571131898387109,143.33032627685031,133.5966130096887,124.55597882364249,data/tiles/train/H030/H030__Motorola_Edge_H030_04__x901_y271__t256.png
5.31347131729126,4.9767255783081055,4.970264911651611,3.7031466960906982,2.2346932888031006,0.13477955758571625,118.57040257007111,143.01733658776593,165.34866248766966,17.197001311229638,10.346633080520187,2.8329783167943,0.3529854055259997,152.1106430488887,142.80314821569445,132.8908656203656,data/tiles/train/H030/H030__Motorola_Edge_H030_04__x1157_y271__t256.png
1.2892200946807861,1.6612520217895508,2.0013890266418457,1.7711714506149292,1.6226441860198975,0.21886087954044342,167.98034949455496,178.68813500703365,188.15776960017146,7.509440982341635,2.691156221784346,2.6776345440927294,0.3734639598992897,196.91962578231397,180.51320597029238,157.86752558807584,data/tiles/train/H030/H030__Samsung_A52_H030_01__x104_y204__t256.png
2.0612874031066895,2.2379345893859863,2.5214476585388184,2.10113525390625,1.562430500984192,0.2258302867412567,154.4665710333766,166.8902330467652,178.2403005206194,8.838402043988443,3.7150662216187715,3.009529203069164,0.33227788551783605,184.56772914788553,168.59413016630631,146.92296196887798,data/tiles/train/H030/H030__Samsung_A52_H030_01__x360_y204__t256.png
2.470072031021118,2.6526665687561035,2.8979005813598633,2.419222831726074,1.6511592864990234,0.23697739839553833,146.04885740301646,159.07214078105588,171.55016210463546,9.631486375812486,4.71108804499704,2.8477931928962783,0.3511490941457636,176.8696698076789,161.25787423041425,139.16699324941428,data/tiles/train/H030/H030__Samsung_A52_H030_01__x616_y204__t256.png
2.5988945960998535,2.795247793197632,3.011641263961792,2.443728446960449,1.8434582948684692,0.238248810172081,145.5288539653553,159.7167952768069,174.14768530252752,10.77162567685207,5.139735612062226,2.647744102791286,0.37768000274112107,177.9622360889058,162.05933178051686,139.85243378409217,data/tiles/train/H030/H030__Samsung_A52_H030_01__x872_y204__t256.png
2.535356044769287,2.8826167583465576,3.1301136016845703,2.3793764114379883,1.634283185005188,0.2170272022485733,159.56062509215315,175.2410590506212,190.14403103961487,11.300275949509482,5.1521547239554915,2.8883930115825383,0.3462132736057633,193.08369082384252,177.2958990691187,155.0713086717082,data/tiles/train/H030/H030__Samsung_A52_H030_01__x1128_y204__t256.png
2.000633955001831,2.316720485687256,2.654130697250366,2.0581517219543457,1.3527770042419434,0.23180295526981354,157.911020608071,168.56663732543282,178.57832050838306,7.75577282465036,3.741929456844415,2.687881225478772,0.37204024884763187,186.8887681356149,170.77368235367274,147.83051348221633,data/tiles/train/H030/H030__Samsung_A52_H030_01__x104_y460__t256.png
3.22277569770813,3.4026780128479004,3.6389083862304688,2.7229011058807373,1.5829331874847412,0.2540721595287323,133.61336845754036,149.44185113028402,165.43067717229408,12.062390988456979,6.468836577202769,2.8602108800776955,0.3496245703298757,167.73134778267342,151.68502785521758,129.69571726605813,data/tiles/train/H030/H030__Samsung_A52_H030_01__x360_y460__t256.png
3.6704862117767334,3.672459125518799,3.8784592151641846,2.8977015018463135,1.9398384094238281,0.2602621912956238,123.20613382686902,140.40095212625198,157.3889312178348,12.674208659826615,7.24542550172765,2.928499750576171,0.3414717722968062,157.92617143767075,142.16433126373457,121.36334482031374,data/tiles/train/H030/H030__Samsung_A52_H030_01__x616_y460__t256.png
3.7201292514801025,3.76702618598938,3.8380801677703857,2.8657500743865967,1.7559850215911865,0.2683040499687195,124.37399941826875,139.5830348888659,157.16087161938984,12.459618913533106,7.475489004005267,2.8609454762062723,0.3495347983094176,158.3052406934916,142.21894471193426,120.63866927604357,data/tiles/train/H030/H030__Samsung_A52_H030_01__x872_y460__t256.png
3.363361120223999,3.449880599975586,3.5154337882995605,2.4592669010162354,1.4669736623764038,0.24396435916423798,139.68539864294738,157.11418576002222,174.5921556758906,13.00488702892364,6.736967219858079,2.9052594021060454,0.34420334352075144,175.45859367756037,159.3446965344686,137.08551553967322,data/tiles/train/H030/H030__Samsung_A52_H030_01__x1128_y460__t256.png
1.7601970434188843,2.019225597381592,2.3689229488372803,2.0482616424560547,1.520612120628357,0.2276616245508194,161.01118411749246,171.82616095154117,182.70997176551157,8.135238338578189,3.6158020690768415,2.961322959523358,0.337686910096748,190.3361970879426,174.42974211110922,151.18232073136127,data/tiles/train/H030/H030__Samsung_A52_H030_01__x104_y716__t256.png
3.0061967372894287,3.2479147911071777,3.5868349075317383,2.7705345153808594,1.548051357269287,0.24289287626743317,139.69378304471243,156.24111083162043,172.22690067265577,12.148310129935032,6.1230605646314915,2.793651849477245,0.35795441017001545,174.33280642796305,158.1043005668672,136.37571076109182,data/tiles/train/H030/H030__Samsung_A52_H030_01__x360_y716__t256.png
3.239955425262451,3.3783884048461914,3.625260353088379,2.607991933822632,1.3705999851226807,0.25533899664878845,132.0653020055326,148.29401108259043,164.61626014870694,12.156549424140394,6.534951937698638,2.8807408339619274,0.34713292782561234,166.54564434064145,150.23650363945873,128.6348670833301,data/tiles/train/H030/H030__Samsung_A52_H030_01__x616_y716__t256.png
3.0916380882263184,3.207576274871826,3.321626901626587,2.4718821048736572,1.7207437753677368,0.25236913561820984,134.96112519316117,150.2248924333404,167.9635990210037,12.34975211355948,6.273509461850724,2.8668228687003863,0.3488182025188494,169.14618804726206,152.85567162838768,131.0353214112245,data/tiles/train/H030/H030__Samsung_A52_H030_01__x872_y716__t256.png
2.7496542930603027,2.781881809234619,2.7665627002716064,2.0922863483428955,1.7968014478683472,0.22319896519184113,151.53178973044757,166.43697122219052,184.24875358418467,12.122161158793203,5.496618625846922,2.7538178482456144,0.3631322241001067,185.1079382840385,169.0016296493381,147.7683914313537,data/tiles/train/H030/H030__Samsung_A52_H030_01__x1128_y716__t256.png
1.5604712963104248,1.849898338317871,2.232595682144165,2.018963098526001,1.5917202234268188,0.22304445505142212,167.42211971691313,177.7349304805057,187.28771904222705,7.5247356855156875,2.9935340965155883,2.7879924467771464,0.3586810291240123,196.17484024694508,180.36190042584934,156.54259482260014,data/tiles/train/H030/H030__Samsung_A52_H030_02__x105_y189__t256.png
2.1791629791259766,2.5227744579315186,2.907987594604492,2.3420941829681396,1.712946891784668,0.2299344837665558,152.6312938979729,165.31378052130822,178.25310114324256,9.573484214874613,4.303017966024423,2.7623963548084376,0.36200453213722344,183.39732843790836,167.83818866488463,145.33756740156227,data/tiles/train/H030/H030__Samsung_A52_H030_02__x361_y189__t256.png
2.6698873043060303,3.035111427307129,3.3765451908111572,2.540048837661743,1.6844621896743774,0.23775117099285126,143.7800841290367,158.66600746343957,172.46612724808497,10.825320355574378,5.391593924031727,2.788499372358477,0.3586158239491418,176.26595967482857,160.90536662966565,138.56376755828484,data/tiles/train/H030/H030__Samsung_A52_H030_02__x617_y189__t256.png
2.7469539642333984,3.068359136581421,3.3424148559570312,2.58207106590271,1.7569538354873657,0.24088655412197113,143.07644682775333,160.46296131866083,174.28507697085467,11.680276951483265,5.5021675506250105,2.5396953659611077,0.3937480114358384,177.75756882467041,161.90530028358637,139.29907294233263,data/tiles/train/H030/H030__Samsung_A52_H030_02__x873_y189__t256.png
2.386772394180298,2.621641159057617,2.9474496841430664,2.5019032955169678,2.0546422004699707,0.21468281745910645,159.75341344997673,175.0060612120361,191.17357131518224,11.651209748591558,4.7617584246042775,2.760563736039206,0.3622448512762025,193.05244687217908,177.5497215220611,155.41048393735724,data/tiles/train/H030/H030__Samsung_A52_H030_02__x1129_y189__t256.png
1.9664944410324097,2.2671585083007812,2.6166832447052,2.0050458908081055,1.6016008853912354,0.23151125013828278,157.53466808702026,170.33500153156456,180.71922447831685,8.653256376037907,3.868053145057318,2.7915509186601866,0.3582238078895416,188.28368520933452,172.2925205746584,148.96238096495694,data/tiles/train/H030/H030__Samsung_A52_H030_02__x105_y445__t256.png
3.224750518798828,3.5055134296417236,3.9050004482269287,2.9579970836639404,1.8641573190689087,0.2578977644443512,132.43077286298896,149.6180678398645,167.38223930928453,12.952305989839534,6.646148810078716,2.732824769376929,0.3659217419300525,168.13731069843186,152.23311958726822,129.4666524892067,data/tiles/train/H030/H030__Samsung_A52_H030_02__x361_y445__t256.png
3.719712734222412,3.780041217803955,3.966869592666626,3.104678153991699,1.8678632974624634,0.2686474919319153,122.18794800527662,138.05513971336669,156.9219726174579,13.052214796719236,7.364411344489136,2.765317135640581,0.36162217602877283,156.72558471910108,140.8445817666005,119.38738301238325,data/tiles/train/H030/H030__Samsung_A52_H030_02__x617_y445__t256.png
3.6389760971069336,3.8622353076934814,4.21183967590332,3.2387800216674805,1.9587551355361938,0.27395740151405334,121.84366370371201,138.5368674156733,157.09895126973487,13.361577509747997,7.467555086531072,2.6397972248418085,0.37881697525457686,157.3099341025416,141.21911278660122,119.16635375450619,data/tiles/train/H030/H030__Samsung_A52_H030_02__x873_y445__t256.png
3.331944465637207,3.4790420532226562,3.7321345806121826,2.892446994781494,1.8659619092941284,0.2439887374639511,140.26306310886278,157.36748297435147,175.35565972612633,13.086842431850839,6.770991699388661,2.6109755487646678,0.3829986077323208,175.94180475913987,159.83348493871185,137.45424703492654,data/tiles/train/H030/H030__Samsung_A52_H030_02__x1129_y445__t256.png
1.9572787284851074,2.202974796295166,2.4961087703704834,1.9565160274505615,1.392161250114441,0.22928385436534882,160.7412335708991,171.60683686174238,182.27850709488465,8.040055583824538,3.9913926392865378,2.595528766029862,0.3852779491747289,190.16302466433683,174.15728331456654,150.7939012328586,data/tiles/train/H030/H030__Samsung_A52_H030_02__x105_y701__t256.png
2.96846866607666,3.261843681335449,3.6855320930480957,2.9537158012390137,1.7995407581329346,0.24364100396633148,140.06425846544207,156.5805223530695,173.65573330168309,12.569352234655646,6.139673174856929,2.4656198885867897,0.40557752013152615,175.07661231074286,158.8853109229391,136.8409756700557,data/tiles/train/H030/H030__Samsung_A52_H030_02__x361_y701__t256.png
3.387016773223877,3.534071922302246,3.8447470664978027,3.029672145843506,2.0633058547973633,0.26029425859451294,130.0080175182031,147.67556326554512,166.11432013020996,13.5090675038543,6.794161373763518,2.937229483441028,0.3404568848425416,166.29706608070555,150.10059223382956,127.75985345797368,data/tiles/train/H030/H030__Samsung_A52_H030_02__x617_y701__t256.png
3.426161527633667,3.5849363803863525,3.974327564239502,3.1053783893585205,2.003615379333496,0.25778716802597046,130.51960403346115,149.16222945115916,168.24150289972502,14.149866730067222,6.993076920119487,2.8973543592166555,0.3451424561924712,167.74103844306472,151.47514089333734,129.20834495484712,data/tiles/train/H030/H030__Samsung_A52_H030_02__x873_y701__t256.png
3.2566304206848145,3.423718214035034,3.8166542053222656,3.1703600883483887,2.0992648601531982,0.23207755386829376,145.0879628231236,162.5548155525855,180.2192421541854,13.262047581096999,6.698783964931276,2.9100351734791183,0.34363845808930243,180.8274571573791,164.54020864667567,143.04430707669053,data/tiles/train/H030/H030__Samsung_A52_H030_02__x1129_y701__t256.png
1.4431864023208618,1.7948896884918213,2.126786947250366,1.7762774229049683,1.398367166519165,0.21902704238891602,164.12617523162265,175.9731066072396,185.30477606871486,7.834231231238466,2.93799893854765,2.6827468000807917,0.3727522850721077,193.5747410929184,177.36371657559258,155.16452107232936,data/tiles/train/H030/H030__Samsung_A52_H030_03__x111_y212__t256.png
1.9393519163131714,2.2195136547088623,2.597154140472412,2.22615909576416,1.5197347402572632,0.22725644707679749,152.50373888974406,163.77527447001924,175.16984512605146,8.529194220001477,3.609163662357475,2.8309287425138194,0.35324096469910293,181.6431831998528,165.73676508725802,144.39051473683244,data/tiles/train/H030/H030__Samsung_A52_H030_03__x367_y212__t256.png
2.352324962615967,2.5595390796661377,2.830022096633911,2.124258279800415,1.4357954263687134,0.23882757127285004,144.74528949611488,156.61498519968566,168.48622720728636,8.98849307977756,4.491128018907247,2.7111107777145143,0.3688525043757183,174.45845196551488,158.79463361983113,137.02036617628988,data/tiles/train/H030/H030__Samsung_A52_H030_03__x623_y212__t256.png
2.545457124710083,2.8140037059783936,3.1256818771362305,2.5274457931518555,1.7251569032669067,0.24639533460140228,142.85332530603876,155.74747221464483,169.87553228567995,10.210561053490705,5.059745351773398,2.787244875404695,0.3587772315321971,174.412107339408,158.3461542827916,135.91882885128874,data/tiles/train/H030/H030__Samsung_A52_H030_03__x879_y212__t256.png
2.408842086791992,2.5389328002929688,2.732616424560547,2.3435752391815186,2.1600561141967773,0.21330925822257996,158.03791091052346,174.45181293750298,191.02210234496184,12.100457439578856,4.61847388314658,2.8381012874708373,0.3523482422613416,192.2191952386178,176.52494579297172,154.98074219141955,data/tiles/train/H030/H030__Samsung_A52_H030_03__x1135_y212__t256.png
1.965070366859436,2.335505485534668,2.7517471313476562,2.180410861968994,1.5744515657424927,0.22786420583724976,156.03155189191673,167.81420174360116,178.5862906303247,8.395835572901435,3.879549080731552,2.79477708059663,0.35781029082524163,185.73890762547808,169.6909777486401,147.5362491523956,data/tiles/train/H030/H030__Samsung_A52_H030_03__x111_y468__t256.png
3.12023663520813,3.1373305320739746,3.249739646911621,2.4809043407440186,1.588937520980835,0.24698446691036224,133.91087240674855,149.55169847178004,164.1707527517614,11.28930099354318,6.162428505359405,2.7607922702477734,0.3622148651952915,166.9978197057681,151.01247710536484,130.10529319488123,data/tiles/train/H030/H030__Samsung_A52_H030_03__x367_y468__t256.png
3.508929491043091,3.4226162433624268,3.4981322288513184,2.72098708152771,1.9598448276519775,0.25824928283691406,121.39263623438187,138.75930962872687,152.79243694942272,12.08064109316448,6.691004397750444,2.818822938417533,0.3547580042616628,155.36404868430103,139.72324340594898,119.6612193775015,data/tiles/train/H030/H030__Samsung_A52_H030_03__x623_y468__t256.png
3.4958744049072266,3.40913987159729,3.4697861671447754,2.612774133682251,1.894586443901062,0.26895618438720703,123.49778314141582,138.9415243732286,153.82770294026554,11.581449554350261,6.821983110829199,2.6431174510086355,0.37834111367937573,156.7887531125545,140.72625310168672,119.41051868641628,data/tiles/train/H030/H030__Samsung_A52_H030_03__x879_y468__t256.png
3.5779995918273926,3.7067477703094482,4.094357490539551,3.1419107913970947,1.9628820419311523,0.24735267460346222,133.23796380458026,153.02622688629137,172.9416531748138,14.756969997771344,7.204062064344317,2.8603284318981483,0.3496102016985469,171.276290040805,155.17562055618825,133.36405465542504,data/tiles/train/H030/H030__Samsung_A52_H030_03__x1135_y468__t256.png
1.8149150609970093,2.072136878967285,2.3092803955078125,1.7866069078445435,1.2479408979415894,0.2229517698287964,159.6344315377772,169.82058875959265,179.97017121815904,7.6113809349193815,3.618171977006912,2.8608932319703126,0.34954118134331585,187.84449748578191,172.00367852622733,149.95716581673778,data/tiles/train/H030/H030__Samsung_A52_H030_03__x111_y724__t256.png
2.7422046661376953,2.8783748149871826,3.0744130611419678,2.3496251106262207,1.717336654663086,0.23795557022094727,140.41513791676465,155.83377079887643,170.16098416089386,11.114718138490327,5.457450893198182,2.8716086223909616,0.3482368705131478,173.58570923656896,157.08082071024847,136.52848873916446,data/tiles/train/H030/H030__Samsung_A52_H030_03__x367_y724__t256.png
3.214966058731079,3.3403773307800293,3.6143388748168945,2.667738676071167,1.5151022672653198,0.25235748291015625,129.84401207994094,146.50709803213016,164.11909989370415,12.714371459749975,6.450290104588574,2.7401033542701176,0.36494973754972476,164.73347676891143,148.3176624004882,127.66113110336111,data/tiles/train/H030/H030__Samsung_A52_H030_03__x623_y724__t256.png
3.5077733993530273,3.632333755493164,3.930039405822754,2.969334363937378,1.7974849939346313,0.25277891755104065,129.6957602653048,146.41656382704184,164.2943698730201,13.164527954141581,7.104791229316641,2.8621376300312864,0.3493892080895736,164.78907582731566,148.5239457769474,127.6349972345683,data/tiles/train/H030/H030__Samsung_A52_H030_03__x879_y724__t256.png
2.9847381114959717,3.121467113494873,3.207563877105713,2.3341455459594727,1.8756084442138672,0.22951224446296692,145.37213169266684,160.404903848798,178.81394420204438,12.656367837993123,6.05922988264927,2.7533591373252677,0.3631927220985212,179.0943855042137,163.19482659589016,142.04113427356987,data/tiles/train/H030/H030__Samsung_A52_H030_03__x1135_y724__t256.png
4.017962455749512,3.9800946712493896,4.288064479827881,3.5981926918029785,2.239625930786133,0.11131665855646133,131.36001132951208,151.5006503669789,169.9985625328849,14.438117482680175,7.802338304618057,2.8908462005918545,0.3459194749949914,159.73111326377608,151.24525441394505,142.89137019204085,data/tiles/train/H037/H037__Motorola_Edge_H037_01__x49_y14__t256.png
5.008954048156738,4.816629409790039,5.084791660308838,4.170124530792236,2.9503860473632812,0.11501060426235199,118.59556465233436,144.0800078609386,166.1933666687336,17.557807771084896,9.688313725379631,2.7871552519905447,0.3587887683277833,151.66756180541194,143.27014483430574,135.17826174844419,data/tiles/train/H037/H037__Motorola_Edge_H037_01__x305_y14__t256.png
5.603498935699463,5.36558723449707,5.588020324707031,4.541426181793213,3.1727757453918457,0.11915657669305801,110.6688547496215,137.8661221474881,163.48777316480755,19.33217767409139,10.732536813948846,2.830360547410277,0.35331187785067875,145.92374622456364,137.4586702304601,129.53565375332855,data/tiles/train/H037/H037__Motorola_Edge_H037_01__x561_y14__t256.png
5.458405017852783,5.167018413543701,5.186033248901367,3.6825029850006104,2.090665102005005,0.12036468833684921,116.60876937605845,139.86035110801834,162.94065430858996,17.082964678827924,10.643852500089409,2.74289075013727,0.3645788662745515,148.44034865077398,139.8372025647489,131.59760272019136,data/tiles/train/H037/H037__Motorola_Edge_H037_01__x817_y14__t256.png
4.457769393920898,4.254232406616211,4.257424354553223,3.1313931941986084,2.077223777770996,0.11147182434797287,130.0885503917634,150.57989815492937,170.21023433351817,14.875353937715085,8.722945042066224,2.7958414450949234,0.3576740740267724,158.95011470837176,150.36470177342102,142.17402067478665,data/tiles/train/H037/H037__Motorola_Edge_H037_01__x1073_y14__t256.png
4.069711208343506,3.9104607105255127,4.315335750579834,3.747814893722534,2.775665760040283,0.10763007402420044,131.4945319051765,153.2333300300084,172.66331685585547,15.21424195284668,7.781219021231078,2.9111580931849472,0.34350590658096203,160.8756005651779,152.77226737652515,144.46172551649528,data/tiles/train/H037/H037__Motorola_Edge_H037_01__x49_y270__t256.png
5.429832458496094,5.17483377456665,5.651965141296387,4.815783500671387,3.02826189994812,0.11639828979969025,113.87353686747785,141.04926163721385,165.8023003443589,19.120973008401347,10.283388743699202,2.89760191433512,0.3451129691255256,148.93198323023626,140.4485800105183,132.56089533132644,data/tiles/train/H037/H037__Motorola_Edge_H037_01__x305_y270__t256.png
5.759315013885498,5.286983966827393,5.430298328399658,4.394381046295166,2.605640411376953,0.11510613560676575,109.91195810673072,137.4399981023791,160.23949601640894,18.57861417917331,10.676590651497618,2.85822530438109,0.3498674504305868,144.24893479704323,136.10955370105654,128.5678400332152,data/tiles/train/H037/H037__Motorola_Edge_H037_01__x561_y270__t256.png
5.415236949920654,4.976754665374756,5.054745197296143,4.017510890960693,2.603383779525757,0.12286070734262466,114.04600565659551,137.5440887170994,160.94111057467353,17.38299513637604,10.258070818776734,2.696367042497754,0.3708693899008866,146.17119177779438,137.59179308844807,129.26131394406463,data/tiles/train/H037/H037__Motorola_Edge_H037_01__x817_y270__t256.png
4.523692607879639,4.263570785522461,4.244353771209717,3.174738645553589,2.1501224040985107,0.11043990403413773,128.62215271728482,150.75767030856625,168.78545306877473,14.909026885758966,8.665414438605746,2.775918355023555,0.36024114260792606,158.1719271086973,149.66198671405377,141.6428286396567,data/tiles/train/H037/H037__Motorola_Edge_H037_01__x1073_y270__t256.png
3.7323496341705322,3.5104408264160156,3.637254238128662,3.020782232284546,2.386566162109375,0.10751873254776001,145.16205718008328,165.3075505599613,180.5866000876592,13.149586486002407,6.894828917194217,2.9049378045568033,0.344241449311362,173.19062374047581,163.84707531780055,155.5371984045991,data/tiles/train/H037/H037__Motorola_Edge_H037_02__x118_y15__t256.png
4.210596084594727,4.071859836578369,4.207587718963623,3.2553322315216064,2.189918041229248,0.1185932382941246,131.98061323189384,153.25468256637689,171.68955682780597,14.71199419650706,8.186806837703841,2.812890907002376,0.355506144056498,161.93172241169242,152.404491568655,143.82030278797347,data/tiles/train/H037/H037__Motorola_Edge_H037_02__x374_y15__t256.png
3.788637638092041,3.6494932174682617,3.7370710372924805,2.8571479320526123,1.8239880800247192,0.11901655793190002,133.70898419793642,152.72781574900966,168.40313141928033,13.127728709489148,7.304364756599241,2.7452703582909317,0.36426284827646266,161.251369926719,151.81586614050497,143.16911246857916,data/tiles/train/H037/H037__Motorola_Edge_H037_02__x630_y15__t256.png
3.982024908065796,3.850332021713257,3.959622859954834,3.1644821166992188,2.031728506088257,0.12095031887292862,131.79114279623624,151.23924768674556,168.36273250030828,13.544730669039575,7.696544074685007,2.9175055685956304,0.34275855743485684,159.96289726396566,150.418360159018,141.73532844164845,data/tiles/train/H037/H037__Motorola_Edge_H037_02__x886_y15__t256.png
3.7413549423217773,3.617814064025879,3.840772867202759,3.0410377979278564,1.9197810888290405,0.11396389454603195,140.45963527832654,159.2621422430214,174.95658883976932,12.862523815104716,7.349748404912671,2.5760427354916864,0.3881923177059138,167.65840393071295,158.4007747023045,149.60091357823475,data/tiles/train/H037/H037__Motorola_Edge_H037_02__x1142_y15__t256.png
4.052036285400391,3.8928401470184326,4.0009894371032715,3.240443229675293,2.3504292964935303,0.11623886227607727,135.12093370691449,154.84822774600764,171.70575453253744,13.82181354229089,7.776963045063265,2.8673554053238672,0.3487534186181745,163.4351173440347,154.13962687438868,145.49536913209576,data/tiles/train/H037/H037__Motorola_Edge_H037_02__x118_y271__t256.png
5.028812885284424,4.730460166931152,4.973973274230957,4.2078728675842285,2.8443822860717773,0.1307467818260193,114.8489963573797,137.8087140493291,161.56073324795886,17.232170824906927,9.5076004342462,2.7697849596780095,0.3610388584521201,147.31990634919032,137.85665846025154,129.2579980013275,data/tiles/train/H037/H037__Motorola_Edge_H037_02__x374_y271__t256.png
5.03640604019165,4.752078056335449,4.871967792510986,3.8682711124420166,2.3135910034179688,0.13392874598503113,113.5896107549027,134.97739254268447,157.15992470604144,16.195737583223288,9.593674616777786,2.9321257220834505,0.3410494960937215,144.57517029079514,134.9919590726412,126.45044795525737,data/tiles/train/H037/H037__Motorola_Edge_H037_02__x630_y271__t256.png
5.070640563964844,4.600517749786377,4.790029048919678,3.7630362510681152,2.3033792972564697,0.1319975107908249,115.1693740706642,136.0642061224124,158.3961950466943,15.887323631792794,9.61462477696596,2.826965280887577,0.35373621556683277,145.7016649864969,136.16613545278608,127.68182476446127,data/tiles/train/H037/H037__Motorola_Edge_H037_02__x886_y271__t256.png
4.503847599029541,4.206630229949951,4.299969673156738,3.4831392765045166,2.331969976425171,0.12254319339990616,126.37452761252405,147.3123159986123,165.96392194889455,14.70193964217609,8.668796862355356,2.7692002331127146,0.3611150931025135,155.95953732695338,146.63933583173738,137.96356171199284,data/tiles/train/H037/H037__Motorola_Edge_H037_02__x1142_y271__t256.png
2.7713623046875,2.8913686275482178,3.2674601078033447,2.7909209728240967,1.987684965133667,0.08292174339294434,152.86044881596717,168.99971148255565,181.06256166949103,10.795487095875302,5.285976012303921,2.714587812165589,0.36838005221950815,174.99807995507123,168.31058453293423,161.10879836074974,data/tiles/train/H037/H037__Motorola_Edge_H037_03__x110_y15__t256.png
3.667243003845215,3.6790013313293457,4.001105785369873,3.2973952293395996,2.2050254344940186,0.0925891175866127,138.12564585169667,157.90865323605934,173.62810755337523,13.19203865765173,7.062230012237954,2.9581782999421793,0.33804588452952483,164.26982539648517,157.0086876621604,149.76329534925515,data/tiles/train/H037/H037__Motorola_Edge_H037_03__x366_y15__t256.png
3.5283796787261963,3.596683979034424,3.8099169731140137,3.054164409637451,2.2081682682037354,0.1036655455827713,132.92009817641647,152.4499746532936,169.97125704565167,13.7007423960906,6.854848899780641,2.7935456747059915,0.35796801500489,160.00805784768127,152.16146417111744,144.23693312864881,data/tiles/train/H037/H037__Motorola_Edge_H037_03__x622_y15__t256.png
3.2934885025024414,3.4510834217071533,3.839383125305176,3.094977378845215,2.316246747970581,0.1045493483543396,134.60513087365226,153.22911914502345,170.03591080581472,13.11891631744583,6.491906980492911,2.85706673907089,0.35000932471223867,160.88731631552366,152.85487639399952,144.90377809318454,data/tiles/train/H037/H037__Motorola_Edge_H037_03__x878_y15__t256.png
2.7545979022979736,2.9068093299865723,3.2092928886413574,2.674100875854492,2.092318534851074,0.09251122176647186,146.18743586804962,164.32853270156386,177.0599561778079,11.460796307771652,5.3510851939836295,2.795270211376839,0.3577471673149766,170.42673115187458,163.17206258379957,155.35748059561806,data/tiles/train/H037/H037__Motorola_Edge_H037_03__x1134_y15__t256.png
3.643698215484619,3.8003149032592773,4.1434478759765625,3.4522361755371094,2.4256672859191895,0.0945981815457344,135.64235037210685,156.56296829024487,173.46512370782514,13.992814556653169,7.25497664016797,2.8110184413879873,0.35574295254578026,162.8800637710921,155.8436759418072,148.24903146764,data/tiles/train/H037/H037__Motorola_Edge_H037_03__x110_y271__t256.png
4.782345294952393,4.659853458404541,5.027172565460205,4.075669288635254,2.615499496459961,0.1042371615767479,117.29496973927773,138.21886489882846,162.30626697494776,16.69385523994186,9.32933325229579,2.813378971799883,0.35544447087419634,146.39613955279881,139.18688953758044,131.89649413131983,data/tiles/train/H037/H037__Motorola_Edge_H037_03__x366_y271__t256.png
5.232237815856934,4.9735236167907715,5.349061965942383,4.3200764656066895,2.7940266132354736,0.10996618121862411,110.49517497716137,133.61584059722404,159.605222043823,17.87248153244191,9.978329292949688,2.7871875621177233,0.35878460911335064,141.90008276151644,134.18810977642497,127.1265526712974,data/tiles/train/H037/H037__Motorola_Edge_H037_03__x622_y271__t256.png
5.157883644104004,4.962364673614502,5.246487140655518,4.260181427001953,2.7095835208892822,0.1112159714102745,113.75498013141207,136.335472901577,161.21687698785442,17.375226647001547,9.977152738753809,2.890921315098092,0.34591048700544413,144.62320524633967,136.93276256643563,129.39363837820488,data/tiles/train/H037/H037__Motorola_Edge_H037_03__x878_y271__t256.png
4.341743469238281,4.32492733001709,4.731846332550049,3.6576406955718994,2.2620012760162354,0.10364003479480743,126.45364116723569,148.28283240012178,168.2445284799779,15.415101645991827,8.479824432286726,2.8924838991250743,0.34572361847977184,155.50358059016136,148.04153845762883,140.17666713087073,data/tiles/train/H037/H037__Motorola_Edge_H037_03__x1134_y271__t256.png
2.2919328212738037,2.5938527584075928,3.1763110160827637,2.848867416381836,2.2321009635925293,0.20385390520095825,162.91843618291952,179.42851299222784,194.04164845738168,11.584992601406633,4.599715747799938,2.7361592397839023,0.36547580471923796,195.20532072258732,183.20266212815795,158.70761661730558,data/tiles/train/H037/H037__Samsung_A52_H037_01__x69_y202__t256.png
2.2979588508605957,2.776907205581665,3.461721897125244,2.979024648666382,2.0782251358032227,0.2227160781621933,151.13125721920855,166.3714069520338,180.49967664575402,11.205084864007972,4.730410274393104,2.8791406599846736,0.3473258579889332,182.637383586289,170.7026265671527,145.59695212067433,data/tiles/train/H037/H037__Samsung_A52_H037_01__x325_y202__t256.png
2.426287889480591,2.7517125606536865,3.228274345397949,2.7812676429748535,1.9763153791427612,0.24209323525428772,144.5369078856373,159.51744755109743,171.63541704604538,10.58245180923636,4.826158341739901,2.8133612209411245,0.35544671354554336,175.98248488475707,163.83759394918368,137.4708739091684,data/tiles/train/H037/H037__Samsung_A52_H037_01__x581_y202__t256.png
2.580455780029297,2.8480441570281982,3.2168455123901367,2.644404411315918,1.8169679641723633,0.2598496377468109,141.03217248489005,156.37630770095262,171.38737743837854,11.340899849183492,5.191130231555872,2.7290963259240546,0.3664216577849836,174.31998608824142,161.2927069658658,133.67215026542823,data/tiles/train/H037/H037__Samsung_A52_H037_01__x837_y202__t256.png
2.585054636001587,2.950934886932373,3.560786008834839,3.1114213466644287,2.1384997367858887,0.2375141978263855,150.7690023072208,167.87626907601125,184.53145626883952,12.779824086141073,5.434013043860569,2.5906380795228254,0.38600528877588025,185.34868437847342,172.95229713450271,145.4726214536032,data/tiles/train/H037/H037__Samsung_A52_H037_01__x1093_y202__t256.png
2.550032615661621,2.965449810028076,3.56050181388855,3.149677276611328,2.445106267929077,0.2213059514760971,152.38992374336325,168.66677929654995,183.52823454156558,12.093622293016386,5.209011281430578,2.6332532569036204,0.3797583834286703,185.07374983254343,172.94501111903693,147.7629579293961,data/tiles/train/H037/H037__Samsung_A52_H037_01__x69_y458__t256.png
3.4632484912872314,3.797675848007202,4.392269611358643,3.7664902210235596,2.6854233741760254,0.2593919336795807,126.8431071390604,145.84057083116815,167.0092573345585,15.082690649648498,7.010200358053726,2.7843418330417875,0.3591513039573658,163.39286045357977,150.94330871770973,125.37379133288533,data/tiles/train/H037/H037__Samsung_A52_H037_01__x325_y458__t256.png
3.801848888397217,3.9760022163391113,4.503619194030762,3.6460187435150146,2.205472707748413,0.277527391910553,117.8507270194068,136.3317370500682,156.37708013037465,14.458078989731222,7.61061489687918,2.8389903764971813,0.3522378970631896,153.79364861320715,141.2343518856071,115.79672903596129,data/tiles/train/H037/H037__Samsung_A52_H037_01__x581_y458__t256.png
3.7952327728271484,3.9053618907928467,4.406958103179932,3.6091904640197754,2.153028964996338,0.2803177833557129,121.17619057214752,138.88973806270226,159.2751853326173,14.25341053689423,7.6779197990665535,2.654618731829409,0.37670193011516123,157.1006508329747,144.2193618871613,117.92655953844798,data/tiles/train/H037/H037__Samsung_A52_H037_01__x837_y458__t256.png
3.343437433242798,3.48225736618042,3.981560230255127,3.376537799835205,2.266545534133911,0.2610352635383606,136.34224179511187,155.13397042295853,173.858912704758,14.033130279355571,6.742533189926313,2.8533030834981687,0.3504710052652357,173.21103748500948,160.07599724245776,132.66783548784178,data/tiles/train/H037/H037__Samsung_A52_H037_01__x1093_y458__t256.png
2.272364616394043,2.5666613578796387,3.0135934352874756,2.4962315559387207,1.7942235469818115,0.22684486210346222,157.8816428501939,173.95510181925883,187.74858872217575,11.089284140263558,4.67119630132015,2.76722644615488,0.361372666624201,190.84664189645306,178.01408724833888,151.4996167857538,data/tiles/train/H037/H037__Samsung_A52_H037_01__x69_y714__t256.png
3.4740443229675293,3.699463129043579,4.252625942230225,3.6617588996887207,2.4353275299072266,0.250855416059494,134.21866573781085,154.65504778135588,174.03565672504473,14.910460518490082,6.9910245753732045,2.7438943954334905,0.3644455127953335,171.82794622182962,158.7555110621636,133.05902269275,data/tiles/train/H037/H037__Samsung_A52_H037_01__x325_y714__t256.png
3.2556161880493164,3.439404010772705,3.848788261413574,3.0796961784362793,1.836939811706543,0.26703494787216187,129.1037248400073,145.75069168580401,164.61680995999865,13.481629738765504,6.5556877410725765,2.9054849582580906,0.34417662261776927,163.9933759318314,150.87679389209924,124.85289735993133,data/tiles/train/H037/H037__Samsung_A52_H037_01__x581_y714__t256.png
3.0771775245666504,3.2268002033233643,3.566495656967163,3.06813645362854,2.1629726886749268,0.2654070556163788,133.39013059031777,149.62859850351444,167.35594676745347,13.027137305150081,6.246257643769437,2.770910520308434,0.3608922022818292,168.0389422311867,154.69880513468468,128.14939884722563,data/tiles/train/H037/H037__Samsung_A52_H037_01__x837_y714__t256.png
2.9962379932403564,3.133960485458374,3.5126774311065674,2.903883695602417,1.9444565773010254,0.2481410801410675,144.44581625527508,161.4758729171211,177.55247454000119,12.413740976513967,6.063485614337749,2.7282827957768254,0.3665309188431361,179.14950443551857,165.8056239386199,139.1106388630952,data/tiles/train/H037/H037__Samsung_A52_H037_01__x1093_y714__t256.png
2.050739049911499,2.36138916015625,2.956237554550171,2.7024085521698,2.0999152660369873,0.21184766292572021,167.99724251915137,181.71400692859902,194.28953770873395,10.096780005883966,3.99268617663639,2.8419374463347946,0.3518726287553181,198.6387264674573,186.0983340978725,160.1603122279329,data/tiles/train/H037/H037__Samsung_A52_H037_02__x79_y199__t256.png
2.4749066829681396,2.8393774032592773,3.520510673522949,3.1281678676605225,2.1440958976745605,0.2232428789138794,151.25689011456595,166.7943998618385,180.68890558428072,11.208325871402815,4.935184495111996,2.8032333445143247,0.35673091644579286,183.04131858809455,170.8402328029536,145.85437223880774,data/tiles/train/H037/H037__Samsung_A52_H037_02__x335_y199__t256.png
2.636162042617798,2.994542360305786,3.4833931922912598,2.837162733078003,2.145563840866089,0.24589820206165314,140.41483511391496,156.7199686729485,172.9482751262511,12.161235655517853,5.279581317400291,2.658908554214987,0.37609416781738053,173.9579726445598,161.4959546849941,135.36666084065456,data/tiles/train/H037/H037__Samsung_A52_H037_02__x591_y199__t256.png
2.6159770488739014,2.9820754528045654,3.5912888050079346,3.024550199508667,2.2365341186523438,0.2529461681842804,139.21474404126545,156.1938749202935,173.00305914065166,12.581489759530607,5.3894846646422785,2.7219632023758145,0.3673818952170877,173.83242624454385,160.95540534774693,134.28256715603783,data/tiles/train/H037/H037__Samsung_A52_H037_02__x847_y199__t256.png
2.3209893703460693,2.612506628036499,3.0176820755004883,2.571298837661743,2.0640244483947754,0.228389173746109,153.22064256806814,170.05426451874703,185.3513363319887,11.907624894574841,4.702725259825647,2.8294646713217237,0.35342374482904265,186.83013380993927,174.35301401562216,148.06148058200012,data/tiles/train/H037/H037__Samsung_A52_H037_02__x1103_y199__t256.png
2.5328328609466553,3.003124475479126,3.6942296028137207,3.2509448528289795,2.3376715183258057,0.2312045395374298,151.24016515932644,168.8001721200236,183.7271910339374,12.055792879897217,5.350404944519602,2.6535312013211305,0.3768563186677902,185.43973058422466,172.87107839304838,146.5340599400212,data/tiles/train/H037/H037__Samsung_A52_H037_02__x79_y455__t256.png
3.58375883102417,3.8053619861602783,4.458369255065918,3.764603614807129,2.4849679470062256,0.2607501745223999,126.46280998320384,144.69805022640872,166.0845725222862,14.960786992544833,7.231276483756675,2.9219146676280228,0.34224134300670345,162.53516080347373,150.15294882317122,124.53350535210701,data/tiles/train/H037/H037__Samsung_A52_H037_02__x335_y455__t256.png
4.079031467437744,4.241756916046143,4.854526519775391,3.9302971363067627,2.3205270767211914,0.2770615220069885,115.1127625968755,134.67252981004006,158.1333129452183,15.881477716753333,8.165741172055561,2.7495421419690436,0.36369691692881817,152.41657264501495,140.003516284939,114.80755019766113,data/tiles/train/H037/H037__Samsung_A52_H037_02__x591_y455__t256.png
4.107507705688477,4.197878837585449,4.738996505737305,4.030272006988525,2.62919282913208,0.27703118324279785,118.93404888786479,138.34113720815185,160.80285994136145,15.654546467528801,8.133487057483825,2.940589497570132,0.3400678676252908,156.4400811919693,143.64928060848226,117.84634196877711,data/tiles/train/H037/H037__Samsung_A52_H037_02__x847_y455__t256.png
3.4364240169525146,3.588216781616211,4.107409477233887,3.291809558868408,2.0512800216674805,0.24881871044635773,137.4831081723677,156.5335272315946,175.16137985069554,14.039656746126614,6.871366799722829,2.695732025101478,0.3709567533747558,173.8176406415556,161.05654151448348,134.85823718686422,data/tiles/train/H037/H037__Samsung_A52_H037_02__x1103_y455__t256.png
2.428133964538574,2.767761468887329,3.2277348041534424,2.6964287757873535,1.993228793144226,0.22444874048233032,157.7214260267243,174.0029482348036,188.1385908126077,11.281544105778211,4.980636098863891,2.935460047620173,0.34066210535235075,190.72807861423934,178.19280088110523,151.77183140838025,data/tiles/train/H037/H037__Samsung_A52_H037_02__x79_y711__t256.png
3.0760390758514404,3.37734317779541,3.866311550140381,3.3280224800109863,2.188561201095581,0.24751384556293488,138.01323063596394,155.48655863954139,173.93809046537672,13.436790084217144,6.351867684518546,2.9506955800013746,0.3389031409331403,173.02804249920325,160.09169122450575,134.45127631776484,data/tiles/train/H037/H037__Samsung_A52_H037_02__x335_y711__t256.png
3.431809902191162,3.628540515899658,4.045718193054199,3.0047085285186768,1.6927895545959473,0.2621959447860718,129.29221456494233,146.21246290874478,164.8819725906966,13.314830533247946,7.003760172950402,2.7102199324301943,0.36897374564850244,163.9556070836537,151.13691653313273,125.4525653325121,data/tiles/train/H037/H037__Samsung_A52_H037_02__x591_y711__t256.png
3.57726788520813,3.671891450881958,4.095111846923828,3.339452028274536,2.469360589981079,0.2625480592250824,128.04904412701964,147.66201221655584,167.45818690707583,14.736259073157742,7.0508860526035555,2.916380141852235,0.3428908274505276,165.26542635961607,152.22651510297905,126.41655454367105,data/tiles/train/H037/H037__Samsung_A52_H037_02__x847_y711__t256.png
3.298085927963257,3.476428270339966,3.8838717937469482,3.162421703338623,2.393270969390869,0.24266865849494934,141.28442015122843,161.0128188149142,179.3404939584491,14.101677511121935,6.661692331495067,2.749029783829478,0.36376470196222144,178.11659598293144,165.13666368525975,139.09980431516865,data/tiles/train/H037/H037__Samsung_A52_H037_02__x1103_y711__t256.png
1.9204294681549072,2.2781498432159424,2.7883288860321045,2.4288413524627686,1.8496702909469604,0.22436432540416718,159.20453914067554,174.1751105279528,185.84057960460316,10.063994499671137,3.920815701837895,2.919715054090514,0.3424991759380774,188.24837151938365,182.7601141416501,149.3430680320512,data/tiles/train/H037/H037__Samsung_A52_H037_03__x87_y188__t256.png
2.626673460006714,2.97988224029541,3.640789031982422,3.0478525161743164,1.863303303718567,0.2405485063791275,146.07444799450172,161.01575603543927,176.94300847916824,11.651575361703033,5.466039193236368,2.875604694929551,0.34775294454180844,176.0602385761703,170.99744751017647,137.25144744949924,data/tiles/train/H037/H037__Samsung_A52_H037_03__x343_y188__t256.png
2.911273241043091,3.175625801086426,3.624546766281128,2.9602417945861816,2.0582051277160645,0.26145511865615845,136.43691750541112,153.33345528188798,168.81184305558753,12.134846178593035,5.864970583374598,2.7850294857965188,0.35906262576390635,168.23476319468557,162.9638291350647,128.20618797799946,data/tiles/train/H037/H037__Samsung_A52_H037_03__x599_y188__t256.png
3.208428144454956,3.5147736072540283,4.06653356552124,3.521148681640625,2.3980603218078613,0.2772594690322876,131.97812614946875,149.54573865596225,168.6587983864187,13.660492760795629,6.623933001128072,2.797026478413338,0.35752253606382284,165.9445148515723,160.017776958346,124.34529487361836,data/tiles/train/H037/H037__Samsung_A52_H037_03__x855_y188__t256.png
2.7732157707214355,3.08616304397583,3.55253267288208,3.0317461490631104,2.1958844661712646,0.2489164173603058,149.38437431500336,167.81663871576143,182.33495254802753,12.249503459898564,5.696954771403962,2.7617881735002565,0.3620842501952683,182.69515605946887,177.0381119095467,141.1479167868937,data/tiles/train/H037/H037__Samsung_A52_H037_03__x1111_y188__t256.png
2.3891289234161377,2.684969186782837,3.1240456104278564,2.616340160369873,1.7777721881866455,0.24087005853652954,150.67957425807148,164.9806199132269,177.7974426935989,10.265623991175437,4.906448440067302,2.5582060209757596,0.390898931438906,179.80668464108658,174.352592198989,140.13554365151114,data/tiles/train/H037/H037__Samsung_A52_H037_03__x87_y444__t256.png
3.7712655067443848,3.8730580806732178,4.272946357727051,3.428968906402588,2.1468098163604736,0.26717936992645264,128.13310923468387,147.53911974467954,166.52509507291913,14.353719732596184,7.497976272081648,2.6998581434885267,0.3703898304478639,162.58626360769043,157.06932707650026,123.15207436008725,data/tiles/train/H037/H037__Samsung_A52_H037_03__x343_y444__t256.png
4.048888206481934,4.21354341506958,4.568706512451172,3.553354501724243,2.2804477214813232,0.28893762826919556,116.50239479656733,135.17175754444895,156.25282695971313,14.65783387252535,8.199460801089254,2.9678876202900675,0.3369399815422474,150.81374345673737,145.22700454205804,111.57438077603119,data/tiles/train/H037/H037__Samsung_A52_H037_03__x599_y444__t256.png
3.7372586727142334,3.9607133865356445,4.5243611335754395,3.7936477661132812,2.3922464847564697,0.2944033443927765,119.25637456595045,138.4128524425257,158.8362847707498,14.595171549345068,7.644620376322225,2.9007488876005523,0.344738561919154,154.4057853524949,148.46866859690198,113.54953654743254,data/tiles/train/H037/H037__Samsung_A52_H037_03__x855_y444__t256.png
3.6594398021698,3.776313304901123,4.131677150726318,3.406532049179077,2.313566207885742,0.277729332447052,133.30115609123376,152.09976326852913,172.00355820381188,14.507743485017416,7.371725729900993,2.810990427832477,0.35574649778195394,168.88404628492484,162.5020932254208,126.49702387034763,data/tiles/train/H037/H037__Samsung_A52_H037_03__x1111_y444__t256.png
2.117741107940674,2.3869822025299072,2.7489936351776123,2.358729839324951,1.7473888397216797,0.2411026954650879,155.118875690843,168.84942158409072,180.37463969811006,9.571274590402018,4.394818346785708,2.803383725166896,0.3567117804896532,183.86666683435482,178.24746723452083,143.2518318837811,data/tiles/train/H037/H037__Samsung_A52_H037_03__x87_y700__t256.png
3.051455497741699,3.189340591430664,3.456305742263794,2.5501043796539307,1.6308870315551758,0.25397858023643494,139.650096716443,155.94473012386044,171.68134942615634,11.865872313735691,6.121750001841729,2.7780570441876957,0.3599638107115976,171.08813254494794,165.32471798823224,131.48059361898683,data/tiles/train/H037/H037__Samsung_A52_H037_03__x343_y700__t256.png
3.375188112258911,3.52546763420105,3.918935537338257,3.069967031478882,2.0775601863861084,0.2772983908653259,126.91722174823178,146.88395859139032,163.61670965356322,13.651767017074171,6.779783118457863,2.595852072722831,0.3852299637980079,161.67968068724988,155.73666187929692,121.15431112210183,data/tiles/train/H037/H037__Samsung_A52_H037_03__x599_y700__t256.png
3.618147373199463,3.8430309295654297,4.408627986907959,3.8323028087615967,2.8411061763763428,0.2833845019340515,124.6116998251086,145.815776147069,165.85155668934036,15.4016247295547,7.284992590546887,2.870241944521178,0.3484026849753333,161.49128300021272,155.26177623689614,120.29864323041372,data/tiles/train/H037/H037__Samsung_A52_H037_03__x855_y700__t256.png
3.1398959159851074,3.241610527038574,3.5720438957214355,2.8550260066986084,1.949527621269226,0.2615457773208618,142.55515502941958,160.02392067797794,177.2405824719033,12.840078025313026,6.407797212935705,2.7947599653487387,0.35781248207311317,176.11996910010888,169.76434191361668,134.2618968295956,data/tiles/train/H037/H037__Samsung_A52_H037_03__x1111_y700__t256.png
3.3973734378814697,3.366537570953369,3.4323627948760986,2.612903594970703,1.7505836486816406,0.11506403237581253,141.86873510851615,158.60445099443936,175.1091951270546,12.303497945037124,6.655432139874757,2.8244764379478187,0.3540479171872896,167.53992061188669,159.07255496357743,149.28695156967706,data/tiles/train/H038/H038__Motorola_Edge_H038_01__x34_y15__t256.png
3.823390483856201,4.036001205444336,4.251301288604736,3.117189884185791,1.9196866750717163,0.11782215535640717,133.6877073887853,152.19923425912444,169.6316018871443,13.39413858576252,7.7659463946017695,2.8450280521646047,0.3514903831050672,160.97673120359715,152.25442180157233,143.05646775474852,data/tiles/train/H038/H038__Motorola_Edge_H038_01__x290_y15__t256.png
4.828472137451172,4.672223091125488,5.111440181732178,4.137995719909668,2.5649254322052,0.12149924039840698,121.03619658796522,143.2810446906616,166.73059803713116,16.938754808036474,9.366074070061313,2.916509464100271,0.342875623175286,152.438137216924,143.82571874856077,134.98304517333975,data/tiles/train/H038/H038__Motorola_Edge_H038_01__x546_y15__t256.png
4.348145484924316,4.368429183959961,4.646255016326904,3.8178467750549316,2.208371162414551,0.11900319904088974,125.59291783721301,147.370975261975,167.0665861143816,15.475185145059788,8.674985519796692,2.8218812876897488,0.35437351824912944,155.63361014596643,147.16608185790173,138.1510460597253,data/tiles/train/H038/H038__Motorola_Edge_H038_01__x802_y15__t256.png
3.5207252502441406,3.6282882690429688,4.140904903411865,3.613191604614258,2.633136510848999,0.11269675940275192,135.0629971960899,156.5745197588164,174.06189936751798,14.342898474843793,6.9475720088918855,2.8104777823679354,0.35581138775538074,164.36174791694373,155.98781115645014,146.81253146495328,data/tiles/train/H038/H038__Motorola_Edge_H038_01__x1058_y15__t256.png
3.424520969390869,3.4908018112182617,3.699810743331909,2.9477286338806152,1.8086515665054321,0.11242371052503586,142.81384579248746,160.22281664827287,176.85150400802453,12.63692506957153,6.898798999696469,2.9356379754190476,0.34064145796358114,168.95677988140025,160.61505503275612,150.95570765022296,data/tiles/train/H038/H038__Motorola_Edge_H038_01__x34_y271__t256.png
4.2245354652404785,4.35690450668335,4.715418338775635,3.845585346221924,2.522559404373169,0.12120936810970306,126.56512876692985,147.35849892510166,168.2699029174366,15.413530318534338,8.558063608179905,2.8538584816088073,0.35040279903307237,156.40565678489097,147.71134259028398,138.5252621820353,data/tiles/train/H038/H038__Motorola_Edge_H038_01__x290_y271__t256.png
5.562047958374023,5.366044521331787,5.703900337219238,4.550357818603516,2.7507219314575195,0.12724250555038452,112.49443907886996,137.4475174626067,164.47091287770286,18.965317897840972,10.738869961182521,2.858328216035461,0.34985485375329406,146.84489283118668,138.20134653267735,129.27193179275017,data/tiles/train/H038/H038__Motorola_Edge_H038_01__x546_y271__t256.png
5.573970794677734,5.228930950164795,5.506446361541748,4.280073642730713,2.4508416652679443,0.12553156912326813,115.28493664055566,139.58415650802485,165.00027432082982,18.115029317044204,10.671582221543874,2.765316270297674,0.3616222891902178,148.62589533606828,140.15467260129464,131.05822745990704,data/tiles/train/H038/H038__Motorola_Edge_H038_01__x802_y271__t256.png
4.019937992095947,4.079225540161133,4.635897636413574,4.29351282119751,3.040059804916382,0.11727537214756012,127.18374673532044,150.48123227316566,171.0545370323404,16.166958686459495,7.896622582224296,2.616188964012599,0.38223538657018213,158.51032680497275,150.16588791424337,140.97892219665914,data/tiles/train/H038/H038__Motorola_Edge_H038_01__x1058_y271__t256.png
3.6513831615448,3.5945615768432617,3.625457763671875,2.6943464279174805,1.8077647686004639,0.1253744214773178,135.8833670092767,154.48430353375997,170.7914061486974,12.931244290414249,7.090973460963061,2.817858572740754,0.354879414344547,163.27794998666954,154.63975825772798,143.9747836365026,data/tiles/train/H038/H038__Motorola_Edge_H038_02__x33_y14__t256.png
5.127269268035889,4.890030384063721,5.060872554779053,4.034477233886719,2.9884650707244873,0.13465209305286407,118.44443428252264,143.39296461245965,166.15165213651218,17.488763081347383,9.950576872325824,2.8575751519429176,0.3499470518982088,152.30014556307466,143.36304234950828,133.05898056440083,data/tiles/train/H038/H038__Motorola_Edge_H038_02__x289_y14__t256.png
5.004450798034668,4.691420555114746,4.784245014190674,3.8530490398406982,2.567554235458374,0.1377202719449997,116.67601838453977,139.24656147608835,161.62180610723354,16.469401005410518,9.70031856379735,2.684688669395818,0.3724826686235642,148.79795843667156,139.5933014761517,129.6089401208888,data/tiles/train/H038/H038__Motorola_Edge_H038_02__x545_y14__t256.png
4.9622650146484375,4.65573787689209,4.601100921630859,3.584667444229126,2.264146089553833,0.13573341071605682,118.88550551697882,141.25846590679083,162.625258606447,16.146813721600253,9.602369005436438,2.659969486321944,0.3759441621951625,150.53898312150102,141.47785775357178,131.3825060553983,data/tiles/train/H038/H038__Motorola_Edge_H038_02__x801_y14__t256.png
4.215973854064941,4.195898056030273,4.566458225250244,3.7118523120880127,2.400090456008911,0.12901949882507324,129.09955468470284,151.3187320466395,171.13206589415938,15.403820252121056,8.36520517030241,2.8559066011195755,0.35015150691832114,160.36249900447422,151.1096605697744,140.90724257986574,data/tiles/train/H038/H038__Motorola_Edge_H038_02__x1057_y14__t256.png
4.2080559730529785,4.118758678436279,4.481680870056152,3.6503713130950928,2.5106723308563232,0.13001005351543427,130.29279977302235,151.82581012890896,171.79427399344456,15.36152344572202,8.288511398799171,2.723978657542567,0.36711007159731146,161.12688716077517,152.10865463281695,141.42550812562115,data/tiles/train/H038/H038__Motorola_Edge_H038_02__x33_y270__t256.png
5.390141487121582,5.146380424499512,5.518086910247803,4.71517276763916,3.1667542457580566,0.13810034096240997,113.69302692427925,139.06104580699832,164.77404023323575,18.788956369907325,10.364529670346734,2.703763005908331,0.36985490141509253,148.691361140931,139.75540341812263,129.45395328905443,data/tiles/train/H038/H038__Motorola_Edge_H038_02__x289_y270__t256.png
5.73061466217041,5.281987190246582,5.502115726470947,4.568299293518066,3.0627570152282715,0.14375005662441254,106.50671746251226,134.08601769807157,158.50178028841265,19.086553020572996,10.701248108343886,2.9100845170459455,0.34363263133508903,142.844911646178,133.56745508294026,123.67409240948349,data/tiles/train/H038/H038__Motorola_Edge_H038_02__x545_y270__t256.png
5.709096908569336,5.2715888023376465,5.434651851654053,4.388516902923584,2.680529832839966,0.14368270337581635,109.89416038264012,134.41403238730462,159.94577575556914,18.332712839141468,10.879757929588601,2.9023683117904153,0.3445462093620775,144.24433126152027,135.14975365052754,124.88186766639485,data/tiles/train/H038/H038__Motorola_Edge_H038_02__x801_y270__t256.png
5.100619316101074,4.88422966003418,5.279855728149414,4.459315299987793,2.817143201828003,0.13532762229442596,118.84875701225474,143.9747723742375,167.47267178747404,17.811358797264674,9.860697068443839,2.833705921712014,0.35289477017990606,153.28952456613317,144.05072634931665,133.84231170173555,data/tiles/train/H038/H038__Motorola_Edge_H038_02__x1057_y270__t256.png
3.4816856384277344,3.468033790588379,3.5617141723632812,2.5567986965179443,1.8265490531921387,0.11934538930654526,139.95733227832807,157.66220034349834,173.978178791054,12.603212451138576,6.8100265833360245,2.6275168972425558,0.38058746683968,166.55928727982962,157.87045359941817,147.77416797566502,data/tiles/train/H038/H038__Motorola_Edge_H038_03__x36_y14__t256.png
5.1260294914245605,4.812310695648193,4.875177383422852,3.9059324264526367,2.9458260536193848,0.12852397561073303,121.33825729124804,146.831566087593,168.45684347252208,17.352410330592136,9.741672979126363,2.7471212275000547,0.3640174266754233,155.19299511914744,146.25913903498193,136.4343479319039,data/tiles/train/H038/H038__Motorola_Edge_H038_03__x292_y14__t256.png
5.2789225578308105,4.92103910446167,5.043115139007568,4.012594223022461,2.294189929962158,0.13225498795509338,118.4190883433749,142.60384694935416,165.45100095954868,17.382315203363078,10.060668563272877,2.776153698579079,0.3602106037975602,151.72731126506332,142.4886255916816,132.8980990320636,data/tiles/train/H038/H038__Motorola_Edge_H038_03__x548_y14__t256.png
4.7812113761901855,4.622975826263428,4.729711055755615,3.8304054737091064,2.8072214126586914,0.13086055219173431,120.904181584476,145.1935984851624,165.84374778202584,16.628906257512213,9.173593651050545,2.810174692225915,0.35584976363441256,153.71905177394902,144.51773169824892,134.8286581244565,data/tiles/train/H038/H038__Motorola_Edge_H038_03__x804_y14__t256.png
4.510323524475098,4.3090901374816895,4.440472602844238,3.632021427154541,2.349698305130005,0.1238844245672226,131.56826619339418,154.70151202212156,174.26470698713547,15.692111405022109,8.753040046026678,2.828326679552016,0.3535659466884468,163.32075905658021,154.21272937925835,144.25151222839824,data/tiles/train/H038/H038__Motorola_Edge_H038_03__x1060_y14__t256.png
3.862818479537964,3.8369967937469482,3.9873387813568115,3.335599660873413,2.540050983428955,0.11975137144327164,135.5077550452294,154.83262441388447,174.26830777002695,14.33010842125517,7.564978758489614,2.8589344417081706,0.34978066842362254,164.06683289453477,155.44691693314977,145.50463460330658,data/tiles/train/H038/H038__Motorola_Edge_H038_03__x36_y270__t256.png
5.741555213928223,5.521798133850098,5.905692100524902,4.709615707397461,2.8527636528015137,0.13383255898952484,113.81894980175407,142.92252422456104,168.094330572341,19.890198284152703,11.009543446995304,2.7513265666176436,0.3634610344454147,151.46590308452707,142.34311546362966,132.4501623657787,data/tiles/train/H038/H038__Motorola_Edge_H038_03__x292_y270__t256.png
5.463600158691406,5.3384857177734375,5.782710552215576,4.778547763824463,3.1637861728668213,0.137686088681221,109.36041713281975,135.7683634243565,163.43202725123294,19.72955474802012,10.504089039564903,2.7492924075792375,0.3637299536576045,145.57195793884847,136.22858128446677,126.81980095136527,data/tiles/train/H038/H038__Motorola_Edge_H038_03__x548_y270__t256.png
5.6208367347717285,5.270096302032471,5.435268878936768,4.545444488525391,2.7483134269714355,0.1370680332183838,113.16659359457948,138.33968694177324,163.5693239493371,18.513227121597183,10.754255243845087,2.7421726840857974,0.36467433499119195,147.8683588411167,138.62162564473203,128.8937294426699,data/tiles/train/H038/H038__Motorola_Edge_H038_03__x804_y270__t256.png
5.147234916687012,4.739360809326172,4.827754974365234,3.880568027496338,2.44779634475708,0.12939991056919098,124.08202951058247,148.90615533489995,171.15335526940194,17.331270747529498,9.778322157394658,2.8513349517042443,0.35071291761155576,157.8423013720326,148.56469338700398,138.64570927682757,data/tiles/train/H038/H038__Motorola_Edge_H038_03__x1060_y270__t256.png
2.005803346633911,2.372699737548828,2.956615924835205,2.6689555644989014,1.9706109762191772,0.23376773297786713,160.7579304845626,174.54860579755336,186.39317427276626,9.667031631937972,4.232245435089739,2.7881405140151707,0.35866198097739016,189.65137824890002,184.13746110945794,148.92104970674092,data/tiles/train/H038/H038__Samsung_A52_H038_01__x88_y210__t256.png
2.738593339920044,3.2175981998443604,4.114840507507324,4.036561012268066,3.0371510982513428,0.2458602488040924,138.7505876527351,157.67020982260325,175.70269729673728,14.001454779358998,5.772587616178403,2.9772752657266706,0.3358775762226768,172.0260758006321,167.47179876563467,133.35909202310674,data/tiles/train/H038/H038__Samsung_A52_H038_01__x344_y210__t256.png
3.1151585578918457,3.410160541534424,4.12874174118042,3.8372747898101807,2.6135621070861816,0.2574036419391632,133.5482055156337,151.21527988487995,170.01291775478418,13.932553164299456,6.406674202866926,2.7969027755842086,0.35753834875119067,166.1110022149094,161.85710738605584,127.14277870613141,data/tiles/train/H038/H038__Samsung_A52_H038_01__x600_y210__t256.png
2.9000699520111084,3.1891984939575195,3.7083513736724854,3.2426700592041016,2.373687267303467,0.26197919249534607,136.44901880994027,153.63210720539988,169.5314562869819,12.591600698874174,5.924222838845352,2.959584884671935,0.33788522342411154,168.43265906810987,163.94111920775924,128.2402745655567,data/tiles/train/H038/H038__Samsung_A52_H038_01__x856_y210__t256.png
2.6462645530700684,3.015972137451172,3.623750686645508,3.267104148864746,2.2977418899536133,0.24107129871845245,149.0084458654831,167.79858829922327,184.41551840657326,13.029445066191071,5.53159642723883,2.830827804014989,0.35325356017123005,182.2208406229041,177.65954243158788,141.91122023526867,data/tiles/train/H038/H038__Samsung_A52_H038_01__x1112_y210__t256.png
2.3867557048797607,2.704784393310547,3.279663324356079,3.052954912185669,2.420776844024658,0.25045186281204224,147.25601055788604,163.09116024329543,178.73832817084894,11.698419148890567,4.908529255598942,2.6239544742448295,0.38110417303935834,178.57279730655958,173.28901924450113,137.7138531834858,data/tiles/train/H038/H038__Samsung_A52_H038_01__x88_y466__t256.png
3.9911787509918213,4.1589436531066895,4.852696895599365,4.25929594039917,2.7038824558258057,0.27476611733436584,118.62099042307449,140.41261659900147,161.99208296156223,16.11427789573886,8.029589607338421,2.7940047683187528,0.3579091959108337,155.0136106839947,150.34121354050512,116.44567530410058,data/tiles/train/H038/H038__Samsung_A52_H038_01__x344_y466__t256.png
4.216826438903809,4.328480243682861,4.791571617126465,3.8462839126586914,2.253222942352295,0.2800658345222473,112.6700272991136,132.14120759325434,155.08295333863805,15.618848111431143,8.40597659547139,2.855676432936444,0.3501797292110286,147.02940727947902,142.42062195680822,109.76690843632565,data/tiles/train/H038/H038__Samsung_A52_H038_01__x600_y466__t256.png
4.2707839012146,4.362009525299072,4.919050216674805,3.9495744705200195,2.3280889987945557,0.28112512826919556,114.00032985597501,134.7337578890383,157.25065550113845,16.004184617357936,8.515422382385768,2.6896462585578593,0.37179610397397844,149.5490862732748,145.06162801878014,111.50881211848008,data/tiles/train/H038/H038__Samsung_A52_H038_01__x856_y466__t256.png
3.415400981903076,3.5169692039489746,3.901000738143921,3.111433982849121,1.8244335651397705,0.2578427791595459,134.92990300866333,153.07566264704732,171.57949827942812,13.638550295566485,6.82673394716956,2.81110385119086,0.3557321440032793,168.11838146603623,163.3018077876603,128.5845551459524,data/tiles/train/H038/H038__Samsung_A52_H038_01__x1112_y466__t256.png
2.157414436340332,2.504514694213867,3.043747663497925,2.6848387718200684,2.0017127990722656,0.24280717968940735,154.45558853710187,167.9645988212877,179.95670954847574,9.699172884830007,4.565022688098706,2.6273898256132844,0.38060587365126924,183.082481689558,177.79053501371027,142.36089650854504,data/tiles/train/H038/H038__Samsung_A52_H038_01__x88_y722__t256.png
3.4257848262786865,3.6028714179992676,4.143679141998291,3.576200485229492,2.2598459720611572,0.26025891304016113,129.79081041037944,150.22032683917118,168.20019867029612,14.499804259626224,6.937393473178426,2.8197304770308946,0.3546438243462811,164.51904512609707,159.37200873296942,125.53452287312045,data/tiles/train/H038/H038__Samsung_A52_H038_01__x344_y722__t256.png
3.5414202213287354,3.725081443786621,4.368499279022217,3.759813070297241,2.3563857078552246,0.2666832208633423,122.62260900400906,142.43640386317372,162.17040713887945,14.963232994381547,7.10568309978431,2.773089535343851,0.36060862343415256,156.96346473819526,152.1648439431206,118.94589293901022,data/tiles/train/H038/H038__Samsung_A52_H038_01__x600_y722__t256.png
3.6627795696258545,3.7228305339813232,4.177951812744141,3.4013350009918213,2.037586212158203,0.2659824788570404,123.45324870571983,143.1257199588005,162.595055948342,14.656693175969016,7.321458750506326,2.6945872442838743,0.3711143523451825,157.5797688627316,152.7219512923077,119.53450689080258,data/tiles/train/H038/H038__Samsung_A52_H038_01__x856_y722__t256.png
3.013836622238159,3.1478912830352783,3.3631718158721924,2.538438081741333,1.6305001974105835,0.23816819489002228,143.6307519634689,158.73978293184214,175.06187673094686,11.822288342547107,6.219485692104863,2.7317039143642785,0.3660718845631994,173.48421287052,168.6542460248249,135.56059257609473,data/tiles/train/H038/H038__Samsung_A52_H038_01__x1112_y722__t256.png
2.1015284061431885,2.6427783966064453,3.3979711532592773,3.0197746753692627,2.338409662246704,0.23527120053768158,156.95163611875964,174.37138905743822,188.8518970726375,11.776749524514473,4.644079909505663,2.8701188227794594,0.34841763067899306,189.59947655888962,182.80424725687428,148.74744664366088,data/tiles/train/H038/H038__Samsung_A52_H038_02__x113_y184__t256.png
2.7666053771972656,3.149176597595215,3.9409537315368652,3.6380531787872314,2.531881093978882,0.23772816359996796,140.94971496845957,160.13419761081002,177.9314360219532,13.798383542017667,5.7419732470285405,2.6295865821686815,0.3802879155153266,174.53233540148352,168.7673247281873,136.583510299081,data/tiles/train/H038/H038__Samsung_A52_H038_02__x369_y184__t256.png
3.4330193996429443,3.691572904586792,4.531729221343994,4.243173122406006,3.150115489959717,0.24923531711101532,132.42476243871843,152.60098298108338,174.8375296961523,15.550418835329289,6.990435463506126,2.778457660071412,0.3599119088157341,167.70165949039927,162.091743078283,129.5702295687864,data/tiles/train/H038/H038__Samsung_A52_H038_02__x625_y184__t256.png
3.1212432384490967,3.3783600330352783,4.060501575469971,3.5558059215545654,2.5579512119293213,0.2517874538898468,138.54386028087637,157.28759604000462,174.59929482982292,13.40634883698507,6.39027089908875,2.902988068251158,0.34447265248404146,172.2806715800386,166.16119927327225,132.73660260708826,data/tiles/train/H038/H038__Samsung_A52_H038_02__x881_y184__t256.png
2.7631659507751465,3.0207221508026123,3.6067464351654053,3.2433652877807617,2.6066808700561523,0.2231007218360901,152.94996216595084,172.40508280026984,189.49164694708165,13.525478684109869,5.573634983663842,2.70917366125553,0.3691162417165105,186.62261942823645,180.8289345626979,148.28543275308476,data/tiles/train/H038/H038__Samsung_A52_H038_02__x1137_y184__t256.png
2.520643711090088,2.87477970123291,3.493011236190796,3.0723800659179688,2.093125820159912,0.2389220893383026,150.6697508311698,166.61247099394814,180.71363478148274,11.252599444768164,5.220127389253361,2.7877758982149325,0.35870889071116496,181.63346924731897,175.30354117254586,141.9239678012762,data/tiles/train/H038/H038__Samsung_A52_H038_02__x113_y440__t256.png
4.15883207321167,4.278198719024658,4.789873123168945,4.033207893371582,2.5106728076934814,0.2715320587158203,118.60567192641615,140.24126389931703,161.76170636178188,16.10079151406672,8.292124771757713,2.973914751708396,0.336257116793795,155.12912608893038,149.2266929324219,116.9973055293742,data/tiles/train/H038/H038__Samsung_A52_H038_02__x369_y440__t256.png
4.681698799133301,4.687481880187988,5.318857669830322,4.6198835372924805,2.808262825012207,0.27830421924591064,107.75728701017306,129.7891606085665,155.3032645465075,17.568689587144192,9.155304751783857,2.9156798174925527,0.34297318724796994,144.7551237191744,139.04641108423704,108.38545929145965,data/tiles/train/H038/H038__Samsung_A52_H038_02__x625_y440__t256.png
4.557828426361084,4.72326135635376,5.38141393661499,4.408146858215332,2.8233258724212646,0.28377947211265564,109.91500858888013,133.21330016664714,157.89417735366538,17.625119512747485,9.11237865566912,2.8154666212552013,0.35518091120333595,148.2840363660218,142.30667042356114,110.3583757635255,data/tiles/train/H038/H038__Samsung_A52_H038_02__x881_y440__t256.png
4.031501293182373,4.222470760345459,4.722240447998047,3.890899896621704,2.487942695617676,0.2618770897388458,128.0790072592786,150.82490477738648,172.32268523835447,16.4166438045358,8.11974892136678,2.6504792326658264,0.3772902604463004,165.9874155570141,159.65460668116413,126.5235070676308,data/tiles/train/H038/H038__Samsung_A52_H038_02__x1137_y440__t256.png
2.428415060043335,2.7724533081054688,3.402719259262085,3.023956298828125,2.04667329788208,0.24025680124759674,151.01281955481565,167.07051480024413,181.76539835110552,11.492831487860228,5.1302604059163,2.6591102769945003,0.3760656369356239,182.3715181906683,176.0237012228901,142.2812975963153,data/tiles/train/H038/H038__Samsung_A52_H038_02__x113_y696__t256.png
3.666233539581299,3.835895538330078,4.395656108856201,3.8104403018951416,2.5724823474884033,0.25597745180130005,127.96734783924803,149.68078984249283,169.24220347522137,15.3562565019592,7.326851154338757,2.8206447897566718,0.35452886646044746,164.03962788679095,157.88057664591614,125.83671208066734,data/tiles/train/H038/H038__Samsung_A52_H038_02__x369_y696__t256.png
3.647636890411377,3.8162708282470703,4.1759352684021,3.565732479095459,2.4801619052886963,0.27084270119667053,120.26740094471769,142.19803889812033,162.0944362632146,15.620296544440777,7.213057134027182,2.9008461197448963,0.34472700678377977,156.7081485489923,150.5647296224994,118.28983774976669,data/tiles/train/H038/H038__Samsung_A52_H038_02__x625_y696__t256.png
3.802844762802124,3.8335490226745605,4.226637840270996,3.506681442260742,2.4579436779022217,0.26954150199890137,124.3837947124169,145.36650598194217,165.04632067448225,15.146385357425645,7.6097278916300874,2.969224591937853,0.33678826543308193,160.37104652876332,154.12907215961596,121.22528503444784,data/tiles/train/H038/H038__Samsung_A52_H038_02__x881_y696__t256.png
3.4850761890411377,3.6322715282440186,4.153130531311035,3.3498716354370117,2.3341336250305176,0.24576933681964874,138.12138852179962,159.89973038534083,178.93799618067757,15.115647712665785,6.9665937471232215,2.632180777613435,0.37991311558269464,174.4737285697427,168.2441391097522,135.32087821022782,data/tiles/train/H038/H038__Samsung_A52_H038_02__x1137_y696__t256.png
2.033695697784424,2.5395233631134033,3.290005922317505,3.158151149749756,2.2240452766418457,0.22506338357925415,157.72074128917035,174.90141889768915,188.1560990209051,11.4080066821951,4.456822302275633,2.747052963571978,0.36402647246367814,189.184733646647,183.05261332617854,150.00902790191088,data/tiles/train/H038/H038__Samsung_A52_H038_03__x114_y215__t256.png
2.786773681640625,3.226364850997925,4.0858073234558105,3.800745964050293,2.891721248626709,0.2365749180316925,140.0127962004515,157.6855185130359,176.3832629787244,13.770434972592827,5.86886737450507,2.5970618075101286,0.38505052021027036,172.40740818161345,166.9355930217409,135.04807045185518,data/tiles/train/H038/H038__Samsung_A52_H038_03__x370_y215__t256.png
3.179896593093872,3.5025205612182617,4.271857261657715,3.877509355545044,2.6372427940368652,0.23980414867401123,134.79575142291924,153.0262478755019,172.19072288963875,14.211889708132144,6.5960507880392845,2.5954313452042133,0.3852924107770295,167.4576411165836,162.4706249762036,130.67634906365075,data/tiles/train/H038/H038__Samsung_A52_H038_03__x626_y215__t256.png
3.040196657180786,3.3724539279937744,3.953993797302246,3.32425594329834,2.32116961479187,0.23905080556869507,138.66924437811497,155.15647301759273,172.21375534886383,12.5388671881755,6.290227806362819,2.8086041286797916,0.35604875382350826,169.59557485095345,164.26733833073277,132.44012365003178,data/tiles/train/H038/H038__Samsung_A52_H038_03__x882_y215__t256.png
2.9486422538757324,3.2705166339874268,3.8916029930114746,3.4084243774414062,2.419942855834961,0.21197423338890076,151.07597885536387,171.41922389617466,188.60796697617693,13.741989289715631,6.152507108428716,2.709979912584216,0.3690064252344984,184.40926900906194,179.3386570398353,148.25664951847781,data/tiles/train/H038/H038__Samsung_A52_H038_03__x1138_y215__t256.png
2.6884679794311523,3.08347749710083,3.8668017387390137,3.621238946914673,2.5425705909729004,0.2297339141368866,146.056811469045,164.80119753171903,181.31994908636293,13.118518890238944,5.6559628494188114,2.7787243749679114,0.35987736279585053,178.83867209952209,173.17569708338115,141.0829515971789,data/tiles/train/H038/H038__Samsung_A52_H038_03__x114_y471__t256.png
4.084047794342041,4.238744258880615,4.82599401473999,3.9327938556671143,2.720998764038086,0.25516629219055176,120.50028370006116,141.87376215913181,163.53193404888802,15.956029862694251,8.262356324284664,2.7019749093680607,0.3700996617447793,155.94760113179242,150.62998916192032,119.70183750897945,data/tiles/train/H038/H038__Samsung_A52_H038_03__x370_y471__t256.png
4.118377685546875,4.2316083908081055,4.835550785064697,4.283444404602051,2.6712749004364014,0.2639212906360626,112.36843403125613,133.51779328776,155.67883001626817,16.13003359044632,8.206417907257054,2.7007617269498985,0.37026591054715097,147.51086768586518,142.19058894585763,112.15995019730322,data/tiles/train/H038/H038__Samsung_A52_H038_03__x626_y471__t256.png
4.272367477416992,4.384408950805664,5.016110420227051,4.344007968902588,3.1706674098968506,0.2658292353153229,112.80544452833645,134.97334970680944,158.40773817922874,16.914773517242914,8.515914900053637,2.8821650922748927,0.34696138770132007,149.20411867887486,143.99923255251903,113.19938359762764,data/tiles/train/H038/H038__Samsung_A52_H038_03__x882_y471__t256.png
3.9734339714050293,3.9881391525268555,4.566462993621826,3.9544196128845215,2.4395339488983154,0.24224773049354553,130.07115527543124,153.3312109790639,175.36153324997522,16.638829095566617,7.8002335554887035,2.879079360862407,0.34733325298141743,167.3739913936754,161.897124850884,130.27635885387173,data/tiles/train/H038/H038__Samsung_A52_H038_03__x1138_y471__t256.png
2.5697484016418457,2.9018683433532715,3.6067588329315186,3.1090261936187744,2.0394201278686523,0.22510768473148346,150.57278816954133,166.7645010402983,181.73727734789404,11.566533987165458,5.472985291271661,2.777898736205969,0.3599843244702979,180.92565528898265,175.34919512621963,143.4317894654707,data/tiles/train/H038/H038__Samsung_A52_H038_03__x114_y727__t256.png
3.4240849018096924,3.554392099380493,4.042675971984863,3.5914862155914307,2.3840367794036865,0.24400483071804047,131.35058109350064,150.36762892063663,169.9932342596738,14.3839415789138,6.92689841298297,2.797717333114845,0.35743425118886035,164.77747669101268,159.09095665314393,128.02605497924003,data/tiles/train/H038/H038__Samsung_A52_H038_03__x370_y727__t256.png
3.5952415466308594,3.6386911869049072,3.9570159912109375,3.196739435195923,2.027592897415161,0.25251519680023193,124.77276482048399,143.41923168548036,162.7516670759525,14.194851779794021,7.2074024184102505,2.72840726946138,0.3665141971995302,157.7095945098552,152.2230755208851,121.40516238062496,data/tiles/train/H038/H038__Samsung_A52_H038_03__x626_y727__t256.png
3.6853084564208984,3.7880136966705322,4.335322380065918,3.7735958099365234,2.676746368408203,0.2507593035697937,124.8383906745646,146.15382306212794,166.51940396560323,15.389608695892102,7.399143325772898,2.859164423194571,0.34975253325329597,160.0667831870571,154.53657737212149,123.45516577400329,data/tiles/train/H038/H038__Samsung_A52_H038_03__x882_y727__t256.png
3.3696272373199463,3.494727849960327,3.8053624629974365,2.9507079124450684,2.0767714977264404,0.2278956025838852,142.10908529056982,161.3315615663838,178.15384021795333,13.391514264596532,6.847269099239219,2.78417644834841,0.35917263813980105,174.88401178827,169.43007308892197,138.22822937202662,data/tiles/train/H038/H038__Samsung_A52_H038_03__x1138_y727__t256.png
1.414964199066162,1.6335629224777222,2.033482313156128,1.7137337923049927,1.4747850894927979,0.21656367182731628,167.54320205019226,179.15946126569648,187.91629099853301,7.5520011897355985,2.652843109147706,2.7484955562502678,0.3638354072379456,193.30561375889081,187.61980005130408,154.64426983637657,data/tiles/train/H038/H038__Samsung_A52_H038_04__x83_y155__t256.png
1.7030317783355713,2.0062320232391357,2.491379737854004,2.1648459434509277,1.6537045240402222,0.2364230751991272,153.65501683085645,165.4248359591512,176.65258307518556,8.666958222086757,3.286292022469525,2.8289884014757285,0.35348324492187905,180.26934432309065,174.76135358124452,141.16528478665194,data/tiles/train/H038/H038__Samsung_A52_H038_04__x339_y155__t256.png
1.8069308996200562,1.9051815271377563,2.1092309951782227,1.6100221872329712,1.180479645729065,0.24819807708263397,149.1395502341442,159.9882098737992,169.43988141798815,7.65529905423918,3.0724981837336114,2.7182328989900357,0.3678860631741864,174.7742313335479,169.4194448722355,135.11936800851709,data/tiles/train/H038/H038__Samsung_A52_H038_04__x595_y155__t256.png
1.6386250257492065,1.8991447687149048,2.14142107963562,1.7620174884796143,1.37673819065094,0.2547021210193634,147.73722420362682,159.31866273208422,170.18524860400726,8.45255074723245,3.2193874117235652,2.9543636996639155,0.3384823608933994,174.76767471897546,168.983957106804,134.19008728339784,data/tiles/train/H038/H038__Samsung_A52_H038_04__x851_y155__t256.png
1.4441989660263062,1.6771806478500366,1.8875682353973389,1.572313904762268,1.2693581581115723,0.2191138118505478,162.985271851254,174.24403685306666,185.28542217438903,8.238645837900584,2.8339708887996657,2.63958129538936,0.3788479641626237,188.73343691299476,183.46691513476097,150.55265137128694,data/tiles/train/H038/H038__Samsung_A52_H038_04__x1107_y155__t256.png
1.6489088535308838,1.8610278367996216,2.160853147506714,1.8324050903320312,1.565179467201233,0.23814475536346436,158.08655464812904,168.48810014177917,178.44276124001772,7.6384924408928585,2.9889536510592474,2.843169682649267,0.3517201263444113,183.8348949779474,177.87011834255435,143.71393557716195,data/tiles/train/H038/H038__Samsung_A52_H038_04__x83_y411__t256.png
2.3348193168640137,2.490436553955078,2.837397813796997,2.365063428878784,1.6039597988128662,0.26964622735977173,134.29823878702354,146.49176891475085,160.44620266025836,10.019666680502233,4.413807872797783,2.8732115622956242,0.34804259217202405,162.22246515058765,156.51544779958593,122.55787587190282,data/tiles/train/H038/H038__Samsung_A52_H038_04__x339_y411__t256.png
2.715380907058716,2.8721985816955566,2.9856483936309814,2.2427825927734375,1.6567434072494507,0.2883984446525574,121.05062743840244,134.28221536853837,147.68256198332654,10.22862848448456,5.127864330707181,2.820040302622661,0.35460486116811585,149.35484228242095,143.6859279236842,110.55689608669553,data/tiles/train/H038/H038__Samsung_A52_H038_04__x595_y411__t256.png
2.4677834510803223,2.5753180980682373,2.7383534908294678,2.070373058319092,1.5676788091659546,0.28513848781585693,124.33904449085499,138.1244471826026,151.32907775825598,10.266556748726266,4.746339052582478,2.8789161706148527,0.3473529414322714,153.0763618106814,147.54291360072654,113.69740742821207,data/tiles/train/H038/H038__Samsung_A52_H038_04__x851_y411__t256.png
2.0764596462249756,2.199368715286255,2.4476876258850098,2.0965657234191895,1.6539262533187866,0.2529340982437134,144.46736134620951,157.85810145869314,170.69947094027214,10.026326492518677,4.047399201530745,2.97403632425671,0.33624337128764775,173.078386027243,167.4795981885893,133.14062683683093,data/tiles/train/H038/H038__Samsung_A52_H038_04__x1107_y411__t256.png
1.4190196990966797,1.6445388793945312,1.892177700996399,1.617717981338501,1.3154654502868652,0.23489560186862946,162.43248739203298,172.3084533636386,181.62072148995534,7.141390921362121,2.8414428287054325,2.6849585046872977,0.3724452345368609,187.77066348157229,181.63304983932574,147.31253671794136,data/tiles/train/H038/H038__Samsung_A52_H038_04__x83_y667__t256.png
2.11224102973938,2.227398633956909,2.4267401695251465,2.0165255069732666,1.593942642211914,0.2554374039173126,141.85581137597342,156.06130548432216,169.65710286888756,10.386964163417606,4.009916560305823,2.649570398595264,0.37741967548028726,171.35326887867842,165.22096749628994,131.4988175024342,data/tiles/train/H038/H038__Samsung_A52_H038_04__x339_y667__t256.png
2.7204933166503906,2.864459991455078,3.0598602294921875,2.1948273181915283,1.4090313911437988,0.27309972047805786,126.6189995654642,143.40259062474104,159.32847227585214,12.146296506886419,5.252151629688195,2.5834554235571785,0.3870784805812878,158.2395181728967,152.46408225548112,119.1131682670806,data/tiles/train/H038/H038__Samsung_A52_H038_04__x595_y667__t256.png
2.3114404678344727,2.366034507751465,2.448190212249756,1.8392524719238281,1.4095715284347534,0.2721688151359558,132.52522783439997,147.31972726514263,162.9680407336143,11.188158876742795,4.509958271101727,2.6935654089244148,0.3712551388901733,162.97617190466045,157.0048464057659,122.80823683596002,data/tiles/train/H038/H038__Samsung_A52_H038_04__x851_y667__t256.png
2.016335964202881,2.1467604637145996,2.3340821266174316,1.8978378772735596,1.4693697690963745,0.2448813021183014,148.83711836558925,162.81504984013208,176.11318625969798,10.112966543826579,3.982092858001764,2.7702601977016945,0.3609769222507096,178.02349686938175,172.27383623049417,138.1527470092135,data/tiles/train/H038/H038__Samsung_A52_H038_04__x1107_y667__t256.png
1.4383419752120972,1.749037504196167,2.1814374923706055,1.9443440437316895,1.6969889402389526,0.22708947956562042,161.39004005945435,174.2323580643925,183.47092630186611,8.371111773060301,2.9126695179790594,2.611522594456643,0.3829183795394508,188.5383569065244,182.53023884317207,149.16066306470918,data/tiles/train/H038/H038__Samsung_A52_H038_05__x87_y205__t256.png
1.8208895921707153,2.1945676803588867,2.684739351272583,2.1983766555786133,1.5933356285095215,0.2392866313457489,146.90867976451102,159.73728590225866,172.41464688105216,9.555069563146697,3.6626074910317565,2.801607328251057,0.3569379584055643,174.37002518068488,168.97695807848282,136.12964905484876,data/tiles/train/H038/H038__Samsung_A52_H038_05__x343_y205__t256.png
2.1767220497131348,2.3774871826171875,2.6278998851776123,2.08689284324646,1.4116489887237549,0.2571629583835602,139.0963808319996,152.027787923641,163.88284543242017,9.255948746874669,4.214509767965151,2.7189642441873563,0.367787109425148,166.67895872003652,161.46990235135002,127.61088374354195,data/tiles/train/H038/H038__Samsung_A52_H038_05__x599_y205__t256.png
2.133510112762451,2.3201465606689453,2.5809004306793213,2.0854687690734863,1.6195096969604492,0.2627217471599579,139.77284344291215,152.37265422801025,164.73395753614545,9.386531159249893,4.198568441088997,2.8470638353556614,0.35123905111705295,167.70985417124507,162.09130512598742,127.64917504123267,data/tiles/train/H038/H038__Samsung_A52_H038_05__x855_y205__t256.png
1.767690658569336,1.9514503479003906,2.1313414573669434,1.7574738264083862,1.5149208307266235,0.22698262333869934,157.80204848948094,170.22898345866724,181.63147223695287,8.854708984170305,3.4012457326146373,2.680955037867072,0.373001406541896,184.62381973500246,179.51137269724916,146.02468227109486,data/tiles/train/H038/H038__Samsung_A52_H038_05__x1111_y205__t256.png
1.7491881847381592,1.9872682094573975,2.2915964126586914,1.8888858556747437,1.4068522453308105,0.23815183341503143,155.37118644396918,166.142466072565,175.97878839517048,7.757766546430487,3.2237680036428915,2.638537532674092,0.3789978302815822,181.1229761622643,175.36483380040806,141.58406791689643,data/tiles/train/H038/H038__Samsung_A52_H038_05__x87_y461__t256.png
2.576162338256836,2.843069076538086,3.3009228706359863,2.75536847114563,1.8860645294189453,0.26761555671691895,127.5071078234768,142.23233905623988,159.1218829055334,11.914542113373196,5.108555368245878,2.7681232639517597,0.36125558894816145,157.58145188661763,152.1864170877665,119.3058518579118,data/tiles/train/H038/H038__Samsung_A52_H038_05__x343_y461__t256.png
2.5557408332824707,2.6877050399780273,2.950636148452759,2.249433755874634,1.2867165803909302,0.2823907732963562,121.12715155559931,132.0289555069863,146.26062571724884,9.639018609856874,5.057144376551448,2.85889551830455,0.3497854306312823,147.34268102619652,142.17266364664067,109.75889474340485,data/tiles/train/H038/H038__Samsung_A52_H038_05__x599_y461__t256.png
2.673434257507324,2.749286651611328,2.903303623199463,2.224823236465454,1.598554253578186,0.28435203433036804,121.66177631899848,134.50237586781734,148.49041918654285,10.238873824334393,5.243419696464938,2.7496935599715364,0.3636768891477316,149.5510310957932,144.26785863261222,111.16503237174577,data/tiles/train/H038/H038__Samsung_A52_H038_05__x855_y461__t256.png
2.2805373668670654,2.389777183532715,2.658438205718994,2.0842349529266357,1.6191166639328003,0.2554819881916046,139.82510118542135,153.72394330640634,166.9373520276409,10.261644736304268,4.505431106745781,2.82662405910861,0.3537789175668996,168.5790964351014,163.19513486668427,129.3126340001654,data/tiles/train/H038/H038__Samsung_A52_H038_05__x1111_y461__t256.png
1.5205827951431274,1.782913327217102,2.0326874256134033,1.7401436567306519,1.4356586933135986,0.2376932054758072,156.27288526242086,166.73651700787403,176.75193752217834,7.6556924544522875,3.135232165547693,2.773844189488113,0.3605105159798253,181.77950965937467,176.16575437418544,142.15595655509415,data/tiles/train/H038/H038__Samsung_A52_H038_05__x87_y717__t256.png
2.4125776290893555,2.5463907718658447,2.7603213787078857,2.233062267303467,1.6952520608901978,0.25513046979904175,136.5541606669652,150.12623533272767,164.53276896537275,10.505132546021093,4.715049013906232,2.7344871644368727,0.36569928467955903,165.1465840665133,159.4896405232471,126.75840780141804,data/tiles/train/H038/H038__Samsung_A52_H038_05__x343_y717__t256.png
2.5199873447418213,2.7116358280181885,2.9605441093444824,2.4037864208221436,1.8145830631256104,0.27336549758911133,123.69345495156627,139.50749093633388,154.9793651374865,11.695497896882637,4.91987591843525,2.7412817929993345,0.3647928507582813,154.13864985795783,148.62663694667893,115.98773184564642,data/tiles/train/H038/H038__Samsung_A52_H038_05__x599_y717__t256.png
2.2431252002716064,2.346487522125244,2.48346209526062,1.9933727979660034,1.451776385307312,0.2671220600605011,130.43232940761254,145.1483539363935,159.2751251634381,10.640494173551158,4.41455458652299,2.9278342488062523,0.3415493894190642,159.74706539250823,154.33800837578138,121.00651321829342,data/tiles/train/H038/H038__Samsung_A52_H038_05__x855_y717__t256.png
2.0960261821746826,2.1829471588134766,2.35688853263855,1.8499201536178589,1.3678773641586304,0.24540522694587708,145.07847456859815,158.55556550685532,172.02246280214095,10.03848481302302,4.213782932305165,2.7954618744129824,0.35772263937958,173.43116126333624,168.1380575317939,134.48878850043516,data/tiles/train/H038/H038__Samsung_A52_H038_05__x1111_y717__t256.png
3.732466697692871,3.7419698238372803,3.891655445098877,3.2389204502105713,2.4121170043945312,0.113547183573246,146.56018095897883,164.14644978912077,181.38593886206525,13.043793313411625,7.333014197170196,2.7540265573439062,0.3631047047579818,173.33013458569704,164.64219227092605,154.68357260835427,data/tiles/train/H126/H126__Motorola_Edge_H126_01__x74_y14__t256.png
5.324538707733154,5.198020935058594,5.617679119110107,4.6853766441345215,3.327118158340454,0.11608470976352692,129.81932391549216,156.1615444052599,180.14022880154755,18.639056169462435,10.423758508761086,2.8631555546449587,0.3492649913406481,164.5579461952818,155.8242445782637,146.6382523090236,data/tiles/train/H126/H126__Motorola_Edge_H126_01__x330_y14__t256.png
5.74793815612793,5.512539863586426,5.856503009796143,4.89876651763916,3.1031575202941895,0.11639757454395294,122.82687148407251,150.7926687359762,176.79451201959827,19.805124467325896,11.013611020606811,2.8457494554359104,0.35140127957850054,159.18377392345363,150.30716149150118,141.72475638247286,data/tiles/train/H126/H126__Motorola_Edge_H126_01__x586_y14__t256.png
5.189459800720215,5.031515121459961,5.335123538970947,4.148674488067627,2.6770241260528564,0.11388364434242249,128.11884279132968,153.74007602053354,176.29270647632242,17.832372116183645,10.115560531090436,2.6995645510621316,0.3704301123699948,161.84366148313336,152.9672876563351,144.42942631255133,data/tiles/train/H126/H126__Motorola_Edge_H126_01__x842_y14__t256.png
4.015263557434082,3.9588100910186768,4.254089832305908,3.3548367023468018,2.383349657058716,0.10933531820774078,143.76486592617002,164.0719864266016,181.7610339975106,14.081854076396437,7.948996724521032,3.001031642995355,0.33321874573834603,172.46251996510384,163.5987154187325,154.58110376848867,data/tiles/train/H126/H126__Motorola_Edge_H126_01__x1098_y14__t256.png
3.4592578411102295,3.556508779525757,3.6831367015838623,2.9438836574554443,2.3751301765441895,0.1119050607085228,149.999513201821,166.16655201619233,181.19763111868733,11.945593687684166,6.8570937586765845,2.8009509940022412,0.35702159807198675,175.1936209120215,166.5183916900047,156.620475743034,data/tiles/train/H126/H126__Motorola_Edge_H126_01__x74_y270__t256.png
5.394556045532227,5.235349655151367,5.585451602935791,4.382687568664551,2.6568398475646973,0.11595837771892548,130.49967874622814,154.25787815507317,180.112275911394,18.308053232774945,10.667077134910732,2.853406018679498,0.3504583622006871,163.97070082759572,155.00572813036442,145.9982916357869,data/tiles/train/H126/H126__Motorola_Edge_H126_01__x330_y270__t256.png
5.5995402336120605,5.390921115875244,5.6168951988220215,4.371715068817139,2.754446506500244,0.11415842920541763,125.78903169920098,151.48002463634754,177.15612721041828,18.840806273165988,10.91365357748679,3.0019699484348923,0.3331145938090953,160.31659062441312,151.38595156419885,143.01340406134855,data/tiles/train/H126/H126__Motorola_Edge_H126_01__x586_y270__t256.png
5.591134548187256,5.294622421264648,5.610758304595947,4.317172050476074,2.4639971256256104,0.11562275886535645,127.8053849273086,153.1163342138991,177.65283194848385,18.43543173954738,10.90137472449601,2.9634979440533855,0.33743907331085554,162.01555135037427,153.07272053750174,144.31002394036076,data/tiles/train/H126/H126__Motorola_Edge_H126_01__x842_y270__t256.png
4.638645172119141,4.545741081237793,4.864188194274902,3.8228511810302734,2.354207992553711,0.10959868133068085,140.0580735457968,163.92753629330528,183.81262285182663,16.198779813118573,9.09435206985845,2.77767288887288,0.36001359411538864,171.97340989953955,163.07211277482332,154.10367703514487,data/tiles/train/H126/H126__Motorola_Edge_H126_01__x1098_y270__t256.png
3.541435956954956,3.458430051803589,3.52823543548584,2.8080711364746094,2.1942389011383057,0.12023565918207169,135.6001506842181,152.8904337737914,169.88264512098843,12.705073883192467,6.841706488213072,2.8264553051226713,0.353800039996245,162.05292430719106,153.2296992791888,143.65920040789186,data/tiles/train/H126/H126__Motorola_Edge_H126_02__x36_y15__t256.png
4.866677284240723,4.942962646484375,5.450687885284424,4.399111270904541,2.586289644241333,0.12483075261116028,119.6970713371182,145.315847456634,167.12067856361728,17.546877527510773,9.714592166388769,2.8106123966357193,0.35579434617060396,153.43879757195654,144.5914028569372,135.4045742243098,data/tiles/train/H126/H126__Motorola_Edge_H126_02__x292_y15__t256.png
5.195662498474121,4.99796724319458,5.372894763946533,4.580468654632568,3.023430824279785,0.1285693496465683,113.26787695865623,140.39025122970423,163.16806167623344,18.355855851937537,9.897494868413904,2.7853082970118583,0.35902668335595833,148.46166638267,139.47198625718494,130.5278886758567,data/tiles/train/H126/H126__Motorola_Edge_H126_02__x548_y15__t256.png
4.979322910308838,4.848053455352783,5.254825592041016,4.321568489074707,2.6980974674224854,0.12727369368076324,117.34740952146832,142.61839626614895,164.7167101969147,17.72618330569749,9.750400059041379,2.922716932284953,0.34214740023359336,150.93388166525867,142.1230377865622,132.86638920695896,data/tiles/train/H126/H126__Motorola_Edge_H126_02__x804_y15__t256.png
3.6070353984832764,3.744479179382324,4.147883415222168,3.4229536056518555,2.2872586250305176,0.11854617297649384,132.33553979106006,153.77619883183726,170.87307992550188,14.247793440471924,7.212130618265263,2.7451119797347663,0.364283864331327,161.76213743415838,152.94514456869908,143.65011829336115,data/tiles/train/H126/H126__Motorola_Edge_H126_02__x1060_y15__t256.png
3.4058401584625244,3.5498478412628174,3.7659482955932617,2.9922921657562256,2.107546091079712,0.12005075812339783,136.0280332825033,152.7354667684124,169.71407417950056,12.615117707134143,6.885118417769264,2.854962585454137,0.35026728724745465,161.97647216455653,153.32412900693654,143.61219462846884,data/tiles/train/H126/H126__Motorola_Edge_H126_02__x36_y271__t256.png
5.349362373352051,5.1617302894592285,5.554602146148682,4.3021721839904785,2.55564546585083,0.12896041572093964,115.05845405644646,140.0733418398262,164.57383718846316,18.210687453263922,10.387954706759755,2.8563325253575083,0.35009929380502947,149.0741047107638,140.2196642086415,131.0068008209063,data/tiles/train/H126/H126__Motorola_Edge_H126_02__x292_y271__t256.png
5.96476936340332,5.5970072746276855,5.8480939865112305,4.468977451324463,2.5048632621765137,0.13303498923778534,106.51214131689262,133.74799909331426,158.91296046411108,19.138944393803968,11.333715465185467,2.7806902126753474,0.35962294377189313,142.2345697631479,133.3434554099914,124.49358380734071,data/tiles/train/H126/H126__Motorola_Edge_H126_02__x548_y271__t256.png
6.10324239730835,5.761105060577393,6.123316764831543,4.590796947479248,2.6101253032684326,0.13412147760391235,106.84939356215807,133.5183384683198,161.18092674816037,19.879934277435765,11.850435706449113,2.7683723331788794,0.36122308694355265,142.8384330034047,134.0169202532856,124.87840474109625,data/tiles/train/H126/H126__Motorola_Edge_H126_02__x804_y271__t256.png
4.19820499420166,4.12008810043335,4.498637676239014,3.6794919967651367,2.271502733230591,0.12160703539848328,126.99374354152822,149.0977160892975,169.01197398387177,15.455211175881724,8.234208965609229,2.8794615003889588,0.34728715763864865,157.67022515743955,148.79780810145203,139.61301332470725,data/tiles/train/H126/H126__Motorola_Edge_H126_02__x1060_y271__t256.png
3.859516143798828,3.8127260208129883,3.9085805416107178,2.9577393531799316,2.0986244678497314,0.11383124440908432,139.28874858300887,158.6636469384803,176.5203178008726,13.763762592223681,7.494836580305721,2.7273760070473956,0.3666527818005485,167.06939986883933,159.13259827812723,149.04519358437292,data/tiles/train/H126/H126__Motorola_Edge_H126_03__x50_y15__t256.png
5.299377918243408,5.130146503448486,5.315345764160156,4.184487819671631,2.4343972206115723,0.12088306993246078,120.36189121631242,145.52026680432235,169.92411135670184,18.209326068699582,10.433675844248343,2.791658709241449,0.35820997627310985,153.99874408134664,145.88381993383024,136.41828332938482,data/tiles/train/H126/H126__Motorola_Edge_H126_03__x306_y15__t256.png
5.31347131729126,5.0166120529174805,5.137523651123047,3.996410846710205,2.590893030166626,0.12122806161642075,118.53839429640483,144.5439131128012,166.97924612733138,17.898556319058418,10.25118136314037,2.6577684747427526,0.376255497611315,152.4694886702439,143.9425438721337,135.0409750254955,data/tiles/train/H126/H126__Motorola_Edge_H126_03__x562_y15__t256.png
5.147383213043213,4.889147758483887,5.08648681640625,3.925316095352173,2.561924695968628,0.12145162373781204,121.26554581592809,145.81398524051573,168.12315877807944,17.372885743025822,9.889733722227275,2.7040901100259473,0.3698101613893349,154.11161951241118,145.6106034288605,136.45372273527983,data/tiles/train/H126/H126__Motorola_Edge_H126_03__x818_y15__t256.png
4.194329738616943,4.205103397369385,4.486854076385498,3.4705703258514404,2.251739025115967,0.11415858566761017,134.86369069244992,156.8126025463487,175.58805774214474,15.098283239095426,8.387639762547064,2.7821471134825715,0.3594346234079057,164.8516708425623,156.37967945647233,147.03328990275003,data/tiles/train/H126/H126__Motorola_Edge_H126_03__x1074_y15__t256.png
4.09065580368042,4.053605556488037,4.388890743255615,3.683377742767334,2.5056822299957275,0.11317384243011475,137.3995035726136,157.64111835153082,177.22575237294964,14.856223747693344,8.1726934859286,2.8877376658903904,0.3462918435465519,166.30657711317104,158.3260088435738,148.48031106601806,data/tiles/train/H126/H126__Motorola_Edge_H126_03__x50_y271__t256.png
5.432364463806152,5.177186012268066,5.360922336578369,4.230746746063232,2.8378515243530273,0.1213495209813118,120.64524831318421,144.74720238058293,169.26286470547484,18.174776757041187,10.558242384276797,2.9390618953790053,0.34024462076564926,153.70125719061204,145.30100501003753,136.11904160922583,data/tiles/train/H126/H126__Motorola_Edge_H126_03__x306_y271__t256.png
5.894402027130127,5.376737117767334,5.647855758666992,4.485115051269531,2.7990317344665527,0.12850157916545868,110.54141214763804,136.1794054283545,163.14917202273082,19.170740574180535,11.105615473793986,2.6880177534517466,0.3720213524318716,145.28872625276037,136.72434205034054,127.73752642250034,data/tiles/train/H126/H126__Motorola_Edge_H126_03__x562_y271__t256.png
5.5605926513671875,5.169191360473633,5.32973575592041,4.3036932945251465,2.8268420696258545,0.12469156831502914,115.89427835064077,139.66236833347673,165.0561329319518,18.160352078151057,10.632088513948379,2.805659764235592,0.3564224047217828,148.82371407869243,140.4460066962742,131.35665784154935,data/tiles/train/H126/H126__Motorola_Edge_H126_03__x818_y271__t256.png
4.848536014556885,4.718889236450195,5.002628803253174,3.8131914138793945,2.2368416786193848,0.11550986766815186,128.6496146139579,154.1312302226779,174.41866351397803,16.928375425436208,9.503863952850914,2.6618989244825126,0.37567166461604296,161.65510754175344,153.23176849314328,143.99843016326625,data/tiles/train/H126/H126__Motorola_Edge_H126_03__x1074_y271__t256.png
1.6349143981933594,2.1501102447509766,2.7539162635803223,2.39058518409729,1.7783223390579224,0.21938884258270264,160.8218657191974,174.658254160768,186.37854790715073,9.544264877507976,3.5749590154573574,2.679466147986265,0.37320867097035104,188.6038573065393,183.64226247062692,150.3851320254008,data/tiles/train/H126/H126__Samsung_A52_H126_01__x97_y179__t256.png
2.3358497619628906,2.845710277557373,3.6558384895324707,3.0250909328460693,1.8574780225753784,0.23928670585155487,145.86261918856218,160.7019538097004,175.8912856521521,11.30110055420623,4.980725287753729,2.8151592454440637,0.35521969196533315,175.34492723082272,170.56132723643094,136.85406810896686,data/tiles/train/H126/H126__Samsung_A52_H126_01__x353_y179__t256.png
2.7827494144439697,3.1943585872650146,3.8513877391815186,3.0991857051849365,2.013079881668091,0.2562275528907776,136.12336080149814,153.73024423472756,170.21105778370335,12.782530696375426,5.791496201022247,2.7247734128009258,0.36700299382767826,168.37704405964672,163.5350959411417,129.0185534753685,data/tiles/train/H126/H126__Samsung_A52_H126_01__x609_y179__t256.png
3.113382577896118,3.4501001834869385,4.041226863861084,3.4757328033447266,2.240971326828003,0.26280513405799866,135.04982308235796,151.7624140221147,170.74242126725798,13.264237965224808,6.441526106954735,2.8884219037879415,0.3462098105157621,167.59816927018812,162.24296117659333,127.56009161365989,data/tiles/train/H126/H126__Samsung_A52_H126_01__x865_y179__t256.png
2.7506675720214844,3.194946527481079,3.848604679107666,3.2653353214263916,2.3890600204467773,0.23540103435516357,149.2047427500828,169.6666135965734,184.66804734014417,13.164185845412048,5.798620306531634,2.746155969362798,0.36414537672164127,183.27316117763624,178.25488836304464,143.6492948870015,data/tiles/train/H126/H126__Samsung_A52_H126_01__x1121_y179__t256.png
2.239103078842163,2.6164731979370117,3.349604368209839,3.0242538452148438,2.139786720275879,0.23687542974948883,149.85044871713959,164.80134041024004,178.28373169103892,10.617224197672257,4.681039122968349,2.8116348229477093,0.3556649646811541,179.2267144412442,174.29654881809375,140.24650646170815,data/tiles/train/H126/H126__Samsung_A52_H126_01__x97_y435__t256.png
3.5966594219207764,3.944587469100952,4.704548358917236,3.7435028553009033,2.221564531326294,0.26398736238479614,124.40828357144399,145.2754014730137,165.81766602360946,15.28089127460721,7.50914411645047,2.8438928478086987,0.3516306884665253,159.63528345763604,154.86899996112788,121.30960772737599,data/tiles/train/H126/H126__Samsung_A52_H126_01__x353_y435__t256.png
4.488522052764893,4.6414475440979,5.302485942840576,4.401223659515381,2.572967052459717,0.2782547175884247,111.80709416820844,133.44731198454122,157.37485283130255,16.86765784482289,8.940574480226383,2.6887251513864694,0.37192347439616114,148.29145342385408,143.2617759050248,110.96471522739627,data/tiles/train/H126/H126__Samsung_A52_H126_01__x609_y435__t256.png
4.350518703460693,4.5528244972229,5.208373546600342,4.326951026916504,2.4918315410614014,0.2822917103767395,113.81571653136218,136.00256124585934,158.35762549957693,16.440202971522872,8.797269164496186,2.6084043297088066,0.3833761463322048,150.64500983168205,145.69803371505128,112.21594240992854,data/tiles/train/H126/H126__Samsung_A52_H126_01__x865_y435__t256.png
4.0779547691345215,4.155768394470215,4.609073638916016,3.714538812637329,2.41019344329834,0.25608664751052856,130.0861420268834,152.49492296783544,173.05334679027968,15.8653954359101,8.16955105732952,2.782152937377543,0.3594338710015704,166.87205274312288,161.73721493390386,127.91359903683991,data/tiles/train/H126/H126__Samsung_A52_H126_01__x1121_y435__t256.png
2.131601333618164,2.470837116241455,2.9629979133605957,2.521115303039551,1.7374138832092285,0.23513975739479065,153.7261896861542,167.64716739805553,179.67786563784318,9.827096437443458,4.538471003581079,2.780509800267482,0.35964627778107494,182.1011942470886,177.0869250920779,142.76321883431908,data/tiles/train/H126/H126__Samsung_A52_H126_01__x97_y691__t256.png
3.3158810138702393,3.706299304962158,4.456418514251709,3.8748598098754883,2.7158091068267822,0.25174620747566223,130.65093957043817,151.45665853437026,171.87876491547604,15.246139406290398,6.962211618719725,2.698718017576397,0.3705463088352065,166.02647921967542,160.85670030440943,127.87351462217774,data/tiles/train/H126/H126__Samsung_A52_H126_01__x353_y691__t256.png
3.668572187423706,3.722116231918335,4.265676498413086,3.432863473892212,2.120833158493042,0.2675853669643402,123.35155685336701,144.32978190368996,162.49849395565306,14.65862316241665,7.214211104014684,2.4848514224124516,0.40243854863126444,158.39732114289453,153.18226905712473,119.91230389713324,data/tiles/train/H126/H126__Samsung_A52_H126_01__x609_y691__t256.png
3.9344863891601562,4.082642555236816,4.7443156242370605,4.194711685180664,2.8189001083374023,0.27129146456718445,122.13293902683426,145.07086633120196,166.02193336143006,16.28758676602736,7.811757811432256,2.712250630023131,0.36869749016943604,159.65710943795017,154.36237313898744,120.38273344640736,data/tiles/train/H126/H126__Samsung_A52_H126_01__x865_y691__t256.png
3.6284000873565674,3.737354278564453,4.128665924072266,3.255338668823242,2.2425215244293213,0.2457270622253418,137.97358939387672,158.97500151568997,177.19653156812808,14.670438321748136,7.292102163304916,2.6441707694968066,0.37819039962774526,173.13485717078473,168.05739340244776,134.2032401435081,data/tiles/train/H126/H126__Samsung_A52_H126_01__x1121_y691__t256.png
5.573094844818115,5.628705978393555,7.187832832336426,7.165578365325928,5.878846168518066,0.0935332253575325,147.39073126256,187.32464139482795,217.59910528815442,25.980868542605094,10.41084649331828,2.7897193550344985,0.35845899631277917,193.7181307102237,184.48089587640044,176.71301623683257,data/tiles/train/H181/H181__Motorola_Edge_H181_01__x149_y20__t256.png
6.963324069976807,6.873189926147461,8.803043365478516,9.321167945861816,7.878310203552246,0.09093562513589859,118.18371549023102,176.1265844775036,213.13587448537805,34.96728394622925,11.991372396764719,2.709293662749436,0.3690998926211578,178.84000578704232,170.16753646969153,164.66177010042568,data/tiles/train/H181/H181__Motorola_Edge_H181_01__x405_y20__t256.png
6.791357517242432,6.566868782043457,8.155736923217773,8.028888702392578,6.190099716186523,0.08540280163288116,126.77110879166226,179.77125876241902,209.80874863053967,30.822905733044266,11.62133796817442,2.8479207849105794,0.3511333620297302,181.7239420663705,172.55663708488214,167.44608301528936,data/tiles/train/H181/H181__Motorola_Edge_H181_01__x661_y20__t256.png
5.809687614440918,5.988131999969482,7.529872894287109,7.07462215423584,5.294295787811279,0.09157023578882217,129.60838830487674,176.49145066500594,208.09884597137486,28.935075160697753,10.479507787291931,2.937028785722081,0.34048014948350114,180.89768853539857,171.69689806713328,165.78397441418787,data/tiles/train/H181/H181__Motorola_Edge_H181_01__x917_y20__t256.png
6.0927839279174805,6.281558036804199,8.707375526428223,9.736509323120117,9.086620330810547,0.08785104751586914,113.41902002941261,182.69526213183977,225.0135468148118,40.686844421127496,10.031398292871307,2.8301788399197614,0.35333456172273237,182.57143961487716,175.52000619357997,170.17626692199914,data/tiles/train/H181/H181__Motorola_Edge_H181_01__x1173_y20__t256.png
6.277257919311523,6.33073091506958,8.51470947265625,9.022878646850586,7.537074565887451,0.11618181318044662,118.07354368640215,169.51007919139923,206.2976334054127,32.56374556487431,11.211304020830438,2.8835808265893226,0.34679104215809076,175.80209325187732,165.3146542187555,156.58346144800532,data/tiles/train/H181/H181__Motorola_Edge_H181_01__x149_y276__t256.png
6.920511245727539,6.334268569946289,7.875107765197754,8.11591625213623,7.246745586395264,0.09152621775865555,107.1181733596004,166.32211270546642,197.59685550317818,33.031353898159324,10.37102280273924,2.8996528743280408,0.3448688664955242,166.31631297416135,157.61330188205605,152.45355340157556,data/tiles/train/H181/H181__Motorola_Edge_H181_01__x405_y276__t256.png
8.325429916381836,7.899171829223633,10.146349906921387,10.622720718383789,9.142924308776855,0.09796987473964691,80.50260530871054,149.26064488238256,189.77253856876166,40.394346674147336,13.197881693150368,2.6334077326518277,0.3797361067946,149.38768794713965,139.90916129980167,136.45566918531568,data/tiles/train/H181/H181__Motorola_Edge_H181_01__x661_y276__t256.png
8.086759567260742,7.87291145324707,10.476367950439453,11.157073974609375,10.235316276550293,0.10772206634283066,81.73497863672021,144.10560140980095,193.16528731261897,41.01274771927882,13.566307692095082,2.8178935215060164,0.35487501297265217,148.79081105505304,139.58362508634488,134.49236104861478,data/tiles/train/H181/H181__Motorola_Edge_H181_01__x917_y276__t256.png
7.554193496704102,7.302089214324951,10.009979248046875,11.125177383422852,10.363848686218262,0.09518035501241684,86.8127731835355,161.44915384700528,202.91127224964967,43.54502967983744,11.589663713954257,2.8738691933546043,0.34796294915313175,160.20898222092606,152.47363891864165,146.19655618121274,data/tiles/train/H181/H181__Motorola_Edge_H181_01__x1173_y276__t256.png
6.216611385345459,5.8149003982543945,7.2637553215026855,7.507146835327148,6.591368198394775,0.09884212911128998,95.24224472600433,148.2697081643636,178.84201417744418,30.639078337391993,10.042007548860283,2.943906709935656,0.33968467703987015,149.94060705338327,142.8366360681215,136.1450472529581,data/tiles/train/H181/H181__Motorola_Edge_H181_02__x36_y21__t256.png
6.656543254852295,6.106133937835693,7.912442207336426,9.079669952392578,8.668355941772461,0.09036968648433685,70.43718838202784,125.94937437546993,168.91201381650163,36.610137086609406,10.021712108703378,2.780670425231168,0.3596255028737777,128.57846141216064,122.11422108001791,118.33579770912449,data/tiles/train/H181/H181__Motorola_Edge_H181_02__x292_y21__t256.png
6.9026641845703125,6.360540866851807,7.8744916915893555,8.084049224853516,7.274749755859375,0.10646586120128632,77.59501544016986,133.26466824341387,172.99973729138705,35.54848751499478,10.838450380136145,2.7917580488695894,0.3581972300231784,136.87285979141484,127.84212160583333,123.47461631733569,data/tiles/train/H181/H181__Motorola_Edge_H181_02__x548_y21__t256.png
7.182919502258301,6.464144229888916,7.90317440032959,8.168432235717773,7.7056379318237305,0.1109800934791565,81.69278721220583,132.89093024094754,171.7940341498307,33.20069229038599,11.444661170597183,2.747497273627301,0.36396760411695694,137.56357875221897,128.50305640731372,123.57941411746904,data/tiles/train/H181/H181__Motorola_Edge_H181_02__x804_y21__t256.png
6.422441005706787,6.027433395385742,7.436129570007324,7.341869354248047,6.209508895874023,0.09668615460395813,101.91352651113947,149.4719666323196,178.0443907034968,28.024314915661982,10.665491695604317,2.696590652736991,0.3708386361812157,151.74628548321343,143.5377402104115,138.19960720360925,data/tiles/train/H181/H181__Motorola_Edge_H181_02__x1060_y21__t256.png
6.445722579956055,6.06777811050415,7.202956199645996,7.370553016662598,6.570215702056885,0.1179535910487175,98.81683678075132,150.29643333083462,177.99207378730378,29.089088452618228,10.5466561098054,2.92983544670184,0.341316097163653,152.94829963930022,144.37193498264637,136.01476538166312,data/tiles/train/H181/H181__Motorola_Edge_H181_02__x36_y277__t256.png
7.000012397766113,6.728059768676758,8.148263931274414,7.909494876861572,6.66774845123291,0.10617301613092422,84.7637365673471,137.93664199747226,169.37806053234638,31.05444905439371,11.531530861870047,2.7020619088239024,0.3700877454859128,139.61947842980626,131.746187322846,126.1868161089152,data/tiles/train/H181/H181__Motorola_Edge_H181_02__x292_y277__t256.png
6.994359493255615,6.47376823425293,7.960968494415283,8.046422958374023,7.767302513122559,0.10333963483572006,74.85067893117242,131.98421033752115,167.65416425465247,34.190218303712555,11.003390514421525,2.8212146303554686,0.3544572572537672,133.55621084705564,125.38551806837356,120.96693172086198,data/tiles/train/H181/H181__Motorola_Edge_H181_02__x548_y277__t256.png
7.299698829650879,6.880664348602295,7.97865629196167,7.176064491271973,5.479733943939209,0.11202476918697357,91.09726694742115,136.30865674481632,170.0432665772472,28.955622620351484,12.790761345141933,2.966119910658941,0.3371407866574902,141.3951789803802,132.25489719457642,126.78888352900498,data/tiles/train/H181/H181__Motorola_Edge_H181_02__x804_y277__t256.png
6.640041351318359,6.340625762939453,7.447051048278809,7.2840776443481445,5.25830602645874,0.11611752957105637,101.91919913799696,143.7169224002175,175.0057980884377,26.65361623503987,11.861759233824394,2.943770110879847,0.33970043934616745,149.6480854303132,140.16760796968396,133.29453846099938,data/tiles/train/H181/H181__Motorola_Edge_H181_02__x1060_y277__t256.png
5.036077976226807,4.659549236297607,5.949134349822998,6.491940021514893,6.445230960845947,0.08644405007362366,124.67626929658987,168.16204987513572,195.1223903933302,25.990412274234576,8.187182386534387,2.9160105647162315,0.3429342856641241,170.8898591891564,163.92642050323073,156.88953679546088,data/tiles/train/H181/H181__Motorola_Edge_H181_03__x117_y16__t256.png
6.517016887664795,6.076108455657959,7.567194938659668,7.788534164428711,6.983570098876953,0.08565255254507065,107.24668712591195,155.98150432786875,188.67796989673317,29.86558036992156,10.794935056185517,2.8097948915837265,0.35589786393139716,158.40603304458853,151.62454009732065,145.71728670862163,data/tiles/train/H181/H181__Motorola_Edge_H181_03__x373_y16__t256.png
7.080591678619385,6.403939247131348,7.922823905944824,8.220844268798828,7.228733062744141,0.08061470836400986,97.84789336664177,151.98058962090514,187.2838041943878,32.956192275513445,11.257418572991444,2.735870913995782,0.3655143211926927,152.68345957375482,147.04445070279797,143.0128148181582,data/tiles/train/H181/H181__Motorola_Edge_H181_03__x629_y16__t256.png
5.45403528213501,5.269097328186035,6.681159496307373,7.45646858215332,7.172936916351318,0.08405483514070511,109.5089179740415,159.91717555258032,189.81948567465778,29.601681371102334,8.535774667600442,2.774856415760816,0.3603790071155151,160.93920250927047,154.78371424115716,149.6046695657795,data/tiles/train/H181/H181__Motorola_Edge_H181_03__x885_y16__t256.png
5.323907375335693,5.349005699157715,6.470030784606934,6.339414119720459,5.402546405792236,0.09081923216581345,126.49097064208696,167.12775547446458,191.1446377662976,23.880357381107455,9.340565175487528,2.91727857386305,0.3427852276293942,170.48256661166857,163.34033229777452,155.8123130774777,data/tiles/train/H181/H181__Motorola_Edge_H181_03__x1141_y16__t256.png
6.622763633728027,6.15518856048584,7.630290985107422,7.628044128417969,6.326472282409668,0.1000128835439682,110.30198719645864,159.08793201308086,186.19973649901408,28.16997999809784,11.037464381098035,2.926757646066405,0.34167502777143544,161.36705645581884,153.60494326229406,146.04799350725574,data/tiles/train/H181/H181__Motorola_Edge_H181_03__x117_y272__t256.png
6.963677406311035,6.390727996826172,7.617064952850342,7.762607097625732,7.351041793823242,0.10227953642606735,94.29869932092616,142.71118979970922,178.2081792058242,30.708536280013895,11.389998652964247,2.8877009776710514,0.346296243181836,146.43642448048965,138.90743013812232,133.07451718730192,data/tiles/train/H181/H181__Motorola_Edge_H181_03__x373_y272__t256.png
7.34639835357666,6.7243523597717285,8.296428680419922,8.606287956237793,8.331459045410156,0.08001412451267242,81.06093565919667,132.8629464460654,174.89602343024862,34.49287983038754,11.72942285926027,2.9224338460503416,0.3421805428894468,135.4856650195386,129.37669162396676,126.0536743737844,data/tiles/train/H181/H181__Motorola_Edge_H181_03__x629_y272__t256.png
7.59492301940918,6.716658115386963,8.433542251586914,8.99237060546875,9.215200424194336,0.0881032794713974,76.5568377855676,135.79862461862987,177.0114934054202,37.22065052223659,11.434018664658078,2.783119033978208,0.35930910169177843,136.63166351371868,130.12120886988356,126.01104742007061,data/tiles/train/H181/H181__Motorola_Edge_H181_03__x885_y272__t256.png
7.03301477432251,6.407162189483643,8.10490894317627,8.493757247924805,7.855605602264404,0.10534660518169403,94.37285909313256,148.4471066551757,184.18306044623637,32.9239601122053,11.21167043659175,2.728846462733636,0.36645520869585485,150.79612611846392,143.42629111378167,136.50681883220267,data/tiles/train/H181/H181__Motorola_Edge_H181_03__x1141_y272__t256.png
6.713241100311279,6.163335800170898,7.176082611083984,6.66331148147583,5.177774906158447,0.09768051654100418,119.21224937394675,159.8862301214052,189.72241865240244,25.92669976597285,11.92600676173041,2.9212686454934396,0.3423170277552776,164.46383018889085,157.78695648070436,149.47474701400267,data/tiles/train/H181/H181__Motorola_Edge_H181_04__x53_y17__t256.png
7.378201007843018,6.7057366371154785,8.555031776428223,9.414201736450195,10.197480201721191,0.0894235372543335,77.14610324134425,138.28108206425443,180.654883063105,38.50417029740967,11.150311794502125,2.786258871677732,0.35890419593275447,139.0218309413954,132.81781360403605,129.48505126132403,data/tiles/train/H181/H181__Motorola_Edge_H181_04__x309_y17__t256.png
7.65223503112793,7.019796848297119,8.953685760498047,9.710785865783691,9.338787078857422,0.09740754216909409,70.57744037523302,135.63103592906464,176.68295277482488,39.33300956399539,11.456133109291642,2.844561642225963,0.35154801539736263,136.4014730039182,128.5452576110491,124.3323172976494,data/tiles/train/H181/H181__Motorola_Edge_H181_04__x565_y17__t256.png
7.212774276733398,6.9564290046691895,8.829238891601562,9.132064819335938,8.761568069458008,0.10812586545944214,76.21104140750687,140.89960787539994,181.1727803885758,38.167202963062515,11.156518780759104,2.890223976070377,0.34599394658666754,141.7528318286136,133.3947752129855,127.9161077643594,data/tiles/train/H181/H181__Motorola_Edge_H181_04__x821_y17__t256.png
7.285811901092529,7.029825687408447,8.671956062316895,8.086027145385742,6.227175235748291,0.11327949911355972,101.62444584872283,152.3187319389849,186.9547372231846,31.121343973037842,12.619109121962635,2.7994085083100986,0.3572183184524447,156.80645248998488,147.5687814594971,140.12223724674035,data/tiles/train/H181/H181__Motorola_Edge_H181_04__x1077_y17__t256.png
6.633129596710205,6.255467891693115,7.582149982452393,7.173798561096191,5.608398914337158,0.111998051404953,117.11210190734145,160.78188270763115,189.8123058234771,26.86407732826237,11.707382965816857,2.819361533387756,0.3546902332878168,165.8526357070507,157.60544924154377,148.4677786627239,data/tiles/train/H181/H181__Motorola_Edge_H181_04__x53_y273__t256.png
7.337562561035156,6.832740306854248,8.962963104248047,10.17890739440918,8.997476577758789,0.08996153622865677,69.93044090119307,136.04359986959523,187.21213976351547,41.35819810078434,10.898404773989634,2.9286358302798963,0.34145590573629897,137.20440259902608,130.71011204135738,126.28311923734574,data/tiles/train/H181/H181__Motorola_Edge_H181_04__x309_y273__t256.png
8.073992729187012,7.767115592956543,9.72485065460205,10.116340637207031,8.823315620422363,0.10189103335142136,70.24400185552116,131.09879886302426,177.34173358369682,39.57701880586607,13.295167086513956,2.6525884172451373,0.3769902610969539,133.80893475191985,125.68692921889844,121.4923528590241,data/tiles/train/H181/H181__Motorola_Edge_H181_04__x565_y273__t256.png
7.943923473358154,7.301483631134033,9.337773323059082,10.015152931213379,9.69323444366455,0.11768517643213272,73.6698361835936,138.08757989407263,178.99437793832328,39.000939651703014,12.35715656268777,2.946120051152053,0.3394294810250381,140.14595562564116,130.5810115023187,124.95096322124276,data/tiles/train/H181/H181__Motorola_Edge_H181_04__x821_y273__t256.png
6.947575569152832,6.9332194328308105,8.7371244430542,8.994037628173828,7.152639389038086,0.11209016293287277,98.19521913669526,149.30784971356005,186.7388961944429,32.459401354067175,12.263314825332015,2.7629361122376634,0.36193381221186255,154.02414206467384,144.91654708194812,138.13438215612996,data/tiles/train/H181/H181__Motorola_Edge_H181_04__x1077_y273__t256.png
3.478325128555298,3.732954740524292,5.098771095275879,5.360219955444336,4.5189619064331055,0.1639566719532013,155.98754765647473,187.40007776222993,209.21264631718464,19.59723046403853,6.566722057940601,2.707311169245374,0.3693701748656902,199.34278584402585,186.5744011483346,169.01521672834795,data/tiles/train/H181/H181__Samsung_A52_H181_01__x85_y218__t256.png
3.7957847118377686,4.085143089294434,5.3711676597595215,5.3346357345581055,4.444468975067139,0.16765815019607544,146.46394801524158,176.1671412867378,199.69992086537718,19.458821149025756,7.448386013815616,3.0098385987991243,0.3322437290820124,188.4563088868031,176.3242352834106,159.17487863236255,data/tiles/train/H181/H181__Samsung_A52_H181_01__x341_y218__t256.png
4.720670223236084,4.628530025482178,6.117687702178955,6.639181613922119,5.92583703994751,0.1743215024471283,126.96952233266033,164.88983605200457,195.1794474791296,25.054876112995483,8.239073294168078,2.803685885806143,0.35667333671812895,176.37246661392243,164.8185348914301,147.969446951541,data/tiles/train/H181/H181__Samsung_A52_H181_01__x597_y218__t256.png
5.028557300567627,5.055689334869385,6.647674560546875,6.825133323669434,5.643318176269531,0.19061821699142456,128.71786570757413,167.28598544159507,195.9476005831239,24.786113639446622,9.231363782531233,2.713114712500523,0.3685800660740795,179.64045639499906,166.95159488951532,148.2164877987581,data/tiles/train/H181/H181__Samsung_A52_H181_01__x853_y218__t256.png
4.459461212158203,4.751423358917236,5.82430362701416,5.316285610198975,3.945040464401245,0.17267653346061707,153.03718573632943,183.7242539833318,207.07222859720733,19.928550658732632,8.834418966782016,2.6617911334606523,0.3756868776927205,196.59575299177982,183.51535722152857,165.20848585708077,data/tiles/train/H181/H181__Samsung_A52_H181_01__x1109_y218__t256.png
4.472047805786133,4.659738540649414,6.274965286254883,6.5022101402282715,5.371187686920166,0.18630893528461456,136.51339924120265,174.99616002877727,202.5502330212557,24.207544970148533,8.29432747820061,2.6502212672597025,0.37732698486492344,187.59527683617907,173.94991918379023,155.48644197431764,data/tiles/train/H181/H181__Samsung_A52_H181_01__x85_y474__t256.png
5.549047470092773,5.883480548858643,7.751578330993652,7.964066982269287,6.267612934112549,0.19769099354743958,108.46770958235051,150.87913299640763,186.06080030404488,28.432361239133964,10.434861283944441,2.6500255182584054,0.37735485681556724,163.2883820812951,150.58019364754253,133.7966857368318,data/tiles/train/H181/H181__Samsung_A52_H181_01__x341_y474__t256.png
5.93436861038208,5.885678768157959,7.453527450561523,7.448458671569824,6.702694416046143,0.1685134768486023,94.0878379299583,142.34186654361343,178.57123292354973,31.086979449530244,10.041777508668225,2.833921313329664,0.35286794848409825,150.81164845795567,140.73806400360687,127.38261235399476,data/tiles/train/H181/H181__Samsung_A52_H181_01__x597_y474__t256.png
5.87502384185791,6.024461269378662,8.056171417236328,7.992604732513428,7.070075988769531,0.2042418122291565,85.55691911716455,133.34066694061517,172.14091214739116,31.646788462993836,10.266605481195397,2.741624154348633,0.36474729711359155,143.98564112733925,132.3797852274739,117.23743465858688,data/tiles/train/H181/H181__Samsung_A52_H181_01__x853_y474__t256.png
6.082274913787842,6.1799235343933105,8.178906440734863,8.91336441040039,8.284080505371094,0.2012573778629303,93.29683583964702,148.3674960141942,185.5197817102638,33.91922956442621,10.359326530027229,2.6298438786919007,0.38025070921601845,157.80082689649473,144.84953986375095,128.87900614438965,data/tiles/train/H181/H181__Samsung_A52_H181_01__x1109_y474__t256.png
4.732646942138672,4.715956211090088,6.420383930206299,6.9576239585876465,6.249736785888672,0.18228799104690552,138.75883689990712,178.34297102562837,206.93925256102474,25.020394477222926,8.358202456260878,2.840036435791881,0.3521081586832432,190.88558416092854,176.92878941478918,158.88660693449688,data/tiles/train/H181/H181__Samsung_A52_H181_01__x85_y730__t256.png
5.617343902587891,5.547244548797607,7.59715461730957,8.146018028259277,6.8989152908325195,0.17403759062290192,111.0956909973806,159.08105653722268,191.96166889042607,29.630111571222752,9.504416527911635,2.7378897200087366,0.36524480613368493,168.0363418644786,155.89214926337934,141.1038393531656,data/tiles/train/H181/H181__Samsung_A52_H181_01__x341_y730__t256.png
6.0708842277526855,5.809353351593018,7.5012736320495605,8.11275577545166,8.039137840270996,0.1909104585647583,88.82090565861961,136.35307451289194,186.8996324899647,36.22840863883534,9.95578432285186,2.6516495393256987,0.3771237432282605,150.19974184881244,137.7984131077573,124.01304948120152,data/tiles/train/H181/H181__Samsung_A52_H181_01__x597_y730__t256.png
5.553948879241943,5.283528804779053,7.210673809051514,8.12176513671875,7.475271701812744,0.15304365754127502,89.75377329679065,145.96371968965084,186.00918865208055,35.73863453762021,8.6799747891744,2.6970324779377184,0.37077788576155685,152.41846206771172,142.15612584289963,130.78293334561351,data/tiles/train/H181/H181__Samsung_A52_H181_01__x853_y730__t256.png
6.2028489112854,6.161171913146973,8.558250427246094,9.41912841796875,8.335289001464844,0.19831524789333344,89.55881403591847,142.11229385152077,188.1139373225818,35.98299531634634,10.274110747962371,2.807003985286175,0.3562517207819531,154.20613892015038,140.60932341751356,126.36810647501954,data/tiles/train/H181/H181__Samsung_A52_H181_01__x1109_y730__t256.png
3.6415822505950928,3.919703483581543,5.5495429039001465,5.885937213897705,4.851776599884033,0.17220653593540192,152.61888099626435,184.9696737502419,207.86393078210153,20.242957005360804,7.030919299163809,2.896596050833693,0.34523281204922646,197.5930739783103,184.22186197387595,166.13939953339582,data/tiles/train/H181/H181__Samsung_A52_H181_02__x92_y173__t256.png
3.7748708724975586,4.131893157958984,5.860093593597412,6.593084812164307,6.110245227813721,0.16342517733573914,132.1288679095325,170.557800421907,199.3945852656143,24.881655209426796,7.075119977041888,2.5397158619337374,0.3937448338171975,181.61401804793576,169.75161854718363,154.0818783317678,data/tiles/train/H181/H181__Samsung_A52_H181_02__x348_y173__t256.png
4.836514949798584,4.940395355224609,6.844088554382324,7.6245012283325195,7.2042155265808105,0.1756591945886612,116.36208752579542,158.68084709133248,192.63407534577036,27.901896645744273,8.59412064895973,2.6592041076716826,0.3760523673662528,169.5600216517565,158.40700768993432,142.11985717727927,data/tiles/train/H181/H181__Samsung_A52_H181_02__x604_y173__t256.png
4.639352321624756,4.607387542724609,6.187487602233887,6.279753684997559,5.505362033843994,0.17368851602077484,130.57365040546435,169.58315743454702,198.55635271978204,24.922665892682925,8.18326445884314,2.815568468573962,0.3551680632744417,180.74552911998103,169.2679963078236,151.7058002909391,data/tiles/train/H181/H181__Samsung_A52_H181_02__x860_y173__t256.png
4.995394706726074,5.056271553039551,6.814761638641357,7.2362589836120605,6.531859874725342,0.16522496938705444,134.47655609629874,174.96883739803442,208.48749407918592,27.34064170666941,8.85084021021893,2.9222191932962422,0.3422056778950956,186.9734011815637,175.3812109557243,158.3047237421493,data/tiles/train/H181/H181__Samsung_A52_H181_02__x1116_y173__t256.png
4.52025032043457,4.5935163497924805,6.527454376220703,7.114657878875732,6.238639831542969,0.1831221580505371,131.93298514857887,171.67373655390224,200.93021781719645,25.287110378251672,7.972722535826551,2.5684194050613463,0.38934451204869136,183.89704800897482,170.51075951865744,152.9302479598705,data/tiles/train/H181/H181__Samsung_A52_H181_02__x92_y429__t256.png
5.352139949798584,5.44777250289917,7.553933620452881,8.332761764526367,7.629544734954834,0.18709564208984375,102.32609595224098,150.2387608421353,187.5565759074868,31.333275154433284,9.218703807978768,2.71144894229235,0.3688065020890884,160.95026361764363,149.0348979382983,133.31096458393154,data/tiles/train/H181/H181__Samsung_A52_H181_02__x348_y429__t256.png
6.710895538330078,6.5532684326171875,8.799104690551758,9.279338836669922,8.284517288208008,0.20092636346817017,81.69733832866983,138.42288910203584,176.93168827198852,35.07399261078767,11.01542838307684,2.7816009437745195,0.3595051987015221,145.83083564798005,134.4257572508805,119.09343350302639,data/tiles/train/H181/H181__Samsung_A52_H181_02__x604_y429__t256.png
6.110199928283691,5.985612869262695,8.070826530456543,9.261734962463379,8.804084777832031,0.2072867900133133,73.95010671272513,125.0043114440305,173.3720602118593,37.23839698806746,9.907227416672598,2.7729118801712174,0.36063172694050905,136.86144283960715,125.75990287804976,111.0663124631324,data/tiles/train/H181/H181__Samsung_A52_H181_02__x860_y429__t256.png
6.124380111694336,6.264132499694824,8.446338653564453,8.935453414916992,7.229018688201904,0.18542172014713287,101.21168100447521,149.81754200174922,189.88296256837302,31.907707366631236,10.517659182428662,2.9555390856021506,0.3383477501182373,161.18134760616016,149.03892929085464,133.7777022962262,data/tiles/train/H181/H181__Samsung_A52_H181_02__x1116_y429__t256.png
4.377604961395264,4.283644199371338,5.812665939331055,6.055452823638916,5.796682357788086,0.17387761175632477,145.28489446571334,183.65198147923107,208.55090469924167,23.281237487926873,7.4254121204026164,2.8646167838907144,0.3490868327043043,194.95970544639735,181.9668631963255,163.63777507404578,data/tiles/train/H181/H181__Samsung_A52_H181_02__x92_y685__t256.png
6.00231409072876,6.111241817474365,7.930500507354736,7.5411858558654785,5.79080867767334,0.17595739662647247,115.66817532427338,160.54430389383347,194.89911111051575,28.930810171608723,10.857619772716047,2.829971296248809,0.3533604744774347,171.23073739098692,158.99460216601304,143.45176091886344,data/tiles/train/H181/H181__Samsung_A52_H181_02__x348_y685__t256.png
5.689002990722656,5.792854309082031,7.9245710372924805,8.668124198913574,8.365816116333008,0.19291937351226807,87.78378381364774,143.84210960574262,184.4654729559993,34.985499315488255,9.284119641373051,2.7338706186798136,0.3657817576176667,152.76806875280778,141.20092130275842,125.92240863438036,data/tiles/train/H181/H181__Samsung_A52_H181_02__x604_y685__t256.png
5.807814598083496,5.351169109344482,7.2458953857421875,8.383966445922852,9.008591651916504,0.17787601053714752,95.00953723970372,150.3412792601462,193.78101933346306,35.75161179260825,8.669528865093726,2.7838746060456896,0.35921158152321886,159.05986288367413,147.6370548051112,133.00360015934993,data/tiles/train/H181/H181__Samsung_A52_H181_02__x860_y685__t256.png
5.692118167877197,5.862094879150391,7.9076690673828125,8.322298049926758,7.686537742614746,0.18253570795059204,106.5191399603455,158.53940548976766,195.69741740413465,32.50329263563873,9.755023734308542,2.8112365180178003,0.3557153564244032,168.79262447490277,155.90197092747715,140.51482682235803,data/tiles/train/H181/H181__Samsung_A52_H181_02__x1116_y685__t256.png
6.401998996734619,6.313470840454102,8.23920726776123,8.679770469665527,7.61130428314209,0.13089704513549805,89.77230982999076,142.39964697582772,184.19321193187935,33.859053480692666,10.436827553573748,2.9102732390836272,0.3436103478431033,149.2621976253246,139.97535458217672,131.01047482799538,data/tiles/train/H183/H183__Motorola_Edge_H183_01__x40_y19__t256.png
6.510913372039795,6.4745869636535645,8.928202629089355,10.480164527893066,10.489360809326172,0.13032279908657074,58.91570144151126,113.76481901429594,167.17523850629507,39.3123635470919,10.398551810968735,2.887660743288046,0.34630106820004974,120.45689951211467,112.64331444828859,105.92325252913656,data/tiles/train/H183/H183__Motorola_Edge_H183_01__x296_y19__t256.png
7.549193859100342,7.102550506591797,8.919824600219727,9.45072078704834,9.231972694396973,0.10012597590684891,65.58926550939434,120.57523500906696,169.16073096786377,38.439998649547256,11.98117620367299,3.0144495061829244,0.3317355284767266,125.41186916800858,118.77521262584419,113.73703391062463,data/tiles/train/H183/H183__Motorola_Edge_H183_01__x552_y19__t256.png
6.7883501052856445,6.314620018005371,7.987147331237793,8.634108543395996,8.32429027557373,0.09387267380952835,69.9517197194138,131.6379616794989,168.03421990294288,36.37946695168525,10.09065361435881,2.791879033440263,0.35818170773959385,130.652953518828,124.31031915568367,119.62284326199227,data/tiles/train/H183/H183__Motorola_Edge_H183_01__x808_y19__t256.png
5.5613508224487305,5.746495246887207,8.310246467590332,9.491564750671387,8.875737190246582,0.11444486677646637,67.64792957556683,130.62852913463226,176.19046207595102,40.364738252882574,8.856016345475348,2.5810180102070714,0.3874440224924162,132.4135842031018,125.39103125020385,119.10521499278839,data/tiles/train/H183/H183__Motorola_Edge_H183_01__x1064_y19__t256.png
6.287642478942871,6.093210697174072,7.624058246612549,7.8754191398620605,7.703602313995361,0.11075275391340256,93.3237984753639,146.58705515729105,179.27219857977002,31.504466906759273,10.208474658997591,2.8608367550493714,0.34954808177537633,148.8582404377786,141.39825140431415,134.00217630067843,data/tiles/train/H183/H183__Motorola_Edge_H183_01__x40_y275__t256.png
7.069970607757568,6.66727352142334,9.148283004760742,10.282795906066895,9.510420799255371,0.09786441922187805,67.1991533513425,133.50085700400382,172.26071708641962,38.71488408073005,10.521802409051368,2.7579770888610033,0.36258459290283035,132.30077313704345,125.88764206105684,120.63366252505803,data/tiles/train/H183/H183__Motorola_Edge_H183_01__x296_y275__t256.png
7.70053768157959,7.331065654754639,9.389456748962402,9.516602516174316,8.541167259216309,0.0911145880818367,67.19358108765489,126.04523033140667,167.9501013882922,37.601813477516856,12.258723175390585,2.9888737885890753,0.3345741810235684,127.24619123362166,120.80906884087355,116.55701505788538,data/tiles/train/H183/H183__Motorola_Edge_H183_01__x552_y275__t256.png
6.652037143707275,5.9412078857421875,7.632888317108154,8.509016036987305,8.337989807128906,0.08076640963554382,73.63278806447563,131.64351669334283,170.40833082720704,34.85984918416742,9.415305485631183,2.8218795040291913,0.35437374224241697,131.498569808682,126.31426114585862,122.85906714015866,data/tiles/train/H183/H183__Motorola_Edge_H183_01__x808_y275__t256.png
5.970921039581299,5.546078205108643,7.356052398681641,8.301265716552734,8.72730827331543,0.09212241321802139,72.91287424863894,134.81029230906117,175.86228734729093,37.25095698449246,8.58355881229318,2.8459313261053745,0.35137882310339824,135.34290329519786,129.89039346199252,124.86985912606744,data/tiles/train/H183/H183__Motorola_Edge_H183_01__x1064_y275__t256.png
4.474483966827393,4.318004608154297,5.819005489349365,6.274562358856201,6.111395359039307,0.09441888332366943,119.96116033644824,158.8794345622571,186.00464480338118,24.547647433705368,7.4692904466034875,2.8732624388029535,0.34803642942432217,163.17514220237422,156.53457459869492,148.65194750124746,data/tiles/train/H183/H183__Motorola_Edge_H183_02__x49_y19__t256.png
5.1671977043151855,4.906218528747559,6.641163349151611,7.196539402008057,6.789508819580078,0.08193962275981903,98.82131312755946,142.3542722244571,176.16262940742345,28.40586340386755,7.919616645940913,2.7606287924142086,0.3622363146931776,146.38581476999178,140.244470373341,135.7400327375043,data/tiles/train/H183/H183__Motorola_Edge_H183_02__x305_y19__t256.png
6.58930778503418,6.584928512573242,8.421894073486328,8.279569625854492,7.2640380859375,0.10278566926717758,84.65130931658537,132.12488434248348,171.80429938121787,31.79665773237241,11.40868805500405,2.7612179373546484,0.3621590264468722,137.0736199827193,129.5406145880896,123.9080849093525,data/tiles/train/H183/H183__Motorola_Edge_H183_02__x561_y19__t256.png
6.48775053024292,6.14004373550415,7.915494918823242,8.496500968933105,8.292557716369629,0.09770096838474274,92.08854150760367,143.52576692243272,177.62522645295454,31.719347525135838,10.529303816955816,2.687324814835604,0.3721172797867289,146.18350291136326,138.87907834293622,133.05028857899958,data/tiles/train/H183/H183__Motorola_Edge_H183_02__x817_y19__t256.png
5.424577713012695,5.329161167144775,6.849384307861328,7.050917625427246,6.167150974273682,0.10163620114326477,108.3474022770023,148.8870939441793,180.80618911819172,26.6172009027462,9.388905095187159,2.903180525081839,0.34444981679939124,154.42832436876205,146.72923495707207,139.68224063621625,data/tiles/train/H183/H183__Motorola_Edge_H183_02__x1073_y19__t256.png
3.8332183361053467,3.9801793098449707,5.7403459548950195,6.559349536895752,5.624093532562256,0.10735383629798889,120.26947361660142,155.660064104135,183.66685309556757,23.489442067613517,6.701119875572269,2.6810960311130203,0.3729817911762242,162.22071004502467,154.73143454906895,145.69211586738194,data/tiles/train/H183/H183__Motorola_Edge_H183_02__x49_y275__t256.png
5.766549587249756,5.887495040893555,8.1254301071167,8.959000587463379,8.304783821105957,0.11051219701766968,86.08285505228427,140.41264780797349,175.2997492599013,32.847997718323455,9.72809279315635,2.8080172871797897,0.3561231636876218,143.0670297035196,135.1425285937082,128.39055758822997,data/tiles/train/H183/H183__Motorola_Edge_H183_02__x305_y275__t256.png
6.085816860198975,5.94791841506958,7.014946460723877,6.759557247161865,5.320685863494873,0.10010327398777008,101.13817630611122,140.42940092317767,174.45518300299776,26.6287747002517,10.924287811873963,2.855997198282835,0.35014039950783177,146.36265825287725,138.47207922177063,132.51318396718779,data/tiles/train/H183/H183__Motorola_Edge_H183_02__x561_y275__t256.png
6.663179397583008,6.596334457397461,8.335243225097656,8.726269721984863,7.613811492919922,0.1053837314248085,87.16209943738784,134.41400833891046,175.33740951151194,32.15782828555546,11.469926250072966,2.7422433474898407,0.36466493789304555,140.21622452632852,132.55076564210253,126.38455835170876,data/tiles/train/H183/H183__Motorola_Edge_H183_02__x817_y275__t256.png
5.708926677703857,5.522877216339111,6.989312648773193,6.907775402069092,5.917814254760742,0.1013050526380539,110.16761937245177,151.44333209717766,180.78934846360963,26.228400954892948,10.066880476782663,2.663191611194901,0.3754893173275382,156.26423380899794,148.30001847675348,141.23454003866695,data/tiles/train/H183/H183__Motorola_Edge_H183_02__x1073_y275__t256.png
5.75025749206543,5.499460697174072,6.543776512145996,6.235533714294434,5.005063533782959,0.082935631275177,128.0641327070638,165.621984010063,192.7098791894903,24.01656793952753,10.28501868418614,2.709462803726378,0.3690768511841831,170.22529617956715,162.48575023974126,157.0139431565636,data/tiles/train/H183/H183__Motorola_Edge_H183_03__x116_y15__t256.png
7.087800025939941,6.722437858581543,8.18033504486084,8.148693084716797,6.850704193115234,0.09127025306224823,103.57675042782017,154.02099233756573,187.93002015202708,30.911249454364047,12.163465110617706,2.6119688225434996,0.3828529618612421,157.1507483999398,148.910761762072,143.62078126964713,data/tiles/train/H183/H183__Motorola_Edge_H183_03__x372_y15__t256.png
7.090681552886963,6.368889808654785,7.750514984130859,7.801760673522949,6.586252212524414,0.10237259417772293,99.45623032352039,155.2573769379695,187.34970095198807,32.627489492009744,11.212151138541135,2.82147133843468,0.3544250073987243,157.3896955127964,148.08584927779765,142.21543848894729,data/tiles/train/H183/H183__Motorola_Edge_H183_03__x628_y15__t256.png
6.778263092041016,6.032412528991699,7.206320762634277,7.144618988037109,6.277522563934326,0.09754840284585953,103.42826864416429,154.3889087080499,182.856532813962,29.581324411624102,10.710132273271475,2.880233315949498,0.3471940951666757,156.17228044676276,147.39657980193454,142.00039745048815,data/tiles/train/H183/H183__Motorola_Edge_H183_03__x884_y15__t256.png
6.488068580627441,6.065269947052002,7.632922172546387,8.201258659362793,6.845097541809082,0.09508860111236572,109.30654310901889,160.17520809162227,192.18047655412943,30.141832324721754,10.798674328501745,2.980857561778603,0.33547392965778783,162.90258904622394,154.7119400612052,148.213818183541,data/tiles/train/H183/H183__Motorola_Edge_H183_03__x1140_y15__t256.png
5.8788743019104,5.382345676422119,6.594419002532959,6.930707931518555,6.66228723526001,0.08034974336624146,116.38925872020229,159.9641726748686,188.15232250091447,26.299998050146126,9.632890900886643,2.855681502040584,0.35017910760896487,162.49767604371402,155.50993195865394,150.29803914398116,data/tiles/train/H183/H183__Motorola_Edge_H183_03__x116_y271__t256.png
7.241223335266113,6.41520881652832,8.18382453918457,9.343130111694336,9.401721000671387,0.08120561391115189,80.99476683996816,142.4542075331353,181.4146075646571,36.90835651857283,10.572980686487178,2.7757849938187342,0.36025845021385056,142.77431860727762,136.00663403360127,132.7480644250911,data/tiles/train/H183/H183__Motorola_Edge_H183_03__x372_y271__t256.png
7.743991851806641,7.145698547363281,9.0225830078125,9.886014938354492,9.24935531616211,0.09097030013799667,72.25199725298859,132.8627642394342,173.06866271175406,37.20564288276467,11.656881292030386,2.733680432974819,0.3658072055305271,134.06797169129294,126.54913572588187,123.18157093100835,data/tiles/train/H183/H183__Motorola_Edge_H183_03__x628_y271__t256.png
7.7923994064331055,7.4448957443237305,9.25908374786377,9.115435600280762,6.668868064880371,0.10213611274957657,82.43560889013413,134.23383404397313,173.12256242576396,33.08669702022519,13.295902851021117,2.890572064527622,0.34595228130505723,138.19031202721567,129.62074030578415,125.17466528644616,data/tiles/train/H183/H183__Motorola_Edge_H183_03__x884_y271__t256.png
6.195318222045898,5.641414642333984,7.0532965660095215,7.436766147613525,6.624387741088867,0.09126956760883331,102.05260254334412,152.29266194759742,186.50087066504628,30.587134600176515,9.572043392303243,2.6026575140918204,0.3842226626383238,155.3171146946232,147.91494281490517,142.84477380091838,data/tiles/train/H183/H183__Motorola_Edge_H183_03__x1140_y271__t256.png
4.672276020050049,4.571544170379639,5.7910943031311035,5.479088306427002,5.354238986968994,0.08336487412452698,128.4370853257728,167.52809063228764,194.10333192737463,24.268462006945132,7.793257164353489,3.032012974550635,0.32981389208870615,171.17029293276354,164.12572153453888,157.61885350727724,data/tiles/train/H183/H183__Motorola_Edge_H183_04__x121_y16__t256.png
5.690609455108643,5.361169338226318,6.905939102172852,7.41015625,7.727096080780029,0.07686340063810349,99.98442323818182,154.51380964588,186.64089210397813,31.880844703840225,8.589570464760083,2.8566405442804506,0.3500615441456904,154.3545293226927,148.17859611612997,143.2792028604365,data/tiles/train/H183/H183__Motorola_Edge_H183_04__x377_y16__t256.png
6.8923773765563965,6.485860347747803,7.565948009490967,7.023666858673096,5.490516185760498,0.09535549581050873,102.82618702306003,147.9211082945743,184.13058648160313,29.940653706602806,11.544393871134353,2.767536533931918,0.3613321767352684,153.40349257762435,145.68609801355026,139.6327003239271,data/tiles/train/H183/H183__Motorola_Edge_H183_04__x633_y16__t256.png
6.432748317718506,5.992980480194092,7.8143839836120605,8.440971374511719,8.230796813964844,0.09567077457904816,94.07788171801285,148.14625231352562,187.00693760469298,33.85561297945424,10.039346680977342,2.7691839694400597,0.3611172139647349,151.3225794745787,144.00221705851587,137.7487936010718,data/tiles/train/H183/H183__Motorola_Edge_H183_04__x889_y16__t256.png
5.904650688171387,5.57099723815918,7.587693214416504,8.15230941772461,7.691348552703857,0.08166053146123886,106.83427808855483,163.16136714366175,192.6934196757777,31.36422749249052,8.87351688172069,2.7811523748539035,0.3595631828883633,162.00676976873834,155.88767670189173,149.96290393474962,data/tiles/train/H183/H183__Motorola_Edge_H183_04__x1145_y16__t256.png
5.10618782043457,4.622814178466797,6.017911434173584,6.447265625,5.7524237632751465,0.0826759859919548,117.52506476843263,162.61332337686818,184.5500705802023,24.751419497791836,7.782609018874932,2.8401002273042626,0.35210024997926564,162.56206434828417,156.10226199492308,150.17028430001608,data/tiles/train/H183/H183__Motorola_Edge_H183_04__x121_y272__t256.png
7.080332279205322,7.175872325897217,8.969745635986328,9.081050872802734,7.9931769371032715,0.08864232897758484,78.28376352021957,130.1965659883779,172.7806727158978,34.72165807569774,12.137383899568855,2.9483682468468335,0.3391706585734199,133.66936179895006,127.3964475275121,122.85599368946724,data/tiles/train/H183/H183__Motorola_Edge_H183_04__x377_y272__t256.png
7.647543430328369,7.526316165924072,9.071372985839844,8.770938873291016,7.584279537200928,0.08806771785020828,79.92719170446196,130.24467959036085,171.56410939231918,33.21382135979669,13.365560192541054,2.8437345240479006,0.3516502653618154,133.91307170306007,127.34525455541787,123.03819771631979,data/tiles/train/H183/H183__Motorola_Edge_H183_04__x633_y272__t256.png
6.911330223083496,6.5575714111328125,8.560020446777344,9.201029777526855,9.309033393859863,0.08165566623210907,73.70625116071707,130.60910389954913,175.69835798863514,37.205669081362,10.584905758342634,2.812113291074866,0.3556044499251923,132.68898196618784,127.10070079633277,123.30931120043864,data/tiles/train/H183/H183__Motorola_Edge_H183_04__x889_y272__t256.png
6.447385311126709,5.982604026794434,7.794948577880859,8.45751953125,7.687814235687256,0.07628756016492844,91.9458550984627,144.93817552927,178.8763149276609,31.888111340436925,9.921290224327626,2.780570258629878,0.35963845793731125,145.93743509480677,140.39871670913706,135.69803108496728,data/tiles/train/H183/H183__Motorola_Edge_H183_04__x1145_y272__t256.png
3.3931822776794434,3.6242587566375732,4.630818843841553,4.69842529296875,4.037231922149658,0.1456896960735321,162.387040666078,186.85638389147724,212.0469240961527,18.915282038408062,6.620587246613345,2.9443553025722324,0.3396329237597056,200.49205630668462,188.73782593016836,173.18035123526565,data/tiles/train/H183/H183__Samsung_A52_H183_01__x101_y193__t256.png
4.189934253692627,4.50411319732666,6.155024528503418,6.418337345123291,6.065723419189453,0.1514522284269333,136.48097070497246,173.5891875082979,203.23981680288264,25.527283904874782,7.911615262494915,2.71002580671357,0.36900017613215763,184.99723827674322,173.91726184140595,158.86114374647934,data/tiles/train/H183/H183__Samsung_A52_H183_01__x357_y193__t256.png
5.4631667137146,5.171362400054932,6.839802265167236,7.388372898101807,7.275716781616211,0.17031227052211761,118.13536755449597,164.8537077266316,198.3192613880025,29.338744894271777,9.04946755969236,2.7203658240858943,0.36759761909449185,174.3652440587806,163.20363482182495,146.86824449359682,data/tiles/train/H183/H183__Samsung_A52_H183_01__x613_y193__t256.png
5.112888336181641,5.053152084350586,6.491919994354248,6.809930324554443,6.344964504241943,0.17494572699069977,124.97418673657965,163.10845420678132,200.6149574530656,28.17647342236619,8.853882085405212,2.5957256325860953,0.3852487286969964,176.64583834697,165.0705198601923,148.09304408433667,data/tiles/train/H183/H183__Samsung_A52_H183_01__x869_y193__t256.png
4.80711030960083,4.834394931793213,6.531820774078369,6.833889484405518,5.580626487731934,0.1650819480419159,136.12747658339867,175.35018550361283,204.01799241760418,24.834149085254424,8.555856201103182,2.8975152961051656,0.34512328592163016,185.9291112040193,174.6694347549544,157.43120981521383,data/tiles/train/H183/H183__Samsung_A52_H183_01__x1125_y193__t256.png
4.226596355438232,4.491353988647461,6.167453765869141,6.594476699829102,6.114900588989258,0.1633228361606598,139.73006882965916,175.21723305921623,205.94926750607078,24.05310805889341,8.002038800533231,2.5289789413477535,0.3954164993825833,187.47444554354078,175.4135076087546,159.0593755903575,data/tiles/train/H183/H183__Samsung_A52_H183_01__x101_y449__t256.png
5.625711441040039,5.989224433898926,7.832680702209473,7.719418048858643,6.460572719573975,0.177819162607193,108.39724833759179,151.19601900854357,185.04746921111257,28.463970977211023,10.58404360796897,2.7734800747686092,0.3605578453933655,161.96580813778786,150.5656001561304,135.4309383316295,data/tiles/train/H183/H183__Samsung_A52_H183_01__x357_y449__t256.png
6.285332679748535,5.998540878295898,7.787164211273193,8.457857131958008,7.6672539710998535,0.17393794655799866,93.18749417031454,140.74643404627798,183.7215032017737,32.563069024751115,10.36038686812029,2.6737100490231476,0.3740121335764716,150.88978470196838,140.96012292792554,126.6513825982748,data/tiles/train/H183/H183__Samsung_A52_H183_01__x613_y449__t256.png
5.775185585021973,6.01627254486084,7.6188507080078125,7.941085338592529,6.953084945678711,0.1913820207118988,95.61830156223634,136.62983297821214,174.8755071090599,29.14191050970718,10.728139741055964,2.84010881232619,0.3520991856579433,148.70059436024547,137.67650004018097,122.63916563484365,data/tiles/train/H183/H183__Samsung_A52_H183_01__x869_y449__t256.png
5.880965232849121,5.5073957443237305,7.39345121383667,8.353504180908203,7.717441558837891,0.17382463812828064,103.5575263189353,153.61210718864808,192.77810829695147,32.82841506763407,9.29389468232428,2.7458215340026024,0.3641897288722524,163.5264919003766,152.59475810467012,137.32393074262848,data/tiles/train/H183/H183__Samsung_A52_H183_01__x1125_y449__t256.png
4.508293151855469,4.712327003479004,6.3354620933532715,6.791287899017334,5.929792404174805,0.17324884235858917,142.10627463628478,178.1178980607837,207.73681683501823,23.937812964618388,8.342166533482656,2.8036115538738073,0.35668279317021634,191.0270157095282,177.99681193188638,160.47609275574777,data/tiles/train/H183/H183__Samsung_A52_H183_01__x101_y705__t256.png
5.628054141998291,5.574389457702637,7.106679439544678,7.336330890655518,6.116383075714111,0.17879541218280792,117.87993994801359,156.86246074095985,194.67434952393202,27.805515772195584,10.042746443075812,2.8486440593132185,0.3510442088159974,170.06274310201908,157.85132278786872,142.0658020674047,data/tiles/train/H183/H183__Samsung_A52_H183_01__x357_y705__t256.png
6.338334083557129,6.120550155639648,8.040136337280273,8.680991172790527,7.900998592376709,0.17716611921787262,96.31615752031978,144.54037840426534,184.98509809812018,32.670247969982,10.673275424019769,2.818616648696275,0.35478396839192045,154.7855674025099,143.966486531017,129.54443903455143,data/tiles/train/H183/H183__Samsung_A52_H183_01__x613_y705__t256.png
5.815343856811523,5.729674816131592,7.562535762786865,7.796418190002441,7.165090560913086,0.17174746096134186,103.50226610528749,145.43979478298658,184.81520675090428,29.748182397204392,10.097391026138114,2.581675415247605,0.38734536266407116,156.82104087077778,146.1542107141823,131.96328589164804,data/tiles/train/H183/H183__Samsung_A52_H183_01__x869_y705__t256.png
5.308063507080078,5.170022487640381,6.881020545959473,7.579091548919678,7.244266033172607,0.15723668038845062,112.42719277997729,156.77042055727296,196.34115692572482,30.896326980445657,8.681225400743209,2.9090352668975292,0.34375657503337687,167.53511698052293,156.79722353803695,143.07666791798113,data/tiles/train/H183/H183__Samsung_A52_H183_01__x1125_y705__t256.png
3.0075488090515137,3.3853466510772705,4.432640552520752,4.1012654304504395,3.0968010425567627,0.13401484489440918,168.93888379434,192.87058418201863,211.46756492380769,15.505194510914189,6.092986219895701,2.838775582788079,0.35226454886506336,203.72330696196556,192.61238458058074,178.06570879568983,data/tiles/train/H183/H183__Samsung_A52_H183_02__x102_y180__t256.png
4.923155307769775,5.072242259979248,6.642632007598877,6.40031099319458,5.4059224128723145,0.14366188645362854,132.7374798560364,170.8019253830863,200.431352501414,24.936861681652967,9.012693334499874,2.6752538867476243,0.37379629834524825,180.61047515694392,169.93122925587548,156.33751744107212,data/tiles/train/H183/H183__Samsung_A52_H183_02__x358_y180__t256.png
5.585480213165283,5.275007247924805,7.24629020690918,8.149969100952148,8.005475044250488,0.1437603086233139,114.37481581273273,164.6295436553566,200.64751755686174,31.559990586892457,9.143407813760303,2.715216967389935,0.3682946932087247,172.07293982688938,162.21643532441422,148.92547884796215,data/tiles/train/H183/H183__Samsung_A52_H183_02__x614_y180__t256.png
5.692347049713135,5.610012531280518,7.410928726196289,7.968031883239746,7.90665340423584,0.16027145087718964,117.39231804310805,164.4873120574671,199.91009656238577,30.461189840510446,9.708096767265525,2.7988544286848964,0.35728903573948007,173.82664089136892,162.68061214338135,147.95324292576166,data/tiles/train/H183/H183__Samsung_A52_H183_02__x870_y180__t256.png
5.285460948944092,5.047100067138672,6.947635650634766,8.030202865600586,7.540374755859375,0.15330523252487183,124.13885651063525,173.2563179104495,205.006281151768,29.63851548484294,8.734657193644788,2.7826847501711547,0.35936517779762617,180.8754477021227,170.18652139906314,155.02015184261407,data/tiles/train/H183/H183__Samsung_A52_H183_02__x1126_y180__t256.png
4.293452262878418,4.5068678855896,5.81227970123291,5.6350555419921875,4.522336959838867,0.1420898586511612,145.95198156918397,177.9102690705664,202.71200248593982,20.922334779541114,8.339017982564798,2.828728400660568,0.3535157351149296,188.17323912846703,177.0431320071371,163.16302890377997,data/tiles/train/H183/H183__Samsung_A52_H183_02__x102_y436__t256.png
5.785101413726807,5.805802822113037,7.152523517608643,6.884979724884033,5.568386077880859,0.16770973801612854,113.20214977846187,150.46688413965845,183.3041596437373,25.840364569478716,10.632817927104787,2.796810934429179,0.35755008952869993,161.69097399378052,150.59136879183936,136.60113951520975,data/tiles/train/H183/H183__Samsung_A52_H183_02__x358_y436__t256.png
6.39950704574585,6.263930797576904,8.002364158630371,8.223737716674805,6.526893615722656,0.16934184730052948,96.21088868721772,139.54162075528117,178.63345239323976,30.148878016993997,11.122341699945055,2.8596967167235627,0.3496874315909027,150.21939235285677,139.55679406200102,126.73480194498079,data/tiles/train/H183/H183__Samsung_A52_H183_02__x614_y436__t256.png
6.6369123458862305,6.507138252258301,8.3353271484375,8.80567741394043,7.570003032684326,0.18181157112121582,88.25464443505575,136.1946001957797,177.3685578435867,32.81581298525742,11.396026965789147,2.7106285188590546,0.3689181284128581,146.16260854723373,135.2554103290331,121.75609812891423,data/tiles/train/H183/H183__Samsung_A52_H183_02__x870_y436__t256.png
6.212135314941406,5.6183342933654785,7.298220157623291,7.963352680206299,7.866006851196289,0.16979020833969116,106.4030934214203,160.43399071744085,194.480208373418,32.31579348674259,9.414951147829495,2.6414152100950172,0.37858493287165856,167.5901111643936,156.00255376675383,141.28155155534057,data/tiles/train/H183/H183__Samsung_A52_H183_02__x1126_y436__t256.png
4.626927375793457,4.633284568786621,5.8109235763549805,5.5814361572265625,4.719180583953857,0.15058431029319763,136.10934690565554,171.797413417788,202.49583295216428,25.826748353911743,8.310932723922546,2.5821369546405175,0.3872761273188234,183.62979408721873,172.1404548963309,157.86414630689154,data/tiles/train/H183/H183__Samsung_A52_H183_02__x102_y692__t256.png
4.817239761352539,4.694450378417969,5.849607467651367,5.889335632324219,5.361286640167236,0.13126148283481598,123.38420450913695,164.743097803695,193.95603060151402,25.670635311574845,7.914782218651707,2.5875832391541955,0.3864609976090549,171.593514758571,161.95347162437346,150.64268647819767,data/tiles/train/H183/H183__Samsung_A52_H183_02__x358_y692__t256.png
5.204009056091309,5.110875606536865,6.8204345703125,7.722938060760498,7.301464557647705,0.15532879531383514,101.49668948885055,148.61233516107237,185.81062798242647,30.595117493005418,8.703284359991065,2.833190650065492,0.35295895105995917,156.7917734394832,147.02073160819168,134.13232025129537,data/tiles/train/H183/H183__Samsung_A52_H183_02__x614_y692__t256.png
6.261318206787109,6.087939262390137,7.546265602111816,8.008881568908691,7.6498847007751465,0.16545051336288452,97.94522465147384,143.52307830321936,181.22885340472138,30.672258651723837,10.745702952642539,2.560721983355749,0.39051486514343514,153.29831892981034,142.8442511191517,129.82531590861228,data/tiles/train/H183/H183__Samsung_A52_H183_02__x870_y692__t256.png
5.984480857849121,5.831204414367676,7.3091630935668945,7.281142234802246,5.731071949005127,0.16776305437088013,117.78451348886938,158.5359172566714,191.44374118417156,26.99885054946543,10.765769980163554,2.808520855268111,0.3560593107664627,169.36688999711393,157.3147259726933,143.1156852799172,data/tiles/train/H183/H183__Samsung_A52_H183_02__x1126_y692__t256.png
3.3772788047790527,3.8301730155944824,5.166503429412842,5.121065139770508,4.173223495483398,0.1224312037229538,161.53821681619493,192.10372068304707,212.2687453940483,18.62086728017889,6.603471436851703,2.798960728072084,0.3572754665581882,200.72298143455438,190.26228386918876,177.52630966198038,data/tiles/train/H183/H183__Samsung_A52_H183_03__x110_y173__t256.png
5.655582427978516,5.448862552642822,7.575187683105469,8.311365127563477,6.835587024688721,0.11385267972946167,123.38894922799756,172.36983269491054,201.77038546438985,28.927083278967412,9.45327962302554,2.825019684338116,0.3539798343862845,176.7833797520443,168.1786242699761,157.74378087943393,data/tiles/train/H183/H183__Samsung_A52_H183_03__x366_y173__t256.png
5.807570934295654,5.521273136138916,7.519355773925781,8.222041130065918,7.210603713989258,0.13036833703517914,118.4233423906067,169.08444685794362,198.2529150772434,29.366122506508663,9.553177941128098,2.6900165794806346,0.37174492069229975,173.92716991007228,164.71910991823972,152.58974357815652,data/tiles/train/H183/H183__Samsung_A52_H183_03__x622_y173__t256.png
5.333022594451904,5.09442138671875,6.744546890258789,6.8638997077941895,5.9737701416015625,0.15439900755882263,124.26868612423324,166.15149222738552,197.69679168836396,27.137905520417682,9.061839432552803,2.8332480124352184,0.3529518049994096,175.83605665775306,164.5428428785292,150.5726751422351,data/tiles/train/H183/H183__Samsung_A52_H183_03__x878_y173__t256.png
4.953855037689209,5.056924343109131,6.752075672149658,7.300205230712891,6.758092880249023,0.13373896479606628,135.83484509087006,176.8707901709282,211.30443886747238,27.473605333362915,8.927973279729283,2.9653470777068347,0.3372286527664482,186.4628365495467,176.14063718341183,163.04844670389303,data/tiles/train/H183/H183__Samsung_A52_H183_03__x1134_y173__t256.png
4.896016597747803,5.129944324493408,6.7981672286987305,7.097455978393555,5.9386820793151855,0.1385229378938675,135.50371605000677,177.31087056062788,204.9339397544674,25.549969410253162,9.178868189246984,2.6880685659010983,0.372014320127574,185.45931084050537,174.30508759851477,161.39606968426187,data/tiles/train/H183/H183__Samsung_A52_H183_03__x110_y429__t256.png
6.679865837097168,6.375141143798828,8.8856201171875,10.239936828613281,10.280165672302246,0.1601676195859909,77.97281494833702,137.7126287540693,185.44494486956523,39.38746718142589,10.23078616678165,2.7057845805872005,0.3695785714703804,145.68377378103622,135.6842588103432,124.04389270209903,data/tiles/train/H183/H183__Samsung_A52_H183_03__x366_y429__t256.png
6.630982875823975,6.104465007781982,7.966134071350098,8.513999938964844,8.90320110321045,0.1517195850610733,84.52687755024228,139.94079330324794,177.64187983110523,34.231605722979154,10.32184765296006,2.8390225214226286,0.352233908838068,145.03494989375088,135.40010826989214,124.58488152058,data/tiles/train/H183/H183__Samsung_A52_H183_03__x622_y429__t256.png
6.205306053161621,5.877419471740723,7.733806133270264,8.224746704101562,7.818835735321045,0.17565025389194489,85.40356736345643,135.97351078196382,175.21340910040976,33.31589772661971,10.02393337797918,2.897063591930276,0.3451770968319383,144.8167559652388,133.801608486776,121.39950857805343,data/tiles/train/H183/H183__Samsung_A52_H183_03__x878_y429__t256.png
6.035803318023682,6.032357692718506,8.117914199829102,8.766077041625977,8.083834648132324,0.15313686430454254,105.25175765872906,153.58453178439444,194.87728212549897,32.49047298742748,10.455786059649903,2.717406461655944,0.3679979473481549,163.25434507010317,152.4075476038933,140.02240895237364,data/tiles/train/H183/H183__Samsung_A52_H183_03__x1134_y429__t256.png
5.4197540283203125,5.378089904785156,7.05718994140625,6.942987442016602,6.248855113983154,0.14231057465076447,132.7153505637462,175.46848241081315,205.20718518015767,26.622187933294597,9.626560282106915,2.845918028460008,0.35138046493247843,184.21224992531114,172.77628548758102,159.70521976624454,data/tiles/train/H183/H183__Samsung_A52_H183_03__x110_y685__t256.png
6.0917840003967285,5.6827921867370605,7.477792739868164,8.306666374206543,8.396130561828613,0.1461932510137558,104.09763229352642,156.94910924920322,192.15794324680462,32.087308249555086,9.6028282940543,2.93436906641613,0.34078876152458304,163.4949644338295,152.74441109793665,141.23355758378304,data/tiles/train/H183/H183__Samsung_A52_H183_03__x366_y685__t256.png
6.29159688949585,6.16864538192749,8.020797729492188,8.438468933105469,6.996702194213867,0.15477755665779114,97.76545040667156,146.37511421257548,182.17981541920201,30.941864392031306,10.883872762798507,2.6554041062858746,0.3765905150303862,154.15070177284133,143.3372212395809,132.0549833732405,data/tiles/train/H183/H183__Samsung_A52_H183_03__x622_y685__t256.png
6.003103256225586,5.892242908477783,7.705443859100342,8.344226837158203,7.49423360824585,0.17389033734798431,94.59377049734114,144.34172301361437,181.77435080645628,31.88202887015223,10.135168626302468,2.722689166188626,0.3672839384011861,153.28422345941348,141.5040457085999,128.77450531978158,data/tiles/train/H183/H183__Samsung_A52_H183_03__x878_y685__t256.png
5.441145420074463,5.157958984375,7.052955627441406,8.056195259094238,7.818416595458984,0.1639350950717926,103.65913864560254,157.31920702286828,195.31341672674122,34.076340472079565,8.411352430221557,2.4660400810270975,0.40550841314124275,165.64444343154275,153.7896410609516,140.51761449529712,data/tiles/train/H183/H183__Samsung_A52_H183_03__x1134_y685__t256.png
6.305378437042236,5.90899658203125,6.764258861541748,6.246010780334473,4.611515522003174,0.11114640533924103,106.42285417124697,144.12423810568723,171.08176337078302,23.82538144221339,11.412636375056202,2.7097643592305682,0.3690357785515888,149.4628808642233,141.30475752208525,133.74801883398484,data/tiles/train/H366/H366__Motorola_Edge_H366_01__x36_y16__t256.png
6.987455368041992,6.5258612632751465,8.080554008483887,8.239784240722656,7.442531108856201,0.10764740407466888,80.9505201848779,134.24349460836075,167.00081572756213,31.84465929851449,11.308664553056737,2.8200628080736267,0.35460203125160034,136.17001873442658,128.4061316024851,122.47975194483818,data/tiles/train/H366/H366__Motorola_Edge_H366_01__x292_y16__t256.png
7.0939412117004395,6.755589008331299,7.813149452209473,7.43308162689209,6.38196325302124,0.10967277735471725,82.82274127587452,127.13116424214422,164.02884406888282,29.543902295594506,12.510236147729499,2.8387569706679194,0.3522668584640108,132.49101882708172,124.44961452180736,118.88655025720563,data/tiles/train/H366/H366__Motorola_Edge_H366_01__x548_y16__t256.png
6.93482780456543,6.192756175994873,7.634078502655029,8.584938049316406,8.497140884399414,0.10514195263385773,72.22636450335922,126.98656004740674,162.71389603003612,33.96715201845197,10.739065661610637,2.8768234503249603,0.3476056203195375,128.95798934162227,121.45111927736396,116.19929041506997,data/tiles/train/H366/H366__Motorola_Edge_H366_01__x804_y16__t256.png
5.910277843475342,5.457291126251221,6.615018844604492,6.8117876052856445,6.469125747680664,0.126356840133667,89.71316254487952,132.61025213102835,165.7689129143317,27.968230951124223,9.672173228399359,2.8224122062347377,0.3543068577265184,138.8206961289708,129.96931907658728,122.4231283853599,data/tiles/train/H366/H366__Motorola_Edge_H366_01__x1060_y16__t256.png
6.412039279937744,5.726397514343262,6.431544780731201,6.249220371246338,6.006767272949219,0.12613853812217712,102.19882399083833,141.32221344238675,172.5656535264578,25.471039961958795,10.961316348594506,2.9773294958528993,0.33587145843041316,148.25703395233643,138.97397175474188,130.9188928228345,data/tiles/train/H366/H366__Motorola_Edge_H366_01__x36_y272__t256.png
7.076608657836914,6.833761215209961,8.597559928894043,8.843818664550781,7.444324016571045,0.10273580998182297,73.168917324031,124.62771366827879,161.32857892351723,32.54155540696013,12.013533762693138,2.749723070735096,0.3636729860700719,127.12295665972954,119.98122568529546,114.96615485564914,data/tiles/train/H366/H366__Motorola_Edge_H366_01__x292_y272__t256.png
7.159935474395752,6.627615928649902,7.521242618560791,7.351795196533203,6.231105804443359,0.09839027374982834,82.69014130662633,127.5089816620673,162.77213104283445,29.226221375251253,12.184285353660908,2.8502368926245456,0.35084803041728346,131.59140650451909,124.0664107812525,119.43052256323087,data/tiles/train/H366/H366__Motorola_Edge_H366_01__x548_y272__t256.png
7.044852256774902,6.61283540725708,8.294574737548828,8.787238121032715,8.267975807189941,0.09882272779941559,65.84317572890122,122.5120466157113,162.01223061426222,35.24276602615337,11.170907732714086,2.9266550954266934,0.3416870001397293,123.63819900004312,117.06098223682041,113.28520937282235,data/tiles/train/H366/H366__Motorola_Edge_H366_01__x804_y272__t256.png
6.5114665031433105,6.167637348175049,7.479458808898926,7.49797248840332,6.083732604980469,0.11953712999820709,81.47576971844542,122.40075870989499,161.5549399436247,29.159749687788928,11.245542533480384,2.6612439474284524,0.375764123753591,129.62865442983323,121.35878829614798,115.19826308531118,data/tiles/train/H366/H366__Motorola_Edge_H366_01__x1060_y272__t256.png
5.423842906951904,4.8475189208984375,5.999351978302002,6.269289970397949,5.632095813751221,0.05845574289560318,124.86828517681009,168.85685015228435,191.13492344389388,24.849674189987642,8.65941069686383,2.5439203792262854,0.3930940638575106,167.9358382989098,163.26692605278004,158.91290514253973,data/tiles/train/H366/H366__Motorola_Edge_H366_02__x119_y18__t256.png
6.464331150054932,5.858872890472412,6.986245155334473,6.628859996795654,5.7408881187438965,0.0706837996840477,112.00738511481093,158.941271012751,186.40504493678023,27.509347020960014,10.610055046539179,2.775208516757971,0.36033328449431645,159.43862734357413,153.63678071237456,148.74524529714049,data/tiles/train/H366/H366__Motorola_Edge_H366_02__x375_y18__t256.png
6.474181175231934,5.868374347686768,6.982463359832764,7.194606781005859,6.193953514099121,0.0747223049402237,103.69652588569659,154.91633649278913,181.96501384385178,28.80775597087492,10.269651423719406,2.7215040502067303,0.36744387719137817,153.86753514762032,148.2929884881823,143.63409632739132,data/tiles/train/H366/H366__Motorola_Edge_H366_02__x631_y18__t256.png
5.790355205535889,5.503308296203613,6.6642913818359375,6.707686901092529,6.363174915313721,0.08970993757247925,106.76196999238243,155.48843416806395,181.41451803296454,27.66767230641305,9.469581646044949,2.8842973372853904,0.34670489310272307,156.41391460615958,149.70666902679568,143.0692990256842,data/tiles/train/H366/H366__Motorola_Edge_H366_02__x887_y18__t256.png
6.422264575958252,5.773265838623047,7.276148319244385,7.929863929748535,7.711697101593018,0.0936434417963028,100.66301704800298,153.10686040399167,184.44831814525222,30.641763578084316,9.85175690428655,2.7799609369335587,0.3597172847698543,154.37102823942382,147.47906024586266,140.75009127913924,data/tiles/train/H366/H366__Motorola_Edge_H366_02__x1143_y18__t256.png
5.688572406768799,5.3597412109375,6.893332004547119,7.648046970367432,6.7992143630981445,0.07878755033016205,107.54007380274574,155.0919526900379,185.38057187133631,28.46691169169981,9.329841248838566,2.801968084029898,0.35689200233921353,155.88999483613165,150.14646737134174,144.3278783805123,data/tiles/train/H366/H366__Motorola_Edge_H366_02__x119_y274__t256.png
7.141531944274902,6.52484655380249,7.92843770980835,8.580392837524414,7.832364559173584,0.07582993805408478,86.90210119417891,141.298047185821,176.10791630116628,32.8101880341153,11.267879417008363,2.888511104038291,0.34619911919394986,141.24629927934237,135.72371363236425,131.41213020803562,data/tiles/train/H366/H366__Motorola_Edge_H366_02__x375_y274__t256.png
7.524251937866211,6.885235786437988,8.131991386413574,8.444231033325195,7.514762878417969,0.0846434086561203,81.9989897863573,133.662834576539,171.20709141641908,32.69703311450518,12.317054000241686,2.8920209294420665,0.3457789637065046,135.6226809604271,129.51245193285408,124.95620533705136,data/tiles/train/H366/H366__Motorola_Edge_H366_02__x631_y274__t256.png
7.615230083465576,6.942951202392578,8.626847267150879,8.958475112915039,8.402562141418457,0.09759902209043503,79.90509192060732,138.01915469747934,173.66403135636162,34.85294359851106,11.944669892505505,2.888635310013458,0.3461842332721956,138.82694108037074,131.61551966497518,126.15918620155504,data/tiles/train/H366/H366__Motorola_Edge_H366_02__x887_y274__t256.png
6.684084415435791,5.803490161895752,7.413598537445068,8.644182205200195,9.48195743560791,0.10489369183778763,79.16128681361636,139.31032158413615,179.5943615669487,36.306761967495156,9.538954997652692,2.718872123837149,0.3677995707237228,140.84273073205478,133.6637091932109,127.02340793495614,data/tiles/train/H366/H366__Motorola_Edge_H366_02__x1143_y274__t256.png
5.4414472579956055,4.928732872009277,5.874088764190674,5.663451194763184,4.585713863372803,0.1122165322303772,114.21233031630938,150.8821671772844,174.5494391843866,22.325206161650446,9.151166881688388,2.8448823628386473,0.3515083832859056,155.97745652245524,147.6806507037456,139.40853734084018,data/tiles/train/H366/H366__Motorola_Edge_H366_03__x117_y17__t256.png
6.016605854034424,5.3859381675720215,6.229391574859619,6.057015895843506,5.422426223754883,0.11556866019964218,102.21861461559423,138.8867162543048,168.79161176797916,24.177973764487717,10.408124314870038,2.779703059608645,0.3597506562952052,145.367301385921,137.1549796189307,129.51999051004938,data/tiles/train/H366/H366__Motorola_Edge_H366_03__x373_y17__t256.png
6.589388370513916,5.941967487335205,6.956725120544434,6.829423427581787,6.359893798828125,0.09991191327571869,91.0676038067836,139.6220386576713,169.61700567702508,28.83496193466999,10.32734446800338,2.969680118714641,0.3367366046255606,141.91577801060052,134.78606290584372,128.45830619074164,data/tiles/train/H366/H366__Motorola_Edge_H366_03__x629_y17__t256.png
6.414299488067627,5.688846111297607,7.155646800994873,7.67218542098999,7.098755359649658,0.0983036532998085,85.1344679378157,142.9827067357045,169.68661369719072,30.82212561902939,9.364597760674572,2.905998117813037,0.34411584572964854,141.44581386957583,134.44458373866715,128.22045552645875,data/tiles/train/H366/H366__Motorola_Edge_H366_03__x885_y17__t256.png
5.179621696472168,4.850488662719727,5.991474628448486,6.414119720458984,6.444713115692139,0.08620230108499527,99.67429471965322,145.16001949890457,175.41996446554222,27.659414793979217,7.794164099622215,2.626463947168506,0.3807400444533279,147.6753335402302,141.381572582119,135.52625746638773,data/tiles/train/H366/H366__Motorola_Edge_H366_03__x1141_y17__t256.png
5.536891937255859,5.11769437789917,5.938907623291016,5.614091396331787,5.064039707183838,0.10790151357650757,101.75849627034789,136.26816187277674,166.61259413842836,23.676575566248943,9.734058414935593,2.885823945907008,0.3465214852826728,142.63728363315457,135.23062320580752,128.19209811375578,data/tiles/train/H366/H366__Motorola_Edge_H366_03__x117_y273__t256.png
6.807453632354736,6.38926887512207,7.930634021759033,7.8558268547058105,6.622514247894287,0.10417614132165909,75.95587246063162,124.19752828780385,157.44326014739127,29.971869362659668,11.377545531887458,2.824613120371939,0.35403078488438167,126.52328812810751,119.75759145699867,114.17041921992984,data/tiles/train/H366/H366__Motorola_Edge_H366_03__x373_y273__t256.png
6.536162853240967,5.87721586227417,7.214261531829834,7.6090006828308105,7.363039970397949,0.09219736605882645,74.20502457324143,122.55288964536912,158.1871295166292,30.68491460818747,10.319069760967475,2.6979802492905454,0.3706476354906444,124.39193844442025,118.39544077226536,114.31199023280483,data/tiles/train/H366/H366__Motorola_Edge_H366_03__x629_y273__t256.png
7.458198070526123,6.7889251708984375,8.23461627960205,8.618768692016602,7.423140048980713,0.10303472727537155,74.44773861923711,123.80246134947323,160.4378019338826,31.577936317777585,12.244199433869287,2.661774617670992,0.375689208756143,126.91786094320243,119.84227263541857,114.61689115234157,data/tiles/train/H366/H366__Motorola_Edge_H366_03__x885_y273__t256.png
6.419682502746582,5.689922332763672,6.999005317687988,7.804511070251465,8.440953254699707,0.0989607572555542,75.35462806720157,126.29504440639904,160.69943830021882,31.669671849492293,9.713114626916168,2.970568572520545,0.33663589161030344,128.35501935197996,121.88769345694688,116.34705727291619,data/tiles/train/H366/H366__Motorola_Edge_H366_03__x1141_y273__t256.png
5.777724742889404,5.336334228515625,6.554969787597656,6.549046516418457,5.495922565460205,0.08691463619470596,116.4488968212175,156.82571259954605,184.55790699514534,25.005617860428988,9.892273951375984,2.6660243741013234,0.3750903441522679,160.363612343405,153.712485403088,147.19624612979212,data/tiles/train/H366/H366__Motorola_Edge_H366_04__x32_y19__t256.png
6.441425323486328,6.3165154457092285,8.095390319824219,8.414751052856445,7.888543128967285,0.0847814604640007,89.21294961744958,140.83597318804104,177.85324938230528,32.51724115143465,10.750346629795803,2.8743348822471404,0.34790657350900084,143.25553226131757,137.27354474720997,131.81622137408925,data/tiles/train/H366/H366__Motorola_Edge_H366_04__x288_y19__t256.png
6.825021266937256,6.350468635559082,7.880143165588379,8.196268081665039,7.547468662261963,0.08052598685026169,87.58430342488349,141.0020213149911,174.98726708119958,32.04661491800585,11.020967007054368,2.830752186061072,0.3532629966424145,141.70177983270705,135.6827720622997,131.05241395732358,data/tiles/train/H366/H366__Motorola_Edge_H366_04__x544_y19__t256.png
6.839562892913818,6.654000282287598,8.6568603515625,9.140871047973633,8.024175643920898,0.09192483127117157,77.71150062289557,132.5816674282113,174.09745020384267,35.39591754833751,11.30706400120015,2.859658199386273,0.34969214160441114,135.10532273619364,128.7531191849717,123.77305202152048,data/tiles/train/H366/H366__Motorola_Edge_H366_04__x800_y19__t256.png
5.71417760848999,5.577411651611328,7.163076877593994,7.617837905883789,7.315414905548096,0.09432715177536011,92.43547558060743,144.65650018698537,185.77978362166246,33.42846868450417,9.12121634608695,2.690013396617815,0.37174536054627516,148.05199429576564,141.5966331403037,135.52572498287907,data/tiles/train/H366/H366__Motorola_Edge_H366_04__x1056_y19__t256.png
5.865777969360352,5.542678356170654,6.639383316040039,6.670461654663086,6.0714263916015625,0.08285514265298843,116.56459784560123,156.525582630375,186.26924143417742,25.73215504682126,10.137807452541542,2.7341716008022896,0.36574149175807746,160.40855162562488,154.29669117683616,147.73001223609472,data/tiles/train/H366/H366__Motorola_Edge_H366_04__x32_y275__t256.png
6.2952775955200195,6.2254252433776855,7.638079643249512,7.692309379577637,6.790482521057129,0.09171251952648163,93.83038578150182,141.3915648277332,176.1451301129966,30.134699584256527,10.986826400835012,2.7875653690445166,0.3587359819808517,144.71590513989983,138.0944533938411,132.17631383092143,data/tiles/train/H366/H366__Motorola_Edge_H366_04__x288_y275__t256.png
7.097123622894287,6.653451442718506,8.224056243896484,8.363895416259766,7.260699272155762,0.09120211005210876,79.68383624865656,136.0164888986699,174.56008134394378,34.77695927235275,11.281250606170442,2.7617594576786693,0.36208801502232424,137.65868000215576,130.95222384282752,125.85903590363486,data/tiles/train/H366/H366__Motorola_Edge_H366_04__x544_y275__t256.png
7.177620887756348,6.5309600830078125,7.835363388061523,8.242350578308105,7.977607250213623,0.09289512038230896,82.95955539708619,137.26505743631978,172.75841085016904,32.859114743437196,11.392413992837731,2.819500390512501,0.35467276520512553,138.76689381345872,132.0889506254778,126.82088417126045,data/tiles/train/H366/H366__Motorola_Edge_H366_04__x800_y275__t256.png
5.505464553833008,5.034122467041016,6.351259708404541,7.028226852416992,6.93752908706665,0.08316834270954132,94.5494372928104,151.9202863051543,184.6768200236745,32.87390493354467,8.242918456128677,2.801875723363462,0.35690376688069797,151.34649033218733,144.98998795122966,139.670173766922,data/tiles/train/H366/H366__Motorola_Edge_H366_04__x1056_y275__t256.png
5.306682109832764,4.9115166664123535,5.88185453414917,6.213198184967041,5.8862624168396,0.11478082835674286,118.01831600515305,156.92706276332942,181.8907996015329,23.806383482838438,9.020649777705836,2.7772799734632825,0.36006452700301395,162.61732408588546,153.15254697342016,145.08869159239325,data/tiles/train/H367/H367__Motorola_Edge_H367_01__x40_y16__t256.png
7.374536037445068,6.8821120262146,8.198567390441895,8.409907341003418,7.307314395904541,0.09055665135383606,89.13434902631991,139.1256764836127,174.80987917485126,31.513771607475984,12.445676280978317,2.925820093839539,0.3417845144018083,142.35206640230464,134.89398356945838,130.43453588607392,data/tiles/train/H367/H367__Motorola_Edge_H367_01__x296_y16__t256.png
7.105034351348877,6.48943567276001,7.394412517547607,7.361328601837158,6.55712366104126,0.08858387172222137,95.17016812041642,141.3563519878097,174.83516311352682,29.27277215006857,12.068226325924117,3.008068101906496,0.3324392819983716,144.99758058866124,136.9684232727426,132.90447269025876,data/tiles/train/H367/H367__Motorola_Edge_H367_01__x552_y16__t256.png
6.261330604553223,5.505636692047119,6.799768447875977,7.530691623687744,7.370669364929199,0.07462657243013382,87.36440555942193,147.981390303171,176.83130089894038,32.78031271209316,9.075056368584542,2.7586707547763503,0.36249342124956535,144.49782280072452,138.18223747192667,135.34254845447387,data/tiles/train/H367/H367__Motorola_Edge_H367_01__x808_y16__t256.png
6.502133369445801,6.1032938957214355,6.988641738891602,6.426206111907959,5.097057819366455,0.10294664651155472,103.323033469088,143.18246206027968,174.48946244702174,26.212496345270807,11.418744689150044,2.7265825069293785,0.3667594864481763,148.69843276775788,140.30766689075423,134.39279550149288,data/tiles/train/H367/H367__Motorola_Edge_H367_01__x1064_y16__t256.png
6.149056434631348,5.789755821228027,7.0157694816589355,7.181758403778076,6.604835510253906,0.11955255270004272,106.82678803707641,151.94302327660196,182.16888683294164,27.759066270283956,10.340684145902824,2.924308070805352,0.3419612352007088,157.3534496892988,147.9174919127571,139.68649900583927,data/tiles/train/H367/H367__Motorola_Edge_H367_01__x40_y272__t256.png
7.180251121520996,6.130770206451416,7.618347644805908,8.273735046386719,8.074909210205078,0.0936441719532013,87.2045490950659,144.655138500657,179.89700411457636,34.58717577282474,10.646672620110687,2.8383096632451155,0.35232237445743436,146.20589097439216,138.01488474330313,133.39939496091887,data/tiles/train/H367/H367__Motorola_Edge_H367_01__x296_y272__t256.png
7.900307655334473,7.433938026428223,8.695749282836914,8.234343528747559,6.028443336486816,0.09280531108379364,85.1714808371323,136.87128305449033,171.43365424343133,31.81689886971558,13.42022708401595,2.7754751388866494,0.36029866958244083,139.13705353089642,131.0599514147294,127.1728650155088,data/tiles/train/H367/H367__Motorola_Edge_H367_01__x552_y272__t256.png
7.683189392089844,7.178619861602783,8.5286283493042,8.242388725280762,6.427242755889893,0.09798211604356766,88.04349056807666,134.95793687279496,173.09739313974168,31.09223293510344,13.229447373798388,2.901741357174509,0.3446206525359388,139.95069236264706,131.66567374904184,127.09606034228557,data/tiles/train/H367/H367__Motorola_Edge_H367_01__x808_y272__t256.png
6.959295749664307,6.381549835205078,7.147191524505615,6.429069995880127,5.20865535736084,0.09634258598089218,105.41773349622531,147.6430510357809,176.0457499834299,26.025476094902555,12.337480274830487,2.7024235918385147,0.3700382142237292,151.47741761892902,143.35015590230043,137.86522909000539,data/tiles/train/H367/H367__Motorola_Edge_H367_01__x1064_y272__t256.png
5.123315334320068,4.804640293121338,5.944250106811523,6.384675025939941,6.296498775482178,0.13218946754932404,114.61514835440903,157.233879124644,182.60367576585887,25.514078186264125,8.498535213812486,2.8124440073172825,0.35556263427760615,162.5966204686027,154.19911217935578,142.51210472693194,data/tiles/train/H367/H367__Motorola_Edge_H367_02__x42_y19__t256.png
6.813466548919678,6.282547473907471,7.890786170959473,8.565058708190918,8.499712944030762,0.10335047543048859,79.42053266389401,138.4221172183587,173.49634740240163,34.7609285591139,10.573650114503092,2.708952579190133,0.3691463658987192,138.48827645381303,132.0825834559053,125.32434766791378,data/tiles/train/H367/H367__Motorola_Edge_H367_02__x298_y19__t256.png
7.363510608673096,6.902238845825195,8.383258819580078,8.488691329956055,6.79311466217041,0.10250852257013321,85.90008642982296,140.24647601254193,176.21496170466853,33.03454969470663,12.145533429785797,2.745949179617052,0.3641727994905788,142.5914329874599,135.55898099501022,128.93767792016072,data/tiles/train/H367/H367__Motorola_Edge_H367_02__x554_y19__t256.png
7.755898475646973,6.990396499633789,8.577802658081055,9.077703475952148,8.779328346252441,0.1023985892534256,80.85569906454545,141.3086199683087,177.0796386811619,35.73088597409007,12.112659643864928,2.535567020070171,0.3943891019580801,141.61358264443962,134.83685458726094,128.00221389848244,data/tiles/train/H367/H367__Motorola_Edge_H367_02__x810_y19__t256.png
7.5581583976745605,6.965010166168213,8.498817443847656,8.309038162231445,7.623267650604248,0.11278531700372696,94.48441047711701,148.80397287787756,184.3616428525986,32.78265300688357,12.053656656894686,3.015394383315885,0.3316315787855079,152.3539183982422,144.83510089649786,136.14896765011147,data/tiles/train/H367/H367__Motorola_Edge_H367_02__x1066_y19__t256.png
6.393744468688965,6.042848587036133,7.418741226196289,7.647974014282227,6.589633464813232,0.12209736555814743,106.59504364706963,150.62658012047117,185.27711031794547,28.71714488219964,11.135008476268647,2.9668588391285096,0.33705681807690646,156.59862993645154,148.88645344963604,138.64981419421673,data/tiles/train/H367/H367__Motorola_Edge_H367_02__x42_y275__t256.png
7.281925201416016,6.871661186218262,8.935779571533203,9.823079109191895,9.05284309387207,0.09608519822359085,75.74748002283967,138.58360470296415,176.4648080940982,37.80676916116803,11.386973395049699,2.823118211128272,0.3542182527313815,138.40310700082733,132.33880600601302,125.91667082138139,data/tiles/train/H367/H367__Motorola_Edge_H367_02__x298_y275__t256.png
7.504427909851074,6.902435302734375,8.603090286254883,9.035531997680664,8.411955833435059,0.09694172441959381,74.19496938077877,134.90643904663008,171.60067675818865,35.88126081646063,11.91119691646378,2.7528220272771344,0.3632635855464721,135.01528285938898,128.47572051850545,122.7412129788684,data/tiles/train/H367/H367__Motorola_Edge_H367_02__x554_y275__t256.png
7.849367141723633,7.1501007080078125,9.047111511230469,9.77882194519043,10.309062957763672,0.10034247487783432,67.05249562498238,128.96965833789446,172.7423757189682,38.951225965988,11.931818460690913,2.9620512221084128,0.3376038849484148,130.33496469110858,124.13791435386104,118.2595787910927,data/tiles/train/H367/H367__Motorola_Edge_H367_02__x810_y275__t256.png
8.01760482788086,7.789664268493652,10.038237571716309,10.632688522338867,9.413938522338867,0.10680805146694183,75.26380450422755,142.7098553528928,181.92821275988982,39.71429052002942,12.73746216892539,2.755535065588006,0.36290592432965796,142.38075238972513,135.58160034691957,127.98592756386816,data/tiles/train/H367/H367__Motorola_Edge_H367_02__x1066_y275__t256.png
4.85109281539917,4.554194450378418,5.592958927154541,5.767150402069092,5.7302656173706055,0.08807038515806198,129.4238505967048,167.3590912273153,188.8539615625477,22.206243066296175,7.776449684987953,2.9399413800453345,0.3401428364481811,170.35793387046593,164.22241860457865,156.1607118207812,data/tiles/train/H367/H367__Motorola_Edge_H367_03__x46_y18__t256.png
6.47906494140625,6.15261173248291,7.63458251953125,8.122017860412598,7.891247749328613,0.07647175341844559,92.43897930740157,148.8649015436369,180.12698213377897,32.84899441165541,10.155088595747833,2.7919567432130648,0.3581717383089435,147.39819186416364,142.1169865088437,136.74736425792705,data/tiles/train/H367/H367__Motorola_Edge_H367_03__x302_y18__t256.png
7.360051155090332,6.774217128753662,8.45860767364502,9.213181495666504,8.37549114227295,0.08040092885494232,86.2406583260066,142.43819169722187,183.9559321685089,35.96104230973513,11.588821011504162,2.8401844155085585,0.3520898130908664,144.3211500942772,138.6399714594715,133.62511645138784,data/tiles/train/H367/H367__Motorola_Edge_H367_03__x558_y18__t256.png
6.391592025756836,6.511638641357422,7.859823703765869,7.599262714385986,6.972070693969727,0.10049432516098022,94.77585299443315,143.87793556958417,180.74644067824002,31.544338998595602,11.15730432990658,2.7855689248542896,0.3589930915288011,147.9067720545253,140.85461194478688,133.91924159510285,data/tiles/train/H367/H367__Motorola_Edge_H367_03__x814_y18__t256.png
6.14569616317749,6.015488147735596,7.1198883056640625,6.783854961395264,5.520467281341553,0.09396879374980927,115.80439799582484,159.57523961363438,187.3840379502201,26.466339822184906,10.77644362292843,2.572845933992082,0.38867465276025254,162.86793019847713,155.80780564307537,148.31657511222033,data/tiles/train/H367/H367__Motorola_Edge_H367_03__x1070_y18__t256.png
5.15919828414917,5.092534065246582,6.083209037780762,6.086894989013672,5.347828388214111,0.09732693433761597,126.52042497730933,160.94834039376255,188.01966685514722,22.574404189479782,9.492823983684554,2.8259158685567813,0.3538675765710988,166.49011221905963,159.89170234034538,151.1126329435216,data/tiles/train/H367/H367__Motorola_Edge_H367_03__x46_y274__t256.png
7.695091724395752,7.331165790557861,9.409388542175293,9.821571350097656,8.609844207763672,0.08756795525550842,80.0492228863151,135.34977957936482,181.16780861954058,37.06249215637445,12.775899337966461,2.849871682614457,0.35089299146360353,138.77178775873068,133.17831393932465,127.2791651563171,data/tiles/train/H367/H367__Motorola_Edge_H367_03__x302_y274__t256.png
6.774770259857178,6.594361305236816,8.52380084991455,8.734400749206543,7.664186954498291,0.08270157873630524,82.56547197712389,140.46726099118212,175.51819843948817,34.11502216135985,10.837929875990415,3.0166230151204623,0.3314965095033816,139.220165807599,134.00927384387384,129.91583154543812,data/tiles/train/H367/H367__Motorola_Edge_H367_03__x558_y274__t256.png
6.832765579223633,6.7614922523498535,8.063952445983887,7.931827068328857,6.997946739196777,0.10277548432350159,91.18417937623525,135.45571710603429,176.319728666756,31.32744110333769,12.107165619460917,2.917380852574466,0.34277321012700207,141.9969416657826,134.9263949336425,128.16761235526724,data/tiles/train/H367/H367__Motorola_Edge_H367_03__x814_y274__t256.png
5.656742095947266,5.595711708068848,6.105155944824219,5.151659965515137,3.573760509490967,0.09559124708175659,128.93275826190904,159.22359197621066,185.1650557865702,20.67162916150189,10.986344461774584,2.9553339139431456,0.33837123963625243,165.7163924743465,158.2680250365395,150.6090035184448,data/tiles/train/H367/H367__Motorola_Edge_H367_03__x1070_y274__t256.png
3.1032280921936035,3.432091236114502,4.682366847991943,4.832850456237793,3.9035606384277344,0.12495101243257523,165.9416649642126,191.42830661741075,212.17111564041033,17.24609356276874,6.1986276315058895,2.7675958114671877,0.3613244375701917,201.81850851057573,191.30413454067428,178.03953997881746,data/tiles/train/H367/H367__Samsung_A52_H367_01__x79_y194__t256.png
4.554623126983643,4.6132307052612305,6.259964942932129,6.423042297363281,5.6374382972717285,0.12101105600595474,142.15110004450642,178.5324789322025,205.98981927633517,23.32421264042928,8.280732363284995,2.6776771003160866,0.3734580244503547,186.85673630203422,177.09939829525888,165.50773951555942,data/tiles/train/H367/H367__Samsung_A52_H367_01__x335_y194__t256.png
5.79020357131958,5.490432262420654,7.424433708190918,8.282195091247559,7.305417060852051,0.1281495839357376,119.98140280592713,168.62224927562394,200.34660313567392,29.451302972675517,9.671488285853936,2.737345791371932,0.36531738268215264,174.47863936480803,165.2415115629585,153.43551976437345,data/tiles/train/H367/H367__Samsung_A52_H367_01__x591_y194__t256.png
5.541891098022461,5.318325042724609,6.961825847625732,7.667918682098389,7.530628681182861,0.15668192505836487,118.71070751670457,164.1422057726178,200.73285312168568,29.73094832993318,9.252113972410243,2.797819440142874,0.3574212065482445,173.98515527044182,162.67658917993845,148.65560966862535,data/tiles/train/H367/H367__Samsung_A52_H367_01__x847_y194__t256.png
5.1325154304504395,5.1301774978637695,6.7718682289123535,7.12474250793457,6.456290245056152,0.15692776441574097,132.07092392818717,171.37925881583405,202.21509374629798,25.712259808938633,9.291796224329705,2.8730155945487277,0.3480663320788806,182.19495296881283,170.49124424911884,155.61008052947474,data/tiles/train/H367/H367__Samsung_A52_H367_01__x1103_y194__t256.png
3.6682136058807373,3.9620370864868164,4.928750038146973,4.549987316131592,3.4288315773010254,0.1346311718225479,155.8426256288144,178.70622728561034,201.20350096616644,16.63809726699034,7.57857612297736,2.831845197575272,0.35312664719675924,190.3510523547422,179.50332622805794,166.29316054489715,data/tiles/train/H367/H367__Samsung_A52_H367_01__x79_y450__t256.png
4.699313640594482,5.282206058502197,6.703108310699463,6.304296493530273,5.062012672424316,0.14447805285453796,122.26436421881364,157.70134902530086,188.2804454283556,24.017655744637782,9.528582455372096,2.833926345342322,0.35286732192018416,167.50002456062055,157.14018574683755,144.89663380499505,data/tiles/train/H367/H367__Samsung_A52_H367_01__x335_y450__t256.png
5.761375904083252,5.807398796081543,7.29625940322876,7.50142765045166,6.723817825317383,0.1528477817773819,96.3680099252836,138.82321804901582,177.41574622035185,29.57890511770264,10.161051851714422,2.9641058272316956,0.3373698708098902,148.29189065749367,138.49798684754813,127.44151686608986,data/tiles/train/H367/H367__Samsung_A52_H367_01__x591_y450__t256.png
6.3700666427612305,6.215789318084717,8.217100143432617,8.743414878845215,7.663116455078125,0.15282252430915833,90.41755643320857,139.35953004010415,177.69867887465634,31.979693405879665,10.731958638909212,2.7214820547143797,0.36744684693684315,146.87527897361642,136.95975792105702,126.0782898283258,data/tiles/train/H367/H367__Samsung_A52_H367_01__x847_y450__t256.png
6.369696617126465,6.183256149291992,8.14978313446045,8.575796127319336,7.88156795501709,0.15566806495189667,103.81772645811579,154.20823405192482,194.8018983475716,32.99093253272679,10.75987482713271,2.73402797378871,0.3657607052989435,163.41620189344917,152.05147951951903,139.79822765270285,data/tiles/train/H367/H367__Samsung_A52_H367_01__x1103_y450__t256.png
4.137846946716309,4.156700134277344,5.421004295349121,5.737218379974365,5.482994079589844,0.14224696159362793,144.74797878863362,179.14334887126847,207.16645220575856,22.90011993655278,7.229473290767844,2.9074779689146606,0.34394069729556453,189.92535244060505,178.4964825712909,164.6647154711058,data/tiles/train/H367/H367__Samsung_A52_H367_01__x79_y706__t256.png
5.3670654296875,5.539880752563477,6.997395038604736,6.8493781089782715,5.723472595214844,0.15097063779830933,119.51161870848443,158.57659356253882,192.89739251336383,26.79476164413743,10.006516403734446,2.689615526701177,0.3718003521590699,169.146809912878,157.84819856407748,145.4063425857676,data/tiles/train/H367/H367__Samsung_A52_H367_01__x335_y706__t256.png
5.8002543449401855,5.8259382247924805,7.607053756713867,8.355020523071289,7.728425025939941,0.16087639331817627,94.54605419745708,142.75916937465794,183.0577101629801,32.53989040628404,9.984384242418363,2.739623170643076,0.36501370360554675,151.93847077038768,140.84891396998364,129.31567067971233,data/tiles/train/H367/H367__Samsung_A52_H367_01__x591_y706__t256.png
6.110200881958008,5.741281986236572,7.4003005027771,8.204385757446289,7.7936930656433105,0.1520485281944275,103.74113605373121,151.0517007525983,189.83841277395527,31.75241840917219,9.966897076315519,2.8378860824460217,0.35237496183711614,160.2423349024314,149.15973329345942,137.60288514461976,data/tiles/train/H367/H367__Samsung_A52_H367_01__x847_y706__t256.png
5.039841651916504,4.7086501121521,6.237463474273682,7.0534186363220215,7.394038200378418,0.12626765668392181,112.30083337531171,169.38455959117553,194.8037192700856,30.791027196655406,7.508815874420556,2.7290067174443964,0.36643368944744087,171.56690347200788,161.5198575162926,151.18559601416,data/tiles/train/H367/H367__Samsung_A52_H367_01__x1103_y706__t256.png
6.2466816902160645,5.599939823150635,7.3044610023498535,7.799290180206299,6.7765116691589355,0.13925963640213013,114.67748391726525,170.48154351122227,195.62936878912373,30.195989801596333,9.48515118296069,2.784354380285271,0.35914968549999915,173.55047191962524,162.23445580327424,151.27233855130373,data/tiles/train/H368/H368__Motorola_Edge_H368_01__x155_y17__t256.png
7.735019207000732,7.189153671264648,9.07032299041748,9.269204139709473,8.137046813964844,0.13509809970855713,93.88986928072256,154.34725776513233,191.56968852398143,35.779320475138604,12.537792434592374,2.951740392268739,0.33878318114263073,158.20437579363255,147.3716379121757,139.39036467896105,data/tiles/train/H368/H368__Motorola_Edge_H368_01__x411_y17__t256.png
8.453831672668457,8.074289321899414,10.05698299407959,10.414921760559082,8.51020336151123,0.13980427384376526,81.50347968753553,147.91686409997712,187.83387226898262,39.07737481363123,13.807040787391047,2.7129970326897035,0.3685960537187119,151.4387096429308,139.83775573187512,132.00248728574152,data/tiles/train/H368/H368__Motorola_Edge_H368_01__x667_y17__t256.png
8.088481903076172,7.69441032409668,9.424535751342773,9.22283935546875,7.538191318511963,0.13923463225364685,87.0817008951618,149.97363012922827,189.91165323429345,37.48420767279712,13.105741475468523,2.9470978335158806,0.33931686577469417,154.09702626133821,142.7302323771843,134.3883979623828,data/tiles/train/H368/H368__Motorola_Edge_H368_01__x923_y17__t256.png
8.133358001708984,7.375543594360352,8.973916053771973,9.0806303024292,7.667468070983887,0.13566425442695618,95.61512513124704,154.21388753399182,191.27936400721532,35.14852279058016,13.182433145996846,2.8190568208600872,0.354728571840174,158.57015830899243,147.98341943346023,139.2024538450369,data/tiles/train/H368/H368__Motorola_Edge_H368_01__x1179_y17__t256.png
7.33896541595459,6.811802864074707,8.623187065124512,8.915115356445312,8.037812232971191,0.16589997708797455,97.36420800796031,155.20905152192805,189.424795720657,33.79867745101821,11.71476388325082,2.814466778922207,0.35530708960187035,161.60340939826705,148.9282897922841,136.89128820332706,data/tiles/train/H368/H368__Motorola_Edge_H368_01__x155_y273__t256.png
8.310835838317871,8.012465476989746,10.332761764526367,10.82400894165039,9.176122665405273,0.16528135538101196,69.48325650608734,132.52051225155242,174.96647701854502,39.19791765033696,13.701318593241291,2.88360745189219,0.3467878401215157,137.52343857963277,126.19076519317267,117.93885142491075,data/tiles/train/H368/H368__Motorola_Edge_H368_01__x411_y273__t256.png
8.535219192504883,8.547322273254395,10.421109199523926,10.250344276428223,8.279847145080566,0.1636846959590912,68.0401246823199,121.14587855839092,171.47958795321915,37.982050757764476,15.19968009810393,2.7911311632198386,0.3582776808118196,131.09141051715713,119.06754152370522,111.63328293413969,data/tiles/train/H368/H368__Motorola_Edge_H368_01__x667_y273__t256.png
8.771866798400879,8.626433372497559,10.410276412963867,10.050086975097656,8.012914657592773,0.15048323571681976,70.24069453929988,127.3455825825893,172.24518298672672,37.606759854507764,15.282194001995109,2.6496950637238768,0.3774019183153105,134.27493897394544,123.17894449517198,115.72339231308999,data/tiles/train/H368/H368__Motorola_Edge_H368_01__x923_y273__t256.png
8.532241821289062,8.111604690551758,9.77542495727539,9.924946784973145,8.211669921875,0.13919465243816376,80.38910049053051,143.1225908611381,180.68740834727942,37.52568576265352,14.118183495340165,2.81136145645025,0.35569954824046157,146.181133128336,135.78195480945408,127.70493508381516,data/tiles/train/H368/H368__Motorola_Edge_H368_01__x1179_y273__t256.png
5.825582981109619,5.241904258728027,5.890681743621826,5.451202392578125,4.695127010345459,0.09152620285749435,127.96015293240184,167.7590851024627,189.6090604622311,23.10936174854518,9.675521490507606,2.825300915576908,0.3539445991351355,170.9261571198405,162.52082234404463,156.2367069799022,data/tiles/train/H368/H368__Motorola_Edge_H368_02__x116_y16__t256.png
6.86100959777832,6.354361057281494,7.1967926025390625,6.639013290405273,5.352892875671387,0.09999799728393555,111.36488207465645,155.36003771537753,184.41156522381755,26.773091571033696,12.038874055467238,2.4032536571017356,0.41610256039554944,159.44249253324313,150.60175185375869,144.42504429955653,data/tiles/train/H368/H368__Motorola_Edge_H368_02__x372_y16__t256.png
6.914842128753662,6.266384601593018,7.22186803817749,6.785359859466553,5.5572285652160645,0.11282657086849213,109.82900057812519,154.31757227018795,182.9751508489053,26.899969320111616,11.62863613997381,2.8308418294852924,0.3532518099684225,159.0776091934042,149.42509904624976,142.45586622218607,data/tiles/train/H368/H368__Motorola_Edge_H368_02__x628_y16__t256.png
7.217972278594971,6.5039191246032715,7.4950361251831055,6.804853916168213,5.57023286819458,0.11708348244428635,108.06980229541337,151.75578248961722,181.64462830989748,27.01444946131724,12.517021570306694,2.7194927263240336,0.36771563693487436,157.28851685688005,147.54959500396788,140.0384452723978,data/tiles/train/H368/H368__Motorola_Edge_H368_02__x884_y16__t256.png
6.7389235496521,6.161299705505371,7.692306041717529,7.580190658569336,6.646407604217529,0.1042591780424118,109.25825351380122,159.08402753898054,188.32588851916682,29.03449078562959,11.3602150290884,2.8007139311587226,0.3570518177078785,161.73032451845577,153.01653014409982,145.9784897776507,data/tiles/train/H368/H368__Motorola_Edge_H368_02__x1140_y16__t256.png
6.716246604919434,6.255031108856201,7.536377906799316,7.222214698791504,5.975727081298828,0.10622526705265045,99.73513989038456,147.22258490168068,181.31258184811716,29.488156410527097,11.289148934245215,2.9029554893600205,0.3444765183845302,151.61703529745375,143.26798620242502,136.8493481810937,data/tiles/train/H368/H368__Motorola_Edge_H368_02__x116_y272__t256.png
6.7578206062316895,5.834822654724121,7.230813980102539,7.788440704345703,7.704834461212158,0.0803041085600853,82.12307687295349,148.12885342529606,183.48948010489084,37.8211707699509,9.462646679795645,2.704181988978091,0.3697975964916102,145.11615847897343,139.25779004802052,136.15091747239478,data/tiles/train/H368/H368__Motorola_Edge_H368_02__x372_y272__t256.png
7.432836055755615,6.9103899002075195,9.042219161987305,10.410505294799805,9.813116073608398,0.10485970973968506,66.77656597818319,128.03400213680476,168.98274980610395,38.103362056652045,11.284859851558567,2.7848204099808775,0.35908958308980027,129.321846967444,121.39476818455128,117.50761382437993,data/tiles/train/H368/H368__Motorola_Edge_H368_02__x628_y272__t256.png
6.935710906982422,6.235811710357666,7.82645320892334,8.625441551208496,8.981907844543457,0.10438507050275803,76.40249240950543,139.00995396523908,173.9338158234165,36.31091971480674,10.025275956189134,2.714457951312907,0.3683976756819269,138.89061387124187,130.8730844040279,125.66455020803913,data/tiles/train/H368/H368__Motorola_Edge_H368_02__x884_y272__t256.png
7.820181846618652,7.31389045715332,9.034387588500977,8.886443138122559,7.277027130126953,0.12781067192554474,86.53787450564403,140.6616001454084,177.2515032330932,33.12898252390267,13.026220762115257,2.834686688063887,0.35277267297678244,144.91549247334729,135.37904222373066,127.76534893820566,data/tiles/train/H368/H368__Motorola_Edge_H368_02__x1140_y272__t256.png
6.61922550201416,6.142063140869141,8.383071899414062,9.915814399719238,10.780790328979492,0.11592251807451248,66.70423834127241,135.59019117901377,175.37471818071003,39.94614963758749,9.458160642174512,2.9201903338864916,0.3424434319899609,135.20420223892305,127.60513440070747,120.5609804936842,data/tiles/train/H368/H368__Motorola_Edge_H368_03__x475_y113__t256.png
6.8769659996032715,6.39813756942749,8.725845336914062,10.204263687133789,10.5142822265625,0.11589229106903076,66.26916847786451,137.31420745393262,177.92480832428933,41.36013629587793,9.745445141029982,2.838379466853586,0.35231370987492544,135.723971129534,127.9959000259652,120.99418786989571,data/tiles/train/H368/H368__Motorola_Edge_H368_03__x731_y113__t256.png
7.9412407875061035,7.61596155166626,9.974786758422852,10.72373104095459,9.564306259155273,0.11336130648851395,74.26955964356112,143.98208919044745,182.8712299726778,39.83542614332061,12.30973783190716,2.870859568036823,0.3483277312250522,143.16172221343328,135.61544294567344,128.1962836768494,data/tiles/train/H368/H368__Motorola_Edge_H368_03__x987_y113__t256.png
6.533418655395508,6.195684909820557,7.5383710861206055,7.151379585266113,6.270989894866943,0.13938644528388977,105.93272474598079,150.701916858696,184.7190391791995,28.69253189000537,11.089324328283233,2.7796180288073167,0.3597616613636233,158.01036372181133,148.90004611375252,137.42275660655991,data/tiles/train/H368/H368__Motorola_Edge_H368_03__x1243_y113__t256.png
6.662731647491455,6.212629795074463,7.201677322387695,6.849778175354004,5.877996921539307,0.11248935014009476,127.44704079173634,171.08987117616917,199.54617276239802,26.448971315954303,11.65044751617324,2.9876421535040425,0.33471210694599235,176.58075129877383,166.90336257639777,158.03753137841542,data/tiles/train/H368/H368__Motorola_Edge_H368_04__x104_y16__t256.png
7.054713249206543,6.595029354095459,7.961809158325195,7.709681987762451,6.840167045593262,0.10747364908456802,112.39802571391186,160.97901592400248,194.07087790020978,29.94334359292305,12.038830450503584,2.8814384317180326,0.3470488867616577,165.82009450761052,156.74821110557446,149.06328750636754,data/tiles/train/H368/H368__Motorola_Edge_H368_04__x360_y16__t256.png
7.369560241699219,6.786773681640625,7.827393054962158,7.041510581970215,5.4298882484436035,0.10393491387367249,112.47024168486978,157.7702342134728,187.38900703494156,27.67616312206058,12.846762895831231,2.7680562683433343,0.3612643324618882,161.74397019165463,153.27130786819993,146.81858694749022,data/tiles/train/H368/H368__Motorola_Edge_H368_04__x616_y16__t256.png
6.577832221984863,5.948127746582031,7.203648567199707,7.468326568603516,6.700994491577148,0.1063077375292778,104.70110932971981,163.0004483389138,193.76829161247733,32.697387204742796,10.071313423598411,2.8177063655062238,0.35489858426761295,163.67235377368942,155.0014825979155,147.3549602983096,data/tiles/train/H368/H368__Motorola_Edge_H368_04__x872_y16__t256.png
6.6537041664123535,6.231234073638916,7.640529632568359,7.56787633895874,6.624014854431152,0.11095248907804489,112.60838654364119,160.45730944394987,193.63221682004337,29.578813843687396,11.177245442224782,2.860713270739798,0.3495631702164243,164.95023454705796,156.98484374845128,148.58842282316473,data/tiles/train/H368/H368__Motorola_Edge_H368_04__x1128_y16__t256.png
6.587005615234375,6.2483415603637695,7.7297773361206055,8.026596069335938,7.341624736785889,0.10288801044225693,107.79903457502826,159.35508273180477,192.9020908624963,31.394750946099617,10.759541517202152,2.7449179626809523,0.3643096127446021,162.7637138238004,155.09506864834364,147.16751296718354,data/tiles/train/H368/H368__Motorola_Edge_H368_04__x104_y272__t256.png
7.938178062438965,7.495864391326904,9.954811096191406,10.798690795898438,9.746175765991211,0.09286480396986008,74.63790524339797,141.0086020012675,182.04763795220023,39.649611123078806,12.46841239173218,2.830499335899382,0.35329455383258485,140.46599304446892,133.80789716595044,128.7000583804446,data/tiles/train/H368/H368__Motorola_Edge_H368_04__x360_y272__t256.png
7.583720684051514,6.738967418670654,8.874014854431152,10.674424171447754,11.238182067871094,0.09153494238853455,64.23191768328583,142.19229425474165,181.43369413260055,43.61555768962535,10.116869764202825,2.751336928444332,0.3634596656126092,136.68889560261093,130.5946664693994,127.60999676700202,data/tiles/train/H368/H368__Motorola_Edge_H368_04__x616_y272__t256.png
7.403618812561035,6.591075420379639,8.540419578552246,9.690921783447266,9.62871265411377,0.08709917217493057,72.53403041157026,138.83635505049983,180.9976834660275,40.134433501740084,10.527277300148693,2.910391630809105,0.3435963701290587,138.72028170470435,132.12536972032618,127.60402842078183,data/tiles/train/H368/H368__Motorola_Edge_H368_04__x872_y272__t256.png
7.551105976104736,6.81117582321167,8.76363468170166,9.770442008972168,9.047438621520996,0.09607542306184769,76.39538934960541,140.99194419043144,181.78272041731125,39.457448405974105,11.265893281364683,2.7410238733931807,0.36482717633614603,141.56447646836716,135.08287524842333,128.94242203454675,data/tiles/train/H368/H368__Motorola_Edge_H368_04__x1128_y272__t256.png
4.603003978729248,4.829733848571777,6.336635589599609,6.4264068603515625,5.3449835777282715,0.18610481917858124,149.37519701598208,184.44345055452882,213.16078937319443,23.408663651430036,8.779181554986765,2.8832908035611715,0.34682592500378157,199.23451162362147,184.3847985922361,165.20478400938583,data/tiles/train/H368/H368__Samsung_A52_H368_01__x84_y178__t256.png
4.851232051849365,5.239503860473633,7.206124305725098,7.358698844909668,6.313517093658447,0.18876135349273682,128.93100920439716,168.888789108497,202.37661364533972,26.562176086754995,9.235949691039202,2.832663312234495,0.3530246590482256,182.55922759781384,168.432460196137,150.9826672730855,data/tiles/train/H368/H368__Samsung_A52_H368_01__x340_y178__t256.png
5.464540958404541,5.6164140701293945,7.170689105987549,6.933804512023926,5.613554000854492,0.19090063869953156,125.38248038112452,163.44663469841598,195.32956894364216,25.597024473399948,10.196746023373201,2.765505263921868,0.361597576054461,176.89959997092373,163.4888831031528,146.01000906679437,data/tiles/train/H368/H368__Samsung_A52_H368_01__x596_y178__t256.png
4.932738780975342,4.8624725341796875,6.442044734954834,6.74323034286499,6.033623695373535,0.21107117831707,121.48674064536881,168.5828743552793,201.4458331814262,29.298665946121517,8.279535213157482,2.6090429690844044,0.38328230383684775,180.9246318807242,165.6784081954414,146.24924483360599,data/tiles/train/H368/H368__Samsung_A52_H368_01__x852_y178__t256.png
5.370297431945801,5.42193078994751,7.149173259735107,7.3736348152160645,6.437894344329834,0.20446166396141052,128.73568895743855,170.0106747203632,203.63073847014525,27.182989852824754,9.597945173427979,2.5477351017578695,0.392505484306444,184.45982193960333,169.60328242968296,150.2924353763581,data/tiles/train/H368/H368__Samsung_A52_H368_01__x1108_y178__t256.png
4.920294284820557,5.222973823547363,7.179634094238281,7.865016460418701,7.532510280609131,0.20473039150238037,125.5000612530779,171.40342381984237,206.48820164767153,29.729214115982856,8.752829649134599,2.7443113430916455,0.3643901419994988,185.6117595506454,170.20960983017318,151.02683576950434,data/tiles/train/H368/H368__Samsung_A52_H368_01__x84_y434__t256.png
6.664477348327637,6.530642032623291,9.090909957885742,9.886473655700684,8.83137035369873,0.19883589446544647,87.85898418376853,146.937233351701,187.57243282989512,36.47269685065276,10.892011859033252,2.8801310406653333,0.34720642424970777,155.7326570561981,142.89748728818412,127.54845456753861,data/tiles/train/H368/H368__Samsung_A52_H368_01__x340_y434__t256.png
6.6839985847473145,6.084764003753662,8.161580085754395,9.683798789978027,10.573891639709473,0.17236490547657013,73.82564290786658,141.9399833907217,183.9554864271522,40.52850594948084,9.257322249737417,2.568903394054178,0.38927115839176246,145.7323550178257,135.97488488999446,123.62535093649258,data/tiles/train/H368/H368__Samsung_A52_H368_01__x596_y434__t256.png
6.4287190437316895,5.981937408447266,8.154180526733398,9.42158317565918,10.060429573059082,0.18760168552398682,75.58380834145198,134.07619987182508,180.2685386094497,38.51442293474477,9.563822124991225,2.7634315036486576,0.3618689295101631,142.84380227421278,132.2088421427712,118.43505753163343,data/tiles/train/H368/H368__Samsung_A52_H368_01__x852_y434__t256.png
6.590196132659912,6.185032844543457,8.28725814819336,9.558704376220703,9.047160148620605,0.20097914338111877,85.55651891205248,143.54924764942783,187.35021406368978,38.12708646339902,10.382074310268564,2.881919136026423,0.34699099898368263,154.22445280953622,141.0716229521642,126.05122264330919,data/tiles/train/H368/H368__Samsung_A52_H368_01__x1108_y434__t256.png
5.027380466461182,5.15817928314209,6.60352087020874,6.468507766723633,5.114025592803955,0.21021272242069244,136.16623745657125,172.43944961821828,201.1976867601526,23.8912682381195,9.464682174117254,2.854230136194182,0.350357172436486,187.75033066312923,172.0780164283972,151.91036467172268,data/tiles/train/H368/H368__Samsung_A52_H368_01__x84_y690__t256.png
6.831511497497559,6.429019927978516,8.829373359680176,10.135738372802734,9.9090576171875,0.1993350088596344,89.83166759601654,154.2123975890638,192.18546972354181,37.761389407371205,10.422946315055702,2.691901901148078,0.37148456248480183,161.6012394753105,147.98339074620316,132.24914562687383,data/tiles/train/H368/H368__Samsung_A52_H368_01__x340_y690__t256.png
6.719055652618408,6.521420955657959,8.877090454101562,9.830492973327637,9.2118501663208,0.19887448847293854,86.60001179138123,145.06507439418235,185.93349682338132,36.65065190788175,10.735532913242947,2.945786967445541,0.339467860728285,154.7755555612285,142.00621334064226,126.8262834256364,data/tiles/train/H368/H368__Samsung_A52_H368_01__x596_y690__t256.png
6.814359664916992,6.1565423011779785,8.53587532043457,10.19913101196289,10.24136734008789,0.1917203962802887,85.10619849905065,150.6809150933062,190.47807090905835,38.5985497895649,9.723891877562352,2.8684001791171467,0.34862639016700453,157.31105545504064,144.48434210711247,129.78405111263706,data/tiles/train/H368/H368__Samsung_A52_H368_01__x852_y690__t256.png
6.913694381713867,6.524759292602539,8.956130027770996,10.0162992477417,8.77520751953125,0.18600812554359436,96.1320908453804,155.64794063090687,197.2487143276891,37.02912382622938,10.783457296803807,2.869378743699468,0.3485074956367411,164.72816273300162,151.35985612806147,136.68566644787808,data/tiles/train/H368/H368__Samsung_A52_H368_01__x1108_y690__t256.png
6.743533611297607,6.2379150390625,7.685485363006592,8.15757942199707,6.678322792053223,0.09191645681858063,108.3496532781996,159.24609833978107,188.25785458977734,29.48329882567972,11.378998600657107,2.909975987337387,0.3436454473684488,160.45702500280967,154.14564519592423,146.4062122734425,data/tiles/train/H371/H371__Motorola_Edge_H371_01__x37_y16__t256.png
7.786174297332764,7.202036380767822,8.897930145263672,9.279195785522461,8.59516429901123,0.08799364417791367,86.43421576048678,145.13769707740715,183.04764452562563,35.75574421407827,12.557529830731013,2.8158862534715374,0.35512798102805465,145.75302286093716,139.85307004616448,133.8367462795001,data/tiles/train/H371/H371__Motorola_Edge_H371_01__x293_y16__t256.png
8.155425071716309,7.436084270477295,9.088530540466309,9.319957733154297,8.07729434967041,0.09214183688163757,79.42427657660028,142.50542093181653,182.2749985208419,37.60391993257899,12.944379670247832,2.8844869942462616,0.3466820970227004,142.7543956937582,136.12962083472954,130.42251155675257,data/tiles/train/H371/H371__Motorola_Edge_H371_01__x549_y16__t256.png
8.087103843688965,7.372649192810059,8.646323204040527,8.957289695739746,8.792752265930176,0.10370279848575592,83.61776456320389,139.8575142429368,181.00224860471084,35.93925156334749,13.109772719280468,2.925102099072482,0.34186840873591695,143.38375179511507,136.1672704486249,129.32508551177028,data/tiles/train/H371/H371__Motorola_Edge_H371_01__x805_y16__t256.png
6.787341594696045,6.371979713439941,7.6107177734375,7.121227741241455,6.084442138671875,0.09530789405107498,110.07522711211006,157.42636510733522,186.30174776917798,28.132092375610913,11.813435897000298,2.8100722460706318,0.35586273676711183,159.8750909117593,152.70012088429337,145.41179866010506,data/tiles/train/H371/H371__Motorola_Edge_H371_01__x1061_y16__t256.png
6.127828121185303,5.568966388702393,7.075759410858154,7.792035102844238,8.115928649902344,0.09646113216876984,108.57869328919087,162.7273895351263,195.0228185047504,31.87193500622942,9.566194687756518,2.7658369909431966,0.3615542070174509,164.41653650194718,157.87187424201002,149.27892486316014,data/tiles/train/H371/H371__Motorola_Edge_H371_01__x37_y272__t256.png
7.013500213623047,6.406623840332031,7.96311616897583,8.693207740783691,8.703337669372559,0.09201595187187195,83.23715121800508,143.18052181912918,183.43744594500393,36.29159479891982,10.593467366172478,2.881086768008358,0.3470912473390315,144.15368865159536,138.0687346156649,132.3488010192281,data/tiles/train/H371/H371__Motorola_Edge_H371_01__x293_y272__t256.png
8.569762229919434,7.845412731170654,9.34626579284668,9.32445240020752,8.841055870056152,0.09541202336549759,74.9822192672437,129.54799942975015,175.92547151586612,37.163756544558545,14.266192698717825,2.951755458238845,0.33878145196914333,134.13748489735124,127.45962436524368,122.08723366390764,data/tiles/train/H371/H371__Motorola_Edge_H371_01__x549_y272__t256.png
8.628030776977539,8.094806671142578,9.552389144897461,9.350396156311035,7.821374893188477,0.09756394475698471,79.3949399523669,136.50406169979337,176.7757314787345,36.04961142965894,14.63513888213702,2.8503009832882964,0.35084014139669334,138.9153065683921,132.15590712458027,126.07106108400035,data/tiles/train/H371/H371__Motorola_Edge_H371_01__x805_y272__t256.png
7.444314956665039,6.974461078643799,8.300256729125977,8.067399024963379,6.813205242156982,0.10554005950689316,91.0094568887617,142.17884163217036,177.862654363801,32.030103437658,12.68149500319531,2.815036556172052,0.35523517369871094,145.6264376863248,138.236312682729,131.0927236949449,data/tiles/train/H371/H371__Motorola_Edge_H371_01__x1061_y272__t256.png
5.859635829925537,5.438453674316406,7.046445846557617,7.848664283752441,7.184842586517334,0.11698231846094131,104.77894544693079,155.2228119182571,182.36133578083846,28.602523850721465,9.15862109380114,2.799387702533647,0.35722097339176284,157.82331796791885,150.18455737193693,140.3914234702224,data/tiles/train/H371/H371__Motorola_Edge_H371_02__x38_y20__t256.png
7.2867841720581055,6.904751777648926,8.819926261901855,9.50829029083252,8.214760780334473,0.09985167533159256,79.78439712977725,140.8226786997442,175.19266405465382,34.97516444281718,11.555769497301272,2.7320004096128683,0.3660321559548019,140.33604590129787,133.79572334526983,127.05847176821823,data/tiles/train/H371/H371__Motorola_Edge_H371_02__x294_y20__t256.png
6.820191383361816,6.435157299041748,8.565016746520996,9.733925819396973,9.171010971069336,0.0910821184515953,73.92167240367526,141.34990191347453,175.09727178923686,37.053887171743284,10.264981509766104,2.911170010641294,0.3435045003708707,138.4643494459673,132.07210465550835,126.54713401404896,data/tiles/train/H371/H371__Motorola_Edge_H371_02__x550_y20__t256.png
6.844947338104248,6.443320274353027,8.381704330444336,9.225911140441895,8.717531204223633,0.1037975326180458,75.44313267996006,142.93362918941207,174.846778753723,36.584973130873266,10.118005193050042,2.814864518743218,0.3552568847777016,140.84871588810955,133.77719943953605,127.05986563320563,data/tiles/train/H371/H371__Motorola_Edge_H371_02__x806_y20__t256.png
7.193643569946289,6.988859176635742,9.002371788024902,9.47357177734375,7.825691223144531,0.09961843490600586,87.89592279007188,149.53794280858256,181.5232375389993,34.57988882415122,11.77461655892141,2.8030786699918875,0.35675060093939287,148.91481028416672,142.0016290959702,134.85659282985839,data/tiles/train/H371/H371__Motorola_Edge_H371_02__x1062_y20__t256.png
6.219923496246338,5.905958652496338,7.504431247711182,8.199297904968262,7.032907962799072,0.12193932384252548,101.54784942143893,149.22002080222035,180.4122708813832,28.846563599546016,10.365258922737723,2.902717263487897,0.3445047895565284,153.67293057534317,146.266359562064,135.96182090666022,data/tiles/train/H371/H371__Motorola_Edge_H371_02__x38_y276__t256.png
7.310949325561523,6.924567222595215,8.835925102233887,9.037254333496094,7.686323165893555,0.10252106189727783,74.81857425993977,133.5869667751288,167.7043071734419,34.30350618078642,11.599736562891927,2.737970847119021,0.36523398379213257,133.40323229655155,127.15116099807099,120.78005782490642,data/tiles/train/H371/H371__Motorola_Edge_H371_02__x294_y276__t256.png
7.206864833831787,6.58018684387207,8.444541931152344,9.221052169799805,8.860872268676758,0.09228968620300293,68.62546305520118,137.0748489805466,172.45653811641355,38.347188820312276,10.40513223894683,2.8539263059771547,0.3503944716111408,133.79809181171555,127.48901846721932,122.4885555171767,data/tiles/train/H371/H371__Motorola_Edge_H371_02__x550_y276__t256.png
7.37231969833374,7.137004852294922,9.08375072479248,9.351411819458008,8.61097240447998,0.10378118604421616,74.04495661066254,131.64141333708176,172.057753806676,35.7098696635964,12.091589132669343,2.685637719294706,0.3723510408033057,133.90240862913154,126.93356541555636,120.8120835006421,data/tiles/train/H371/H371__Motorola_Edge_H371_02__x806_y276__t256.png
7.055327415466309,6.807247161865234,8.689497947692871,9.009332656860352,7.7719573974609375,0.10558975487947464,82.33730992719528,138.70612154099948,174.95534555867076,34.23338926096379,11.628978297307707,2.6751615717870902,0.37380919737568197,140.98850779537582,133.86724887450396,126.91775521732858,data/tiles/train/H371/H371__Motorola_Edge_H371_02__x1062_y276__t256.png
4.791755676269531,4.593451499938965,6.217475414276123,6.897313117980957,6.637792587280273,0.08333674818277359,122.83237758457112,165.6677885272598,192.44137563123022,25.75937117524085,7.98702374743406,2.8154854708086083,0.3551785332825034,167.90666741013118,161.9248414496048,154.66629973757384,data/tiles/train/H371/H371__Motorola_Edge_H371_03__x127_y16__t256.png
5.663211822509766,5.65456485748291,7.939188003540039,8.899456977844238,8.320906639099121,0.09310362488031387,101.9001793561414,155.19766885653823,188.88123360929686,32.02951921780104,9.54341056333555,2.8879404977079344,0.3462675220606754,156.61914837349354,149.92082335270496,142.7782608636777,data/tiles/train/H371/H371__Motorola_Edge_H371_03__x383_y16__t256.png
7.098236083984375,6.585058689117432,8.41921615600586,9.05440616607666,8.385515213012695,0.0897882804274559,87.21898585212314,149.84939232277338,183.86498630085987,35.5993773912272,10.978583557570314,2.7214396405465613,0.36745257366765066,148.9617527966784,142.47539679770793,136.2815838924949,data/tiles/train/H371/H371__Motorola_Edge_H371_03__x639_y16__t256.png
5.912216663360596,5.603565692901611,7.371513843536377,7.801192283630371,8.112406730651855,0.0954289510846138,94.80377782085738,153.46711077675454,185.32001108546297,33.396299964996906,9.028018566463189,2.851811352575926,0.3506543303072065,153.6420781730371,146.92974290538154,139.78598696404865,data/tiles/train/H371/H371__Motorola_Edge_H371_03__x895_y16__t256.png
4.899665355682373,4.9604878425598145,6.789147853851318,7.546492576599121,7.048933029174805,0.0989263579249382,108.66180273308991,153.13330800623635,186.61813751561803,28.28741808941827,8.425674441949264,2.8740249341836446,0.3479440933535415,158.31390717441218,151.54537415935187,143.39082788330856,data/tiles/train/H371/H371__Motorola_Edge_H371_03__x1151_y16__t256.png
4.959813594818115,4.77689790725708,6.38787841796875,6.936282634735107,6.9346604347229,0.09392146021127701,108.92160221984375,154.49563581842457,185.91127417937514,27.8353040766114,7.874495146479194,2.8021572920756013,0.35686790417795733,157.63091765319365,151.18256393720145,143.54267007538706,data/tiles/train/H371/H371__Motorola_Edge_H371_03__x127_y272__t256.png
6.341695785522461,6.004922866821289,8.038780212402344,8.992239952087402,10.052783966064453,0.08853132277727127,68.81807225388219,141.39107899925457,176.47148582244168,39.64215277321937,9.084427304442572,2.9522959330165,0.33871943148268774,137.02621182983975,131.4265709739117,125.52240573126805,data/tiles/train/H371/H371__Motorola_Edge_H371_03__x383_y272__t256.png
7.412752628326416,6.74662446975708,8.655501365661621,9.706149101257324,10.445796012878418,0.09529933333396912,61.41242863605182,127.72678751016387,171.88984479681014,41.21820697797593,10.66334143005303,2.70111152100361,0.37021796109641764,127.87579760263468,121.63238125995886,116.39849488195004,data/tiles/train/H371/H371__Motorola_Edge_H371_03__x639_y272__t256.png
7.018404960632324,6.493372917175293,8.533293724060059,9.44130802154541,8.17991828918457,0.09501558542251587,72.04835168476512,137.76341650775865,171.79912363188063,36.8294730004105,10.503575437538187,2.8450689064671244,0.35148533581274627,135.62812689948709,129.3547723498691,123.43194820794682,data/tiles/train/H371/H371__Motorola_Edge_H371_03__x895_y272__t256.png
6.194586753845215,6.141493797302246,8.591267585754395,9.105964660644531,8.115865707397461,0.10445056855678558,91.06112646640888,146.72307588412582,181.9349026901674,33.11117483665945,10.219076774672706,2.745477941402093,0.3642353066910122,148.71911712102496,141.97447431484318,133.9430688246474,data/tiles/train/H371/H371__Motorola_Edge_H371_03__x1151_y272__t256.png
4.357381820678711,4.348198413848877,5.869406223297119,6.262856483459473,6.235902309417725,0.23018692433834076,145.2603130990818,181.41418526573509,214.73373444240443,24.89217211756308,7.433725678327615,2.8806472197930444,0.34714420881840696,199.47556281250237,185.47520175497127,157.82865486891302,data/tiles/train/H371/H371__Samsung_A52_H371_01__x111_y190__t256.png
4.959068775177002,5.186797142028809,6.884232044219971,7.399714946746826,7.256441593170166,0.25674670934677124,118.36895917940238,161.2434575114078,196.38317372554573,28.326668736950506,9.22623855774811,2.709351933585769,0.36909195428019625,177.57350394624717,163.69039875548577,136.67078156752333,data/tiles/train/H371/H371__Samsung_A52_H371_01__x367_y190__t256.png
5.6711554527282715,5.407581329345703,6.754530429840088,7.224275588989258,7.096324443817139,0.26392585039138794,113.6610556185974,157.80507618451142,194.14003003012144,29.537998894745165,9.7390997590188,2.8320484315533854,0.35310130605764306,174.1512965667603,160.32982161366226,133.02253213279093,data/tiles/train/H371/H371__Samsung_A52_H371_01__x623_y190__t256.png
5.559658050537109,5.384334564208984,6.93740177154541,7.4029622077941895,6.85675048828125,0.27461913228034973,113.67211554258286,156.71293868020896,192.7837132068735,29.130640170024325,9.64082537811215,2.8913028947564765,0.34586483547384483,174.27393405290405,159.591937443087,131.6599158031694,data/tiles/train/H371/H371__Samsung_A52_H371_01__x879_y190__t256.png
5.342571258544922,5.522397994995117,7.1621413230896,7.4228129386901855,6.838337421417236,0.266067236661911,123.81891027807468,164.7755240416149,201.42999582799112,28.389343490683174,9.832595732092901,2.7970944195080327,0.3575138518834431,183.40068377954614,168.31649653090383,139.80786457629492,data/tiles/train/H371/H371__Samsung_A52_H371_01__x1135_y190__t256.png
5.143249034881592,5.166143417358398,6.755580902099609,6.843029975891113,6.111284255981445,0.2749549150466919,121.71335237771342,161.06827087238096,193.33477599321608,26.639023889873535,9.202700883334776,2.7550488472585277,0.3629699709299427,179.189220144935,164.2543492128091,135.3106160158279,data/tiles/train/H371/H371__Samsung_A52_H371_01__x111_y446__t256.png
6.514809608459473,6.4146728515625,8.19150161743164,8.571372032165527,7.6482462882995605,0.31567278504371643,86.81012230241343,132.61638868812378,175.43499793504566,32.33529833941178,11.406132164980503,2.6184530347672186,0.38190488304438897,150.82501119230025,136.10596950138745,109.14790243628156,data/tiles/train/H371/H371__Samsung_A52_H371_01__x367_y446__t256.png
7.079660892486572,7.047997951507568,8.809399604797363,8.463135719299316,7.355734825134277,0.308717280626297,82.07690681060474,127.63079222512602,171.3875739622938,32.83492601060007,12.604991916982922,2.855905874294625,0.3501515960315002,145.71922411635708,131.42115116910182,106.2646376778697,data/tiles/train/H371/H371__Samsung_A52_H371_01__x623_y446__t256.png
6.64406156539917,6.263706684112549,8.142107963562012,8.851195335388184,8.708016395568848,0.30403345823287964,79.45692614821311,130.33598637767122,175.26200316656832,35.216434638489886,10.83939466114343,2.794588805692364,0.3578343969470844,146.85271672094638,132.83471558765328,107.6029660142902,data/tiles/train/H371/H371__Samsung_A52_H371_01__x879_y446__t256.png
5.777797222137451,5.4769768714904785,7.201446533203125,8.169695854187012,8.408965110778809,0.2953418493270874,95.50292484682245,145.4661383317184,188.90748316729142,33.9096728442374,9.350547064406163,2.7038077093507904,0.36984878641392344,163.12531958775372,147.99616903132755,120.62140425729469,data/tiles/train/H371/H371__Samsung_A52_H371_01__x1135_y446__t256.png
5.327083110809326,5.336304187774658,6.910472869873047,6.837530612945557,5.736180305480957,0.26570460200309753,127.93019604302656,169.36133690801861,199.03293434947128,25.95629972714767,9.648744854053417,2.870405797854811,0.3483827968670308,186.19914616866714,171.1627205024227,141.97387616499066,data/tiles/train/H371/H371__Samsung_A52_H371_01__x111_y702__t256.png
6.428637504577637,6.183484077453613,7.689955711364746,7.817289352416992,7.24713134765625,0.29119253158569336,102.0716954527826,147.97176516071315,185.0153681070245,30.409716593671973,11.260691753024556,2.8657075307319113,0.34895396312288596,165.02165748764898,149.9096601352181,122.55719917966462,data/tiles/train/H371/H371__Samsung_A52_H371_01__x367_y702__t256.png
6.4262375831604,5.949441909790039,7.456864833831787,8.03796672821045,8.343497276306152,0.2937889099121094,88.93494324494804,143.04590080713749,181.42067380561625,34.10766041312736,10.105095725426628,2.4312270266047236,0.4113149405864116,157.64252669455811,142.92966575880223,116.77214408307516,data/tiles/train/H371/H371__Samsung_A52_H371_01__x623_y702__t256.png
6.64259147644043,6.537294387817383,8.606439590454102,9.079513549804688,7.309959411621094,0.3189586102962494,87.89905477224744,137.16266735613686,176.8367352966628,32.23729477346502,11.638001243715362,2.9310387275994687,0.34117597648360093,154.23771593283368,138.6579621722982,111.2672937175478,data/tiles/train/H371/H371__Samsung_A52_H371_01__x879_y702__t256.png
6.61375093460083,6.128343105316162,7.948573589324951,8.541796684265137,7.921186923980713,0.29314079880714417,99.64458526846515,154.11679958528228,189.06747250342607,33.133199255294485,10.74607546691264,2.824274443679085,0.35407323896516746,168.6482403935412,152.93622908569805,125.00989287186381,data/tiles/train/H371/H371__Samsung_A52_H371_01__x1135_y702__t256.png
4.8174662590026855,4.489932537078857,6.157789707183838,6.974451541900635,6.5443220138549805,0.21060919761657715,146.36715543797627,187.0971090637142,215.05308509649498,25.294302694483694,8.08311985966179,2.8191070677886945,0.35472224926327445,201.31703450176465,187.90615327214698,162.57883912508325,data/tiles/train/H371/H371__Samsung_A52_H371_02__x85_y200__t256.png
5.060878276824951,4.981612682342529,6.95763635635376,7.851964473724365,7.580866813659668,0.21938081085681915,127.37871630691399,173.04775245702558,206.59859009044203,28.72255806279332,8.678406457088645,2.8649663300743264,0.3490442416382802,186.22606206763174,173.21689811708885,149.04210565380342,data/tiles/train/H371/H371__Samsung_A52_H371_02__x341_y200__t256.png
6.113218784332275,5.5329060554504395,7.340421199798584,8.105545997619629,7.853560447692871,0.23493658006191254,112.8777151112148,167.28693383337367,198.9382461352517,31.65515191368355,9.450296894881635,2.618542029757791,0.38189190344693363,178.35124551153768,165.21888772239956,140.44681517828732,data/tiles/train/H371/H371__Samsung_A52_H371_02__x597_y200__t256.png
5.669896602630615,5.189854145050049,6.702505111694336,7.158578872680664,7.272205352783203,0.24840089678764343,119.0787424047906,169.46590374675304,198.88494583039633,29.425851988475458,8.992918438863828,2.750254591918665,0.36360270170565123,182.35473225591383,168.0676903079402,141.6139689093533,data/tiles/train/H371/H371__Samsung_A52_H371_02__x853_y200__t256.png
4.880791187286377,4.821772575378418,6.467591762542725,7.048813343048096,6.8352861404418945,0.2551117241382599,131.4478266779313,170.6086460760175,204.6042999908938,26.785290881512093,8.480174360790892,2.7413584606476826,0.3647826485864737,189.57819385260876,174.3032436139865,146.2020949632907,data/tiles/train/H371/H371__Samsung_A52_H371_02__x1109_y200__t256.png
4.6993913650512695,4.696680068969727,6.385396957397461,6.8500213623046875,7.283833980560303,0.233023002743721,127.93748371890001,172.43320930580037,206.45692916768607,28.335584830097257,7.927741441918416,2.957838491691911,0.3380847205852645,187.3729758348492,173.6392822005985,147.84762424091397,data/tiles/train/H371/H371__Samsung_A52_H371_02__x85_y456__t256.png
5.919851303100586,6.023291110992432,8.491583824157715,9.84097957611084,10.540334701538086,0.2688670754432678,78.15360580815445,145.17633194826917,187.31153587839208,39.96784219098166,9.596586091439294,2.9135322279910563,0.3432259957150094,155.6691398604856,142.29125233232455,118.35773075344459,data/tiles/train/H371/H371__Samsung_A52_H371_02__x341_y456__t256.png
6.657249927520752,6.257696151733398,8.383813858032227,9.440572738647461,9.94784164428711,0.2916504442691803,71.09465164878183,129.48326008933526,174.8468136320706,38.36001097766707,10.184237965852217,2.784267235247867,0.3591609265591835,143.1645319440952,129.36545342377568,106.332711470071,data/tiles/train/H371/H371__Samsung_A52_H371_02__x597_y456__t256.png
6.6917572021484375,6.316575527191162,8.522351264953613,9.363157272338867,8.528196334838867,0.30142858624458313,74.24014130296933,130.8295608397975,173.7958452229112,36.39260057689224,10.565091685131323,2.7797349430336835,0.3597465299726178,144.96358892523864,130.61451940928973,106.56709416990522,data/tiles/train/H371/H371__Samsung_A52_H371_02__x853_y456__t256.png
6.591984748840332,6.426053047180176,8.65839672088623,9.15347957611084,8.137004852294922,0.2706618010997772,99.09015210879481,153.69045443465902,194.59441334882422,34.63995052474188,10.777839373407296,2.728042986539456,0.3665631388266751,168.86615400749835,153.94202796216925,128.17791319397648,data/tiles/train/H371/H371__Samsung_A52_H371_02__x1109_y456__t256.png
5.527602672576904,5.435001373291016,7.371689796447754,7.906774997711182,6.6624579429626465,0.23975054919719696,125.47587559434619,171.10921191501265,204.17013512100047,28.7552744578331,9.577440422614607,2.708207221353957,0.3692479630491695,186.03252027714163,171.80830548681243,145.78452738002903,data/tiles/train/H371/H371__Samsung_A52_H371_02__x85_y712__t256.png
6.015248775482178,5.9012627601623535,8.12058162689209,9.242063522338867,8.834220886230469,0.2470426708459854,100.64112694833803,154.6607957905248,193.42532459640915,33.82932490490656,9.829986071636007,2.8183872334023974,0.35481284762732396,167.73432395936842,154.24021267473398,130.47611883076465,data/tiles/train/H371/H371__Samsung_A52_H371_02__x341_y712__t256.png
6.298882961273193,6.104062080383301,8.608092308044434,10.209108352661133,9.99914836883545,0.2832041382789612,78.44241107653836,146.53819692327292,184.89742943854495,39.25954575643454,9.658135281494628,2.886054519040419,0.346493800932246,156.18981751453364,141.72705318871087,117.01927051689484,data/tiles/train/H371/H371__Samsung_A52_H371_02__x597_y712__t256.png
6.374271392822266,6.050389289855957,8.44826602935791,10.063935279846191,9.319754600524902,0.2664865255355835,85.57722821312211,151.03570105359776,191.33158624514658,38.28661836093283,9.543498801853337,2.749616641869793,0.36368706268812095,162.55080445430656,148.2508587379715,123.93378614885704,data/tiles/train/H371/H371__Samsung_A52_H371_02__x853_y712__t256.png
6.732415199279785,6.455234527587891,8.372172355651855,9.153369903564453,8.069125175476074,0.25757133960723877,106.34703615787738,158.97145218922284,196.83435155087614,33.02652607123574,11.521393394414469,2.6360619838130104,0.37935375045829545,173.5984832129767,158.35448799161014,133.62530448101643,data/tiles/train/H371/H371__Samsung_A52_H371_02__x1109_y712__t256.png
4.205628871917725,4.180124282836914,5.687613010406494,6.096399307250977,5.735909938812256,0.24910545349121094,149.73240032866627,188.1144017718682,217.12671305744718,24.692935633876548,7.1474899300463735,2.7237265657974,0.36714404909702797,206.88716741787445,189.84990620081942,160.6079401243959,data/tiles/train/H371/H371__Samsung_A52_H371_03__x81_y183__t256.png
4.25804328918457,4.462840557098389,6.483255863189697,7.667861461639404,7.95912504196167,0.2678664028644562,112.78554431002466,160.0399147434198,207.77307618157954,33.63490957552697,7.208513254720491,2.775345493114708,0.3603155003515337,179.42902495980553,163.32303474041083,136.6259411597264,data/tiles/train/H371/H371__Samsung_A52_H371_03__x337_y183__t256.png
4.982790946960449,5.014626979827881,6.569338321685791,7.085849285125732,7.234558582305908,0.28615525364875793,115.78932125886092,157.77630449900693,197.99515115123486,29.91964403494696,8.653521093700029,2.70023571366529,0.3703380393567951,178.0210303503933,161.3921686045606,132.9633547112576,data/tiles/train/H371/H371__Samsung_A52_H371_03__x593_y183__t256.png
5.320054531097412,5.3372931480407715,7.40784215927124,8.561402320861816,8.028275489807129,0.2824270725250244,110.58067062670409,161.40704174395788,196.5040939848575,31.23171839548144,8.8468017581756,2.93361175580298,0.3408767359968132,177.78415510908312,161.34780034241936,133.30759483950126,data/tiles/train/H371/H371__Samsung_A52_H371_03__x849_y183__t256.png
5.0220746994018555,5.346646785736084,7.287907600402832,7.3318190574646,6.549274921417236,0.28738224506378174,128.96240480615776,170.14184387612684,202.51657189652147,27.092834014628156,9.419243122306705,2.6810832525226465,0.37298356888361983,189.90457473732727,172.7508670596867,141.5999017180156,data/tiles/train/H371/H371__Samsung_A52_H371_03__x1105_y183__t256.png
4.643013000488281,4.975539684295654,6.909113883972168,7.822336196899414,7.702958583831787,0.2990637719631195,122.18134492250049,164.90765076078176,203.2142316173964,29.24088549273777,8.531799707535951,2.6961850564788192,0.3708944226944074,186.5584252810609,167.95886049187175,137.50931554894498,data/tiles/train/H371/H371__Samsung_A52_H371_03__x81_y439__t256.png
5.823091506958008,5.3453145027160645,7.305485725402832,8.719470977783203,9.765032768249512,0.33052271604537964,71.90344879770778,137.43326603249275,184.84434073999853,41.57435990962715,8.130360068329963,2.475136725145777,0.4040180850781499,152.07424374520497,135.03724455705782,108.48923712186105,data/tiles/train/H371/H371__Samsung_A52_H371_03__x337_y439__t256.png
6.046958923339844,5.754436492919922,7.908116817474365,9.33791446685791,9.449110984802246,0.33238083124160767,69.9468133539428,128.01007915674157,174.6143458669081,38.54440147143434,9.094581291038798,2.727485801014601,0.36663802232371245,144.7264137734678,128.266160774605,103.06197070856054,data/tiles/train/H371/H371__Samsung_A52_H371_03__x593_y439__t256.png
6.432005882263184,6.095790863037109,8.219636917114258,9.516339302062988,8.635775566101074,0.31708645820617676,82.20631053365145,135.51604574814635,177.18382938454545,34.43749783505739,10.372546592330986,2.7644390846968037,0.36173703574650384,152.23616982254492,135.77101651344154,110.15249059912239,data/tiles/train/H371/H371__Samsung_A52_H371_03__x849_y439__t256.png
6.342878818511963,6.217244625091553,8.326653480529785,8.925992965698242,8.253377914428711,0.3072613477706909,93.87226662159667,147.38257754328353,186.27108196553579,33.64069403841389,10.489829495279373,2.762957636619274,0.36193099262411765,164.25455313473685,147.24093489780878,120.05496553839977,data/tiles/train/H371/H371__Samsung_A52_H371_03__x1105_y439__t256.png
5.223029613494873,5.224450588226318,7.052886962890625,7.738658905029297,7.3642659187316895,0.28127777576446533,122.98489242103066,168.6833555463517,207.19542329126557,30.064905057799663,8.768695399575478,2.755029945731628,0.3629724611702684,188.50654495014763,171.0237637622474,141.52771582613718,data/tiles/train/H371/H371__Samsung_A52_H371_03__x81_y695__t256.png
6.025407791137695,6.206661224365234,8.428719520568848,8.868758201599121,8.41848087310791,0.2953062057495117,88.21296998045015,146.59531286668644,192.4846939327671,38.24490863470515,10.093654102674547,2.7194872534501418,0.36771637694985565,162.78277183232632,146.4819377350449,120.48062008180908,data/tiles/train/H371/H371__Samsung_A52_H371_03__x337_y695__t256.png
6.496610641479492,6.492668628692627,8.56518268585205,8.909811019897461,8.666600227355957,0.3091159760951996,85.99285220339384,139.53964056641087,181.7230697936795,35.0507111594315,11.032798694800482,2.8061554713961208,0.35635944272983533,156.44155782957793,139.8900589669928,114.14644621804014,data/tiles/train/H371/H371__Samsung_A52_H371_03__x593_y695__t256.png
6.6693339347839355,6.627630710601807,8.81903076171875,9.70336627960205,8.713041305541992,0.29965758323669434,84.04169969543614,142.92426413791154,183.56506509521998,36.23310207394252,10.908864600562609,2.790941891040498,0.35830197798463925,157.7228187052936,141.46677908169926,116.22843446162129,data/tiles/train/H371/H371__Samsung_A52_H371_03__x849_y695__t256.png
5.982640266418457,5.917769432067871,8.06823444366455,8.671485900878906,7.8982720375061035,0.29374900460243225,107.2991974920303,159.8906638779005,195.40829560378552,32.068796089485005,9.973476949302384,2.721578622092079,0.36743380914393703,176.742898952592,159.0193702793077,131.03574765829953,data/tiles/train/H371/H371__Samsung_A52_H371_03__x1105_y695__t256.png
4.530368328094482,4.615835189819336,6.344496250152588,6.849221229553223,6.393582820892334,0.25804442167282104,140.92526235778274,185.4548266103765,214.52851569317787,27.268034590935937,7.641932397322782,2.8597670628268,0.3496788297895591,202.85694887086734,185.0092648132118,156.07091673500094,data/tiles/train/H371/H371__Samsung_A52_H371_04__x73_y203__t256.png
4.6248979568481445,4.64947509765625,6.47230863571167,7.457128047943115,7.880489826202393,0.2702636122703552,125.4922255796622,165.1570043279002,205.1304529272126,28.82760345561512,7.888454900652545,2.7852919752518686,0.35902878724575077,186.06513261100662,168.83960696992463,141.3578884718175,data/tiles/train/H371/H371__Samsung_A52_H371_04__x329_y203__t256.png
5.6797404289245605,5.704415798187256,7.87369441986084,9.26594352722168,8.459552764892578,0.3032887876033783,105.46565347676751,155.80116723739442,196.57260562356726,33.58151958835049,9.937651134233425,2.8383718717317126,0.3523146526215722,175.13077308269004,157.3148462121126,128.528058581911,data/tiles/train/H371/H371__Samsung_A52_H371_04__x585_y203__t256.png
6.044713497161865,5.902820587158203,8.051020622253418,8.59743595123291,8.197256088256836,0.309987336397171,105.9778106568529,158.99336930691553,195.18642856029547,32.46479072020805,10.085115797597894,2.8883290742659393,0.34622093753432415,176.69943854673025,158.33700711099152,128.77428656795166,data/tiles/train/H371/H371__Samsung_A52_H371_04__x841_y203__t256.png
5.151978015899658,5.100648403167725,6.844308376312256,7.297471523284912,6.581125259399414,0.2837877571582794,127.34035620182765,170.82796748958262,206.5988660242167,29.022553336300103,8.89536541390052,2.9534805738584313,0.33858357114351983,190.87261834593707,173.01576109500624,142.92969977001275,data/tiles/train/H371/H371__Samsung_A52_H371_04__x1097_y203__t256.png
5.21033239364624,5.30263614654541,7.4561662673950195,8.24042797088623,8.100375175476074,0.2623952329158783,113.62736353739706,169.580048869609,211.3045731922156,35.28578486768731,8.411428922168449,2.7847433995853987,0.3590995134951691,185.60988079889182,168.901585096524,142.1677922391796,data/tiles/train/H371/H371__Samsung_A52_H371_04__x73_y459__t256.png
5.713014602661133,5.724193096160889,7.981193542480469,9.164472579956055,9.47156810760498,0.3219951093196869,79.9960157864145,138.00527033349684,178.1769968198088,36.473157873518346,9.155641840126489,2.7945861275119186,0.3578347398762485,153.32695888860033,136.33209217740531,110.38921995864548,data/tiles/train/H371/H371__Samsung_A52_H371_04__x329_y459__t256.png
6.69952392578125,6.233123779296875,8.288694381713867,9.24890422821045,9.90420913696289,0.3047582507133484,77.65153377350178,135.83615870057915,177.96640443217038,37.237153112098724,10.100032025715564,2.7537405921640246,0.36314241176005285,151.22515983500887,135.05758743505285,110.87904995294743,data/tiles/train/H371/H371__Samsung_A52_H371_04__x585_y459__t256.png
6.160881519317627,6.225682258605957,8.45010757446289,9.638118743896484,9.713648796081543,0.36507731676101685,69.08891673168426,122.55810330355564,170.20204489053373,36.90739521495978,10.154693194867962,2.7161135379026113,0.3681731216480008,141.60451549880207,124.09628232504996,97.41594837538933,data/tiles/train/H371/H371__Samsung_A52_H371_04__x841_y459__t256.png
6.477872371673584,6.536738395690918,8.670707702636719,8.944623947143555,7.2315592765808105,0.3299886882305145,96.74307870080948,144.6104963033076,185.1504482453819,32.29675533890652,11.475526506792264,2.7515011082517336,0.36343797827338925,164.7214898830148,146.00420665432,117.60656272150823,data/tiles/train/H371/H371__Samsung_A52_H371_04__x1097_y459__t256.png
4.926136016845703,4.857238292694092,6.608217239379883,7.263603687286377,6.853240489959717,0.2668442130088806,129.0325473092906,173.0553616202811,203.54135499018858,27.441217960082046,8.267298404557243,2.8952734601053454,0.34539051795253034,190.59229003658135,173.46256836357503,145.28728720882316,data/tiles/train/H371/H371__Samsung_A52_H371_04__x73_y715__t256.png
5.977266311645508,5.8981404304504395,8.189615249633789,9.726381301879883,9.871726036071777,0.2887633144855499,81.54014368694266,149.5553834386426,187.29181405672875,38.15026988595025,9.055053737495307,2.8288747515614716,0.3534974460951386,160.81427809661906,144.71392814184384,119.86892262352633,data/tiles/train/H371/H371__Samsung_A52_H371_04__x329_y715__t256.png
5.483353137969971,5.372905731201172,7.379508972167969,8.722029685974121,8.874604225158691,0.31699272990226746,70.05411954564387,132.5349649634946,173.58437614807121,39.029374778486854,8.333795737200333,2.457828109755467,0.40686327739147365,146.09721399670926,130.0750101083475,105.74248510349878,data/tiles/train/H371/H371__Samsung_A52_H371_04__x585_y715__t256.png
5.60318660736084,5.478517055511475,7.354277610778809,8.439733505249023,7.854874610900879,0.3203633725643158,92.65424049830325,143.8211282735425,184.99047507643397,33.92432428027518,9.188581241062508,2.816084542628006,0.3551029753768639,162.80183085036447,144.9020436817653,117.405355307642,data/tiles/train/H371/H371__Samsung_A52_H371_04__x841_y715__t256.png
6.01300573348999,5.941409111022949,7.97296142578125,8.58505630493164,8.561960220336914,0.3297085464000702,94.8486632841644,147.24533899449494,193.7948165830289,36.41984572786249,9.893478661370846,2.5216476283662437,0.3965661136595411,168.20086324281183,148.99591387636593,120.13667361051199,data/tiles/train/H371/H371__Samsung_A52_H371_04__x1097_y715__t256.png
5.884425163269043,5.920767784118652,7.79421329498291,8.183833122253418,7.521207809448242,0.10979419946670532,85.66662620339332,144.77768560596624,179.27258491949968,33.92464830230459,9.375701878015992,2.869415969619043,0.3485029743292203,144.39903011471182,138.00528406417317,130.34700529845713,data/tiles/train/H372/H372__Motorola_Edge_H372_01__x30_y211__t256.png
6.089724063873291,6.188169479370117,8.937369346618652,10.845926284790039,10.526823043823242,0.11733133345842361,57.17485529726154,114.90252387712077,161.31428292759796,38.61673041663867,9.778702571996073,2.733037934050069,0.3658932016790954,118.65250175756599,111.77245466624186,105.90785554434112,data/tiles/train/H372/H372__Motorola_Edge_H372_01__x286_y211__t256.png
6.6386590003967285,6.4133477210998535,8.735858917236328,10.14345932006836,10.492773056030273,0.10109411180019379,55.644546375260695,117.48716546650941,163.76165064500762,39.88884259880454,10.23861684388308,2.765027546342787,0.36166004976068605,119.1183266046244,112.57380085900216,108.3018480713228,data/tiles/train/H372/H372__Motorola_Edge_H372_01__x542_y211__t256.png
6.077766418457031,6.137054443359375,8.553388595581055,10.360045433044434,11.224181175231934,0.11889281868934631,52.133026425652595,106.88339499308496,160.82339267818625,39.930313759819555,9.615041088461005,2.7617640996735124,0.3620874064219377,113.67327588036107,106.24424229632032,101.272885587463,data/tiles/train/H372/H372__Motorola_Edge_H372_01__x798_y211__t256.png
5.676000595092773,5.371119976043701,6.878068447113037,7.1873064041137695,6.229541301727295,0.1208718791604042,104.37180711223215,153.47982171043816,181.56195949407177,28.44214357695714,9.313765458840457,2.8081328179016527,0.35610851225592643,156.72037729292416,148.97944570915297,139.06972144117924,data/tiles/train/H372/H372__Motorola_Edge_H372_02__x47_y18__t256.png
7.137429714202881,6.675975322723389,8.569670677185059,9.424493789672852,9.269991874694824,0.10459022969007492,80.19144132982537,142.82846173866992,178.20933689162777,35.83894364164648,10.960595287056274,2.8348799984990594,0.3527486174121849,142.72769214968505,136.1493851643481,128.947162274491,data/tiles/train/H372/H372__Motorola_Edge_H372_02__x303_y18__t256.png
6.4090447425842285,5.800415515899658,7.478917121887207,8.457371711730957,8.965055465698242,0.08168625831604004,80.6682195451465,151.4532325711776,178.35820422009942,36.194308401379615,9.032643108909086,2.9434722162521783,0.3397348187893771,144.6848416324256,139.5129244488615,135.60340309476575,data/tiles/train/H372/H372__Motorola_Edge_H372_02__x559_y18__t256.png
7.345389366149902,6.86611270904541,8.795452117919922,9.245109558105469,8.106003761291504,0.10396365821361542,78.6282695415339,140.9343173088289,178.51694532670055,36.402558401516735,11.480385917328194,2.833533164713435,0.3529162857358451,141.17644639099456,134.3611004825561,127.83365398300252,data/tiles/train/H372/H372__Motorola_Edge_H372_02__x815_y18__t256.png
7.186422824859619,6.501877307891846,7.84911584854126,8.013938903808594,7.182951927185059,0.11087384819984436,99.57004694513132,150.16677561099064,181.2340847887756,30.284696427210328,11.788461242381898,2.95013127305037,0.3389679669969473,153.11729044786173,145.39575234878183,137.04927902313923,data/tiles/train/H372/H372__Motorola_Edge_H372_02__x1071_y18__t256.png
6.478478908538818,6.001324653625488,7.36794900894165,7.414100170135498,6.630000114440918,0.1262216866016388,102.52413347055865,148.31570932077685,182.45960679857092,29.344819343789528,10.749479821899191,2.880569113190889,0.34715362163009217,154.07637870379762,146.3661610478384,136.00813066966182,data/tiles/train/H372/H372__Motorola_Edge_H372_02__x47_y274__t256.png
7.234951019287109,7.081509113311768,9.139596939086914,9.269408226013184,8.709441184997559,0.10926560312509537,79.49241475937292,139.29508163098924,178.9732245855521,36.45146459150244,11.764494476447332,2.902132213173568,0.3445742394025771,141.67128424262685,134.59834351648547,127.3187305962174,data/tiles/train/H372/H372__Motorola_Edge_H372_02__x303_y274__t256.png
7.544732570648193,7.052906036376953,9.051246643066406,9.999226570129395,8.883007049560547,0.10248691588640213,71.69816941689278,135.3311599315774,175.27210595033043,38.401265911031025,11.715451041924668,2.8564749523769652,0.3500818374646932,135.72990546559438,128.7112802376627,122.85794582848992,data/tiles/train/H372/H372__Motorola_Edge_H372_02__x559_y274__t256.png
7.075636386871338,6.40113639831543,8.115274429321289,9.04464054107666,9.213664054870605,0.09792057424783707,78.85953616479651,139.59370037380742,177.84941477242702,35.94201854938231,10.539991042042034,2.83691344929059,0.35249577326726833,140.163617499627,133.48550990199294,127.58576932414918,data/tiles/train/H372/H372__Motorola_Edge_H372_02__x815_y274__t256.png
6.7496466636657715,6.505921840667725,7.936225891113281,8.041573524475098,7.479782581329346,0.10869422554969788,96.6554850073126,146.41395973394282,179.86221912145186,30.770571203775138,11.36074587898734,2.847575996266199,0.3511758777680458,150.0059378090533,142.52484610306982,134.67197225487968,data/tiles/train/H372/H372__Motorola_Edge_H372_02__x1071_y274__t256.png
6.5187153816223145,6.2065253257751465,7.571919918060303,7.502453327178955,6.484734535217285,0.11580395698547363,104.3902803175118,152.14290524300978,181.82924436972257,28.704500192898514,11.228014819678098,2.9457081223482406,0.3394769469565866,156.15446841916955,148.12949693978462,139.10280423836872,data/tiles/train/H372/H372__Motorola_Edge_H372_03__x42_y16__t256.png
7.1550517082214355,6.672479152679443,8.448166847229004,9.047749519348145,8.843552589416504,0.1078353151679039,84.47302168031787,146.45264230283357,180.26219252476906,34.940985198498076,11.125278077139575,2.8173733753332972,0.35494053033765866,146.88807425990655,139.22605181532703,132.05748820116463,data/tiles/train/H372/H372__Motorola_Edge_H372_03__x298_y16__t256.png
7.826035022735596,7.5924787521362305,9.42331314086914,10.115846633911133,8.955190658569336,0.08806994557380676,74.16864095696072,136.75769821740286,175.91863276714176,37.468248628856514,12.68988720262195,2.8108980659305276,0.3557581870792448,136.58675783135087,130.10892997721746,125.32039982703316,data/tiles/train/H372/H372__Motorola_Edge_H372_03__x554_y16__t256.png
7.518693923950195,7.043848991394043,8.739415168762207,8.877588272094727,8.39039421081543,0.09096432477235794,76.10798995094467,134.41549189201774,176.1631899205056,36.808789453285044,12.072213817984066,2.859798834785893,0.34967494490739864,136.09747553652954,129.73886716067665,124.7629794776137,data/tiles/train/H372/H372__Motorola_Edge_H372_03__x810_y16__t256.png
7.410106182098389,6.951530456542969,8.576526641845703,8.689469337463379,8.180176734924316,0.08174213021993637,87.9791869993034,151.89944681152426,185.04930826816772,35.58135538871786,11.47033003328327,2.6125419081139603,0.38276897947329674,149.34876099935747,143.86915563369143,138.8984810204542,data/tiles/train/H372/H372__Motorola_Edge_H372_03__x1066_y16__t256.png
6.6496782302856445,6.206499099731445,7.703327178955078,8.183053016662598,6.921557903289795,0.11989440768957138,101.15868304631005,152.86354482692414,182.62238748273867,30.2245021920279,10.721847535700245,2.9156472149901798,0.34297702234300254,156.00540154053,147.52372792456674,138.3764985053402,data/tiles/train/H372/H372__Motorola_Edge_H372_03__x42_y272__t256.png
7.371242523193359,6.797302722930908,8.7083740234375,9.351937294006348,8.287385940551758,0.11066506803035736,77.03831889081532,134.27896739513682,175.07279110779095,35.59545132783665,11.786853846245656,2.821663578274493,0.3544008604355028,137.7311112214712,130.1397253421431,123.37249460522621,data/tiles/train/H372/H372__Motorola_Edge_H372_03__x298_y272__t256.png
7.46615743637085,6.799036502838135,8.525141716003418,9.560178756713867,8.973115921020508,0.09241373836994171,73.90434967711658,137.08537424653164,173.30937027176003,36.43701806011747,11.467177385016534,2.8381274822918883,0.3523449902230835,136.136826244501,129.4988977086041,124.6397960807338,data/tiles/train/H372/H372__Motorola_Edge_H372_03__x554_y272__t256.png
6.4323554039001465,5.786680221557617,7.653987884521484,8.959370613098145,9.688272476196289,0.10328387469053268,62.727367613990566,126.1056820524028,176.29694702097723,42.74830182972472,8.774979164026341,2.7716257631649595,0.36079907081614276,129.12886971296643,122.29393462231954,117.02155450255258,data/tiles/train/H372/H372__Motorola_Edge_H372_03__x810_y272__t256.png
6.780544757843018,6.397539138793945,8.385269165039062,9.536857604980469,9.694631576538086,0.09153320640325546,78.29957642197421,142.18638709431022,181.87203506603475,37.93263236124231,10.091492054295959,2.824220915320702,0.35407994982802043,142.21275680938498,136.03651046200048,130.41864540641126,data/tiles/train/H372/H372__Motorola_Edge_H372_03__x1066_y272__t256.png
6.550876140594482,6.216329097747803,7.86094856262207,8.082473754882812,6.829891204833984,0.11064119637012482,99.77528784337176,149.91513013894703,181.65447716230383,30.296221410122534,11.091708393735491,2.6490927654333962,0.3774877244951436,153.07750697343513,145.37290427827327,137.29467449559135,data/tiles/train/H372/H372__Motorola_Edge_H372_04__x38_y17__t256.png
6.903466701507568,6.703881740570068,8.42033863067627,8.920600891113281,8.583691596984863,0.09776251018047333,78.96319304682689,134.00295927390425,175.31818583422464,35.68108751183534,11.260270638762924,2.8493852990435466,0.3509528880968362,137.26638986259798,130.1867911807781,124.8211945560393,data/tiles/train/H372/H372__Motorola_Edge_H372_04__x294_y17__t256.png
6.4691972732543945,5.944090843200684,7.582762241363525,8.79126262664795,8.678081512451172,0.0850597470998764,74.05815489500925,137.43313812153121,178.69059565636516,38.433752792428166,9.487270962445288,2.810031109941026,0.3558679462523769,136.92054082794593,130.55602290508517,126.74929895046658,data/tiles/train/H372/H372__Motorola_Edge_H372_04__x550_y17__t256.png
6.445009231567383,6.4562201499938965,8.565038681030273,9.703718185424805,9.739259719848633,0.08633387833833694,63.84548558155799,131.44756746274302,169.81810698040985,39.19065758346532,10.031210175133426,2.873190012648059,0.3480452025789814,129.26487675193803,122.96822924756567,119.55696936395714,data/tiles/train/H372/H372__Motorola_Edge_H372_04__x806_y17__t256.png
6.712894439697266,6.328813076019287,8.04655933380127,8.847326278686523,8.504380226135254,0.08459991961717606,87.51399609015647,151.06809853517547,181.71505503698722,34.25244952197544,10.067187606959145,2.913749378926613,0.3432004163544041,149.32291824865354,142.50767451912785,137.69790517465418,data/tiles/train/H372/H372__Motorola_Edge_H372_04__x1062_y17__t256.png
7.018591403961182,6.298689365386963,7.771731853485107,7.561941623687744,6.597660541534424,0.07671820372343063,101.0687413629601,152.87666954501154,183.54956272155493,30.17417647603149,11.043279092302289,2.769186485769191,0.3611168858215167,153.1382227219604,147.86789129674807,142.61018411502863,data/tiles/train/H372/H372__Motorola_Edge_H372_04__x38_y273__t256.png
7.435793399810791,7.35400915145874,9.157641410827637,9.21116828918457,7.884243965148926,0.09091142565011978,80.47066779547474,136.18431325505512,174.96118367993896,34.78109993387637,12.640484395796088,2.8661383459383747,0.3489015111280679,138.45459419944137,131.6521861707956,126.76100920161406,data/tiles/train/H372/H372__Motorola_Edge_H372_04__x294_y273__t256.png
7.203558921813965,6.950024127960205,8.81393814086914,9.454094886779785,9.65023422241211,0.09466449916362762,69.03867410473812,129.39489123547312,171.93669298316377,37.5947884017945,11.382655017786883,2.7486183259598143,0.3638191561757856,130.78094668293298,123.61857366933556,119.40705263540467,data/tiles/train/H372/H372__Motorola_Edge_H372_04__x550_y273__t256.png
7.610095024108887,6.84614896774292,8.573974609375,9.51866626739502,9.823055267333984,0.08242716640233994,72.31598334288252,135.8490769446527,174.13447360632026,38.066593315855805,11.266603697950174,2.9159808286666666,0.3429377827759075,134.94438724887652,128.45658518714936,125.08935487869006,data/tiles/train/H372/H372__Motorola_Edge_H372_04__x806_y273__t256.png
6.774363994598389,6.445252418518066,8.247447967529297,9.239740371704102,9.727394104003906,0.09640830755233765,71.7240597109075,133.23234086784421,176.50101301405184,38.72118732771279,10.483204109079471,2.88317360329306,0.3468400233887529,134.96079470114603,127.98365317639032,123.14114501981174,data/tiles/train/H372/H372__Motorola_Edge_H372_04__x1062_y273__t256.png
4.936741828918457,4.796193599700928,6.325933933258057,6.92443323135376,6.169677257537842,0.24918918311595917,140.73220003704617,180.7144395490346,215.95750449245193,27.607317799081123,8.703413764217748,2.7657608669431086,0.36156415833060157,199.8982328842348,183.7860168742932,155.14188459419654,data/tiles/train/H372/H372__Samsung_A52_H372_01__x111_y202__t256.png
5.319083213806152,5.4629292488098145,6.880781650543213,6.592895984649658,5.905089378356934,0.27096137404441833,123.51168959150846,164.22628209516597,200.3802416394441,27.800942830612126,9.716365362700632,2.7163703927108798,0.36813830789917473,182.89709002317696,166.99449604376994,138.76180427858452,data/tiles/train/H372/H372__Samsung_A52_H372_01__x367_y202__t256.png
5.714841365814209,5.78153657913208,7.331281661987305,7.3171772956848145,7.1735124588012695,0.28108325600624084,114.53293670148707,156.357108496751,192.3173016978338,28.701618126505483,10.215498439972958,2.880901148083023,0.34711361084548453,174.87564159380943,159.15880240640777,131.2784343978201,data/tiles/train/H372/H372__Samsung_A52_H372_01__x623_y202__t256.png
5.918209552764893,5.7055253982543945,7.25324010848999,7.616573810577393,7.202019214630127,0.29615575075149536,111.67770891320684,154.56863510255207,191.92412176980045,29.95240180282285,10.327732973594639,2.9021067868924257,0.3445772583271477,174.16707302834936,157.47547960129197,128.72066497361104,data/tiles/train/H372/H372__Samsung_A52_H372_01__x879_y202__t256.png
6.0800886154174805,5.815099239349365,7.5507731437683105,7.9987969398498535,7.566695690155029,0.25442758202552795,122.87742948029836,172.29831822699657,207.32756256447382,30.586838100179307,10.224957753968658,2.6640930393691753,0.3753622659653012,188.28109085611666,172.55773054695433,145.35149839522828,data/tiles/train/H372/H372__Samsung_A52_H372_01__x1135_y202__t256.png
5.561596393585205,5.564069747924805,7.017989158630371,6.906019687652588,5.7000651359558105,0.26957234740257263,126.82438423263845,166.0997144103524,199.05091836529323,26.333837562864144,10.09284284800683,2.7471159124252025,0.3640181309703755,184.71546929392605,168.4886355694427,140.3646409772499,data/tiles/train/H372/H372__Samsung_A52_H372_01__x111_y458__t256.png
6.141194820404053,5.936355113983154,7.83178186416626,8.858116149902344,8.894164085388184,0.29196351766586304,90.1390265621049,143.1085743951953,184.6235022929446,34.50439062994903,9.96265737195274,2.806586345267314,0.3563047335729679,159.2436210944987,144.02201753967458,118.22377431191933,data/tiles/train/H372/H372__Samsung_A52_H372_01__x367_y458__t256.png
6.223392009735107,5.8922905921936035,7.89157772064209,8.944878578186035,8.712159156799316,0.28938233852386475,82.93965545180687,140.95977167188028,176.34928829875446,34.36917206713417,9.651041663302246,2.7179886182595867,0.3679191271376005,152.7419371529647,138.43308324230998,113.68848662041806,data/tiles/train/H372/H372__Samsung_A52_H372_01__x623_y458__t256.png
6.369422912597656,6.12811279296875,8.235527992248535,9.320599555969238,10.181657791137695,0.30563169717788696,74.52255110450061,132.43200433371865,180.62636749610283,39.272555300693305,9.922438624788429,2.699593940118083,0.3704260796926589,148.47653195480618,133.36665458142107,108.69024934683456,data/tiles/train/H372/H372__Samsung_A52_H372_01__x879_y458__t256.png
6.087252140045166,6.252638816833496,8.282790184020996,8.648643493652344,8.00180435180664,0.29944899678230286,100.58194579412198,150.282114480033,188.52056303432232,31.993090891769207,10.457261654381961,2.677337188203809,0.3735054383160782,167.8225654997329,151.15424595310452,123.6419761008461,data/tiles/train/H372/H372__Samsung_A52_H372_01__x1135_y458__t256.png
5.562274932861328,5.2875285148620605,6.696454048156738,6.939353942871094,6.317451477050781,0.27066823840141296,129.42990991949515,171.09199586198028,199.94495470108686,26.049103034985304,9.669641191826743,2.6451726330686136,0.3780471593795069,188.74353179333062,172.13482090804666,143.25888356073966,data/tiles/train/H372/H372__Samsung_A52_H372_01__x111_y714__t256.png
6.521310806274414,6.08814811706543,7.851817607879639,8.175227165222168,7.055916786193848,0.2767828404903412,109.11462913617379,159.1450174276648,192.6620197442412,30.849671884222502,10.845105363874085,2.816322314433707,0.3550729953297534,174.67349344760714,158.54002557709563,131.77371555479962,data/tiles/train/H372/H372__Samsung_A52_H372_01__x367_y714__t256.png
6.167337417602539,5.964605808258057,8.051928520202637,8.7484769821167,8.29640007019043,0.2723044753074646,85.07710559572074,144.0630739892074,182.60555676648823,35.883662510022745,9.715524568459557,2.660604425297153,0.37585444513733524,155.81731207998996,141.79728938252583,118.0853359405658,data/tiles/train/H372/H372__Samsung_A52_H372_01__x623_y714__t256.png
5.76254940032959,5.534168720245361,7.563735485076904,8.706747055053711,7.802041053771973,0.2612822949886322,97.49408070129603,150.37825140646314,185.72811014938557,32.24638826055759,9.150319429085538,2.6038364624853076,0.3840486967624383,163.14359760282727,149.05944492431243,125.06334383035289,data/tiles/train/H372/H372__Samsung_A52_H372_01__x879_y714__t256.png
6.017298221588135,5.670730113983154,7.451423168182373,8.056076049804688,7.809462547302246,0.28620606660842896,103.06946181912747,156.30282920514125,191.79745882084924,33.00991004617873,9.657883265241978,2.6654258226066165,0.3751745749285432,171.98908352013734,155.27527058688884,128.50751957935887,data/tiles/train/H372/H372__Samsung_A52_H372_01__x1135_y714__t256.png
4.181835651397705,4.168511390686035,5.594156742095947,6.206409931182861,6.1862406730651855,0.24658843874931335,146.61055239150085,183.99168306498572,210.21223756328882,23.402938041243598,7.359750277425074,2.795872914477901,0.3576700481705332,201.2028026434051,186.07585305767023,156.50581438347584,data/tiles/train/H372/H372__Samsung_A52_H372_02__x130_y198__t256.png
5.699621677398682,5.708968162536621,7.755217552185059,8.267699241638184,8.06964111328125,0.270813524723053,107.90941657824585,160.53503134982176,196.49855944810966,32.393086730824145,9.590992747886375,2.9889475416602926,0.3345659253171511,175.62970761101633,160.786297147832,133.23386058318613,data/tiles/train/H372/H372__Samsung_A52_H372_02__x386_y198__t256.png
5.983644008636475,5.45919942855835,7.268013954162598,7.933070182800293,7.76303768157959,0.25934070348739624,111.99289332932744,160.78554512140758,195.9819220988311,30.762819791510953,9.286353917703382,2.7083453751872377,0.3692291275557374,175.8403578617222,161.94502412140375,134.97195249058834,data/tiles/train/H372/H372__Samsung_A52_H372_02__x642_y198__t256.png
5.61759614944458,5.425252914428711,7.0832624435424805,7.36179256439209,6.466518878936768,0.2879827320575714,108.58580213656886,151.92893373456778,189.4345178985684,29.366865012307233,9.524688309281016,2.645032778072424,0.37806714846413103,170.53724095845544,155.25494076035577,127.06551088997401,data/tiles/train/H372/H372__Samsung_A52_H372_02__x898_y198__t256.png
4.849743366241455,4.591651439666748,6.400097370147705,7.443121910095215,6.917874813079834,0.23475973308086395,126.82781233744758,174.6413140743053,208.13607983174703,29.379131596878025,7.50838789047262,2.782266023253442,0.3594192617248908,188.84192372435334,175.15031601642946,148.7205277690294,data/tiles/train/H372/H372__Samsung_A52_H372_02__x1154_y198__t256.png
5.020990371704102,4.98183536529541,6.806403636932373,7.825097560882568,7.391378402709961,0.2866247594356537,117.61097532719289,161.89756243457114,197.4145275383306,29.250108034255792,8.569479071474893,2.8362724575553973,0.35257543658619694,180.31222301003348,164.47423783481722,134.51865347541974,data/tiles/train/H372/H372__Samsung_A52_H372_02__x130_y454__t256.png
6.802942752838135,6.885733127593994,9.081497192382812,9.366691589355469,7.57004451751709,0.31440722942352295,83.16779123517297,133.76207643173564,174.21769650820076,33.456305198280546,12.07775354874359,2.6109562792315435,0.3830014343611759,150.25090068574377,135.2511821596073,108.91502989310611,data/tiles/train/H372/H372__Samsung_A52_H372_02__x386_y454__t256.png
6.474453926086426,6.257513999938965,8.243935585021973,8.765748023986816,8.773458480834961,0.30890244245529175,75.31433534019529,131.28818746698803,174.07585909350982,35.70115628183765,10.44436139527398,2.96953365911319,0.33675321272453135,145.6799129333998,131.23989775528068,106.22813210692233,data/tiles/train/H372/H372__Samsung_A52_H372_02__x642_y454__t256.png
6.702853202819824,6.362401008605957,8.577030181884766,9.59535026550293,8.307851791381836,0.3107288181781769,71.61624497480925,127.42952229780913,169.05360591541344,36.07323513991455,10.735063641899606,2.6370985840901895,0.3792046327100071,141.55238166111124,127.28073276894716,103.03560467028075,data/tiles/train/H372/H372__Samsung_A52_H372_02__x898_y454__t256.png
6.546379089355469,6.38511848449707,8.472250938415527,9.107412338256836,8.042926788330078,0.2746586203575134,89.15312780454188,144.34273188326162,179.9224904111053,33.210823010215464,10.828282510469544,2.8229381843229033,0.354240842237874,156.5762544283316,142.53937936605263,118.3555702011999,data/tiles/train/H372/H372__Samsung_A52_H372_02__x1154_y454__t256.png
5.356645107269287,5.137794494628906,6.89824914932251,7.575211524963379,7.149155139923096,0.2750561535358429,127.40054759044864,172.9968958415624,202.63238169176626,27.59365067255153,9.031201604539863,2.8280303055158895,0.35360299995709554,189.75376842012602,173.69186092463275,143.29322892756093,data/tiles/train/H372/H372__Samsung_A52_H372_02__x130_y710__t256.png
6.893862724304199,6.629397869110107,8.880821228027344,9.926161766052246,9.075502395629883,0.3025961220264435,88.13662321887756,146.63750030285817,186.4462639479032,36.37959181202744,11.283915714028192,2.8400004785536597,0.35211261672366856,161.6099267574021,145.94565837367892,118.62323759844291,data/tiles/train/H372/H372__Samsung_A52_H372_02__x386_y710__t256.png
6.461564064025879,5.855495452880859,7.858769416809082,8.900362014770508,8.7424955368042,0.2888527810573578,80.05573182258473,145.78328820515867,181.42078033578568,37.143985654104135,9.095792898911748,2.7753123188072193,0.3603198073324528,156.82725643105053,142.31987747074487,116.78001345462974,data/tiles/train/H372/H372__Samsung_A52_H372_02__x642_y710__t256.png
6.557795524597168,6.245303630828857,8.468022346496582,9.523093223571777,9.087296485900879,0.2739007771015167,83.76317454312822,144.258178270258,183.8934913733457,36.32012557281514,10.233265287168285,2.809583570701549,0.3559246325427157,155.82531000388713,142.12545176359313,117.86155531313959,data/tiles/train/H372/H372__Samsung_A52_H372_02__x898_y710__t256.png
6.570147514343262,6.3126702308654785,8.437093734741211,9.520082473754883,8.515226364135742,0.2543274164199829,95.94858273497225,153.07334962183472,190.35747509972634,34.54412593499759,10.593811793461647,2.7902773457334336,0.35838731283436154,165.15293789144394,151.42498297772096,127.50541656645174,data/tiles/train/H372/H372__Samsung_A52_H372_02__x1154_y710__t256.png
5.876882553100586,5.173918724060059,6.460628986358643,6.929579734802246,6.315680503845215,0.32238078117370605,95.431305619277,139.68788116385934,176.9210530005703,30.321015286538092,9.54405697946517,2.8919944514928297,0.345782129520963,150.18848133113534,154.43085156682744,109.91050609723794,data/tiles/train/H374/H374__Motorola_Edge_60_fusion_H374_01__x67_y37__t256.png
5.491937637329102,4.944561004638672,6.374730110168457,7.204689025878906,7.160543918609619,0.31073999404907227,97.27835700277762,154.96670161323536,181.73930209419805,31.21915856014421,7.869922496179355,2.7839614296652755,0.3592003787639519,158.93139587252836,163.62584646011558,118.0054111754849,data/tiles/train/H374/H374__Motorola_Edge_60_fusion_H374_01__x323_y37__t256.png
6.017119884490967,5.417803764343262,6.423645973205566,6.561605453491211,5.687159061431885,0.33208712935447693,108.4086515156813,147.95352265929202,176.3121071870551,25.002743047855517,10.257658756515395,2.9018715620164963,0.34460518966080805,159.6490608845799,162.07316152299504,113.95334821698145,data/tiles/train/H374/H374__Motorola_Edge_60_fusion_H374_01__x579_y37__t256.png
6.428524971008301,6.011042594909668,7.292745590209961,6.735479354858398,5.017840385437012,0.3287767767906189,106.54014058696396,144.9968883698157,176.9713565382547,25.9518262741944,11.668273107404024,2.622499256556897,0.381315646706001,157.5903436114173,160.02664087705628,112.90756714483325,data/tiles/train/H374/H374__Motorola_Edge_60_fusion_H374_01__x835_y37__t256.png
5.646580696105957,5.386318206787109,6.890479564666748,7.036420822143555,5.765385150909424,0.3318650424480438,94.04704506076023,134.88000835664377,164.19543116723622,25.919363932008398,9.580460146210326,2.672736409410099,0.374148380842655,144.62662140500464,147.95749065971685,104.09296830898468,data/tiles/train/H374/H374__Motorola_Edge_60_fusion_H374_01__x1091_y37__t256.png
5.553162097930908,5.0719099044799805,6.483992099761963,7.109856605529785,6.286859512329102,0.34387844800949097,96.80959357125401,143.70447474839415,171.27572653812908,27.636786495442863,8.93477711309051,2.8193376435253326,0.3546932387812864,152.82570320300835,155.43766945252042,107.77892176872905,data/tiles/train/H374/H374__Motorola_Edge_60_fusion_H374_01__x67_y293__t256.png
5.462456703186035,5.278738021850586,5.905942916870117,5.146788597106934,3.5365684032440186,0.3387976586818695,118.54401552111013,146.2756590922102,173.16073551673435,20.107929291055633,10.37442009715324,2.5359298437728226,0.39433267543089945,160.95522799339227,163.61409074571606,114.12488953452451,data/tiles/train/H374/H374__Motorola_Edge_60_fusion_H374_01__x323_y293__t256.png
4.887848377227783,4.395622253417969,4.994069576263428,4.963420867919922,4.710745811462402,0.32058876752853394,124.55002713300799,157.57586301262344,184.93821116736004,22.33726528656401,8.195037574272613,2.8796728803473486,0.34726166531782565,170.7306161849808,174.17428043828124,124.18387720666065,data/tiles/train/H374/H374__Motorola_Edge_60_fusion_H374_01__x579_y293__t256.png
5.714766502380371,5.165133476257324,6.287252902984619,6.433154106140137,5.792980194091797,0.3210137188434601,109.93141462061517,152.3248917649813,179.31353557479562,25.466678889916388,9.49591672513372,2.8766690610292978,0.3476242761279572,162.26263468408246,165.2563473834359,117.68209862275252,data/tiles/train/H374/H374__Motorola_Edge_60_fusion_H374_01__x835_y293__t256.png
4.615181922912598,4.1077752113342285,5.284177303314209,5.7085065841674805,5.2337188720703125,0.31181928515434265,94.93812076132942,147.87571823447215,170.0460356243395,27.827284071395333,6.385938360945747,2.943600231075841,0.3397200439933772,152.04119147870196,155.95453783428573,112.30217130300566,data/tiles/train/H374/H374__Motorola_Edge_60_fusion_H374_01__x1091_y293__t256.png
5.130669593811035,4.936270236968994,6.095330238342285,6.349348068237305,5.2658538818359375,0.35593381524086,96.60470445339662,132.56294249824415,160.2262271423536,23.424502049708863,8.980857386291381,2.742889951937781,0.3645789723694623,144.72852011176266,146.76181570991315,100.365727393777,data/tiles/train/H374/H374__Motorola_Edge_60_fusion_H374_01__x67_y549__t256.png
4.772035598754883,4.6081390380859375,5.175811290740967,4.838312149047852,3.643390417098999,0.35088175535202026,115.47302019617871,141.75830019859237,166.78475305548716,19.207419042284315,8.86989438719971,2.9618363010679203,0.33762838264877765,156.90260367660093,158.93751944633976,109.30781503588825,data/tiles/train/H374/H374__Motorola_Edge_60_fusion_H374_01__x323_y549__t256.png
5.167934417724609,4.974418640136719,5.8012566566467285,5.589536190032959,4.6996331214904785,0.3381413519382477,113.1273284222143,143.36445103066873,176.59904647938797,23.157363228870537,9.544304583759892,2.810772467131607,0.355774084061845,158.84891986647065,161.34352615814865,112.64082165398348,data/tiles/train/H374/H374__Motorola_Edge_60_fusion_H374_01__x579_y549__t256.png
5.595144271850586,5.18284273147583,6.397451877593994,6.791666030883789,5.830814838409424,0.3312305212020874,98.18374889401707,141.9179877471417,168.0204575581814,25.651917695501307,9.21709400462902,2.8425733121844363,0.3517939170517043,150.582766837892,153.631066025845,108.16650319378508,data/tiles/train/H374/H374__Motorola_Edge_60_fusion_H374_01__x835_y549__t256.png
4.660037994384766,3.855867862701416,4.960318088531494,5.573887825012207,5.427553176879883,0.33653199672698975,90.86926593520764,137.53350877578885,162.42329927831963,26.37221356245203,6.272513951128713,2.9425955704391327,0.33983603117120403,144.97045210242027,147.09796539779737,102.87315027410992,data/tiles/train/H374/H374__Motorola_Edge_60_fusion_H374_01__x1091_y549__t256.png
4.747076034545898,4.2709879875183105,5.353403568267822,5.796258449554443,5.890422344207764,0.33013787865638733,93.6644101289343,139.3440239782995,178.36177501479528,30.981532297632608,7.228575424637337,2.818444675107992,0.3548056163144958,150.79498890621798,154.72144398935504,109.10830421315487,data/tiles/train/H374/H374__Motorola_Edge_60_fusion_H374_02__x80_y24__t256.png
5.94543981552124,5.3363118171691895,6.80053186416626,7.554582595825195,7.223715782165527,0.32958948612213135,100.23594522725755,146.05051562425788,176.87998116830704,28.41626894481439,9.678400780145655,2.8355525015452803,0.3526649566372105,155.79023677355656,159.1691201764821,112.27722617813292,data/tiles/train/H374/H374__Motorola_Edge_60_fusion_H374_02__x336_y24__t256.png
6.287937164306641,5.496021747589111,6.754482269287109,7.279609680175781,6.567025661468506,0.31901615858078003,107.34734385862077,153.37826711047643,188.46702142543083,29.729910512514614,10.277906810511318,2.8464384037522126,0.35131622686153574,164.50523777077768,167.46318792415835,119.523289159528,data/tiles/train/H374/H374__Motorola_Edge_60_fusion_H374_02__x592_y24__t256.png
6.1807708740234375,5.434115409851074,6.620241641998291,7.1371283531188965,6.2714457511901855,0.3175821602344513,106.44541380658616,154.53974316133042,184.31951844671138,28.749494007791974,9.560673124506414,2.909797706907732,0.3436665021853732,163.37259070581186,166.97562018119856,119.43764207660975,data/tiles/train/H374/H374__Motorola_Edge_60_fusion_H374_02__x848_y24__t256.png
4.873314380645752,4.283649921417236,5.824761867523193,7.190374374389648,7.573866844177246,0.3281441628932953,93.53896386621943,147.06217215018546,177.65045905684715,30.863503703424524,6.8784648908705375,2.6652377492337416,0.37520104924504427,154.3642325912478,157.72328976262713,111.44350181209575,data/tiles/train/H374/H374__Motorola_Edge_60_fusion_H374_02__x1104_y24__t256.png
5.2390055656433105,4.776219367980957,5.941388130187988,6.264349460601807,5.694986820220947,0.33344385027885437,103.23669963639087,142.80192133017124,182.39586234599187,28.685268696539886,8.439977229849212,2.8315556869031573,0.35316275241391754,156.90609438270985,159.8010446608201,112.19633334579308,data/tiles/train/H374/H374__Motorola_Edge_60_fusion_H374_02__x80_y280__t256.png
6.204835414886475,5.661681652069092,6.72730827331543,6.623677730560303,5.313282489776611,0.32169800996780396,118.94027493268061,157.6971189435742,187.59350162545266,24.987548304092616,11.053000573995108,2.853458292038693,0.35045194204872576,170.37460899037646,173.02480194543028,123.07832766794822,data/tiles/train/H374/H374__Motorola_Edge_60_fusion_H374_02__x336_y280__t256.png
5.746453762054443,5.428963661193848,6.324474811553955,6.0433478355407715,4.959123134613037,0.3295063376426697,125.41172980622996,156.42367186717797,189.07954792456135,23.19299067281544,10.801908031826944,2.840398586110321,0.352063264955153,172.79301832517433,175.15249420921236,123.49907846095942,data/tiles/train/H374/H374__Motorola_Edge_60_fusion_H374_02__x592_y280__t256.png
5.6216206550598145,5.488700866699219,6.527039051055908,6.413957118988037,5.368655204772949,0.33581212162971497,117.14700289122878,154.3533344912738,182.17737928287866,23.931615044745037,10.324161716831885,2.9308052370573265,0.3412031571924068,167.38652581435812,169.75848624174074,118.81867861332888,data/tiles/train/H374/H374__Motorola_Edge_60_fusion_H374_02__x848_y280__t256.png
5.372386455535889,5.006983280181885,6.7311882972717285,7.5911407470703125,6.825842380523682,0.3477018177509308,94.24107068195481,144.14630079747235,171.21874521333362,28.650361583652835,8.473082438936405,3.0154361685040674,0.3316269833349156,153.06959311459326,155.12409235273662,107.11468412702712,data/tiles/train/H374/H374__Motorola_Edge_60_fusion_H374_02__x1104_y280__t256.png
5.450050354003906,5.247710227966309,6.722433567047119,7.217448711395264,6.41377592086792,0.3533540964126587,84.11317512211549,124.25868043777149,165.58451982971826,29.31732400319596,9.226704768506323,2.7039719396290587,0.3698263230265562,137.26571627737914,139.732824417769,95.87872219631141,data/tiles/train/H374/H374__Motorola_Edge_60_fusion_H374_02__x80_y536__t256.png
5.700381755828857,5.617737770080566,6.854593276977539,6.970547199249268,6.034836292266846,0.3487124443054199,101.15024192005698,140.01841383194187,172.90783274551828,26.45437341752472,10.27327542933057,2.7645949484625927,0.3617166415485588,153.3263311414135,155.40835349338295,107.17827551757148,data/tiles/train/H374/H374__Motorola_Edge_60_fusion_H374_02__x336_y536__t256.png
5.6815876960754395,5.4155354499816895,6.4229960441589355,6.317958354949951,5.352385520935059,0.34073472023010254,112.30982663661223,147.24565736169063,181.5790673532587,25.374833823763108,10.231561869480515,2.8419637537463593,0.351869371550489,162.1514896983633,164.77078080099506,114.6903816687874,data/tiles/train/H374/H374__Motorola_Edge_60_fusion_H374_02__x592_y536__t256.png
5.457912445068359,4.9078240394592285,6.329168796539307,7.491230487823486,7.253157138824463,0.3401188850402832,96.46449435588012,143.84384072775143,178.6340054021465,30.079143850809277,8.748678779318075,2.8262208952763426,0.35382938455779195,154.50852435460945,157.16268725029897,109.50074380431573,data/tiles/train/H374/H374__Motorola_Edge_60_fusion_H374_02__x848_y536__t256.png
5.51535177230835,5.1683759689331055,6.728389263153076,7.4202985763549805,5.9317498207092285,0.3704647421836853,87.89866716714072,128.5814875150696,158.04968617167697,25.88071667455344,9.263241351033155,2.752321705749497,0.3633296201933944,140.4702483551878,141.7344957534043,95.29860191204189,data/tiles/train/H374/H374__Motorola_Edge_60_fusion_H374_02__x1104_y536__t256.png
5.239208698272705,4.733221054077148,6.251945972442627,7.11343240737915,6.6917219161987305,0.3437136709690094,98.61741553374713,145.0240128656601,171.42374758624703,26.717172035025225,8.3219306209781,2.862290142332953,0.3493705914750259,154.5828302074955,156.41515300690256,108.49745581202895,data/tiles/train/H374/H374__Motorola_Edge_60_fusion_H374_03__x216_y59__t256.png
6.25563383102417,5.7192230224609375,7.20583963394165,7.608526229858398,6.621851921081543,0.3250434100627899,103.70925648656241,148.96529491371294,181.2243011216364,28.239221314022895,10.536306286830301,2.8069454116472845,0.3562591548273608,159.4714967833278,162.04273707863473,114.8482329470918,data/tiles/train/H374/H374__Motorola_Edge_60_fusion_H374_03__x472_y59__t256.png
6.074834823608398,5.274898529052734,6.379720687866211,6.568320274353027,5.9707231521606445,0.3177841305732727,105.53330314625981,152.32192736227702,186.0034965524859,29.488591001033154,9.468772976376115,2.8564656298124005,0.35008298001669824,162.88901252707075,165.90025663960336,118.61955172830375,data/tiles/train/H374/H374__Motorola_Edge_60_fusion_H374_03__x728_y59__t256.png
5.9391703605651855,5.490513801574707,6.9311933517456055,7.456867218017578,6.789887428283691,0.33192741870880127,99.20210199490948,143.31503053495257,177.49549837185828,28.957724429578036,9.899811491453194,2.694740889709397,0.3710931926029596,155.04821806524524,157.16906765969892,110.53844096997521,data/tiles/train/H374/H374__Motorola_Edge_60_fusion_H374_03__x984_y59__t256.png
6.227093696594238,5.752225875854492,7.371933937072754,7.658586502075195,6.919649124145508,0.32436853647232056,96.37686012127041,144.18846141053803,176.45370537278868,30.329649651787452,10.42553352033622,2.692688432906463,0.37137605219353553,153.91008660740138,156.8525663982096,111.34665510805357,data/tiles/train/H374/H374__Motorola_Edge_60_fusion_H374_03__x216_y315__t256.png
6.468496322631836,5.947718620300293,7.176465034484863,7.380398273468018,6.401998043060303,0.32002151012420654,111.72570612471269,153.86966821537604,187.98893753625325,28.153383343414703,11.161361969645567,2.7697062624746054,0.3610491168498662,166.20765099451899,169.07143843743566,120.56817709021782,data/tiles/train/H374/H374__Motorola_Edge_60_fusion_H374_03__x472_y315__t256.png
4.555516242980957,4.301108360290527,5.364138603210449,5.583431720733643,5.086735725402832,0.31508493423461914,122.22339205532221,165.23058226489766,191.0816625389243,25.26419749999763,7.409922618455826,2.653048455376293,0.3769248910526083,175.67557086670476,178.84182979040352,128.3542065939402,data/tiles/train/H374/H374__Motorola_Edge_60_fusion_H374_03__x728_y315__t256.png
6.122243881225586,5.73904275894165,7.28712797164917,8.168652534484863,7.425223350524902,0.32206785678863525,102.15892459239667,147.14238776689186,183.18552021379375,29.56276362230849,10.464363378320463,3.0377949436937737,0.3291861427565815,158.83130831561527,161.2223889155939,114.71030103643074,data/tiles/train/H374/H374__Motorola_Edge_60_fusion_H374_03__x984_y315__t256.png
4.268915176391602,4.1028313636779785,4.145134449005127,3.1059255599975586,1.7060401439666748,0.19576328992843628,124.7974434348506,142.26711332620573,161.9814871647632,13.848036495614874,8.375228626652483,2.8581167627123745,0.34988073722047397,156.688332658573,143.56672474988775,128.69729176547213,data/tiles/train/H405/H405__Motorola_Edge_H405_01__x31_y15__t256.png
5.736169338226318,5.514338970184326,5.656407833099365,4.572932720184326,2.5310795307159424,0.2048066109418869,107.8425657516048,132.67040429910233,159.10870529056987,18.821359727481923,11.118672217888443,2.8371691919788784,0.3524639992662956,146.78708386149063,133.5281577158876,119.49265655146739,data/tiles/train/H405/H405__Motorola_Edge_H405_01__x287_y15__t256.png
5.970789909362793,5.498514652252197,5.734432220458984,5.029177665710449,3.871002674102783,0.20387600362300873,101.80483506053069,129.7730446783241,158.6314021073256,20.72378458559023,11.053421997796686,2.9178918990600873,0.3427131760166031,143.35908937743142,130.00107682041846,116.84150352922306,data/tiles/train/H405/H405__Motorola_Edge_H405_01__x543_y15__t256.png
5.8423662185668945,5.364701747894287,5.354351043701172,4.103043556213379,2.4041388034820557,0.20063893496990204,107.72586524881719,133.52061584643596,157.11258164196013,18.124695686483584,10.965487757700188,2.6266092711482236,0.380718979021516,146.44313900571981,133.0751216990297,119.74083353952962,data/tiles/train/H405/H405__Motorola_Edge_H405_01__x799_y15__t256.png
4.412178993225098,4.187051773071289,4.378988265991211,3.5155670642852783,2.3875913619995117,0.19663545489311218,121.1117138180045,142.33779675431467,162.28391144615588,15.157964149758723,8.576306481747814,2.8015737094094098,0.35694224165560384,155.78829625120434,142.4661006572463,127.85911619869246,data/tiles/train/H405/H405__Motorola_Edge_H405_01__x1055_y15__t256.png
4.700585842132568,4.556834697723389,4.6863908767700195,3.379640579223633,1.8402868509292603,0.19777192175388336,122.09536226983892,140.8285327746565,163.01196127843295,15.109773461321227,9.340501175473237,2.8605017161710844,0.3495890229139757,155.51169522798622,142.2653470822724,127.47724125020201,data/tiles/train/H405/H405__Motorola_Edge_H405_01__x31_y271__t256.png
5.441647052764893,5.0992889404296875,5.138417720794678,3.686912775039673,1.843213677406311,0.20483344793319702,110.40885145363548,132.3629491367071,156.08881319386828,16.72793585830517,10.584539123697693,2.689576935893646,0.37180568685525905,146.4375627556322,133.32451383939744,119.19747804189873,data/tiles/train/H405/H405__Motorola_Edge_H405_01__x287_y271__t256.png
5.966911315917969,5.434082984924316,5.640501022338867,4.743678092956543,2.8423147201538086,0.20765484869480133,100.68447030246631,126.17240081412382,153.99321476080942,19.366904250022074,11.210548481848328,2.846013999668581,0.3513686159366926,139.96185048155525,126.70704333961366,113.63768322649135,data/tiles/train/H405/H405__Motorola_Edge_H405_01__x543_y271__t256.png
5.488849639892578,5.105918884277344,5.0995965003967285,3.9997336864471436,2.597505807876587,0.20991671085357666,105.33226590444526,129.04138496651822,152.9829221834717,17.415017269039947,10.517817305262486,2.6727427543694255,0.3741474926328732,142.75931637909196,129.2722805661243,115.63358574859429,data/tiles/train/H405/H405__Motorola_Edge_H405_01__x799_y271__t256.png
4.565500736236572,4.349570274353027,4.338192462921143,3.288712739944458,2.2046124935150146,0.2028047889471054,118.28685901815948,138.2835827257604,157.87246391233117,14.77084365587968,8.969925232628366,2.699323313980435,0.37046321751113065,152.122233919504,138.66148880665472,124.07698877317024,data/tiles/train/H405/H405__Motorola_Edge_H405_01__x1055_y271__t256.png
5.024777889251709,4.683098316192627,4.8669114112854,3.88700532913208,2.7586374282836914,0.18286950886249542,107.06324469592873,130.00915482155065,152.06529733576792,16.62283851279243,9.555053507100085,2.7708736290980025,0.3608970071744225,141.67284137560944,130.02108924865007,117.9417833088297,data/tiles/train/H405/H405__Motorola_Edge_H405_02__x45_y14__t256.png
6.00038480758667,5.586683750152588,5.797128200531006,4.522960186004639,3.040524482727051,0.17782534658908844,95.3824581234391,122.9563227029331,148.58428171518474,19.434568309710233,11.439146452977454,2.895717703854009,0.3453375301981495,133.4922509215645,122.45108965870719,111.70014160566095,data/tiles/train/H405/H405__Motorola_Edge_H405_02__x301_y14__t256.png
6.067983150482178,5.762320041656494,6.268444538116455,5.4296464920043945,3.692338228225708,0.18139532208442688,87.06191731979504,117.94943490194606,146.59501837175083,21.635883787266142,11.42829911061452,2.8796991550618283,0.34725849686146454,128.3074676065296,117.00998420975483,107.00447033509171,data/tiles/train/H405/H405__Motorola_Edge_H405_02__x557_y14__t256.png
5.284168720245361,4.848097324371338,5.0460920333862305,4.2239508628845215,2.777498960494995,0.18271754682064056,98.27019270600321,123.85566975075785,146.29279188903467,17.6550498341889,9.902218273349856,2.677275369429699,0.37351406262442677,134.4664417595185,122.99728403721656,111.96600891203175,data/tiles/train/H405/H405__Motorola_Edge_H405_02__x813_y14__t256.png
4.661608695983887,4.3960466384887695,4.553069114685059,3.489337921142578,2.2435903549194336,0.17785124480724335,108.70465212202294,130.82409945794282,150.6941883025568,15.520443202582058,8.954357436231412,2.7831043819473273,0.3593109933233276,141.95649892341652,130.46990344932584,118.76532919878673,data/tiles/train/H405/H405__Motorola_Edge_H405_02__x1069_y14__t256.png
4.964654922485352,4.696094036102295,4.919845104217529,4.089226245880127,2.6851792335510254,0.18009606003761292,107.85865714104771,130.98707327192645,153.14078836944847,16.57246368403739,9.435826633931327,2.883265001262658,0.3468290287441749,142.51037115508376,131.00567679211153,118.95034872286139,data/tiles/train/H405/H405__Motorola_Edge_H405_02__x45_y270__t256.png
6.130629539489746,5.590625762939453,6.033463478088379,5.095226287841797,3.300791025161743,0.1800469160079956,92.31588930353831,121.2299319556836,148.96960718798377,20.689528559183486,11.394088936704692,2.8054695054321117,0.3564465762553264,132.05579196150242,120.83707958955173,110.26088561117238,data/tiles/train/H405/H405__Motorola_Edge_H405_02__x301_y270__t256.png
6.07420539855957,5.595417499542236,5.900862693786621,4.870904445648193,3.140103340148926,0.1803792417049408,89.99435352937515,118.1638934214085,144.86667694344456,20.078555678385907,11.179405457782865,2.815026889003856,0.3552363936224661,128.74240852229389,117.41590515366148,107.47943831841177,data/tiles/train/H405/H405__Motorola_Edge_H405_02__x557_y270__t256.png
5.736775875091553,5.3332390785217285,5.557964324951172,4.552392482757568,3.1177074909210205,0.18385200202465057,92.08782092112091,119.38253066851428,143.43107340981382,18.85351933933577,10.785634974127216,2.8665754872663602,0.3488483050392737,129.66342918890538,118.49673268659197,107.84595007574306,data/tiles/train/H405/H405__Motorola_Edge_H405_02__x813_y270__t256.png
4.554627895355225,4.284212589263916,4.510036945343018,3.4728193283081055,2.2564520835876465,0.18022683262825012,108.14732794059329,130.13454393383165,149.3196150872441,15.18073359748167,8.738265807185519,2.8255310067591903,0.3539157764001938,141.23760287907575,129.64003245215176,117.88259275177408,data/tiles/train/H405/H405__Motorola_Edge_H405_02__x1069_y270__t256.png
2.5570905208587646,2.738535165786743,3.1130361557006836,2.664788007736206,1.7752372026443481,0.17622558772563934,128.54861310609704,142.17711841915445,155.47930028162835,9.963377117518869,5.197118090712828,2.7308188640040005,0.366190527384073,154.14959999126776,143.08665900377912,129.10548958405838,data/tiles/train/H405/H405__Motorola_Edge_H405_03__x127_y15__t256.png
3.78747296333313,3.81500244140625,4.257956504821777,3.677021026611328,2.5932395458221436,0.18401016294956207,113.07955749012551,133.30730873699068,151.7196740569756,14.29061375928614,7.488619245996446,2.852772712967931,0.35053616274940913,144.65934628284234,133.87924559199658,120.20191263361959,data/tiles/train/H405/H405__Motorola_Edge_H405_03__x383_y15__t256.png
4.404205799102783,4.247625827789307,4.614578723907471,3.9576683044433594,2.606121778488159,0.18529948592185974,106.68834930353029,130.61734758767756,149.58285347154631,15.884404670599967,8.359909450045318,2.7922306059832485,0.35813660872321207,141.15149282313735,130.29330217776265,117.14939075937096,data/tiles/train/H405/H405__Motorola_Edge_H405_03__x639_y15__t256.png
4.155243873596191,4.128818511962891,4.326012134552002,3.270961284637451,2.1626884937286377,0.18562664091587067,111.49033038896823,132.11901617372322,149.68283793112144,14.102288975087689,8.149111872324532,2.9312770814973668,0.3411482340963741,143.29647086050136,132.34332092433885,118.88503322335168,data/tiles/train/H405/H405__Motorola_Edge_H405_03__x895_y15__t256.png
4.344665050506592,4.342278957366943,4.7973151206970215,3.9008350372314453,2.214168071746826,0.1752634346485138,113.50407304586533,137.74309889344875,157.5191896040575,16.171101043726793,8.52254271430897,2.865569282938641,0.34897079821238874,148.1481230671503,137.6406464990124,124.1963232365735,data/tiles/train/H405/H405__Motorola_Edge_H405_03__x1151_y15__t256.png
3.534471035003662,3.59542179107666,4.261410236358643,3.746253728866577,2.6750030517578125,0.19399413466453552,112.43921545636124,132.04249616422473,152.03208597939852,14.4893913446484,6.939568883722666,2.9831607995515896,0.33521491706056,144.4343039027587,133.29846134166579,118.79307857108068,data/tiles/train/H405/H405__Motorola_Edge_H405_03__x127_y271__t256.png
5.535999298095703,5.183831691741943,5.439550399780273,4.033263206481934,2.342557191848755,0.19585613906383514,94.33980188255278,119.6912567492207,142.983334516182,17.809791237947245,10.591715180737973,2.864129822923828,0.34914618464436664,130.56549628135028,120.12350852126757,107.2005418483528,data/tiles/train/H405/H405__Motorola_Edge_H405_03__x383_y271__t256.png
5.6966233253479,5.340578556060791,5.469141006469727,4.274226188659668,2.8883681297302246,0.19555670022964478,90.75564489611214,116.60329176396063,141.50770575429397,18.43079810322371,10.649930359898057,2.9140001836048945,0.3431708774852942,127.51440357628202,116.63577769656095,104.76985301550444,data/tiles/train/H405/H405__Motorola_Edge_H405_03__x639_y271__t256.png
4.958154678344727,4.680569171905518,4.725945472717285,3.4585964679718018,2.1905338764190674,0.193596750497818,95.55998776563308,119.76066338658934,139.9911347850704,16.38885496749236,9.240911811180116,2.868987265176512,0.3485550501174762,130.11172388260806,119.42271131119467,107.09746663587062,data/tiles/train/H405/H405__Motorola_Edge_H405_03__x895_y271__t256.png
5.349422454833984,5.139431953430176,5.395734786987305,4.325750350952148,2.846801519393921,0.19194087386131287,97.42627382789505,124.97143620620989,147.54596372298684,18.462072863892114,10.024181437554253,2.84200673493024,0.35186405004228327,135.24103177152367,124.72855232521042,111.47584611359767,data/tiles/train/H405/H405__Motorola_Edge_H405_03__x1151_y271__t256.png
1.9932000637054443,2.385120391845703,2.881943702697754,2.4078521728515625,1.8678364753723145,0.22605563700199127,159.0451222710595,175.22347456956035,187.37070390300786,10.50586215749055,4.11866272647075,2.8035782632938773,0.3566870285351395,192.75502418325854,176.57559782091056,153.37686602251762,data/tiles/train/H405/H405__Samsung_A52_H405_01__x128_y216__t256.png
2.514192819595337,2.856882095336914,3.3253333568573,2.881906509399414,1.900338053703308,0.24027886986732483,146.6236230289519,162.0307729682444,175.86351383573387,11.0871476712996,5.179473517685909,2.8076401732579965,0.35617099709739375,180.07524816653952,164.1075863245799,141.19954551773174,data/tiles/train/H405/H405__Samsung_A52_H405_01__x384_y216__t256.png
2.9484641551971436,3.17803955078125,3.568664073944092,3.16458797454834,2.1946654319763184,0.2560886740684509,136.12754587305787,153.380121304288,169.43079919560589,12.323253765214671,5.936669895043651,2.683929501969525,0.37258802783984396,171.59137715492017,155.65308508249583,132.3583474100224,data/tiles/train/H405/H405__Samsung_A52_H405_01__x640_y216__t256.png
3.0353221893310547,3.4127326011657715,3.8811872005462646,3.312894344329834,2.3893704414367676,0.2508343756198883,137.40768883966723,155.67836838147218,172.31035898318711,12.930361348800655,6.285446000488842,2.909556011176665,0.3436950504333429,173.8885688763496,157.48229957649292,134.90274975330064,data/tiles/train/H405/H405__Samsung_A52_H405_01__x896_y216__t256.png
3.0138866901397705,3.268115282058716,3.7023673057556152,2.8114168643951416,1.7826144695281982,0.2251703143119812,153.62011067435938,170.86611537584676,187.25419165109642,12.5313771004151,6.167345637598486,2.8399464886650767,0.35211931069519986,189.02859097311241,172.99293789437613,150.55616631895768,data/tiles/train/H405/H405__Samsung_A52_H405_01__x1152_y216__t256.png
2.589933156967163,3.018612861633301,3.5330681800842285,3.033582925796509,2.3567709922790527,0.2421017289161682,148.68754097725073,164.36611025861725,179.6731898408741,11.672885539663472,5.558815070418458,2.7051301886960566,0.3696679753820004,183.29805948418766,166.75183595360767,143.4706635454559,data/tiles/train/H405/H405__Samsung_A52_H405_01__x128_y472__t256.png
3.6871390342712402,3.8432037830352783,4.124374866485596,3.2072269916534424,2.1709988117218018,0.26416099071502686,127.79320039574291,146.13217723701385,164.51685187132702,13.740908317728014,7.378605734033457,2.816956415470991,0.35499306787563534,164.5860218328121,148.30317644324538,125.94505543074365,data/tiles/train/H405/H405__Samsung_A52_H405_01__x384_y472__t256.png
4.38328218460083,4.486428260803223,4.8651227951049805,4.122474670410156,2.699603319168091,0.27935025095939636,113.24984650168226,132.6433225738335,157.51026190865488,16.172607617424585,8.70663259460756,2.706086501837217,0.36953733715499476,151.91150866589223,135.7545301916403,114.46626068470692,data/tiles/train/H405/H405__Samsung_A52_H405_01__x640_y472__t256.png
4.528857231140137,4.644747257232666,5.23606538772583,4.385272979736328,2.6254215240478516,0.2823989689350128,113.64968021108474,134.56596145004391,159.99041732951426,17.126410452588708,9.070898177321485,2.74641403478826,0.3641111599828745,154.17370744544513,137.71817692093325,115.79675736045317,data/tiles/train/H405/H405__Samsung_A52_H405_01__x896_y472__t256.png
4.336104869842529,4.503051280975342,5.006270885467529,3.9570696353912354,2.2493183612823486,0.2567077875137329,130.21878972479573,150.0908090524703,174.5884537703428,16.500837052743492,8.835614741011497,2.7904981290102633,0.358358957350271,170.04516385895514,153.3432006195977,131.1510563648661,data/tiles/train/H405/H405__Samsung_A52_H405_01__x1152_y472__t256.png
2.817030429840088,3.1454825401306152,3.7856409549713135,3.314190626144409,2.1442267894744873,0.2417111098766327,149.39355324835506,166.09997341119558,182.68952346625017,12.326471955279146,5.937070961430743,2.7962833207338966,0.35761755348079166,185.11164433145345,168.50710498937565,144.9423888512096,data/tiles/train/H405/H405__Samsung_A52_H405_01__x128_y728__t256.png
3.716223955154419,3.897732973098755,4.313382148742676,3.618861198425293,2.5339152812957764,0.25268399715423584,132.6381911797507,152.27186194420676,172.6298089194175,14.956880155411746,7.555592518904652,2.9802552853840236,0.33554172520195497,171.0132816249053,154.51626756689768,132.43946355243682,data/tiles/train/H405/H405__Samsung_A52_H405_01__x384_y728__t256.png
4.432508945465088,4.574471950531006,5.133504390716553,4.208690643310547,2.645512819290161,0.2699185609817505,118.52095844458533,141.8380619809599,165.35065891711574,17.34005110618216,8.800403027053122,2.8229643401347344,0.35423756006505985,160.36215100809616,143.86384362529463,122.01227467640697,data/tiles/train/H405/H405__Samsung_A52_H405_01__x640_y728__t256.png
4.654618740081787,4.78080940246582,5.5871357917785645,5.165472030639648,3.6205897331237793,0.27313685417175293,116.41173300081556,141.73310508160864,170.03182212009503,19.81344020950846,9.138198865315095,2.810556804167616,0.35580138373903575,161.23257227607294,144.4608568390304,122.26850717985471,data/tiles/train/H405/H405__Samsung_A52_H405_01__x896_y728__t256.png
3.950378656387329,4.212536334991455,4.700367450714111,3.6995837688446045,2.3841071128845215,0.24650537967681885,137.32806693795817,157.78297221905834,180.54065292437326,16.12966404676904,8.153925930721412,2.7887708663138016,0.35858091178419416,177.24332202524891,160.33750531050225,138.1530038718793,data/tiles/train/H405/H405__Samsung_A52_H405_01__x1152_y728__t256.png
1.921047568321228,2.4307689666748047,3.1066291332244873,2.916435480117798,2.1573264598846436,0.22305935621261597,161.50460142375385,176.59456608880024,191.18900879057492,11.091064109838806,4.2412385563445785,2.5985384245159624,0.3848317156157785,195.19785214334922,178.8791913734456,155.7998711048794,data/tiles/train/H405/H405__Samsung_A52_H405_02__x89_y217__t256.png
2.317854642868042,2.7428975105285645,3.3262345790863037,3.0578091144561768,2.246241331100464,0.23587356507778168,152.93207609775735,168.7918553686667,182.51876507282108,11.034678107026854,4.807643504714359,3.014547119280908,0.3317247866533732,187.1489069068103,170.57622349794693,147.43122653654555,data/tiles/train/H405/H405__Samsung_A52_H405_02__x345_y217__t256.png
3.194610595703125,3.5592892169952393,4.292239189147949,3.9447896480560303,2.564159870147705,0.259671688079834,135.4566749732096,156.08807235770368,174.88598362673198,14.628500957322247,6.552471667752411,2.938564666183435,0.34030219294060504,174.7886817929372,158.1796858056447,134.339780640528,data/tiles/train/H405/H405__Samsung_A52_H405_02__x601_y217__t256.png
3.463068962097168,3.7035458087921143,4.410851001739502,4.016995906829834,2.890491485595703,0.26149728894233704,136.85166338511212,157.20183916005013,177.72802707140326,14.994655641163483,6.988908467427641,2.759877807112351,0.36233488215418347,176.66574572975148,159.9134422335819,135.51527065359573,data/tiles/train/H405/H405__Samsung_A52_H405_02__x857_y217__t256.png
3.341089963912964,3.6862728595733643,4.340161323547363,3.537578821182251,2.4324309825897217,0.23982533812522888,149.8959400087182,170.40388493926784,188.45168282617294,14.28292365372965,6.897588244206416,2.808804274694801,0.3560233829780318,189.04440727961483,172.45521087504397,148.2908463366076,data/tiles/train/H405/H405__Samsung_A52_H405_02__x1113_y217__t256.png
2.4540209770202637,2.8798906803131104,3.5405595302581787,2.9946444034576416,2.1611287593841553,0.2426045835018158,150.99098451497423,165.47932231390456,180.79533818640923,11.277805093116344,5.186717092713649,2.8195963316404473,0.35466069691550417,184.80751660558295,168.20541643965336,144.57027717717554,data/tiles/train/H405/H405__Samsung_A52_H405_02__x89_y473__t256.png
4.004594326019287,4.296117782592773,5.1429667472839355,4.479521751403809,3.24117112159729,0.26605382561683655,123.20911288682373,148.4953784608911,170.92042628493104,17.625074767958896,8.058502555839015,2.6562525534442374,0.3764702263357252,166.70728299035216,149.9381632674847,127.33320984525284,data/tiles/train/H405/H405__Samsung_A52_H405_02__x345_y473__t256.png
4.654141902923584,4.895099639892578,5.501243591308594,4.797632217407227,2.9637374877929688,0.2849594056606293,111.29134649921701,134.33791573679534,159.4664136424544,17.898422502630385,9.290448535501673,2.53918586638628,0.3938270188244158,153.5552559703467,136.8177655808742,115.0459416836197,data/tiles/train/H405/H405__Samsung_A52_H405_02__x601_y473__t256.png
4.990364074707031,5.218667507171631,6.186295032501221,5.44474458694458,3.803440809249878,0.29252707958221436,108.28887774827236,134.2709234323972,164.3194902709443,20.47891307437478,9.887241957165351,2.7319894646474667,0.3660336223620976,154.32177861517908,137.23324110141954,114.70751437333844,data/tiles/train/H405/H405__Samsung_A52_H405_02__x857_y473__t256.png
4.951842308044434,4.99908971786499,5.8347554206848145,5.125205039978027,3.6677093505859375,0.26912400126457214,121.84554856804566,149.02015903540118,176.87427136541783,20.253354147383707,9.721122200110168,2.5997316773044132,0.3846550814185836,168.51991467373503,151.45831442125606,128.30529558826134,data/tiles/train/H405/H405__Samsung_A52_H405_02__x1113_y473__t256.png
2.730595350265503,3.133129835128784,3.8559298515319824,3.3968663215637207,2.41739559173584,0.23364070057868958,151.77251510630336,170.13476577884043,186.21695197481338,12.881113092160211,5.808746316819756,2.783192074146923,0.3592996722321115,188.3794901875624,172.0328420499052,148.72755722456765,data/tiles/train/H405/H405__Samsung_A52_H405_02__x89_y729__t256.png
3.676494836807251,3.9035730361938477,4.463330268859863,3.497225522994995,2.260563850402832,0.2488200068473816,136.39710384452871,155.94691164865324,175.89895128600088,14.727341454180044,7.480505159914807,2.647635438660041,0.3776955034663294,174.78662667605897,158.0045642272677,135.91235807168346,data/tiles/train/H405/H405__Samsung_A52_H405_02__x345_y729__t256.png
4.257685661315918,4.4352641105651855,5.231424808502197,4.684798240661621,3.2737479209899902,0.269758939743042,118.89273210937428,143.9897895285375,167.62465379810882,18.13898967068318,8.457478189262885,2.688847266088624,0.37190658339425375,162.45332042890152,145.39599783578367,123.6528005907317,data/tiles/train/H405/H405__Samsung_A52_H405_02__x601_y729__t256.png
4.427986145019531,4.619029998779297,5.210454940795898,4.166990756988525,2.88069224357605,0.2663317024707794,120.2494555185376,147.25649775525528,170.02360691672297,18.36513041929442,8.726050507073204,2.7042559897761262,0.3697874771399825,165.02430705387624,147.93620629070435,126.05015860673764,data/tiles/train/H405/H405__Samsung_A52_H405_02__x857_y729__t256.png
4.59823751449585,4.710723400115967,5.429168701171875,4.518731117248535,3.0629730224609375,0.2510383725166321,130.90401050036903,156.2611747312082,180.42503978729545,18.333840142794276,9.215799999152221,2.6569876184340613,0.37636607452065063,174.94791778975477,157.8428903700996,135.74139643295584,data/tiles/train/H405/H405__Samsung_A52_H405_02__x1113_y729__t256.png
2.0407729148864746,2.5053908824920654,3.229071855545044,2.8920836448669434,1.8568934202194214,0.22776950895786285,164.60798325321824,178.26286485484948,191.49262110824665,10.026061180071205,4.524628894741959,2.50392463627806,0.3993730424276836,197.33862382844111,180.55349319107486,156.7471222552356,data/tiles/train/H405/H405__Samsung_A52_H405_03__x91_y215__t256.png
2.7414724826812744,3.218492031097412,4.070263385772705,3.771533966064453,2.8102455139160156,0.24213844537734985,148.18222303350777,166.854661373235,184.43345734891125,13.54838075569817,5.873307612008022,2.8744629955532344,0.347891067495734,185.79982855990846,168.86471269411945,145.43535603397171,data/tiles/train/H405/H405__Samsung_A52_H405_03__x347_y215__t256.png
3.293429136276245,3.6039483547210693,4.360495090484619,3.9542834758758545,2.7707841396331787,0.2589458227157593,138.44043221168621,157.92837369300995,176.43379919866604,14.322130155729756,6.695640678008422,2.6715607170079534,0.3743130349363581,177.15240588142183,160.1384322624487,136.276477985924,data/tiles/train/H405/H405__Samsung_A52_H405_03__x603_y215__t256.png
3.471393346786499,3.7734646797180176,4.288218975067139,3.402885913848877,2.3526265621185303,0.2594391703605652,142.24979947844068,160.55671711641472,178.89364525059455,13.557657692660966,7.149545162675914,2.6173661274865996,0.38206347575846356,180.30001266873072,163.1396617526246,138.61229491740855,data/tiles/train/H405/H405__Samsung_A52_H405_03__x859_y215__t256.png
3.6438841819763184,3.9736499786376953,4.725455284118652,4.099101543426514,2.5079803466796875,0.23981401324272156,149.6204160413613,171.6989305009648,192.5940565742686,15.870661322059703,7.473706580412426,2.7842455242932056,0.35916372721973033,190.88937147058846,173.91443206657928,149.75645670403435,data/tiles/train/H405/H405__Samsung_A52_H405_03__x1115_y215__t256.png
2.6476869583129883,3.0721547603607178,3.9661080837249756,3.70600962638855,2.9252266883850098,0.2497619390487671,148.66929489492773,167.2294759064811,186.14001387239773,13.882145849032733,5.636596008856531,2.88973167866149,0.3460528904410929,187.20680960275573,169.76730810104837,145.383539470221,data/tiles/train/H405/H405__Samsung_A52_H405_03__x91_y471__t256.png
4.410341262817383,4.662791728973389,5.38917875289917,4.330810070037842,2.5576138496398926,0.27258220314979553,123.20023113776502,147.33337957972796,170.99762823050312,17.73930463715301,8.929447504732101,2.5240859793430497,0.39618301760872365,166.5574082495601,149.26033560700662,126.37908155208346,data/tiles/train/H405/H405__Samsung_A52_H405_03__x347_y471__t256.png
4.715310096740723,4.821824073791504,5.318780899047852,4.197986602783203,2.8618764877319336,0.2943280339241028,113.03366123356109,135.4775400389951,160.37975237488607,17.43853465110655,9.2761088455073,2.213840912266818,0.45170364069930846,155.4038729868517,137.91880978226814,115.31289725232618,data/tiles/train/H405/H405__Samsung_A52_H405_03__x603_y471__t256.png
4.349088668823242,4.479013442993164,4.936789035797119,3.9984006881713867,2.8304452896118164,0.2940139174461365,115.83311556259387,139.06781602740418,162.4525245361164,17.35217400409023,8.462136244049567,2.705281570639776,0.3696472895290927,158.86183389158043,141.36387501518578,117.88499873660255,data/tiles/train/H405/H405__Samsung_A52_H405_03__x859_y471__t256.png
4.82874059677124,4.951179027557373,5.52639102935791,4.467586517333984,3.0810067653656006,0.27094408869743347,126.0816860038196,151.86007294573332,177.4026962659676,18.992425664393068,9.532601793090818,2.765372394279612,0.36161494996788784,171.5625644417008,154.05032263669878,130.37973443431525,data/tiles/train/H405/H405__Samsung_A52_H405_03__x1115_y471__t256.png
2.541839361190796,2.8629751205444336,3.4691412448883057,3.092775821685791,2.4933323860168457,0.23668797314167023,155.90392948604455,174.0971177931931,188.80191475018555,12.169306922215364,5.277549413814683,2.8732422088825658,0.3480388798788079,192.63126179500202,175.61123760801016,151.61647217952125,data/tiles/train/H405/H405__Samsung_A52_H405_03__x91_y727__t256.png
3.6342999935150146,3.8918445110321045,4.489789009094238,3.5405333042144775,2.0478622913360596,0.25407129526138306,136.54474059352006,157.59372028041557,177.82422331622442,15.25381591254006,7.42710241804531,2.927946800287511,0.3415362601198234,176.72077329685615,159.16340672773313,136.69761379912194,data/tiles/train/H405/H405__Samsung_A52_H405_03__x347_y727__t256.png
3.99521541595459,4.216400146484375,4.9235429763793945,4.311864376068115,2.768618106842041,0.27279114723205566,125.18371452294814,147.67163812848605,169.82280040918786,16.683309574261653,8.036136275960601,2.850603084281259,0.3508029600873517,167.08366751137305,149.49281665604437,126.77000422236583,data/tiles/train/H405/H405__Samsung_A52_H405_03__x603_y727__t256.png
4.137701988220215,4.18467903137207,4.598796844482422,3.7944984436035156,2.6575400829315186,0.27438434958457947,126.54029190901015,148.4182828224257,170.3137158554091,16.36634054059646,8.100601669845073,2.770868021734206,0.36089773751624915,168.23670884245087,150.6486059959056,127.41723378301488,data/tiles/train/H405/H405__Samsung_A52_H405_03__x859_y727__t256.png
4.4492974281311035,4.5040411949157715,4.928243160247803,3.997805118560791,2.56640625,0.25268906354904175,135.6073374193724,160.84176583136545,182.84358086563216,17.449998810246946,8.869944679511198,2.6197193641290157,0.3817202764894141,179.42075612612052,162.03877103829325,138.95554563735251,data/tiles/train/H405/H405__Samsung_A52_H405_03__x1115_y727__t256.png
3.073476791381836,3.1517562866210938,2.8838722705841064,2.006690740585327,1.4997034072875977,0.08601723611354828,154.74454820928347,167.79901431610963,180.65779071948054,9.822014891739636,6.139851380245086,2.728491447372835,0.36650288970590816,174.87863872281207,168.46987080709872,160.43465014030727,data/tiles/train/H493/H493__Motorola_Edge_H493_01__x127_y14__t256.png
4.267183780670166,4.207670211791992,3.7478864192962646,2.365584135055542,1.426711916923523,0.09181027114391327,141.1176416979549,158.1619429100768,175.04254599277115,12.769721745687864,8.515039037609133,2.919147212250034,0.34256579997184017,165.3261968950349,158.76350792874186,150.79334472650837,data/tiles/train/H493/H493__Motorola_Edge_H493_01__x383_y14__t256.png
4.615932464599609,4.406991004943848,3.8189496994018555,2.4147496223449707,1.3743175268173218,0.1017109602689743,136.941156800041,155.0911665992372,171.62251980400583,13.006985821699928,9.0376820446039,2.982572782659815,0.3352810049812815,162.43034237661493,155.44256629138337,146.68037525882465,data/tiles/train/H493/H493__Motorola_Edge_H493_01__x639_y14__t256.png
4.383150577545166,4.277523040771484,3.766897201538086,2.282289981842041,1.3742403984069824,0.10547944158315659,136.60707567317763,154.83440508306174,171.61544232727206,13.060913716242512,8.71088333020751,2.845413885570398,0.35144272159181433,162.48632478105927,155.3175467354295,146.1730862212828,data/tiles/train/H493/H493__Motorola_Edge_H493_01__x895_y14__t256.png
3.8042235374450684,3.887826681137085,3.5022313594818115,2.2578046321868896,1.4880701303482056,0.09984786808490753,146.15648936091546,163.82644834933973,178.60871593410886,12.129015741849043,7.663827213114365,2.8368797079442243,0.3524999657897588,170.93255621896387,164.0674099865962,154.6364020814609,data/tiles/train/H493/H493__Motorola_Edge_H493_01__x1151_y14__t256.png
3.572458028793335,3.690314292907715,3.3326733112335205,2.197702407836914,1.4088969230651855,0.09435659646987915,144.71348511129668,159.88783145513375,174.72049695106372,11.196596192985114,7.197077312327602,2.684968768471242,0.3724438107968669,167.2104579826716,160.5851298461951,152.11693321401154,data/tiles/train/H493/H493__Motorola_Edge_H493_01__x127_y270__t256.png
5.566771030426025,5.295815467834473,4.544163703918457,2.685544490814209,1.6312735080718994,0.10481394082307816,121.52673353636699,140.80054438228922,163.2165252425648,15.58561080212623,11.066454174684566,2.8124875038644834,0.35555713532094113,148.98591360805378,142.3578590858484,134.1211146810638,data/tiles/train/H493/H493__Motorola_Edge_H493_01__x383_y270__t256.png
6.03256893157959,5.4541473388671875,4.684049606323242,2.7337374687194824,1.5449968576431274,0.11272231489419937,114.78865312067843,134.86099240055998,157.86851582283592,16.130473013508176,11.739343097482164,2.9321619986196046,0.3410452766493725,143.38423668288686,136.03432361198688,128.07310225123834,data/tiles/train/H493/H493__Motorola_Edge_H493_01__x639_y270__t256.png
5.780233860015869,5.331079483032227,4.539670467376709,2.56955623626709,1.3635956048965454,0.11141394823789597,118.88322769638211,138.2980727808388,160.2444466874815,15.527781023567039,11.430531024524258,2.679129418415125,0.3732555781465621,146.70924154749338,139.65042083045296,131.20192418410437,data/tiles/train/H493/H493__Motorola_Edge_H493_01__x895_y270__t256.png
5.0234246253967285,4.759414196014404,4.054530620574951,2.4350152015686035,1.514760971069336,0.1079593226313591,132.4039887689203,150.62358841845807,170.28285944163176,14.125825120178803,9.962873669921173,2.913991733910192,0.3431718725770482,158.95986374930678,151.8847315755834,142.64071839871332,data/tiles/train/H493/H493__Motorola_Edge_H493_01__x1151_y270__t256.png
3.4280874729156494,3.4967241287231445,3.1465353965759277,2.0469119548797607,1.3540064096450806,0.09176947921514511,139.50675184606155,153.54375687654147,168.1169473779208,10.69762430928471,6.963285931916418,2.867914902596441,0.3486853808300445,160.9909485696518,153.5386103967106,146.87663010224964,data/tiles/train/H493/H493__Motorola_Edge_H493_02__x55_y15__t256.png
4.637041091918945,4.552297592163086,3.985867738723755,2.389517307281494,1.2822307348251343,0.09535116702318192,127.51415613976015,144.94043469785663,163.97053016201406,13.63556902799723,9.323114036956182,2.681016953648441,0.3729927923951237,152.67779875155534,145.03959465378708,138.8038513345854,data/tiles/train/H493/H493__Motorola_Edge_H493_02__x311_y15__t256.png
4.469067573547363,4.477727890014648,4.015852451324463,2.374751091003418,1.3025482892990112,0.09417061507701874,123.03708865603329,139.6564619668417,158.79451012863922,13.452492186444454,9.084734238715997,2.759435065257489,0.36239301753842423,147.45948845600876,139.91049470392616,134.22572376091472,data/tiles/train/H493/H493__Motorola_Edge_H493_02__x567_y15__t256.png
4.724428653717041,4.641549110412598,4.158967018127441,2.4897780418395996,1.3060448169708252,0.09341178089380264,123.07300600986105,140.37914397655325,160.3372847507492,13.961699900859598,9.477206035156597,2.97060893150967,0.3366313180415161,148.11547064765543,140.6983832946658,134.92175862316475,data/tiles/train/H493/H493__Motorola_Edge_H493_02__x823_y15__t256.png
4.116138458251953,4.029647350311279,3.6303293704986572,2.1922965049743652,1.2477246522903442,0.08752531558275223,134.49775351276423,150.98449899668626,168.4116658382152,12.610306382942925,8.280818396086566,2.784830616093248,0.35908826706410923,158.2330680873454,150.815512879445,144.9869227844382,data/tiles/train/H493/H493__Motorola_Edge_H493_02__x1079_y15__t256.png
3.749799966812134,3.692859172821045,3.295806884765625,2.095641613006592,1.2858996391296387,0.08614592254161835,138.55558796100345,153.5711655315771,169.6399267909866,11.593082411525632,7.517551315284799,2.7088443323582343,0.3691611171799716,160.79505087389634,153.612052955808,147.53098954553877,data/tiles/train/H493/H493__Motorola_Edge_H493_02__x55_y271__t256.png
4.535506248474121,4.305083751678467,3.6832735538482666,2.2109951972961426,1.233017921447754,0.09404875338077545,127.93655414794232,143.67756105121262,161.76788803721556,12.658402764373008,9.072570637518156,2.9180073507707522,0.34269961648172803,151.44865447360834,143.96273801860133,137.86572258479055,data/tiles/train/H493/H493__Motorola_Edge_H493_02__x311_y271__t256.png
4.716186046600342,4.517154693603516,4.046695232391357,2.4280898571014404,1.2923235893249512,0.09814025461673737,120.93210769946086,137.09022748094716,156.8322789048329,13.643037724800433,9.422122677668462,2.7397994014670015,0.3649902250013482,145.3382029877687,137.60353615534797,131.77156271668844,data/tiles/train/H493/H493__Motorola_Edge_H493_02__x567_y271__t256.png
4.693159580230713,4.503469467163086,3.91508150100708,2.2917134761810303,1.302506685256958,0.0954384058713913,122.7090580138515,139.62524882057372,158.65735315630664,13.4414448335732,9.325128370942954,2.6750643093095494,0.3738227886783425,147.30992815756437,139.85930792995498,133.91414269200843,data/tiles/train/H493/H493__Motorola_Edge_H493_02__x823_y271__t256.png
4.59147310256958,4.470004558563232,3.988680601119995,2.396223783493042,1.416983962059021,0.0859178975224495,129.41198071682945,148.1658611804704,168.28337148131814,14.41479171805659,9.147473396799477,2.8900922079053912,0.3460097215115344,155.3571942073803,147.9809087274734,142.58636972721243,data/tiles/train/H493/H493__Motorola_Edge_H493_02__x1079_y271__t256.png
3.660897731781006,3.5474789142608643,3.1997194290161133,2.119779109954834,1.3046554327011108,0.07892809063196182,155.3871985445921,170.17130592153543,184.50924006346517,10.889423732744818,7.116635583419918,2.782364730818523,0.35940651091628,177.10221541227665,169.6573155527666,163.67463908382524,data/tiles/train/H493/H493__Motorola_Edge_H493_03__x129_y14__t256.png
4.733760833740234,4.57992696762085,4.13559627532959,2.6542251110076904,1.4482457637786865,0.0909263864159584,136.9544752823088,156.7930765262498,175.83142277393247,14.4823924512357,9.373232598552073,2.68153651763358,0.3729205227764292,164.12251200420815,156.35037899885845,149.86817167818631,data/tiles/train/H493/H493__Motorola_Edge_H493_03__x385_y14__t256.png
4.750074863433838,4.551150321960449,4.015649318695068,2.464371681213379,1.2852429151535034,0.09736955910921097,133.8448250827089,153.06577604509292,171.33420321311038,13.991458756468395,9.38132705589708,2.8367751362317866,0.35251295995506504,160.62972795612728,152.5949153764138,145.73361881932522,data/tiles/train/H493/H493__Motorola_Edge_H493_03__x641_y14__t256.png
4.73716402053833,4.564797878265381,4.077132701873779,2.5711512565612793,1.3383725881576538,0.09597484022378922,134.36605286639565,153.8209133902208,172.57949119231935,14.151529540059036,9.406570625755107,2.6624637101660515,0.3755919737729054,161.38638731855676,153.30839176184435,146.62862819467978,data/tiles/train/H493/H493__Motorola_Edge_H493_03__x897_y14__t256.png
4.23335075378418,4.098048210144043,3.636770725250244,2.3193469047546387,1.3088279962539673,0.0889214426279068,146.2517780761003,164.72347941844615,181.272043495841,12.997221674973353,8.36295911712359,2.6703642639820524,0.3744807453754635,171.84448474771756,164.07813281717705,157.22728609699215,data/tiles/train/H493/H493__Motorola_Edge_H493_03__x1153_y14__t256.png
4.0116753578186035,3.8782482147216797,3.419801712036133,2.108970880508423,1.243004560470581,0.0905546173453331,144.22248451303048,159.6553969797529,174.93105348514572,11.50946328193207,7.964005714933866,2.7034117822815333,0.3699029524669949,167.21951184581678,159.43378607054774,152.74884168338508,data/tiles/train/H493/H493__Motorola_Edge_H493_03__x129_y270__t256.png
5.686575412750244,5.302001476287842,4.595364093780518,2.6322896480560303,1.2751502990722656,0.10636194050312042,120.29478167183186,139.3828358163896,161.6236685782231,15.486465189886355,11.238155452030465,2.699571898168912,0.3704291042140009,148.043814957961,139.9460927411074,133.11400747336492,data/tiles/train/H493/H493__Motorola_Edge_H493_03__x385_y270__t256.png
5.683648586273193,5.4389753341674805,4.805976390838623,2.961028575897217,1.5105798244476318,0.11040724068880081,114.35734454147975,133.9722418076016,157.5172864737253,16.16061311095472,11.270480114801058,2.7639276614071666,0.3618039697503811,143.04554154852963,134.63625095721505,128.11144692606516,data/tiles/train/H493/H493__Motorola_Edge_H493_03__x641_y270__t256.png
5.479806423187256,5.05139684677124,4.364560127258301,2.5752317905426025,1.2131680250167847,0.10811564326286316,119.30187338249051,137.62872330025976,158.94742336503205,14.834773079661517,10.764893884544694,2.8200906964241192,0.35459852453256274,146.3701229838199,138.08373928818176,131.3839601296621,data/tiles/train/H493/H493__Motorola_Edge_H493_03__x897_y270__t256.png
4.906529426574707,4.578062057495117,3.9251785278320312,2.3805148601531982,1.2425785064697266,0.09796421974897385,132.12932014224205,150.33745901213456,169.304808053607,13.822396657929191,9.709513086307723,2.7762415707033448,0.36019920260276767,158.22639704772146,150.37154945745723,143.46444606148577,data/tiles/train/H493/H493__Motorola_Edge_H493_03__x1153_y270__t256.png
2.086723566055298,2.4671790599823,2.6307787895202637,2.032841920852661,1.5527387857437134,0.18746314942836761,168.5233074199785,180.16835769749812,192.25530052454886,9.013364287190486,4.245801577719346,2.7773852034879494,0.3600508848193476,196.12872392854177,182.9356608659715,162.30013203112304,data/tiles/train/H493/H493__Samsung_A52_H493_01__x95_y210__t256.png
2.704296350479126,3.1588823795318604,3.3108580112457275,2.2423245906829834,1.4517947435379028,0.20144079625606537,152.74391653252795,166.61493838839104,181.17303548610138,10.724046055397409,5.435254172231318,2.8671650311055035,0.3487765751713379,182.62171327478436,169.30581384991623,148.98684926819644,data/tiles/train/H493/H493__Samsung_A52_H493_01__x351_y210__t256.png
2.960601329803467,3.299330472946167,3.2303199768066406,2.2110369205474854,1.26443350315094,0.218205064535141,145.42226663444404,158.43274467732292,171.6921817884705,10.062135435048827,6.032261316219433,2.8749724709607754,0.3478294175338013,174.735040597652,161.24202620822268,140.10705356906485,data/tiles/train/H493/H493__Samsung_A52_H493_01__x607_y210__t256.png
2.923992872238159,3.319485664367676,3.2982711791992188,2.1339986324310303,1.302925705909729,0.23262330889701843,143.86325457490116,157.6067740282693,171.96876033254424,10.621285174271051,6.058613658788097,2.80325100894897,0.35672866853793894,174.99461854301154,160.55660423753878,138.25515093342443,data/tiles/train/H493/H493__Samsung_A52_H493_01__x863_y210__t256.png
2.6108131408691406,3.0217087268829346,3.045706272125244,2.0743162631988525,1.4067037105560303,0.21421979367733002,157.58323543120576,172.1519401068631,186.86113974135483,11.015053267252558,5.484009817973302,2.9374540292713784,0.3404308595249898,189.3737181426344,175.17038402259587,152.4564679853885,data/tiles/train/H493/H493__Samsung_A52_H493_01__x1119_y210__t256.png
2.4247493743896484,2.843639612197876,2.886463165283203,2.0347111225128174,1.2706794738769531,0.21194933354854584,157.12158178085937,168.5698068737111,180.66327088231674,8.992419184542136,4.962380696791919,2.7377056533683715,0.36526936296808865,185.49808213751967,171.60639942098774,149.6929569676978,data/tiles/train/H493/H493__Samsung_A52_H493_01__x95_y466__t256.png
3.6148266792297363,3.976684093475342,3.8515889644622803,2.3788199424743652,1.523874282836914,0.24106837809085846,131.10487149147679,146.1560373343274,164.0495058923226,12.436286124650872,7.545034257683239,2.8028319217721647,0.35678200759456297,163.63223657298641,149.5108335131685,128.17002636885985,data/tiles/train/H493/H493__Samsung_A52_H493_01__x351_y466__t256.png
3.96760892868042,4.0490031242370605,3.7789011001586914,2.3128409385681152,1.4114593267440796,0.25983288884162903,121.08373674669326,135.75499303457175,153.55998530204718,12.339633523304279,8.057017211630528,2.7815646329913553,0.35950989171320397,153.46045812845105,138.8853058687868,117.92639287435105,data/tiles/train/H493/H493__Samsung_A52_H493_01__x607_y466__t256.png
3.823040723800659,3.9488182067871094,3.701678514480591,2.2827346324920654,1.2329199314117432,0.2594646215438843,126.62367752046077,141.05185654622974,158.21082814133348,12.070779868135867,7.852500603060958,2.716929957323754,0.3680624880683438,159.22936139956408,144.4058442019575,122.38374759734103,data/tiles/train/H493/H493__Samsung_A52_H493_01__x863_y466__t256.png
3.495546579360962,3.6258459091186523,3.382112503051758,2.1724281311035156,1.348172664642334,0.23203028738498688,143.50116181320777,158.15107744307804,175.1500913417095,11.907387606815126,7.156015632370592,2.883931083111983,0.3467489240141353,176.11407856562073,161.5089099694247,139.2324436487685,data/tiles/train/H493/H493__Samsung_A52_H493_01__x1119_y466__t256.png
2.2962872982025146,2.604552745819092,2.65429949760437,1.827704906463623,1.2178473472595215,0.2084045261144638,162.31484973244736,173.706164269856,186.14788654295148,8.99540401190653,4.785714803940954,2.757051995740727,0.36270625347104984,190.86241182507163,176.9551543137333,154.57290108718516,data/tiles/train/H493/H493__Samsung_A52_H493_01__x95_y722__t256.png
3.096830368041992,3.371208906173706,3.303123712539673,2.2596518993377686,1.5320993661880493,0.22289906442165375,144.5433556386931,159.36178500119345,174.41994603204236,11.239400691250339,6.386169253859105,2.8325007977287706,0.35304491380967873,176.28760921433062,161.75187357494212,140.716209537576,data/tiles/train/H493/H493__Samsung_A52_H493_01__x351_y722__t256.png
3.489260196685791,3.5706470012664795,3.435810089111328,2.336900472640991,1.80856192111969,0.2404363453388214,131.81268861825137,148.43412267202953,165.65691896902237,12.683516273179466,6.983833675003029,2.9301037526578586,0.3412848432731821,165.57091547987568,150.96210591522598,129.79939984506873,data/tiles/train/H493/H493__Samsung_A52_H493_01__x607_y722__t256.png
3.3407750129699707,3.5524024963378906,3.405543804168701,2.209803581237793,1.4850788116455078,0.2406979203224182,136.08609274991386,151.65020915418043,168.77078152113202,12.294491371892514,6.826547750778006,2.8748245809754707,0.3478473109690349,169.35850441040336,154.55806366062953,132.72124827653553,data/tiles/train/H493/H493__Samsung_A52_H493_01__x863_y722__t256.png
3.1176750659942627,3.275569438934326,3.171696186065674,2.091228485107422,1.3947077989578247,0.21278007328510284,151.13731918316645,166.33400907080133,181.82638336054825,11.48278378820087,6.3622618577546834,2.8693661745687593,0.3485090222583011,183.1278005282744,168.82408022833977,147.68986420451807,data/tiles/train/H493/H493__Samsung_A52_H493_01__x1119_y722__t256.png
2.118543863296509,2.4642724990844727,2.7323362827301025,2.0269343852996826,1.3403748273849487,0.1353701502084732,169.5104685917283,180.89128419697036,193.16408362735152,8.876360166879568,4.0990881611404335,2.9076667218388685,0.34391837017950233,192.72336539650615,182.8380240258398,168.18824348321994,data/tiles/train/H493/H493__Samsung_A52_H493_02__x96_y219__t256.png
2.5818862915039062,3.07875657081604,3.3562440872192383,2.3670356273651123,1.3570165634155273,0.15352000296115875,152.46143170267146,166.3074308271323,180.2630841364264,10.503517280911534,5.335784087399846,2.66147627755178,0.3757313219112638,178.4114862647439,168.21910360662403,152.85133289935345,data/tiles/train/H493/H493__Samsung_A52_H493_02__x352_y219__t256.png
2.947188138961792,3.2690341472625732,3.2644944190979004,2.213062047958374,1.228991150856018,0.17661438882350922,143.10014113056704,156.17197651056918,170.6760323951519,10.473828133581085,6.078043749172125,2.699098953516136,0.3704940119728818,169.58947576566842,158.7259340140409,141.90680446090974,data/tiles/train/H493/H493__Samsung_A52_H493_02__x608_y219__t256.png
3.046581506729126,3.384389638900757,3.452462911605835,2.32973051071167,1.2632431983947754,0.17260250449180603,143.77321017257944,158.00007130390568,173.39084466759206,11.162803659066139,6.321981649129689,2.773905835036552,0.3605025042195864,171.17938821993872,160.30966879449846,143.83217702520355,data/tiles/train/H493/H493__Samsung_A52_H493_02__x864_y219__t256.png
2.6753180027008057,3.0864810943603516,3.159714937210083,2.1924641132354736,1.3100134134292603,0.15199410915374756,156.61493031778437,171.79414358635367,187.27045025170443,11.46188337969997,5.60029148777797,2.8252966974188944,0.3539451275731748,184.05530585697343,174.01557952473766,157.9131302816863,data/tiles/train/H493/H493__Samsung_A52_H493_02__x1120_y219__t256.png
2.319929361343384,2.7797913551330566,3.0159687995910645,2.1026203632354736,1.2697449922561646,0.15527991950511932,158.99771624156833,170.5416215926865,182.89658621554,9.070985972873402,4.771863319074814,2.7612458620602798,0.3621553639029661,183.2707039882879,172.69132886609518,156.73359318011973,data/tiles/train/H493/H493__Samsung_A52_H493_02__x96_y475__t256.png
3.6149325370788574,3.9673140048980713,3.961167335510254,2.526036500930786,1.333430528640747,0.18286588788032532,129.78049515192671,144.9796585975843,163.09660333133442,12.616465582124304,7.569866638179105,2.9456518040704505,0.3394834374579336,158.45008669694525,147.66493318412725,131.7593392105904,data/tiles/train/H493/H493__Samsung_A52_H493_02__x352_y475__t256.png
4.0739970207214355,4.328614234924316,4.243183612823486,2.6977646350860596,1.4296540021896362,0.19827793538570404,118.96712785730722,134.72168475480768,154.38530307919876,13.528373385228479,8.398833811852908,2.735778904934763,0.3655266140828167,148.65724477178725,137.53242579831442,121.69886632258674,data/tiles/train/H493/H493__Samsung_A52_H493_02__x608_y475__t256.png
3.8087291717529297,3.9414241313934326,3.7385976314544678,2.3533787727355957,1.1262989044189453,0.19228236377239227,125.44899096050456,139.98864672981108,157.4704055326533,12.192909905494675,7.759943284477104,2.808177410975742,0.35610285735207003,153.68451619429928,142.61879578876415,126.58017175083384,data/tiles/train/H493/H493__Samsung_A52_H493_02__x864_y475__t256.png
3.4114537239074707,3.5876145362854004,3.424931287765503,2.1631412506103516,1.197403907775879,0.16828055679798126,141.49570879944687,157.03782332939096,174.07224463426664,12.21424590465902,6.987667851702643,2.9017680059422157,0.3446174876669012,170.02936852083297,159.21571056998562,143.51082587442548,data/tiles/train/H493/H493__Samsung_A52_H493_02__x1120_y475__t256.png
2.1978914737701416,2.5784506797790527,2.731908082962036,1.936934232711792,1.1076127290725708,0.15065014362335205,163.50481960314684,174.76438359300656,186.84657315590394,8.762612788069795,4.668398711971578,2.7905738819933106,0.35834922932973867,187.3904359349622,176.95582023177195,161.00882902168667,data/tiles/train/H493/H493__Samsung_A52_H493_02__x96_y731__t256.png
3.1074678897857666,3.46309757232666,3.5341756343841553,2.342703342437744,1.309927225112915,0.16488812863826752,142.41737246366912,157.5413004886387,174.5443551211982,12.058429660496817,6.490503364618473,2.7129968745975974,0.368596075197589,170.57702645492617,159.49023191065157,144.49386226209464,data/tiles/train/H493/H493__Samsung_A52_H493_02__x352_y731__t256.png
3.3390469551086426,3.5913889408111572,3.579681634902954,2.35660457611084,1.3376333713531494,0.18017417192459106,130.8183513416334,147.22211386987104,165.38147694561718,12.96048930083323,6.888227773223671,2.767564501757308,0.36132852526654197,160.45137343957197,149.26509259395658,133.81395174513938,data/tiles/train/H493/H493__Samsung_A52_H493_02__x608_y731__t256.png
3.4650778770446777,3.693774938583374,3.582580089569092,2.2872138023376465,1.2352988719940186,0.1753774732351303,133.71769652225103,148.9048727639794,166.75038749402736,12.510048753915296,7.1501850715090285,2.779379102377627,0.3597925879001348,162.24691500380135,151.10427258234546,135.97942776342092,data/tiles/train/H493/H493__Samsung_A52_H493_02__x864_y731__t256.png
3.0184967517852783,3.2449827194213867,3.2208786010742188,2.178264617919922,1.2850978374481201,0.15126408636569977,149.8207688836704,164.43506363739846,179.91777303940594,11.31449432988966,6.2899345718198205,2.6639286695393083,0.375385426582363,176.7054582297816,165.98847589150466,151.77372718834033,data/tiles/train/H493/H493__Samsung_A52_H493_02__x1120_y731__t256.png
6.765510082244873,6.694391250610352,7.999378681182861,7.318758010864258,5.461254596710205,0.10685852915048599,104.58378585070682,143.3357377161208,181.2870306351152,27.984712507571547,12.499886507969979,2.926388822928181,0.3417180902841843,150.57627916242475,143.4772506363635,135.48758253206503,data/tiles/train/H516/H516__Motorola_Edge_H516_01__x40_y17__t256.png
8.10622787475586,7.807307720184326,9.393224716186523,9.150823593139648,6.620747089385986,0.08772874623537064,92.45976089556244,135.43290003355625,182.7285807762759,32.96556734440439,14.836496486143435,2.544780032609675,0.39296127256016655,143.033790961968,136.70339553477885,131.23797696583537,data/tiles/train/H516/H516__Motorola_Edge_H516_01__x296_y17__t256.png
8.45861530303955,8.36592960357666,9.964550018310547,9.55435848236084,6.542603492736816,0.08376941829919815,80.85203051991665,126.08755574278791,175.8052639830333,34.717558171507044,15.371728454946156,3.0338576560121044,0.3296133548053351,133.1249635539907,127.17765145793211,122.79134438310861,data/tiles/train/H516/H516__Motorola_Edge_H516_01__x552_y17__t256.png
8.446290969848633,8.403063774108887,10.249988555908203,10.091194152832031,7.606450080871582,0.07831815630197525,79.62526345326229,126.9201674240228,179.04877101948,36.435179280905125,15.16154308018536,2.6793052986268657,0.37323107617205714,133.71782335592135,128.24098412530483,124.52686260774773,data/tiles/train/H516/H516__Motorola_Edge_H516_01__x808_y17__t256.png
7.718062877655029,7.576385974884033,8.870885848999023,8.25976848602295,6.5434346199035645,0.08017116785049438,97.65076207531098,140.56255110339913,184.26341142614478,31.370323102034273,14.162938732210057,2.7564937136277385,0.3627797136108575,146.6741444335124,140.64556075688122,135.69005682296842,data/tiles/train/H516/H516__Motorola_Edge_H516_01__x1064_y17__t256.png
6.892735481262207,6.955880165100098,8.345602035522461,7.879758834838867,5.599698543548584,0.10216066986322403,102.9118895012042,143.55273103292572,182.7914400822306,29.3169417631433,12.947280630658147,2.8770831273965034,0.3475742464573515,150.4301396950282,143.3432951954474,135.99231823817672,data/tiles/train/H516/H516__Motorola_Edge_H516_01__x40_y273__t256.png
8.287142753601074,8.136922836303711,9.74820327758789,9.29582405090332,6.262102127075195,0.09162317961454391,84.44245025454474,128.56043304724878,175.6625772452153,33.401548828288625,15.256253526246548,2.812417417141345,0.35556599596671556,135.66135653667027,129.3037995754422,124.05026391070759,data/tiles/train/H516/H516__Motorola_Edge_H516_01__x296_y273__t256.png
8.225139617919922,8.134820938110352,9.60670280456543,9.114070892333984,7.262879848480225,0.09197913855314255,82.66168568459082,124.54601646656586,177.60310780770837,34.36410891648215,15.154013096676769,2.8673035476912503,0.34875972612149797,133.3261272341178,126.65965596255042,121.89964324849066,data/tiles/train/H516/H516__Motorola_Edge_H516_01__x552_y273__t256.png
8.505857467651367,8.320679664611816,10.005215644836426,9.698957443237305,6.8793230056762695,0.08967779576778412,78.06677832721572,123.92866840271206,173.0444221549983,34.74981533159466,15.296913625383617,2.734008967430181,0.3657632480042468,130.760245100548,124.5231348489758,120.03646988796822,data/tiles/train/H516/H516__Motorola_Edge_H516_01__x808_y273__t256.png
8.089771270751953,7.959563255310059,9.421473503112793,8.68781566619873,6.4290618896484375,0.07079721242189407,88.88960233252298,132.06991481930598,179.48666292952544,32.83535330007742,14.88459019585261,2.7034082697375617,0.3699034330826682,137.90239872614617,132.81519489644415,128.89205602763857,data/tiles/train/H516/H516__Motorola_Edge_H516_01__x1064_y273__t256.png
5.503215789794922,5.634981155395508,6.668199062347412,6.236772537231445,4.2977824211120605,0.08124152570962906,115.53921506221197,144.93118434542484,178.13502718832842,23.07999657272293,10.600043090634987,2.777912196250813,0.35998258020884966,151.85049477910266,146.7013025696927,140.19238189696424,data/tiles/train/H516/H516__Motorola_Edge_H516_02__x41_y16__t256.png
7.144387245178223,7.163676738739014,8.742453575134277,8.664957046508789,6.862954616546631,0.07460967451334,94.0690085935654,134.7421165738411,180.0310438173849,31.32063202139611,13.018906320965918,2.605525507812813,0.3837997352171163,141.11669259893966,136.30076769376572,131.1485908647889,data/tiles/train/H516/H516__Motorola_Edge_H516_02__x297_y16__t256.png
6.862307071685791,6.776674270629883,8.096604347229004,7.547280311584473,5.637904167175293,0.07305359840393066,96.66828644914061,133.47722379198078,174.652278762347,28.32934684849303,12.54302265078465,2.8225333264072567,0.3542916537580369,139.65411184192007,134.76456239717996,130.00932791473483,data/tiles/train/H516/H516__Motorola_Edge_H516_02__x553_y16__t256.png
7.173191547393799,7.205160140991211,8.99234390258789,9.042110443115234,6.595460414886475,0.06761166453361511,90.11244911696953,132.9149139660692,178.1774461633231,32.13084163701266,13.113253351607332,2.7671812078538864,0.3613785743997443,138.271493591435,134.05885763490133,129.61023123410027,data/tiles/train/H516/H516__Motorola_Edge_H516_02__x809_y16__t256.png
6.624445915222168,6.691502094268799,8.488558769226074,8.186981201171875,6.243091106414795,0.06968961656093597,100.5210642480218,141.17526934211392,180.89469716891895,29.44417833128605,12.273518140402823,2.9342533626516403,0.34080219954023167,146.03781928975656,141.47221935745296,136.4073210808829,data/tiles/train/H516/H516__Motorola_Edge_H516_02__x1065_y16__t256.png
5.662391662597656,5.923099994659424,7.156710147857666,6.670871734619141,5.296205520629883,0.06930482387542725,114.68456993511701,146.79563570120885,183.6272829692031,25.14756798550811,10.979857945572217,2.7459374857686116,0.3641743503567385,152.79210416894128,148.52652564889055,142.6956361037284,data/tiles/train/H516/H516__Motorola_Edge_H516_02__x41_y272__t256.png
7.429466247558594,7.574196815490723,9.208756446838379,9.009917259216309,7.012542247772217,0.07707259058952332,82.84166569117625,121.75282174569713,172.8851253264294,32.79380983667489,13.80780213318702,2.7765502215638405,0.360159161622068,129.66660915666057,125.03178253943085,120.49740330119407,data/tiles/train/H516/H516__Motorola_Edge_H516_02__x297_y272__t256.png
8.018028259277344,7.90860652923584,9.350133895874023,8.677675247192383,6.494694709777832,0.07560954242944717,85.10974890557652,125.51102631798217,173.75478914434498,32.52823071196694,14.576934005826187,2.894378515713916,0.34549731300549813,132.86768189410523,127.91656961765933,123.32294567486709,data/tiles/train/H516/H516__Motorola_Edge_H516_02__x553_y272__t256.png
7.670233726501465,7.468384742736816,8.928878784179688,8.468984603881836,6.070535182952881,0.07800255715847015,83.56346077642213,125.85312448806629,169.64165457949863,31.21530193451823,13.604699548796084,2.8383589052250455,0.35231626210453215,131.26724146829642,126.38077590657025,121.57382722644539,data/tiles/train/H516/H516__Motorola_Edge_H516_02__x809_y272__t256.png
7.34581184387207,7.222065448760986,8.707657814025879,8.395920753479004,6.193748950958252,0.06866207718849182,93.17945394506818,133.34087023364822,177.94484708136255,30.78426584417544,13.412411388219004,2.745609717201508,0.36421782518283796,139.25612068108362,134.7329483978714,130.24283779668667,data/tiles/train/H516/H516__Motorola_Edge_H516_02__x1065_y272__t256.png
6.610089302062988,6.4262189865112305,7.78331995010376,7.627267360687256,5.849420547485352,0.08684173971414566,101.73302699013728,138.78988290844487,177.56599347708416,28.019003103865934,12.10135231831063,2.8021343501969276,0.3568708259579782,145.7918246370591,139.2453820216548,134.02333592789037,data/tiles/train/H516/H516__Motorola_Edge_H516_03__x40_y18__t256.png
7.748159408569336,7.649252414703369,9.345983505249023,9.374061584472656,7.407886028289795,0.0680127814412117,82.76484589698016,128.98218432283943,176.6580294907036,34.21891556103037,13.745959885055136,2.6921010226412294,0.3714570855958803,134.12048140927865,128.91088628782256,125.69187824711074,data/tiles/train/H516/H516__Motorola_Edge_H516_03__x296_y18__t256.png
7.044429302215576,7.021069526672363,8.494285583496094,8.174347877502441,6.6802263259887695,0.0688009187579155,90.39540707709182,132.72770286354447,175.75010190721056,30.798120044381754,12.690255798087302,2.881480565634598,0.3470438121035068,137.7716582891137,132.21961290508995,129.14796622492216,data/tiles/train/H516/H516__Motorola_Edge_H516_03__x552_y18__t256.png
7.559999942779541,7.613420486450195,9.257442474365234,8.894664764404297,6.5742926597595215,0.07508117705583572,85.31433451625584,129.11870186833985,173.61775784561243,32.450713356589084,13.808658855535286,2.78013176849727,0.35969518111744925,134.6549570798815,128.94405267504504,125.29913913818694,data/tiles/train/H516/H516__Motorola_Edge_H516_03__x808_y18__t256.png
6.9802165031433105,6.899219989776611,8.495260238647461,8.32253646850586,6.208470344543457,0.07261567562818527,98.95229219099853,139.74358402270866,181.22156705566013,30.155675010747732,12.690827885491755,2.837107042357243,0.35247172033704394,145.6699745890431,139.70288445290487,135.82027769711988,data/tiles/train/H516/H516__Motorola_Edge_H516_03__x1064_y18__t256.png
6.5467987060546875,6.367778778076172,7.309478282928467,6.3869524002075195,4.255258560180664,0.08068446069955826,112.03283014388319,145.29056076905977,178.35531007016075,24.525780263099918,12.333275401385787,2.729069436339431,0.3664252681460992,151.61054091716616,145.09366153417346,140.1606266892987,data/tiles/train/H516/H516__Motorola_Edge_H516_03__x40_y274__t256.png
7.522587299346924,7.591836452484131,9.405082702636719,9.140722274780273,6.528920650482178,0.07459081709384918,81.69771073837437,126.28676133520155,172.55983933731542,33.12091749239255,13.799325308030026,2.838675853836045,0.35227692469665034,131.63379192148128,126.13242797842098,122.91569101859554,data/tiles/train/H516/H516__Motorola_Edge_H516_03__x296_y274__t256.png
8.196545600891113,8.26021957397461,10.369033813476562,10.154273986816406,7.645237445831299,0.06549578905105591,71.31273193866257,119.2062403579694,170.98887503096967,36.33720271633306,14.58496826921029,2.5862565028413727,0.3866592501174408,124.387152995778,119.52034627162581,117.1010499856018,data/tiles/train/H516/H516__Motorola_Edge_H516_03__x552_y274__t256.png
7.725406169891357,7.665660858154297,9.03955364227295,8.355937957763672,5.888660907745361,0.08104756474494934,83.90904519172445,126.16777991189205,169.38828324793062,31.173374524678717,14.01255393819103,2.5218715966803735,0.3965308944818342,131.73760103157517,125.56520002294485,121.75290048634474,data/tiles/train/H516/H516__Motorola_Edge_H516_03__x808_y274__t256.png
7.338026523590088,7.277595520019531,8.851106643676758,8.592405319213867,6.581709861755371,0.06730712205171585,90.8858393921068,133.05535745081923,177.3615406323596,31.69976034315594,13.291790818614315,2.606226793755404,0.3836964620254958,138.66257096234528,133.2253865987515,130.13714379361267,data/tiles/train/H516/H516__Motorola_Edge_H516_03__x1064_y274__t256.png
5.15864896774292,5.577132225036621,7.35817289352417,7.2465033531188965,5.4610466957092285,0.11923565715551376,141.56349901411517,175.70519523539087,211.7578661663023,25.92449616899573,10.05570323188365,2.6458389930937187,0.37795194742017274,187.05913735131097,176.584052476895,166.03329300266756,data/tiles/train/H516/H516__Samsung_A52_H516_01__x84_y216__t256.png
5.0947089195251465,5.786280155181885,7.650008678436279,7.496685028076172,5.487912654876709,0.12184571474790573,125.47912723858501,159.13441288996316,196.25715450067466,26.23072914913342,10.379993806075088,2.836835313292087,0.3525054821880094,169.77477289144872,160.38944473249776,150.47658535470302,data/tiles/train/H516/H516__Samsung_A52_H516_01__x340_y216__t256.png
5.497013092041016,6.09360933303833,7.6364593505859375,7.33790922164917,5.338614463806152,0.13890334963798523,119.25559998279162,152.9656652456273,190.79381556946194,26.302301312559,11.096655053867305,2.8376730326264874,0.3524014178174792,164.55289525604752,154.49297743743472,143.2695222492549,data/tiles/train/H516/H516__Samsung_A52_H516_01__x596_y216__t256.png
5.807867050170898,6.437074661254883,8.331666946411133,7.695754051208496,5.43708610534668,0.1413939744234085,117.5477284289334,151.44933897103405,194.1159659090151,28.19094981175782,11.560338751981801,2.896438909033873,0.34525154211989123,164.48597421369928,154.1017349048508,142.82648959430796,data/tiles/train/H516/H516__Samsung_A52_H516_01__x852_y216__t256.png
5.8840556144714355,6.113919258117676,7.937947750091553,8.092713356018066,6.058318138122559,0.13340191543102264,130.41563093303046,168.66366174346422,208.09736033510606,28.425398121401294,11.14142635866165,2.95906547458991,0.3379445330247678,180.17120024140024,169.63213769202338,157.66564157838297,data/tiles/train/H516/H516__Samsung_A52_H516_01__x1108_y216__t256.png
5.571108818054199,6.191309928894043,8.223100662231445,7.939970016479492,5.783798694610596,0.12865890562534332,126.10006998034108,159.26889652962043,202.20305012926937,28.0050280142111,11.166028700614786,2.7124818677827753,0.3686660588877652,172.3359296673424,162.16441429591174,151.50630047633413,data/tiles/train/H516/H516__Samsung_A52_H516_01__x84_y472__t256.png
6.566259860992432,6.925197601318359,8.830172538757324,9.089982032775879,7.033457279205322,0.1369050145149231,101.33029010027224,140.76834592450328,187.0266873070474,31.46960620607585,12.562672793426435,2.877532967049512,0.3475199107884951,152.23044705048673,142.76969532186965,132.80565008033375,data/tiles/train/H516/H516__Samsung_A52_H516_01__x340_y472__t256.png
7.130840301513672,7.426172256469727,9.295077323913574,9.285788536071777,6.793763160705566,0.14813704788684845,90.09708313076374,126.3790378923199,178.9804122216401,32.53674174001962,13.358137546742437,2.9131255924483312,0.34327390572939626,140.48371642550623,130.73707910238596,121.16967676004282,data/tiles/train/H516/H516__Samsung_A52_H516_01__x596_y472__t256.png
6.839387893676758,7.091350078582764,8.903076171875,8.695210456848145,6.681920051574707,0.14363138377666473,100.11642745441755,136.3593407486151,185.9161000812021,31.418746918341096,12.975512273955268,2.9691719272472747,0.3367942391019108,149.95681528046208,139.82331417796567,129.90270541789346,data/tiles/train/H516/H516__Samsung_A52_H516_01__x852_y472__t256.png
6.959658145904541,7.194240570068359,9.193920135498047,9.064151763916016,6.5556488037109375,0.13273197412490845,106.09689749829256,147.21746689673023,196.6983060772328,33.12974594440782,13.088554614146954,2.7443071798194714,0.36439069480034775,159.31385762894212,149.37423605225638,139.74214796381474,data/tiles/train/H516/H516__Samsung_A52_H516_01__x1108_y472__t256.png
4.937002658843994,5.431334972381592,6.968937873840332,6.473423957824707,5.009195327758789,0.1340586245059967,140.20177448739278,171.1090998266537,204.65424860923562,23.91709838033238,9.920842732847364,2.9838600974658593,0.33513635604071473,183.32039133438283,172.46351487863367,160.30906437438423,data/tiles/train/H516/H516__Samsung_A52_H516_01__x84_y728__t256.png
6.3286285400390625,6.834429740905762,8.821974754333496,8.85430908203125,7.049993991851807,0.12685053050518036,110.3585863545628,151.44465135443969,198.01100518872158,31.88347918222342,12.066726549457977,2.7885305745458586,0.358611811227087,162.60324952819835,153.0003955087826,143.36273872274455,data/tiles/train/H516/H516__Samsung_A52_H516_01__x340_y728__t256.png
7.079639434814453,7.251702308654785,9.459678649902344,9.83491039276123,7.5896501541137695,0.1254957616329193,95.15127263455314,135.67931605269334,188.0090976650257,33.82211326834121,12.901193644017072,2.62799860895013,0.3805177052203593,147.77484998703247,138.9331011044644,130.55485250701378,data/tiles/train/H516/H516__Samsung_A52_H516_01__x596_y728__t256.png
6.867247104644775,7.251551628112793,9.242456436157227,8.956771850585938,6.57049560546875,0.1302480846643448,102.33345910835472,141.42158734697745,189.363768156095,32.06017504122583,13.014645184502065,2.832616764732677,0.3530304601915936,153.4084709580409,143.82427122213736,134.91777020557024,data/tiles/train/H516/H516__Samsung_A52_H516_01__x852_y728__t256.png
6.37461519241333,6.617176055908203,8.363505363464355,8.068816184997559,6.1286749839782715,0.12531350553035736,118.00619985886082,155.89723432528524,197.96635286355954,29.327281119787557,12.143233480008343,2.7132343490403006,0.3685638140154427,167.08283189399322,156.77066645681194,147.5655225907841,data/tiles/train/H516/H516__Samsung_A52_H516_01__x1108_y728__t256.png
4.660973072052002,4.486772060394287,4.471979141235352,3.576425790786743,2.2835164070129395,0.1651807725429535,131.56197079192478,152.90609781244297,173.15189798457868,15.521554429638853,9.000719954969039,2.880010540114595,0.3472209514761742,165.39668133080326,152.72215985991411,140.16353329286102,data/tiles/train/H549/H549__Motorola_Edge_H549_01__x42_y14__t256.png
5.245152950286865,5.0247483253479,5.01825475692749,3.84269118309021,2.2982449531555176,0.1658947616815567,122.3878957271866,145.71213246966738,168.93504057210973,17.24537211394266,10.164488105611534,2.8120747010502534,0.3556093298753835,158.08740163239642,145.53862684214886,133.89334385757257,data/tiles/train/H549/H549__Motorola_Edge_H549_01__x298_y14__t256.png
6.935608386993408,6.5549750328063965,6.957603454589844,5.630616188049316,3.567730665206909,0.17402397096157074,99.6252753275074,129.79885635329202,164.10428478933412,23.474266425692328,12.993014526110144,2.866221154838506,0.34889143090437624,142.83450253364342,130.14209466967026,120.03659802385975,data/tiles/train/H549/H549__Motorola_Edge_H549_01__x554_y14__t256.png
6.484832286834717,6.086430072784424,6.455994606018066,5.167502403259277,3.154747724533081,0.1730131357908249,105.82984594460214,133.33352024776045,165.03558290875125,21.69003051310287,12.22041947512171,2.9032594705098056,0.3444404505203947,146.53441107163115,133.73710282252574,123.2622000217781,data/tiles/train/H549/H549__Motorola_Edge_H549_01__x810_y14__t256.png
5.3856120109558105,5.210232734680176,5.316654682159424,3.9369874000549316,2.4164435863494873,0.15895646810531616,122.45527703426349,148.18783519482932,171.12034758018922,18.05217061616222,10.282563139456784,2.9548234870036563,0.3384296911129712,159.59677633719969,147.17576746320978,136.12939794439274,data/tiles/train/H549/H549__Motorola_Edge_H549_01__x1066_y14__t256.png
5.006258487701416,4.8207573890686035,4.9496636390686035,3.854673147201538,2.4200246334075928,0.16218382120132446,131.41609817749506,155.67412195065697,178.5103128991606,17.37256318780849,9.66930478993382,2.8528957439080296,0.3505210459005955,168.0055357274069,155.5622108898219,142.79345384639961,data/tiles/train/H549/H549__Motorola_Edge_H549_01__x42_y270__t256.png
6.265544414520264,5.9329071044921875,6.29447603225708,4.8772993087768555,2.858372449874878,0.16714957356452942,115.71092431775283,144.03911579790295,173.48259728705204,21.39284080811413,11.9309883607213,2.78089484509267,0.35959648088264057,156.70614482666605,144.0774475851275,132.5616516678337,data/tiles/train/H549/H549__Motorola_Edge_H549_01__x298_y270__t256.png
6.682228088378906,6.25514030456543,6.556392669677734,5.472278118133545,4.076423645019531,0.1702825278043747,103.37079892637699,136.0451954710901,167.57188834818442,23.509703557989585,12.406972857021115,2.8038002352913103,0.3566587902422733,147.8134755854691,134.98490219260694,124.6845326802405,data/tiles/train/H549/H549__Motorola_Edge_H549_01__x554_y270__t256.png
6.84563684463501,6.342206954956055,6.4827470779418945,4.801502704620361,2.961217164993286,0.16704900562763214,106.92219568344035,137.27738745773357,167.07586713138858,22.05606095602584,12.854801376876548,2.543510367835458,0.39315743023725347,149.09594693627764,136.399113956378,126.17303558907683,data/tiles/train/H549/H549__Motorola_Edge_H549_01__x810_y270__t256.png
4.967945098876953,4.75858211517334,4.791971206665039,3.578900098800659,2.2422561645507812,0.1534641832113266,129.01381977789245,153.47635667844207,174.4638768718286,16.92023000547734,9.505407603990417,2.658963620459667,0.3760863790333188,164.69780828410856,152.2778182158073,141.25704095962882,data/tiles/train/H549/H549__Motorola_Edge_H549_01__x1066_y270__t256.png
3.9964582920074463,3.7245469093322754,3.565758228302002,2.730664014816284,1.685016393661499,0.19097033143043518,111.74608784822995,128.56741585497676,145.20856553410889,12.581782376940762,7.536079902750777,2.5809251686359387,0.3874579597085011,140.68802281215076,129.02731384345182,116.12657081047199,data/tiles/train/H549/H549__Motorola_Edge_H549_02__x37_y14__t256.png
4.535407543182373,4.223051071166992,4.11876916885376,2.938444137573242,1.7928541898727417,0.19115348160266876,105.7375320094791,125.26486401983333,143.19774203757083,13.892800729895324,8.721025525746521,2.8377460253749343,0.3523923533177625,136.82929214952435,125.03541107004045,112.94709853614052,data/tiles/train/H549/H549__Motorola_Edge_H549_02__x293_y14__t256.png
5.144506454467773,4.721364974975586,4.771790027618408,3.57269024848938,2.241403818130493,0.1920807659626007,98.34587023553131,119.79235946238305,141.7616990153557,15.98228273972645,9.716009777467937,2.886146720908394,0.3464827317182465,131.64224191822817,119.70369279378144,108.59625107954449,data/tiles/train/H549/H549__Motorola_Edge_H549_02__x549_y14__t256.png
5.621516704559326,5.2460503578186035,5.428696155548096,4.203319072723389,2.5045390129089355,0.19532708823680878,92.74105943651723,116.33978252386972,142.39469423926164,18.200312776333593,10.673837443449964,2.769273907394367,0.3611054859289482,128.58758949478056,116.67883025102175,105.73427594633641,data/tiles/train/H549/H549__Motorola_Edge_H549_02__x805_y14__t256.png
4.544313907623291,4.270677089691162,4.229061603546143,2.9739835262298584,1.7141671180725098,0.18570753931999207,107.38525035848495,127.36193181117376,145.78917485148588,14.23035498871174,8.740926783537242,2.9358144790987555,0.3406209783075199,138.92047002116408,127.12643127763457,115.31331490000117,data/tiles/train/H549/H549__Motorola_Edge_H549_02__x1061_y14__t256.png
4.36404275894165,4.076959609985352,4.245769023895264,3.286440134048462,2.018307685852051,0.18451541662216187,109.09706326281109,128.9901503245069,147.92677994823498,14.391335535477271,8.257221296638008,2.7646563805286464,0.3617086040214459,140.49511969248638,129.27494904876713,116.7237620442612,data/tiles/train/H549/H549__Motorola_Edge_H549_02__x37_y270__t256.png
5.099870204925537,4.723117351531982,4.71870756149292,3.5478851795196533,2.0999627113342285,0.19240355491638184,100.54847676830344,122.25929800871756,143.90523880895412,15.980252184294221,9.729818629508221,2.645690478682041,0.37797316354940846,134.07759278691896,122.24645702864116,110.54840540906721,data/tiles/train/H549/H549__Motorola_Edge_H549_02__x293_y270__t256.png
5.54104471206665,5.010350704193115,4.971097946166992,3.7592170238494873,2.4809446334838867,0.19080506265163422,93.41522060284369,115.69141539697625,139.5426504703006,16.993894976129397,10.32921660178248,2.9556113366043526,0.3383394790834987,127.50804609785794,115.75921060700307,105.33627410270809,data/tiles/train/H549/H549__Motorola_Edge_H549_02__x549_y270__t256.png
5.862451076507568,5.38145112991333,5.424850940704346,4.052574157714844,2.320405960083008,0.19369259476661682,92.51394726417878,115.77968448460213,141.89957758388172,18.065787846804998,11.058173167072306,2.824067463182719,0.3540991895685812,128.04827362113107,116.14763848282303,105.47222955482711,data/tiles/train/H549/H549__Motorola_Edge_H549_02__x805_y270__t256.png
4.33351469039917,4.024293422698975,3.9181745052337646,2.841811180114746,1.7758537530899048,0.1861678659915924,108.20071943447844,127.44576531710258,144.97124986783908,13.648488271699216,8.24803928209576,2.853116767237191,0.35049389197216335,139.0600521564163,127.09826703120427,115.38313454003458,data/tiles/train/H549/H549__Motorola_Edge_H549_02__x1061_y270__t256.png
3.2064905166625977,3.310570478439331,3.529134750366211,2.778301477432251,1.660546064376831,0.16553041338920593,127.24617131984611,142.5813176390812,157.68223732636721,11.365562606988991,6.34797254244122,2.667315165232555,0.37490882706124196,154.30058180209957,142.9392725411977,130.68884545202684,data/tiles/train/H549/H549__Motorola_Edge_H549_03__x129_y15__t256.png
4.161007881164551,4.123585224151611,4.234354496002197,3.060142993927002,1.7785842418670654,0.16850963234901428,114.96590704740738,133.14054973951286,151.6891675278932,13.618592717921292,8.054849998620712,2.7348738361250566,0.3656475800788177,144.61965330742817,133.51618077994496,122.1364114223065,data/tiles/train/H549/H549__Motorola_Edge_H549_03__x385_y15__t256.png
4.319729328155518,4.194038391113281,4.28673791885376,3.310002565383911,2.0229341983795166,0.1715787798166275,109.99938838024548,130.0040091162049,149.14363177578642,14.387807006911029,8.29335679164065,2.789983920008565,0.35842500482831813,140.9844806947743,130.0022959070863,118.69730978397672,data/tiles/train/H549/H549__Motorola_Edge_H549_03__x641_y15__t256.png
4.0275797843933105,3.9563581943511963,4.098524570465088,3.170372486114502,1.7100638151168823,0.17204022407531738,112.53095318153714,131.85414921526896,149.36135175303644,13.596636896066698,7.738775630615587,2.7061106337335037,0.3695340417846639,142.65295192118077,131.79570981309683,120.0308369061111,data/tiles/train/H549/H549__Motorola_Edge_H549_03__x897_y15__t256.png
4.018288612365723,3.9422547817230225,4.054555892944336,3.0502994060516357,1.8927175998687744,0.1669376939535141,115.96254679643005,134.48155137907216,153.1935197312865,13.747950161367685,7.85399252774638,2.8184750285617937,0.3548017952496383,145.6057592127354,135.1651314358068,123.13031556782649,data/tiles/train/H549/H549__Motorola_Edge_H549_03__x1153_y15__t256.png
3.6689865589141846,3.60686993598938,3.7502281665802,2.946823835372925,1.7495176792144775,0.17497043311595917,116.76799001036261,132.70840142613505,149.09290540652444,12.185730212885716,7.258520693159509,3.002153912835685,0.3330941813890714,144.47710418890043,133.31411271901794,121.20618641527086,data/tiles/train/H549/H549__Motorola_Edge_H549_03__x129_y271__t256.png
5.533120155334473,5.2085418701171875,5.433830261230469,4.393968105316162,3.3150148391723633,0.1844455897808075,91.47474039085934,114.23855428587535,142.43618300480207,18.788263336196795,10.499815842892264,2.74484230241329,0.3643196547651539,126.4522544151793,115.83705564267292,105.09445179948558,data/tiles/train/H549/H549__Motorola_Edge_H549_03__x385_y271__t256.png
6.1457390785217285,5.776790618896484,5.851109027862549,4.349676132202148,2.4721312522888184,0.17964662611484528,88.55691085116312,112.36732095844802,141.76358266879546,19.257291982407416,11.626883719753293,2.6947710229659467,0.3710890429938532,124.02580024853872,113.54953547767191,103.59572124933845,data/tiles/train/H549/H549__Motorola_Edge_H549_03__x641_y271__t256.png
5.8476691246032715,5.450305461883545,5.441277980804443,3.9203250408172607,2.3220887184143066,0.179694265127182,92.06484754676471,114.5121841446112,141.2941977848977,17.913130386827156,11.19526077839197,2.827889070201291,0.35362066020815286,126.03978826070323,115.69498026913948,105.25572262073396,data/tiles/train/H549/H549__Motorola_Edge_H549_03__x897_y271__t256.png
4.614109992980957,4.338124752044678,4.2245354652404785,3.151946544647217,2.036344051361084,0.17435038089752197,102.9730637858242,126.5177906837564,145.47018325387828,15.692537757032014,8.807842866638627,2.8176514327675393,0.3549055033460207,136.25100634614228,125.8194882104287,114.37329903319261,data/tiles/train/H549/H549__Motorola_Edge_H549_03__x1153_y271__t256.png
2.1983180046081543,2.53843092918396,3.107353687286377,2.704028367996216,1.7910159826278687,0.234354168176651,164.18573024270876,176.83853993761377,190.42447351857618,9.8940306564121,4.555194910043614,2.818321736155441,0.3548210934086364,197.18598332281368,178.88751941533397,155.64886964581123,data/tiles/train/H549/H549__Samsung_A52_H549_01__x91_y215__t256.png
2.852191925048828,3.280568838119507,3.8638322353363037,3.059272289276123,1.9076673984527588,0.24868492782115936,147.35165336330553,162.8488724123935,179.35878463761424,12.055280116563406,5.800847550465405,2.9875158455869544,0.3347262580973963,182.89928298255023,164.7029484020531,142.28970211998106,data/tiles/train/H549/H549__Samsung_A52_H549_01__x347_y215__t256.png
2.9946582317352295,3.357067108154297,3.830059051513672,3.1382412910461426,2.0709235668182373,0.2692457437515259,138.7348830637693,154.39121449441566,170.98491487134902,12.040321536586307,5.998883921521427,2.7835108864981906,0.3592585194657007,174.7849679552949,156.37764429004073,133.11657037226334,data/tiles/train/H549/H549__Samsung_A52_H549_01__x603_y215__t256.png
2.997751235961914,3.3670475482940674,3.8874597549438477,3.1307690143585205,1.8423012495040894,0.2693192660808563,137.42411778060398,155.02453676273586,171.2210041586615,12.703694468443743,6.121994966983092,2.5575452028335737,0.3909999318456123,174.77568268651635,156.5034519554404,133.088010016996,data/tiles/train/H549/H549__Samsung_A52_H549_01__x859_y215__t256.png
2.9556024074554443,3.3315398693084717,3.7542173862457275,2.8381645679473877,1.9096472263336182,0.24877077341079712,148.91742864725,165.15486092830207,182.20007688105844,12.545429696331382,6.115479538378251,2.703764706741788,0.36985466875372636,185.2424717399791,167.25687080840194,144.06553010453095,data/tiles/train/H549/H549__Samsung_A52_H549_01__x1115_y215__t256.png
2.7033891677856445,3.055467128753662,3.664001226425171,3.1647794246673584,1.9671244621276855,0.2524487376213074,149.77006937408464,165.12579633124219,180.46039618466787,11.689052432331943,5.634363688103154,2.6990767583071635,0.3704970586413374,185.44188288183844,166.7664799819634,143.71051615446552,data/tiles/train/H549/H549__Samsung_A52_H549_01__x91_y471__t256.png
3.888068199157715,4.289831638336182,4.967897891998291,4.140331268310547,3.1435656547546387,0.2883508801460266,118.49548859459037,138.9404156711902,163.92382488375102,17.06365758237299,7.916747599683619,2.8206972628276548,0.35452227120521734,160.08350540032498,141.52249265947748,119.59860084883948,data/tiles/train/H549/H549__Samsung_A52_H549_01__x347_y471__t256.png
4.501662254333496,4.800906181335449,5.410800933837891,4.309347629547119,2.5456767082214355,0.3010905981063843,109.57702168267683,128.73001339760322,156.26574385890817,17.189688622557956,9.07227223410746,2.8995153656983064,0.34488522179607917,150.11581288235124,131.6035246771843,110.72837524172206,data/tiles/train/H549/H549__Samsung_A52_H549_01__x603_y471__t256.png
4.506316184997559,4.632768154144287,5.004156112670898,3.77168345451355,2.026578903198242,0.29513731598854065,113.83056124849547,132.39078126939071,156.28556472171502,15.825019028083455,9.004841089674292,2.6745713261426483,0.3738916925585349,153.15623300544425,134.99860837184772,113.62909414645799,data/tiles/train/H549/H549__Samsung_A52_H549_01__x859_y471__t256.png
3.5711333751678467,3.7407853603363037,4.027002334594727,3.2706611156463623,2.2350728511810303,0.26404935121536255,129.9219012289839,153.1053872152559,173.597245520383,16.159375662082045,7.1082898665925205,2.8331430540334623,0.3529648806742496,172.07989437224262,153.80866757952418,131.7961179693746,data/tiles/train/H549/H549__Samsung_A52_H549_01__x1115_y471__t256.png
2.66922926902771,2.9812960624694824,3.487774133682251,2.880021333694458,1.9002355337142944,0.24992896616458893,153.14289977125648,169.2652606800523,183.50556201647524,11.379228804054481,5.489450719862055,2.7813175788901807,0.35954182564043136,189.32272665189925,170.56435827466154,147.0868970298478,data/tiles/train/H549/H549__Samsung_A52_H549_01__x91_y727__t256.png
4.030203819274902,4.297480583190918,4.898240089416504,3.883531332015991,2.3891489505767822,0.2704070210456848,127.48966799453963,149.75639490763666,173.1227381079767,16.900524548223043,8.054555663005553,2.816303044069608,0.3550754248928348,170.0596710498936,151.11202987692798,129.44318701224458,data/tiles/train/H549/H549__Samsung_A52_H549_01__x347_y727__t256.png
4.158104419708252,4.409124851226807,4.921236515045166,3.772275924682617,2.064807176589966,0.27484554052352905,120.56356885225819,142.12708639539025,165.7739366441969,16.794303025818536,8.37673314814659,2.8378551479351857,0.35237880295884616,162.05587794025183,143.65060350542774,122.7983331789804,data/tiles/train/H549/H549__Samsung_A52_H549_01__x603_y727__t256.png
3.939077615737915,4.171414852142334,4.648703575134277,3.7154674530029297,2.484591484069824,0.26939234137535095,123.75380583763547,143.54923634383198,165.78608697111108,15.717820343367784,7.960972832595294,2.710068015807632,0.3689944289837273,163.40965904989304,145.07372542355984,124.52648099765103,data/tiles/train/H549/H549__Samsung_A52_H549_01__x859_y727__t256.png
3.666513204574585,3.8264951705932617,4.117944240570068,3.144899606704712,2.1957051753997803,0.24235668778419495,136.97963320441775,160.1529616036864,179.22273219715512,15.52653880682383,7.246742654373558,2.8709978131120906,0.34831095845246385,178.0935109892136,159.95595881414266,139.5133331393683,data/tiles/train/H549/H549__Samsung_A52_H549_01__x1115_y727__t256.png
2.7898178100585938,3.2392914295196533,3.9528117179870605,3.219377279281616,2.0819127559661865,0.19931596517562866,154.19031986241433,170.17349922224065,185.50592285263727,11.9142443719187,5.879563816173394,2.755745745151017,0.3628781798029046,186.7468558342298,171.01467540383305,152.82422576464393,data/tiles/train/H549/H549__Samsung_A52_H549_02__x85_y225__t256.png
3.7752156257629395,4.277641773223877,5.29514741897583,4.550450325012207,2.63838791847229,0.21377918124198914,131.21911546627382,152.02739112831915,176.04506586061305,16.674752353579837,7.977646473901956,2.8018943569945947,0.35690139333898135,168.87600588180408,153.84264551723632,136.17534342284407,data/tiles/train/H549/H549__Samsung_A52_H549_02__x341_y225__t256.png
4.0489501953125,4.616753101348877,5.552155494689941,4.6260247230529785,2.929513931274414,0.22915633022785187,120.56364792980357,143.00845008806425,167.1737343456629,17.3586655524239,8.52724055000026,2.9363716071126187,0.340556351102753,159.61441213331713,144.73775454122736,126.68912928283723,data/tiles/train/H549/H549__Samsung_A52_H549_02__x597_y225__t256.png
4.321460247039795,4.672800540924072,5.487177848815918,4.587442398071289,3.0398664474487305,0.23717905580997467,118.66597632518211,142.0726046070647,166.87293525883413,17.891227141021435,8.775999379447905,2.8059317615606747,0.356387854365993,158.8742058989578,143.6593058904743,125.06815231588595,data/tiles/train/H549/H549__Samsung_A52_H549_02__x853_y225__t256.png
3.6962530612945557,4.13723087310791,4.878997802734375,3.9913835525512695,2.4879250526428223,0.2127477377653122,136.47706052069506,157.36886481672175,178.70149518251608,15.752764548339286,7.809841842141022,2.723935676340959,0.36711586425685794,173.8761953490574,158.71552953429074,140.33795282638795,data/tiles/train/H549/H549__Samsung_A52_H549_02__x1109_y225__t256.png
3.318497657775879,3.844529390335083,4.7132086753845215,3.9687016010284424,2.4156339168548584,0.21260395646095276,137.38035778227447,157.8764721444266,176.9470325078307,14.771197999342705,7.029096270216654,2.742583587243144,0.3646196982478131,174.06463834330762,158.5254508556963,140.53520364535328,data/tiles/train/H549/H549__Samsung_A52_H549_02__x85_y481__t256.png
4.985201835632324,5.285869121551514,6.447824001312256,5.883829116821289,3.873140573501587,0.2421555072069168,102.24717949298001,129.27221074671866,161.0561797026534,21.800881914702224,9.868713016864032,2.7050768301888484,0.36967526720126004,146.34432417471845,131.44891053067133,114.66562796511457,data/tiles/train/H549/H549__Samsung_A52_H549_02__x341_y481__t256.png
5.849592685699463,6.032471656799316,7.021929740905762,5.55913782119751,3.2792606353759766,0.2536661922931671,90.93043503531078,117.10994521860944,151.57508643180267,22.02939422800653,11.482362122583533,2.8805885480909996,0.3471512794365276,134.30129531051102,119.72579436146033,104.02597204748014,data/tiles/train/H549/H549__Samsung_A52_H549_02__x597_y481__t256.png
5.549348831176758,5.855339527130127,6.835306167602539,5.671004772186279,3.437952756881714,0.2520481050014496,95.38630012080797,120.43251731080227,155.15986970018983,21.885752600340854,11.04378205200189,2.75068338737817,0.36354602081381526,138.3461925585124,123.57493502349415,107.3237068699689,data/tiles/train/H549/H549__Samsung_A52_H549_02__x853_y481__t256.png
5.199135780334473,5.450821876525879,6.388494491577148,5.444183826446533,3.0764524936676025,0.22426609694957733,112.24086135265321,140.69516384168983,168.70465519469616,20.94022063494399,10.398782123776996,2.6758406175883884,0.3737143361330892,156.2390119905841,141.2568758403831,124.6791643614055,data/tiles/train/H549/H549__Samsung_A52_H549_02__x1109_y481__t256.png
3.1974990367889404,3.573815107345581,4.155233860015869,3.42216157913208,2.010918617248535,0.20211482048034668,143.73988689694735,162.66757290094932,179.6188353213415,13.472329877038973,6.704917164466541,2.715609136699337,0.36824150666080063,178.39472735445858,163.06445297212497,145.58198362071653,data/tiles/train/H549/H549__Samsung_A52_H549_02__x85_y737__t256.png
4.636457443237305,4.833337783813477,5.521769046783447,4.764185428619385,3.2299089431762695,0.2225799709558487,115.9685839360424,142.12293774232185,168.390670128986,19.51114181553408,9.179528064418783,2.9685061713529537,0.33686977296874904,158.07866033172184,142.82331213597854,126.37738532290805,data/tiles/train/H549/H549__Samsung_A52_H549_02__x341_y737__t256.png
4.7524943351745605,4.99666166305542,5.860817909240723,4.976194381713867,2.7653632164001465,0.23576104640960693,108.5201199601867,132.01941604924454,159.8686191929355,19.12967586072639,9.549696808380219,2.798021304623531,0.3573954202377127,149.01665529925455,133.65446182583327,117.56341811608786,data/tiles/train/H549/H549__Samsung_A52_H549_02__x597_y737__t256.png
4.936672687530518,5.182732105255127,5.937664031982422,4.613907814025879,2.416400194168091,0.2294764220714569,110.26363628608607,135.49937581805784,161.55656937916208,18.958348468074696,9.974270401742602,2.827528744747394,0.35366572377298255,151.4723542681869,136.05007251624826,120.27876390988123,data/tiles/train/H549/H549__Samsung_A52_H549_02__x853_y737__t256.png
4.847946643829346,4.874226093292236,5.4872965812683105,4.4683918952941895,2.670201301574707,0.20734696090221405,121.7772729304249,148.60033463546222,173.78112796418006,19.17623209806676,9.489730136723932,2.8501733995770495,0.35085584622619614,163.74112543304616,148.51752095973026,132.9689294795219,data/tiles/train/H549/H549__Samsung_A52_H549_02__x1109_y737__t256.png
4.586703777313232,4.156587600708008,5.884300231933594,7.049592018127441,7.028833866119385,0.0912662148475647,96.30134498727439,144.26703346013542,171.50251751720384,27.424372408479137,6.679434193189052,2.841710583256344,0.3519007199016341,145.20425826383297,139.62318180882784,132.67684771021052,data/tiles/train/H615/H615__Motorola_Edge_H615_01__x54_y19__t256.png
5.149954319000244,5.160451889038086,7.3382978439331055,8.094281196594238,7.728342533111572,0.09754866361618042,83.31655919869907,132.97575031545844,164.27336027717325,30.108168591303755,8.50751689443609,2.884904603390515,0.3466319124815217,134.8458526716556,128.31820438761588,122.31987933498485,data/tiles/train/H615/H615__Motorola_Edge_H615_01__x310_y19__t256.png
6.419949054718018,6.018041610717773,8.07861614227295,8.649469375610352,7.628505229949951,0.09705065935850143,76.50481464082844,134.73757021581847,161.92021325072577,31.68680898772743,9.967248400522347,2.904242707157321,0.3443238395797857,132.86213397979378,126.22978645549584,120.58048939041097,data/tiles/train/H615/H615__Motorola_Edge_H615_01__x566_y19__t256.png
6.217303276062012,6.028034210205078,8.059326171875,9.003729820251465,8.239437103271484,0.09566977620124817,70.62194378725415,129.56432066919731,162.5802880983737,33.769922575863504,9.709784532597057,2.861734344846897,0.34943844518646267,128.63567904422843,122.49187588490315,116.94403590001973,data/tiles/train/H615/H615__Motorola_Edge_H615_01__x822_y19__t256.png
5.186322212219238,5.056141376495361,7.118764400482178,7.984719276428223,7.106210708618164,0.1029432862997055,87.18120602614192,136.68048428257967,165.54060998600286,28.713029013680053,8.33767896299685,2.6997857948075503,0.37039975613001674,138.31242335620226,131.2606358726525,124.78297896827469,data/tiles/train/H615/H615__Motorola_Edge_H615_01__x1078_y19__t256.png
4.398621559143066,4.287063121795654,6.05385160446167,6.632197380065918,6.007266521453857,0.09417054802179337,106.02868955355207,143.18558368978825,172.65228352054302,24.242071812813506,7.615430496125332,2.458300492119434,0.4067850953151158,147.79412211302787,141.66436225137676,134.48764296317842,data/tiles/train/H615/H615__Motorola_Edge_H615_01__x54_y275__t256.png
5.620664596557617,5.658017158508301,7.863585948944092,8.556100845336914,7.801678657531738,0.10011589527130127,83.12294075715269,134.7392945953279,168.0600877527988,31.122507977720304,9.309070093857976,2.7735994317957062,0.36054232941365,136.67247941842234,129.99342568669712,123.65561447543789,data/tiles/train/H615/H615__Motorola_Edge_H615_01__x310_y275__t256.png
7.291589736938477,6.830464839935303,8.430781364440918,8.94625186920166,8.130951881408691,0.10631310939788818,71.74889574458197,127.916457547084,161.45816675770905,33.34756357818037,11.65590806478357,2.7524714155782455,0.36330985831143237,128.7283082733784,121.38118323310015,115.76928550367447,data/tiles/train/H615/H615__Motorola_Edge_H615_01__x566_y275__t256.png
6.611126899719238,6.327784538269043,8.327152252197266,9.107980728149414,7.890477657318115,0.0949731394648552,75.85766793684495,135.08930192118248,167.64078278844445,33.890342271906036,10.360722875024058,2.7451677125932474,0.3642764685787962,134.35408158241304,128.0096427175378,122.19259032620417,data/tiles/train/H615/H615__Motorola_Edge_H615_01__x822_y275__t256.png
4.9338765144348145,4.653608798980713,6.6711835861206055,8.021940231323242,8.121800422668457,0.09496167302131653,87.97831254609922,139.62646010497267,168.57164884937364,29.57913124816547,7.556708321244167,2.7314811536092973,0.3661017388601162,139.94318979306385,133.28468044467957,127.26622011430325,data/tiles/train/H615/H615__Motorola_Edge_H615_01__x1078_y275__t256.png
5.8488264083862305,5.404923915863037,7.511958599090576,9.074175834655762,9.183799743652344,0.09006312489509583,95.33692379795447,156.31626002703152,189.30810239100288,34.42238156087634,8.684047821631538,2.8944533748757904,0.3454883774187287,155.61848072064197,149.53558492419376,142.30748395083023,data/tiles/train/H615/H615__Motorola_Edge_H615_02__x40_y17__t256.png
5.833893299102783,5.385551452636719,7.4244208335876465,9.031413078308105,9.74535083770752,0.08961980044841766,82.58871148654627,143.60374891577294,177.92916906969973,35.21473355172502,8.580865940863735,2.8213761070436094,0.35443697049233686,143.1144180798178,137.1476173220734,130.86131004233454,data/tiles/train/H615/H615__Motorola_Edge_H615_02__x296_y17__t256.png
7.001837253570557,6.899261474609375,8.92662525177002,9.197256088256836,8.21899127960205,0.08909250050783157,83.27586540933792,138.31535749577347,177.19865055745422,34.54776452107279,11.702558001649294,2.943616227220652,0.3397181978930029,140.57008570736292,134.52098042786002,128.6538291537363,data/tiles/train/H615/H615__Motorola_Edge_H615_02__x552_y17__t256.png
6.340333938598633,6.081594944000244,7.907786846160889,8.6876220703125,7.689705848693848,0.08104526251554489,86.9883343384078,147.42632083715583,178.58917229024215,33.57461523847327,9.931865106022977,2.7131080299211825,0.3685809739131732,145.7141161699613,140.00430977687614,134.41274520580504,data/tiles/train/H615/H615__Motorola_Edge_H615_02__x808_y17__t256.png
5.571194171905518,5.533775806427002,7.958944320678711,8.983102798461914,7.599148273468018,0.07459912449121475,94.05238535821452,150.97209603087322,179.94379656788507,31.8013971586495,8.938817128859037,2.9121546691437263,0.3433883545388866,148.73155052011703,143.46575027865586,138.12443063074872,data/tiles/train/H615/H615__Motorola_Edge_H615_02__x1064_y17__t256.png
5.007900714874268,4.915084362030029,6.733885288238525,7.301018238067627,7.068301677703857,0.09844256937503815,108.75066437070195,155.8577835846449,187.22993336942363,28.824049332071404,8.255150200798345,2.76116947065889,0.3621653834095786,159.30210400321997,152.6009698491428,144.3842083903131,data/tiles/train/H615/H615__Motorola_Edge_H615_02__x40_y273__t256.png
6.007243633270264,5.810392379760742,8.230299949645996,9.499907493591309,9.500093460083008,0.08806980401277542,78.8406312432316,142.3037300362329,177.28811614608412,36.34105247746727,9.029250850708607,2.9345313481875364,0.3407699156519943,140.63451134577076,134.7659042670401,128.8797531151893,data/tiles/train/H615/H615__Motorola_Edge_H615_02__x296_y273__t256.png
6.890699863433838,6.672353267669678,8.917016983032227,9.542609214782715,8.484092712402344,0.08552926778793335,72.99958334461179,130.91826683073563,173.0103560546955,37.11089811341997,10.8987535177636,2.7312975727666267,0.36612634594298893,132.8438962602605,127.2836601765488,122.1725421988779,data/tiles/train/H615/H615__Motorola_Edge_H615_02__x552_y273__t256.png
6.890354156494141,6.859405040740967,9.479537963867188,10.364853858947754,8.811534881591797,0.08652208745479584,76.76228904020145,138.02078901804836,175.3685217680093,36.21098296976964,11.320809655440492,2.7480039256888764,0.36390049906836197,137.88678389155262,131.92516219038382,126.54900822328466,data/tiles/train/H615/H615__Motorola_Edge_H615_02__x808_y273__t256.png
5.734756946563721,5.539602756500244,8.091736793518066,9.668747901916504,8.978809356689453,0.07723265141248703,90.73763117141509,151.50103760538377,183.69553645701353,34.281098264391495,8.904600902871474,2.963075357263827,0.3374871980722837,150.11756530351303,144.37173353653293,139.01858166344758,data/tiles/train/H615/H615__Motorola_Edge_H615_02__x1064_y273__t256.png
4.457650184631348,4.285717964172363,5.7702436447143555,6.1260881423950195,5.733383655548096,0.13593386113643646,154.2784380283289,191.3083587188702,215.84443939348998,22.762083082796444,7.433207544322221,2.8904739140822846,0.345964028641821,200.7817902953796,188.89545978370498,175.19328697681127,data/tiles/train/H615/H615__Samsung_A52_H615_01__x87_y201__t256.png
4.68510627746582,5.228445053100586,7.108129024505615,7.042898178100586,5.8538289070129395,0.14369617402553558,133.25355940377293,172.8804566015219,200.26181165242303,24.597656932846384,9.061935620142364,2.898830847863137,0.3449666615550012,181.47744538972074,170.18415115934846,157.1083378025813,data/tiles/train/H615/H615__Samsung_A52_H615_01__x343_y201__t256.png
5.403331279754639,5.205747604370117,6.812685489654541,7.1143341064453125,6.315306663513184,0.14739404618740082,125.97108116333196,169.62302372303904,199.53433146391524,26.991652083392218,9.069567629969331,2.828626943963306,0.3535284149555822,177.84636485976984,166.84446150966446,153.37569526383876,data/tiles/train/H615/H615__Samsung_A52_H615_01__x599_y201__t256.png
6.071436405181885,5.883279800415039,7.883540153503418,8.482367515563965,7.789790630340576,0.15373684465885162,114.67998379128039,165.55037889612694,197.8100796155359,30.469279857705057,10.257567010504589,2.662163314629086,0.37563435515199717,172.9419453986908,161.77895296138584,148.1964479666763,data/tiles/train/H615/H615__Samsung_A52_H615_01__x855_y201__t256.png
5.4208784103393555,5.208889961242676,6.9963297843933105,7.2978515625,6.4963555335998535,0.14556747674942017,135.5733797857744,179.42208594077456,209.53087882372287,27.034959546617966,9.258851809496608,2.8338947752747647,0.35287125292188853,188.39297170966626,177.07667412738553,162.76427011827033,data/tiles/train/H615/H615__Samsung_A52_H615_01__x1111_y201__t256.png
4.799395561218262,4.547351360321045,6.243142127990723,6.897407531738281,6.219258785247803,0.15339462459087372,135.68961481234837,180.2562044207904,207.88123448733947,26.312371366403834,7.737350373401826,2.759908137714734,0.36233090019728786,188.8176049458591,176.75109388075376,161.85067759763805,data/tiles/train/H615/H615__Samsung_A52_H615_01__x87_y457__t256.png
6.38163948059082,5.985297203063965,8.245800018310547,9.835644721984863,8.971112251281738,0.17814046144485474,93.44270432042805,150.70263806863795,187.10787127427548,34.60574103452127,9.82672763180897,2.890571627960069,0.3459523335547713,158.08317033029425,146.30026365526476,132.16180123141353,data/tiles/train/H615/H615__Samsung_A52_H615_01__x343_y457__t256.png
6.419795036315918,6.408963680267334,8.394186019897461,9.112237930297852,8.364399909973145,0.18247656524181366,86.90164867297892,137.78947348087405,177.58090759136505,33.57029163966883,10.780549640520542,2.8019743296806716,0.3568912068205726,147.2395129097958,135.87505591327408,122.56474517090949,data/tiles/train/H615/H615__Samsung_A52_H615_01__x599_y457__t256.png
6.941014766693115,6.496553421020508,8.766129493713379,9.899861335754395,8.53679370880127,0.17949673533439636,86.0730819240157,141.5531137259392,179.86146612037643,34.73142521609767,11.050035321214178,2.781004155046823,0.3595823466085987,149.38950317385354,138.05151621551522,124.7327458152335,data/tiles/train/H615/H615__Samsung_A52_H615_01__x855_y457__t256.png
6.457026958465576,6.336429595947266,8.515434265136719,9.066669464111328,8.184917449951172,0.16620148718357086,100.97100620015578,154.30728013251627,192.28798613495917,33.60517474889579,10.93241701322714,2.8167934358898377,0.3550136077635723,162.48259405828387,150.99050549229656,137.49890535390384,data/tiles/train/H615/H615__Samsung_A52_H615_01__x1111_y457__t256.png
5.198154449462891,5.074201583862305,6.800683975219727,6.953981876373291,6.116654396057129,0.15206502377986908,136.6216993035124,179.65386246865333,206.4701953609407,25.61108384740489,8.936106739870436,2.506733237707747,0.3989255757084222,188.489016854366,176.65964125271245,161.7801033999269,data/tiles/train/H615/H615__Samsung_A52_H615_01__x87_y713__t256.png
6.151169300079346,5.967604160308838,8.028413772583008,8.747915267944336,7.242123603820801,0.16600415110588074,108.04948861256956,160.53064250566018,193.96287274084912,31.596943793679863,10.158131406034077,2.8537701320837687,0.3504136471110303,168.02763802330708,156.25603413638441,142.21516013813167,data/tiles/train/H615/H615__Samsung_A52_H615_01__x343_y713__t256.png
6.383206367492676,6.02894926071167,8.162115097045898,9.301335334777832,8.76522159576416,0.16944250464439392,94.84942144281338,154.01103248241512,187.3243032302869,34.093825827008686,9.942656372247038,2.8198300939006526,0.3546312957518325,159.21205772060273,148.10795157732443,134.27258674162704,data/tiles/train/H615/H615__Samsung_A52_H615_01__x599_y713__t256.png
6.3978190422058105,6.103098392486572,8.095139503479004,8.532333374023438,7.36618709564209,0.1694929152727127,101.3887173826278,153.4729111059395,185.93578275070914,31.156391341947696,10.467129795929468,2.786038798297395,0.3589325463131096,160.53157265335568,149.23005342112924,135.38213245432243,data/tiles/train/H615/H615__Samsung_A52_H615_01__x855_y713__t256.png
6.036464691162109,5.684384346008301,7.779028415679932,8.62671947479248,8.264668464660645,0.15301497280597687,112.14320000418161,166.9336505127735,199.96948864647038,31.872730275649612,9.489768223219086,2.9096200979066307,0.34368748027258433,173.19599338833325,161.87230785117333,148.53490452184747,data/tiles/train/H615/H615__Samsung_A52_H615_01__x1111_y713__t256.png
4.060120105743408,4.10742712020874,5.772228717803955,6.219071388244629,5.934184551239014,0.13759788870811462,153.31710888772974,191.53581981364155,216.30228273692083,23.189932588253402,6.863648000607543,2.586017889039955,0.3866949274551401,200.8481883397695,189.16672523886393,174.93745140517012,data/tiles/train/H615/H615__Samsung_A52_H615_02__x87_y198__t256.png
4.711521625518799,5.044970512390137,6.961887359619141,7.020792484283447,6.516360759735107,0.1518305540084839,128.3034097737668,170.64182270316897,199.37988484955676,26.014298141243557,8.654370680771047,2.8250769159530367,0.35397266331159377,179.37619772298717,167.9303568223375,154.0047540033762,data/tiles/train/H615/H615__Samsung_A52_H615_02__x343_y198__t256.png
5.251249313354492,5.137784004211426,7.039939880371094,7.5509796142578125,6.635778427124023,0.15212205052375793,117.87450638264924,169.73623421998732,205.02801108329012,31.582290030930274,8.529217360280224,2.864952347093842,0.3490459452194319,177.02591275718643,166.0038479732485,151.92868426981502,data/tiles/train/H615/H615__Samsung_A52_H615_02__x599_y198__t256.png
5.652409553527832,5.578619480133057,7.476130962371826,7.941249370574951,7.4077067375183105,0.1622513234615326,117.65342830146233,163.4761541072045,197.0582800304579,28.994551480437174,9.727778963701821,2.777862742399173,0.3599889889218659,173.21750654336603,161.6578479690251,147.14843531974097,data/tiles/train/H615/H615__Samsung_A52_H615_02__x855_y198__t256.png
4.836481094360352,4.783299922943115,6.3998565673828125,6.745526313781738,6.195934772491455,0.14600534737110138,137.66456792082923,179.29554261280455,208.86923328594835,25.90351625228218,8.3599969488433,2.7167911835591787,0.3680812887098422,188.5213263790823,177.31365358657578,162.79524356719568,data/tiles/train/H615/H615__Samsung_A52_H615_02__x1111_y198__t256.png
4.961836338043213,4.706348419189453,6.624243259429932,7.44276237487793,7.236456871032715,0.1534000039100647,130.7852995951436,180.01636833301248,208.97614524220842,28.586233604297885,7.800899714198233,2.6748263914007415,0.3738560391115045,187.61786193977227,175.57703533290595,160.82307532198197,data/tiles/train/H615/H615__Samsung_A52_H615_02__x87_y454__t256.png
6.252689838409424,5.961122989654541,8.465548515319824,10.082106590270996,9.337945938110352,0.17740841209888458,93.14907135185729,149.70263101792136,188.52104530943964,34.9486871083584,9.857302814135354,2.7269812024371447,0.3667058647512072,157.90192573673986,146.215129638493,132.10666892349965,data/tiles/train/H615/H615__Samsung_A52_H615_02__x343_y454__t256.png
6.573659420013428,6.637661933898926,9.082376480102539,9.614486694335938,8.03419303894043,0.19130823016166687,79.41482877436154,130.42512648030973,173.08908613776813,34.137113302642554,11.369243359383303,2.8062833573192796,0.3563432029740776,140.30733613118448,128.75902260448237,115.76726564311936,data/tiles/train/H615/H615__Samsung_A52_H615_02__x599_y454__t256.png
6.528129577636719,6.163280963897705,8.263800621032715,9.342551231384277,9.190129280090332,0.18653984367847443,80.70388026882429,136.9004973144711,178.79592056756778,36.78555186642339,10.203148260141003,2.6935691849652503,0.3712546184377666,146.09850077929502,134.57010500957733,121.11658903777155,data/tiles/train/H615/H615__Samsung_A52_H615_02__x855_y454__t256.png
5.933989524841309,5.659220218658447,7.773422718048096,8.991642951965332,9.017574310302734,0.1765848845243454,97.0438250864604,150.80025356897548,189.95849443956698,34.1882968933824,9.451102834115593,2.7158929409388888,0.3682030263145418,159.94392540425892,148.1073914400918,133.9288600923381,data/tiles/train/H615/H615__Samsung_A52_H615_02__x1111_y454__t256.png
4.642255783081055,4.759816646575928,6.671574592590332,7.109272003173828,5.802286148071289,0.14816895127296448,138.60885129391542,180.23235144260562,207.96596151985577,25.428309863253425,7.981707857549859,2.6991437693262026,0.37048786039642256,189.62789636390747,177.867336864855,163.40698431393548,data/tiles/train/H615/H615__Samsung_A52_H615_02__x87_y710__t256.png
5.61651611328125,5.4908246994018555,7.363094806671143,7.923262119293213,6.915100574493408,0.16201114654541016,113.51679362178955,161.9145842940342,192.92742228602808,29.09670266887872,9.394711265280595,2.764680437087884,0.36170545665427006,169.87977015625148,157.98987184975417,144.37689437724086,data/tiles/train/H615/H615__Samsung_A52_H615_02__x343_y710__t256.png
6.029273986816406,5.825215816497803,7.671773433685303,8.57540512084961,7.866130828857422,0.1722261756658554,101.09560148861084,153.21715574270726,186.92274587942333,31.36998635016268,9.921014994377135,2.6484570295049794,0.37757833669172614,161.11131324934811,149.1673709763203,135.51924229477316,data/tiles/train/H615/H615__Samsung_A52_H615_02__x599_y710__t256.png
5.902622222900391,5.744042873382568,7.706963062286377,8.501773834228516,7.894846439361572,0.17509932816028595,97.34310704071409,147.68749159824878,186.36335378267037,32.95883388829512,9.751146387046537,2.860755899328787,0.34955796131876465,157.5168374759536,145.49975855545043,132.12051378540272,data/tiles/train/H615/H615__Samsung_A52_H615_02__x855_y710__t256.png
5.532454490661621,5.205502033233643,7.398767471313477,9.098286628723145,9.119790077209473,0.16241095960140228,105.68439904607818,159.76353523757152,198.82642379611093,33.856683046349914,8.628841325614495,2.749688267444017,0.3636775891434245,168.00685331108588,156.34723682982792,142.7229415425706,data/tiles/train/H615/H615__Samsung_A52_H615_02__x1111_y710__t256.png
4.1418046951293945,4.114956855773926,5.789657115936279,6.422848701477051,6.059716701507568,0.13008631765842438,152.7526383397363,192.19171205917732,217.22087001223792,23.547506871723233,6.959678633675397,2.870043482132791,0.3484267768852333,200.4475838686293,189.40322825581558,175.91513106213455,data/tiles/train/H615/H615__Samsung_A52_H615_03__x59_y199__t256.png
4.700821876525879,4.983067989349365,7.16315221786499,8.020524978637695,7.058809757232666,0.1464364379644394,125.7383029205427,170.62585455732025,201.4552912286929,27.565862967600324,8.476054351010113,2.8642911682834766,0.3491265172595158,179.2348787741087,168.19695785867552,154.7241786544401,data/tiles/train/H615/H615__Samsung_A52_H615_03__x315_y199__t256.png
5.1340460777282715,4.901222229003906,6.793529510498047,7.65808629989624,7.275336742401123,0.14968886971473694,121.35578304298146,169.19759000889053,198.90661440208794,28.573693738748243,8.342357611877203,2.6698277856428927,0.37455599397741707,176.3038990769589,165.4978967805446,151.68110232245397,data/tiles/train/H615/H615__Samsung_A52_H615_03__x571_y199__t256.png
5.758304595947266,5.438340187072754,7.362077236175537,7.920209884643555,7.354486465454102,0.15608471632003784,116.04424175271701,165.914722184956,202.0191049282055,31.105415662764397,9.344375115882164,2.897005276625326,0.3451840450787455,174.74440928309073,163.46302078314181,149.37666337003452,data/tiles/train/H615/H615__Samsung_A52_H615_03__x827_y199__t256.png
4.776937007904053,4.710012912750244,6.340394496917725,6.7967329025268555,6.756935119628906,0.14827455580234528,134.3076920236447,176.54025097339124,211.11448489215036,27.7263105919981,7.882884198880408,2.855309804168676,0.3502246931453906,187.28877685508644,176.12282342477369,161.35282292281505,data/tiles/train/H615/H615__Samsung_A52_H615_03__x1083_y199__t256.png
4.63554048538208,4.456934452056885,6.304512023925781,7.42757511138916,7.686388969421387,0.14476877450942993,129.09706666785465,177.0805777943709,210.62837687848034,29.842132182445017,7.364049709284591,2.5835196278053387,0.38706886111389255,185.6999096059393,174.3430190866072,160.57687667239915,data/tiles/train/H615/H615__Samsung_A52_H615_03__x59_y455__t256.png
5.627604961395264,5.430328369140625,7.616988182067871,8.801271438598633,8.479063987731934,0.17218369245529175,92.50968973298207,149.62526608561396,180.7696331298358,32.6525489364106,8.89374708734661,2.7240173977347277,0.3671048506634328,154.804852415208,143.9536287262724,130.18666826576123,data/tiles/train/H615/H615__Samsung_A52_H615_03__x315_y455__t256.png
6.531118392944336,6.069328784942627,8.234941482543945,9.248299598693848,8.6703519821167,0.17807720601558685,85.74548456013956,139.95442689311253,178.89618527135477,34.36655320351692,10.209807560453843,2.7632438380589015,0.36189350582338436,147.9449566664362,136.82277771082346,123.69952387669413,data/tiles/train/H615/H615__Samsung_A52_H615_03__x571_y455__t256.png
6.397909164428711,6.186834812164307,8.558882713317871,10.61956787109375,9.944067001342773,0.190913125872612,78.93749601710736,135.80397945961008,178.97722387405474,36.33076132546862,10.125815619990856,2.7995788360748954,0.3571965851127929,144.61406958665117,132.96575484697672,119.3541109257286,data/tiles/train/H615/H615__Samsung_A52_H615_03__x827_y455__t256.png
6.082873821258545,5.76027774810791,8.004361152648926,9.235544204711914,9.290082931518555,0.18791130185127258,91.67190061368099,147.07929022985536,185.74024600185876,34.55634811703605,9.522012837936401,2.7895788638248082,0.35847704933815494,156.06122168449613,143.9168805814287,129.18021378965688,data/tiles/train/H615/H615__Samsung_A52_H615_03__x1083_y455__t256.png
4.376285552978516,4.217963218688965,5.870672225952148,7.006864070892334,6.937859058380127,0.13985902070999146,135.68186230401875,181.3133009978162,210.69889030654045,27.189008978589424,7.058290967185295,2.806996110334907,0.35625272023646964,189.53553868551663,178.36735909155252,164.70555837294566,data/tiles/train/H615/H615__Samsung_A52_H615_03__x59_y711__t256.png
5.795635223388672,5.7558488845825195,8.026973724365234,8.867753028869629,7.8508076667785645,0.16791735589504242,101.66638322655508,150.7843854832868,188.25821136939683,31.503882962532852,9.76304819529901,2.95090405689139,0.3388791979409332,160.27171431373398,148.9166539347589,135.38831511998066,data/tiles/train/H615/H615__Samsung_A52_H615_03__x315_y711__t256.png
5.868580341339111,5.9026079177856445,8.145659446716309,9.28671646118164,9.024585723876953,0.18015623092651367,90.8994003555021,143.24693407770715,183.06258041396606,33.93123976475911,9.764131668735104,2.8421526103247725,0.35184599038322933,152.65701558533632,141.08228534203272,127.36869119906913,data/tiles/train/H615/H615__Samsung_A52_H615_03__x571_y711__t256.png
5.8636698722839355,5.7431535720825195,7.727413654327393,8.611722946166992,7.960150241851807,0.1755666434764862,95.98519342579887,148.85233126939212,184.1589180686856,32.543240797911324,9.35974911155489,2.822696884910557,0.3542711246629966,156.91154818663642,145.19946985755743,131.54398501042274,data/tiles/train/H615/H615__Samsung_A52_H615_03__x827_y711__t256.png
6.165614604949951,5.718869686126709,7.856264114379883,8.967072486877441,8.661316871643066,0.16704103350639343,105.553796115656,159.06034654633447,196.30790612279608,33.32482196912611,9.563346791534066,2.7301826042788586,0.3662758668349719,167.4885153021019,155.5463921012045,141.6178955113824,data/tiles/train/H615/H615__Samsung_A52_H615_03__x1083_y711__t256.png
4.8503241539001465,4.656312942504883,4.713501453399658,3.574070692062378,2.186473846435547,0.13660289347171783,121.76142048077828,143.2902091080702,164.65426573686645,15.766700602776416,9.411360518450568,2.823701875853351,0.3541450351226579,153.16587430427282,143.27261564972616,133.58505293207682,data/tiles/train/H616/H616__Motorola_Edge_H616_01__x42_y15__t256.png
5.406559944152832,5.202652931213379,5.328619480133057,3.990046739578247,2.4995992183685303,0.13926327228546143,112.63758617096592,136.05136863232033,160.814706401974,17.692845404587906,10.613020780861422,2.9302656507974993,0.3412659871734976,146.16966246580702,136.3202189102048,127.15369001704236,data/tiles/train/H616/H616__Motorola_Edge_H616_01__x298_y15__t256.png
6.331722259521484,6.0926642417907715,6.428772449493408,5.3722758293151855,3.2766571044921875,0.1403437703847885,99.37699249291514,130.23148871344094,159.1717589847311,21.714758617667343,12.158105710468616,2.8179650843168,0.35486600084771613,139.1607052013615,129.42160027497454,120.93952796200524,data/tiles/train/H616/H616__Motorola_Edge_H616_01__x554_y15__t256.png
6.527759075164795,6.140645503997803,6.534841537475586,5.130892753601074,2.9515633583068848,0.13964687287807465,101.44595183158988,130.9240189331698,160.79518990478098,21.539028211998588,12.462165619767806,2.7619239461352327,0.3620664505984325,140.51003235452166,130.82935404473227,122.19157295124359,data/tiles/train/H616/H616__Motorola_Edge_H616_01__x810_y15__t256.png
5.135616779327393,4.983423233032227,5.241814136505127,3.8905394077301025,2.3913674354553223,0.13546222448349,116.2046017597648,141.19611510810316,163.41679094365392,17.315153496509083,9.979030507675397,2.601272373673189,0.38442725572329284,150.1602528445372,140.34877283863355,131.12189541718294,data/tiles/train/H616/H616__Motorola_Edge_H616_01__x1066_y15__t256.png
5.077539443969727,4.828761577606201,4.908610820770264,3.966689109802246,2.4846248626708984,0.13345162570476532,120.86307422350625,143.0889619516105,165.9960458022027,16.621230057312825,9.844952163913758,2.9011002577708993,0.3446968085027037,152.97567649511976,143.22018125023735,133.8457592656735,data/tiles/train/H616/H616__Motorola_Edge_H616_01__x42_y271__t256.png
6.337105751037598,6.017246723175049,6.11796236038208,4.589653968811035,2.864640712738037,0.13928261399269104,105.0463528388385,132.61524475210646,160.83050813008217,20.36129758082314,12.197005887258916,2.930075867298453,0.34128809126092896,142.30366665907593,132.68097043984622,123.78957223555918,data/tiles/train/H616/H616__Motorola_Edge_H616_01__x298_y271__t256.png
7.660556793212891,7.225745677947998,7.665863037109375,6.183803558349609,3.7233738899230957,0.13691143691539764,89.94263920158244,123.18442089545276,160.18068719949343,25.396261657208623,14.51528950056182,2.8986316562549512,0.34499036738321065,132.93601710512752,123.65281569720709,115.93621224007825,data/tiles/train/H616/H616__Motorola_Edge_H616_01__x554_y271__t256.png
7.50167179107666,7.018346309661865,7.567867755889893,6.342005729675293,3.5655603408813477,0.1400332748889923,90.62595444690506,123.59646804442075,160.10931604098715,25.18335304510374,14.1176277712194,2.7155533517022685,0.3682490713626161,133.4748570116389,124.16003235805113,116.03288292201712,data/tiles/train/H616/H616__Motorola_Edge_H616_01__x810_y271__t256.png
5.998995780944824,5.758546352386475,5.991274356842041,4.364224433898926,2.683058261871338,0.13587376475334167,109.4151643399923,137.1644136788791,163.66186124863788,19.807855459816075,11.57251441960737,2.8994655946228463,0.34489114195889503,146.4082352502234,136.74615865218894,127.80611815898605,data/tiles/train/H616/H616__Motorola_Edge_H616_01__x1066_y271__t256.png
4.580808639526367,4.431268215179443,4.3449320793151855,3.1386826038360596,2.085435628890991,0.12440194189548492,129.8744362775419,149.61873624968823,169.814276784238,14.840449919861872,9.004874608205121,2.7991535898606226,0.35725085026498765,159.0756575156604,150.229195089242,140.42650720511662,data/tiles/train/H616/H616__Motorola_Edge_H616_02__x39_y15__t256.png
5.490041732788086,5.144913673400879,5.056988716125488,3.7937631607055664,2.219813346862793,0.1278814673423767,120.76184286353897,143.590737200582,166.75955064882143,17.03119798901255,10.674184066327811,3.018225936798641,0.3313204580902501,152.95796229750263,144.12002224818121,134.55852631785493,data/tiles/train/H616/H616__Motorola_Edge_H616_02__x295_y15__t256.png
6.571187973022461,6.2452712059021,6.168384552001953,4.531657695770264,2.567974328994751,0.1325673609972,108.6750643317251,135.90729806278156,164.9182216645345,20.550077974883408,12.752295407596112,2.8335643441285296,0.35291240238539656,145.506712606891,136.454051154649,127.41668274455861,data/tiles/train/H616/H616__Motorola_Edge_H616_02__x551_y15__t256.png
6.284241676330566,5.8507280349731445,5.911544322967529,4.405651092529297,2.358767509460449,0.13004499673843384,111.70197478440052,138.9265787509228,165.45578971998805,19.75552643121084,12.009371302797527,2.824640202396189,0.3540273905156782,147.8842865654059,138.9698346090212,129.82206903196436,data/tiles/train/H616/H616__Motorola_Edge_H616_02__x807_y15__t256.png
5.532890319824219,5.179874897003174,5.149715423583984,3.8360488414764404,2.2414424419403076,0.12315306812524796,123.13514859600248,147.54714885332837,170.12020058321494,17.412727899361453,10.791006230810885,2.8160089031767717,0.35511251362589397,156.2242026646637,147.43711136314218,138.08986332170062,data/tiles/train/H616/H616__Motorola_Edge_H616_02__x1063_y15__t256.png
4.809271812438965,4.615793704986572,4.793527603149414,3.5713775157928467,2.154909372329712,0.12341129779815674,127.56934994674951,148.76865581818745,170.9973897506155,15.904990549231494,9.467973043483736,2.836566237701359,0.3525389207235155,158.1441390521672,149.46011357098436,139.74162748619753,data/tiles/train/H616/H616__Motorola_Edge_H616_02__x39_y271__t256.png
6.107151031494141,5.60740852355957,5.603127956390381,4.379369735717773,2.7680344581604004,0.1317017674446106,112.55092556283209,137.98976926805344,165.0726901109866,19.255182750728846,11.552706455335612,2.842734121672025,0.3517740165625567,147.54691681724682,138.69252484297618,129.30429900721495,data/tiles/train/H616/H616__Motorola_Edge_H616_02__x295_y271__t256.png
7.159390449523926,6.665496826171875,7.004673004150391,5.256192684173584,2.817232608795166,0.13365060091018677,99.68966659762948,128.33404401010975,162.5701847413654,22.75691847662232,13.564763767004132,2.898247216047329,0.3450361288930398,138.41226393332263,129.59274129407024,121.0785156237512,data/tiles/train/H616/H616__Motorola_Edge_H616_02__x551_y271__t256.png
6.797496795654297,6.350114822387695,6.4698991775512695,4.862077236175537,2.5121867656707764,0.1342279613018036,103.5756506961233,131.16062028516998,161.77380543711118,21.156540542820302,13.05398488369333,2.857695215417811,0.3499323491899378,140.80773490224672,131.89092129400092,123.09870919348728,data/tiles/train/H616/H616__Motorola_Edge_H616_02__x807_y271__t256.png
6.043861389160156,5.637749195098877,5.573799133300781,4.156940937042236,2.4884307384490967,0.12641224265098572,116.9626381360809,143.43086021456952,168.39220564328537,19.064387218271442,11.567016032073639,2.874586025817814,0.347876178002188,152.21375177798458,143.2814561004846,134.1112472687791,data/tiles/train/H616/H616__Motorola_Edge_H616_02__x1063_y271__t256.png
4.453040599822998,4.395750999450684,4.5536346435546875,3.6248114109039307,2.227562189102173,0.13031113147735596,124.16051030529599,144.9903759967887,165.91131128014544,15.530456567067123,8.78157120715457,2.748712658263725,0.363806670367527,154.38826952099666,145.83025027272612,135.46352915398245,data/tiles/train/H616/H616__Motorola_Edge_H616_03__x39_y15__t256.png
6.814824104309082,6.457211494445801,6.718746662139893,5.101526737213135,2.863752841949463,0.1410393863916397,104.18921554222709,135.74783226444328,164.3608539517911,21.931641511408547,13.071028249803433,2.9017157517034846,0.34462369355542105,144.47942750134797,135.3077720267672,125.42894527795835,data/tiles/train/H616/H616__Motorola_Edge_H616_03__x295_y15__t256.png
7.006109237670898,6.56711483001709,6.852643013000488,5.292099475860596,2.983504295349121,0.1449633687734604,100.68036686630751,131.72924597230994,163.06427720943373,22.67084899034239,13.296083579858696,2.8358922767121126,0.3526227029890514,141.45658871090842,132.00511008113554,122.33143416588494,data/tiles/train/H616/H616__Motorola_Edge_H616_03__x551_y15__t256.png
6.607802391052246,6.371406078338623,6.759488582611084,5.374904155731201,2.9301059246063232,0.14458762109279633,102.42417552733492,132.73139650880267,162.83466500175217,22.053794353467925,12.739495115449136,2.9159104290533824,0.342946062415449,142.29243672377123,132.93585224133236,123.09490137995012,data/tiles/train/H616/H616__Motorola_Edge_H616_03__x807_y15__t256.png
6.08641242980957,5.797342300415039,5.999424457550049,4.880741119384766,3.009725332260132,0.13535338640213013,110.76753127654285,141.77866253623782,167.12011721578946,20.712631777341624,11.615809057506516,2.6140846251603644,0.38254308616296373,149.78796631845654,140.68799226189648,130.7817542847396,data/tiles/train/H616/H616__Motorola_Edge_H616_03__x1063_y15__t256.png
5.269683837890625,5.0630059242248535,5.280667304992676,4.218564510345459,2.5929455757141113,0.13264429569244385,118.9538591851479,143.22301634276698,167.61960595975438,17.900428752907473,10.184719826180876,2.7357889565510893,0.3655252710942528,152.62689582574083,143.90661298327024,133.60827806387158,data/tiles/train/H616/H616__Motorola_Edge_H616_03__x39_y271__t256.png
7.379759311676025,7.069336891174316,7.70905876159668,6.057760715484619,3.561830997467041,0.14323696494102478,95.27853424067047,130.60002215658264,164.84570033057904,25.218888155135197,13.968640088421017,2.8069304418665952,0.35626105481082204,139.85853861021778,130.69481963100478,121.1561150653792,data/tiles/train/H616/H616__Motorola_Edge_H616_03__x295_y271__t256.png
7.218999862670898,7.064538955688477,7.596268177032471,6.030545234680176,3.5953094959259033,0.1500985324382782,91.90125762626981,124.47251558709517,160.47167870896814,24.779892443149194,13.876765123375504,2.792880746681215,0.35805323989873244,134.80764122762417,125.43596422335898,115.98391030929362,data/tiles/train/H616/H616__Motorola_Edge_H616_03__x551_y271__t256.png
7.344891548156738,6.923398017883301,7.518596649169922,6.036576271057129,3.878291606903076,0.14825615286827087,91.7385562348938,125.93044601586416,160.63206592689426,24.94918350519749,13.797807629254637,2.792965063853876,0.35804243058455903,135.53130953889462,126.32497916543717,116.81772792274423,data/tiles/train/H616/H616__Motorola_Edge_H616_03__x807_y271__t256.png
6.710700988769531,6.332178115844727,6.764494895935059,5.4205451011657715,3.5899288654327393,0.13926230370998383,103.39304357649502,137.00205420503056,166.36340818270108,23.07972142000602,12.543707278215702,2.888790147344631,0.3461656780154826,145.45922015898483,136.26604906357554,126.50868494696006,data/tiles/train/H616/H616__Motorola_Edge_H616_03__x1063_y271__t256.png
2.315200090408325,2.8007702827453613,3.453568696975708,2.792736530303955,1.8275974988937378,0.20957189798355103,152.2316608676474,166.69916050444138,179.60552107616851,10.407808834395285,4.933678221027723,2.873248063216672,0.34803817073854576,183.370694416107,167.5398595086903,148.48431737703544,data/tiles/train/H616/H616__Samsung_A52_H616_01__x84_y178__t256.png
2.7737226486206055,3.4565908908843994,4.210189342498779,3.3896076679229736,2.0359387397766113,0.22655457258224487,134.5123525486951,151.99742961666547,168.96402192890028,13.030611200815985,6.089154817045864,2.9227083286018556,0.34214840742537345,168.67480259341943,153.11921772551702,134.23622270420543,data/tiles/train/H616/H616__Samsung_A52_H616_01__x340_y178__t256.png
3.663226842880249,4.1580705642700195,4.917569637298584,3.989354133605957,2.497654914855957,0.2372419387102127,121.01819730232904,141.350298545529,162.24078139980412,15.286737291005533,7.69209575024921,2.7106673859434207,0.3689128386557689,157.74633945148415,142.77112919683498,124.16237927738139,data/tiles/train/H616/H616__Samsung_A52_H616_01__x596_y178__t256.png
3.9397876262664795,4.323212146759033,4.973510265350342,3.923781394958496,2.5036821365356445,0.2425229400396347,120.16809266317459,140.0936760631894,161.93258546258463,15.763406163646628,8.231015404905747,2.8369347845799564,0.35249312230773133,157.40918116570992,141.89723487127955,123.24935583930434,data/tiles/train/H616/H616__Samsung_A52_H616_01__x852_y178__t256.png
3.4905810356140137,3.82709002494812,4.450852870941162,3.8032729625701904,2.5094645023345947,0.21956397593021393,133.4396766207103,154.6072396185783,174.1177791486964,15.158600202444868,7.18446613054131,2.795356915101276,0.35773607105329874,170.77929233464096,155.43425422496318,136.88596752272,data/tiles/train/H616/H616__Samsung_A52_H616_01__x1108_y178__t256.png
2.7179481983184814,3.309563159942627,4.088765621185303,3.44484281539917,2.303502082824707,0.22770696878433228,136.10298622631953,153.39595553706332,170.67287854448986,13.03660398242821,5.9574416756620385,2.7248515166548306,0.3669924742276056,170.6690405104592,154.76312068688546,135.67031093741818,data/tiles/train/H616/H616__Samsung_A52_H616_01__x84_y434__t256.png
4.520334243774414,4.847959995269775,5.715773105621338,4.710268020629883,2.839750289916992,0.2550069987773895,105.7950511812428,130.2892577390668,155.95679530785466,18.61530079495269,9.115094861019717,2.7841017344678063,0.3591822768614289,147.0511032108909,131.76651751570043,113.68727289334441,data/tiles/train/H616/H616__Samsung_A52_H616_01__x340_y434__t256.png
5.841259956359863,6.0142412185668945,7.230216979980469,6.224002838134766,3.575288772583008,0.2650853991508484,87.42040722230134,113.20992758219114,150.8027019368175,23.154555621556298,11.427268314397097,2.8146874561950463,0.3552792327968879,131.48217442949735,117.13018797989066,100.62311146845146,data/tiles/train/H616/H616__Samsung_A52_H616_01__x596_y434__t256.png
5.34060525894165,5.408876419067383,6.123498439788818,5.074716567993164,2.967827796936035,0.2662185728549957,96.07012609431676,119.92986043421233,149.8556637297751,19.849130296946317,10.446313143060747,2.705733225639372,0.36958558608958847,137.3940515876779,122.35950239923687,105.0259106514657,data/tiles/train/H616/H616__Samsung_A52_H616_01__x852_y434__t256.png
4.745798587799072,4.980572700500488,5.510040760040283,4.398326396942139,2.8508875370025635,0.24220770597457886,114.21975163967134,137.52172996968184,163.2579672127092,18.383234014682618,9.6002148675429,2.7232776575097133,0.36720456955330977,154.70803783955742,139.16094051593683,121.19728930469506,data/tiles/train/H616/H616__Samsung_A52_H616_01__x1108_y434__t256.png
2.5113141536712646,2.95212721824646,3.5324058532714844,2.756114959716797,1.713207721710205,0.23175053298473358,143.80296672853203,157.9028485718562,172.50508110100654,10.877206360217068,5.434013091128003,2.8302194618886345,0.3533294903331241,175.86348559140598,159.66695606470626,139.1911573526281,data/tiles/train/H616/H616__Samsung_A52_H616_01__x84_y690__t256.png
4.202056407928467,4.5362162590026855,5.165721416473389,3.9219913482666016,2.4555368423461914,0.24425312876701355,114.9032194329547,137.04286086152175,161.18094940847072,17.083687867165878,8.558193800581785,2.9130725777853477,0.3432801529305686,154.07646588202928,138.38647341192907,120.45743472120489,data/tiles/train/H616/H616__Samsung_A52_H616_01__x340_y690__t256.png
4.57602596282959,4.72014045715332,5.468779563903809,4.469505310058594,2.758134365081787,0.2575314939022064,103.45548370281062,128.55485494877644,153.47661254105776,18.505294889645892,9.01050536308691,2.690571166844308,0.3716682956849161,144.95684588279718,129.4525692255591,111.80290163440773,data/tiles/train/H616/H616__Samsung_A52_H616_01__x596_y690__t256.png
4.181325912475586,4.421595573425293,4.979426860809326,4.076273441314697,2.451432943344116,0.25605595111846924,109.96559313353087,130.69857277738834,154.49238339031677,16.594542011586807,8.521013385875525,2.892165992376967,0.34576162040344577,148.12489026803283,132.3495233664534,114.41988151540173,data/tiles/train/H616/H616__Samsung_A52_H616_01__x852_y690__t256.png
4.007924556732178,4.205273151397705,4.405731201171875,3.323674440383911,2.1916747093200684,0.2338627725839615,126.36041625564883,146.06748255533913,166.88198389968872,15.297402951006793,8.129282320408908,2.8277748971676875,0.3536349378451604,163.33074507854187,147.33760018231237,129.0526239536558,data/tiles/train/H616/H616__Samsung_A52_H616_01__x1108_y690__t256.png
2.3446078300476074,2.7751882076263428,3.2773005962371826,2.700833559036255,1.774481177330017,0.206728994846344,154.20809759694075,167.8239493014249,180.95685578792805,10.234539773205691,4.9401326611008916,2.6387460649247845,0.3789678792106524,184.82475911787932,168.77928469575187,150.11373309478148,data/tiles/train/H616/H616__Samsung_A52_H616_02__x82_y200__t256.png
2.8950984477996826,3.3433890342712402,3.946763038635254,3.2106823921203613,2.0881729125976562,0.21766993403434753,135.33444365056735,151.04883457913974,169.11220796440358,12.750406933966232,6.073993574253998,2.782994772954858,0.35932514488277145,167.9883112761809,152.5851085452245,134.93793579421535,data/tiles/train/H616/H616__Samsung_A52_H616_02__x338_y200__t256.png
3.5151689052581787,3.9038803577423096,4.563586235046387,3.8195672035217285,2.386397361755371,0.2339283972978592,123.12859968500015,140.99344861839103,161.44068337844254,14.580065986985408,7.289519996027578,2.743878226795835,0.3644476603350399,157.96911091035048,142.8532828535555,124.78214638499313,data/tiles/train/H616/H616__Samsung_A52_H616_02__x594_y200__t256.png
3.58782958984375,3.808847427368164,4.3454742431640625,3.5453460216522217,2.307353973388672,0.24021053314208984,122.8369984679154,140.69582496456974,160.8305381490555,14.323763051248967,7.318721610880083,2.9270182100568745,0.341644611763645,157.98258116654932,142.62273305785072,123.98551993352837,data/tiles/train/H616/H616__Samsung_A52_H616_02__x850_y200__t256.png
3.513392925262451,3.944714307785034,4.660815715789795,3.8479795455932617,2.2390706539154053,0.21736571192741394,135.00392481158875,155.30962225032087,175.17279526088421,15.077893017032421,7.408725391100575,2.7065570577214104,0.36947309022994607,171.7549707571863,156.41620169773682,137.9798873487805,data/tiles/train/H616/H616__Samsung_A52_H616_02__x1106_y200__t256.png
2.913686990737915,3.371086359024048,4.082963466644287,3.3709664344787598,2.0630064010620117,0.21887937188148499,138.96936612652615,155.72583790927277,173.4953062860956,12.987299955623094,6.294859321372315,2.732907518919618,0.3659106622075976,172.86251351036614,157.0490126402269,138.67457201633758,data/tiles/train/H616/H616__Samsung_A52_H616_02__x82_y456__t256.png
4.508265495300293,4.78621244430542,5.473425388336182,4.571476459503174,2.675227403640747,0.24124543368816376,108.69051344775313,130.68103786353402,156.3412095059638,17.788000422990645,9.13055001274686,2.7958638211972877,0.35767121145827646,147.41643168970015,132.4686662709092,115.61244109733917,data/tiles/train/H616/H616__Samsung_A52_H616_02__x338_y456__t256.png
5.110017776489258,5.295380115509033,5.966803073883057,4.514056205749512,2.2399160861968994,0.25902920961380005,96.49301039231592,117.50679715057993,146.5856667577306,18.506356967723097,10.244498748804055,2.7983717559693697,0.35735066217232997,134.8680477513946,120.24479824403029,103.87217569064957,data/tiles/train/H616/H616__Samsung_A52_H616_02__x594_y456__t256.png
4.849747657775879,4.972156047821045,5.564075946807861,4.350841999053955,2.6666932106018066,0.26105359196662903,100.4391233980377,121.0033913869476,148.47878158875758,17.81115108362298,9.606016562014752,2.7778339348393732,0.35999272219194933,138.50535536649997,123.50007011873356,106.44370051432084,data/tiles/train/H616/H616__Samsung_A52_H616_02__x850_y456__t256.png
4.321774005889893,4.397983551025391,4.749495029449463,3.7717947959899902,2.2681922912597656,0.2382146120071411,118.63518015770207,139.12046263154585,162.1666268527467,16.078914336392195,8.582869576974923,2.6542371083756677,0.3767560919272872,156.1206445236508,140.7341082537021,122.79815899843943,data/tiles/train/H616/H616__Samsung_A52_H616_02__x1106_y456__t256.png
2.8778347969055176,3.314378023147583,3.880225658416748,2.9877421855926514,1.6649203300476074,0.21794922649860382,141.40850443996385,157.8237383676025,173.59450811217357,12.13684226609778,6.176015880377363,2.840710578830617,0.3520245981593984,174.5752432911255,158.8290552060423,140.17017897628298,data/tiles/train/H616/H616__Samsung_A52_H616_02__x82_y712__t256.png
3.9936296939849854,4.212509632110596,4.633818626403809,3.6030116081237793,2.0034162998199463,0.22873356938362122,122.16198745998379,142.33214027522214,162.54901417898773,15.22284129283606,8.133084090125998,2.719245206194817,0.3677491083635494,158.6154488924359,143.14534104071876,126.00095565844076,data/tiles/train/H616/H616__Samsung_A52_H616_02__x338_y712__t256.png
4.161988258361816,4.382101058959961,4.858158588409424,3.8697988986968994,2.278602123260498,0.24445350468158722,111.94681464024103,131.66635731644314,154.21756411008656,15.93740913494725,8.399892162579196,2.887603989531397,0.3463078744957271,148.55645706150244,133.08846490017103,116.14291455020587,data/tiles/train/H616/H616__Samsung_A52_H616_02__x594_y712__t256.png
4.204156875610352,4.359311103820801,4.643719673156738,3.5009853839874268,1.7846343517303467,0.24342195689678192,114.62963352295101,134.9097322925654,156.59825726945482,15.719789715725023,8.441069085321217,2.700311821743529,0.3703276014080193,151.69587810825712,136.11906380862675,118.71016635570061,data/tiles/train/H616/H616__Samsung_A52_H616_02__x850_y712__t256.png
3.8353631496429443,4.004401206970215,4.241143703460693,3.1258327960968018,1.8670023679733276,0.22518618404865265,129.22320258008799,148.09912547598344,167.85680305020736,14.552024134790154,7.824246740867877,2.961541842600838,0.33766195216806255,164.94617067586714,149.25457600094592,131.49158415829876,data/tiles/train/H616/H616__Samsung_A52_H616_02__x1106_y712__t256.png
3.4896469116210938,3.470470428466797,3.6405444145202637,2.820951461791992,2.091111183166504,0.12296295166015625,128.6861184873818,146.2231471332225,161.7482433918757,12.392648176275188,6.763514749596256,2.7633222047681896,0.36188324266872396,154.7314287252419,146.0367749615168,136.79667198113228,data/tiles/train/H617/H617__Motorola_Edge_H617_01__x34_y14__t256.png
3.9062671661376953,4.159833908081055,4.440227508544922,3.344832420349121,1.9812440872192383,0.1254839301109314,118.77096474007267,138.98112153273686,156.69255644979944,14.154342966346384,7.879555775306555,2.885627039518967,0.34654513085194116,147.20077970233993,138.38855806311196,129.8248417270487,data/tiles/train/H617/H617__Motorola_Edge_H617_01__x290_y14__t256.png
5.298056602478027,5.0169477462768555,5.380585193634033,4.391175746917725,2.9309098720550537,0.12823696434497833,105.64731171878948,133.2857423068697,156.8460257102671,18.7407708765793,9.851238027516697,2.9836429929291772,0.3351607422100641,140.90124916189026,132.1443187017216,123.93683840813154,data/tiles/train/H617/H617__Motorola_Edge_H617_01__x546_y14__t256.png
4.049977779388428,4.011664867401123,4.389053821563721,3.5139031410217285,2.1074106693267822,0.1290239542722702,116.5733743455889,137.7178695440504,155.63936162998294,14.70180623027573,7.74275891691118,2.913724394004139,0.34320335926685436,145.97386472029305,137.08800026066217,128.28276205450675,data/tiles/train/H617/H617__Motorola_Edge_H617_01__x802_y14__t256.png
2.6204962730407715,2.88171124458313,3.354780673980713,2.761416435241699,1.6462576389312744,0.12279628962278366,130.93111809635354,146.51576909457424,160.04831452240794,10.895344226722258,5.348739458061972,2.875040782810136,0.34782115300033245,155.0991751271182,146.12091485654474,137.15554119728137,data/tiles/train/H617/H617__Motorola_Edge_H617_01__x1058_y14__t256.png
3.3276889324188232,3.526106119155884,3.8439202308654785,3.0229527950286865,2.052715301513672,0.12582527101039886,127.10653950797553,144.77482374796924,160.14174418438753,12.427617638699722,6.6410103090833745,2.787815579400079,0.35870378492367627,153.2841155340433,144.63919863267435,135.12145643097944,data/tiles/train/H617/H617__Motorola_Edge_H617_01__x34_y270__t256.png
4.9192376136779785,5.047974109649658,5.610939025878906,4.2902631759643555,2.842353105545044,0.13095976412296295,105.3217860675929,130.2376858137658,154.38341327088764,17.95458965848685,9.721328934173858,2.8110041635435583,0.35574475945969347,138.6946296143046,130.07195374500648,121.65160622208938,data/tiles/train/H617/H617__Motorola_Edge_H617_01__x290_y270__t256.png
5.393847465515137,5.123920917510986,5.276641368865967,4.247740745544434,2.8097212314605713,0.13298633694648743,102.04149926788023,126.39507682734408,150.73530168737577,17.783004494006427,10.198234139726585,2.795018288146224,0.35777941212085695,134.86126861856937,126.17471921763723,118.05655732833317,data/tiles/train/H617/H617__Motorola_Edge_H617_01__x546_y270__t256.png
5.388969421386719,5.13946008682251,5.320082664489746,4.27163553237915,3.0348422527313232,0.1369943767786026,102.82087967596202,126.85473124331027,151.56999486359015,18.142256696760775,10.300881391090325,2.8813311420311587,0.3470618095270585,135.98036587795048,127.18894942956106,118.55007373943931,data/tiles/train/H617/H617__Motorola_Edge_H617_01__x802_y270__t256.png
3.0562217235565186,3.289318561553955,3.6853153705596924,3.014747381210327,2.0050017833709717,0.12708266079425812,124.46752590417009,141.49649428521627,156.73024733310575,12.108418155939155,6.255400381025923,2.9130334218599994,0.3432847671763033,150.09644477400957,141.13958000574812,132.16097404888959,data/tiles/train/H617/H617__Motorola_Edge_H617_01__x1058_y270__t256.png
3.5748727321624756,3.50657057762146,3.482335329055786,2.741630792617798,2.0302460193634033,0.11813127249479294,116.65037133738626,133.83687466284678,149.31326648372595,12.129364438716145,6.920897093194207,2.9274306435631736,0.341596478877748,141.3420136721887,133.62427117897474,125.5700568132659,data/tiles/train/H617/H617__Motorola_Edge_H617_02__x35_y14__t256.png
5.120384693145752,4.837913513183594,4.822024345397949,3.551156997680664,2.1218597888946533,0.12139926850795746,100.78062476221184,124.25639927441689,144.90717356055643,16.30181617149006,9.907586547872098,2.735260764248711,0.3655958558213254,131.23624202341568,123.65587064646829,116.21871493725028,data/tiles/train/H617/H617__Motorola_Edge_H617_02__x291_y14__t256.png
5.2659687995910645,4.884166717529297,4.790855884552002,3.4910647869110107,2.0994162559509277,0.12541423738002777,98.95878447482399,122.05070870304267,143.5108176244939,16.379958900314815,10.016845932845719,2.804414376027626,0.3565806852753593,129.5017996707552,121.33828679821845,114.23973144262955,data/tiles/train/H617/H617__Motorola_Edge_H617_02__x547_y14__t256.png
4.7407636642456055,4.39411735534668,4.363126277923584,3.2028720378875732,2.131364345550537,0.12738972902297974,103.49659067164548,123.7324455602482,143.5138112262057,14.888706117691687,9.043394861012448,2.7482363442962576,0.36386972396876244,131.7761686771156,123.40695500988528,116.01397214006636,data/tiles/train/H617/H617__Motorola_Edge_H617_02__x803_y14__t256.png
3.760258674621582,3.665377378463745,3.5725202560424805,2.4453930854797363,1.4293934106826782,0.1215159073472023,114.82583288546272,131.51380544268326,147.12849919711414,12.024776873160564,7.413365641830255,2.8405803111582606,0.3520407418413194,139.50697769893816,131.13033394571656,123.54067945664207,data/tiles/train/H617/H617__Motorola_Edge_H617_02__x1059_y14__t256.png
3.5318400859832764,3.3608059883117676,3.427323818206787,2.703742504119873,1.885868787765503,0.12024524062871933,118.31774399484783,134.46071313031072,149.61019120691483,11.722496815458156,6.809342568900807,2.8608393642636396,0.3495477629717924,142.34943621478243,134.37159291694607,126.19967025607468,data/tiles/train/H617/H617__Motorola_Edge_H617_02__x35_y270__t256.png
5.654123783111572,5.147550106048584,5.164744853973389,3.9410033226013184,2.4968714714050293,0.12402918189764023,96.37778992783859,121.45750942733851,144.10308706618264,17.572182775712985,10.573650340767811,2.771819368941773,0.3607738697568091,128.51404249258667,120.84139541790546,113.51199240189823,data/tiles/train/H617/H617__Motorola_Edge_H617_02__x291_y270__t256.png
5.854145050048828,5.370854377746582,5.207884311676025,3.753815174102783,2.2676761150360107,0.1275012344121933,92.65860871026341,116.40359369529449,141.1097883833663,17.74239944934981,11.125988049959972,2.7570743411422587,0.36270331382711246,124.30769697025234,116.40739091415514,109.42653444315894,data/tiles/train/H617/H617__Motorola_Edge_H617_02__x547_y270__t256.png
5.327012538909912,4.796429634094238,4.705242156982422,3.54561448097229,2.305996894836426,0.13100478053092957,96.51999728152096,118.85455112346841,140.7284333381928,16.282597654384826,9.991306380387192,2.869285616254761,0.3485188070281014,126.7284113562603,118.56333012591077,111.16266825664323,data/tiles/train/H617/H617__Motorola_Edge_H617_02__x803_y270__t256.png
4.1268720626831055,3.818061113357544,3.75072979927063,2.7316060066223145,1.762168288230896,0.12474794685840607,111.45048821044622,129.49499757615433,146.2294010282793,12.851800900809593,7.954363985414265,3.041959711480316,0.32873545176355007,137.50899512292935,128.9456714087436,121.38173105511248,data/tiles/train/H617/H617__Motorola_Edge_H617_02__x1059_y270__t256.png
2.443265914916992,2.496474504470825,2.5190649032592773,1.8735227584838867,1.239021897315979,0.12619513273239136,128.92239408185836,140.23867854104472,150.29294892013306,8.148489899112976,4.658579306904132,2.6612558701613565,0.37576244028702444,148.8104596750658,140.16952843353798,131.1381709791453,data/tiles/train/H617/H617__Motorola_Edge_H617_03__x138_y15__t256.png
4.226949691772461,4.030043601989746,4.177541732788086,3.2981748580932617,2.2117433547973633,0.12566833198070526,107.74546525264903,129.40369913031182,146.6521041000279,14.432443275702312,8.074681951846324,2.7873500261291775,0.358763696925682,136.47689028919396,128.5027961106788,120.33621991790504,data/tiles/train/H617/H617__Motorola_Edge_H617_03__x394_y15__t256.png
3.8528034687042236,3.6367180347442627,3.433279275894165,2.42966890335083,1.5241076946258545,0.121179960668087,111.7651638470178,129.0920978773786,143.60146095346593,11.916897222588327,7.314156112765995,2.8744196802199724,0.34789630995132637,136.22475411466374,128.6731074488892,120.65115038979266,data/tiles/train/H617/H617__Motorola_Edge_H617_03__x650_y15__t256.png
3.9540648460388184,3.7101964950561523,3.4411754608154297,2.391505241394043,1.527341365814209,0.12079794704914093,112.60742088104901,128.77634038966946,144.08965513086716,11.878061759254596,7.555461487987599,2.5873429739785787,0.38649688505049323,136.4881653909159,128.8565606990456,120.93426853690706,data/tiles/train/H617/H617__Motorola_Edge_H617_03__x906_y15__t256.png
3.5150017738342285,3.3374664783477783,3.0521860122680664,2.1375927925109863,1.4368314743041992,0.11349204182624817,121.92956538708529,136.92567933284647,151.3544340688045,10.965270482479008,6.836860189816492,2.776793063931929,0.36012766417098563,144.48672323787264,137.24725258099377,128.9502585905475,data/tiles/train/H617/H617__Motorola_Edge_H617_03__x1162_y15__t256.png
3.118098020553589,3.1056056022644043,3.0255136489868164,2.1603121757507324,1.5452605485916138,0.1272929459810257,117.20565368152965,131.59121992248888,144.36842703744938,10.22221285449698,6.114123612750013,2.8358261355595102,0.35263092735503665,139.61313728471603,131.40299446403674,122.89893345970457,data/tiles/train/H617/H617__Motorola_Edge_H617_03__x138_y271__t256.png
4.439032077789307,4.00571870803833,3.797778606414795,2.7567901611328125,1.7094316482543945,0.13029751181602478,102.94972455577228,120.46983402773394,137.52673299813054,12.908635235809257,8.476711342889,2.579517437709819,0.38766940877431444,128.295981537955,120.4721236527199,112.60082351328917,data/tiles/train/H617/H617__Motorola_Edge_H617_03__x394_y271__t256.png
5.4087018966674805,4.908181190490723,4.743994235992432,3.319483995437622,1.7693370580673218,0.13193416595458984,93.11392229493208,112.21984423262053,136.00442881623192,15.755819010536554,10.303836139649558,2.9395319920011453,0.34019020807432343,120.88340781816365,113.40375087642448,105.92168340983484,data/tiles/train/H617/H617__Motorola_Edge_H617_03__x650_y271__t256.png
5.535542011260986,4.893683433532715,4.717852592468262,3.54829740524292,2.1327624320983887,0.12846197187900543,92.94570092640993,115.2763185370704,136.9593315595574,16.224161194310568,10.287921461715007,2.919349943757921,0.3425420108124325,122.59264489393121,115.26383911767,107.79175851010719,data/tiles/train/H617/H617__Motorola_Edge_H617_03__x906_y271__t256.png
4.300901889801025,3.8658173084259033,3.543980598449707,2.6269755363464355,1.8526262044906616,0.12024091184139252,108.93216402601725,126.49612168600244,142.19086370405492,12.652071500712829,8.17663650957962,2.8678179077017454,0.34869717401318373,133.66400706048364,126.56139248965862,118.52386117298077,data/tiles/train/H617/H617__Motorola_Edge_H617_03__x1162_y271__t256.png
1.8765743970870972,2.308042287826538,2.8699951171875,2.4619429111480713,1.7713345289230347,0.19882051646709442,159.85599309314938,173.5552165990936,185.31099300329,9.553273403624017,4.015845067404135,2.771605732513435,0.36080167834446947,188.7823733987497,176.4565558390514,154.34755277034523,data/tiles/train/H617/H617__Samsung_A52_H617_01__x97_y219__t256.png
2.618163585662842,3.09722638130188,3.8597159385681152,3.333773612976074,2.2362170219421387,0.20838548243045807,142.64963657016202,160.1173161876429,175.89437063533148,12.49645448518362,5.534060514775127,2.9739436357660742,0.3362538509383701,174.99494369798757,163.0213606136949,141.67473160265348,data/tiles/train/H617/H617__Samsung_A52_H617_01__x353_y219__t256.png
3.1781094074249268,3.4859113693237305,3.936858892440796,3.2417376041412354,2.096348762512207,0.2258741706609726,134.80766855286242,151.04222499607704,168.10002973867893,12.606530085482914,6.4864996743736185,2.7673878720476166,0.3613515872135735,166.90495078470946,154.85336347284903,132.68898217365535,data/tiles/train/H617/H617__Samsung_A52_H617_01__x609_y219__t256.png
3.4748942852020264,3.802884101867676,4.305542945861816,3.4646942615509033,2.351816415786743,0.22311381995677948,133.95013014463942,151.28515844272079,170.31964094387615,13.754222825206474,7.080256856601125,2.7706807859423392,0.3609221260975717,167.25772444277538,155.2745273996017,133.35296235994227,data/tiles/train/H617/H617__Samsung_A52_H617_01__x865_y219__t256.png
3.4853532314300537,3.755629539489746,4.342430591583252,3.815225124359131,2.615976333618164,0.1975933015346527,145.34514620672712,167.58680951567578,186.32911698646436,15.335880976670312,7.096620249069259,2.844299014274469,0.35158047553417393,181.64258062261706,170.22628064134597,148.6806364531915,data/tiles/train/H617/H617__Samsung_A52_H617_01__x1121_y219__t256.png
2.32405948638916,2.6836600303649902,3.140838623046875,2.696673631668091,1.8276214599609375,0.20158231258392334,152.51027066032248,165.58097204854832,179.16441117475907,9.984076336247973,4.873884930814533,2.8620961463830197,0.3493942721888474,180.98026735721425,169.01089305414197,147.54852954453293,data/tiles/train/H617/H617__Samsung_A52_H617_01__x97_y475__t256.png
3.6118907928466797,4.071089744567871,4.644546031951904,3.935739278793335,2.786827325820923,0.22394119203090668,122.8818585828775,145.85282308626682,165.8562547103455,16.207826329482373,7.572863446613942,2.6289779551782093,0.3803759548574128,160.15428485182585,148.36555303388957,127.59947462349118,data/tiles/train/H617/H617__Samsung_A52_H617_01__x353_y475__t256.png
4.306244850158691,4.399030685424805,4.8102030754089355,4.039618492126465,2.7350857257843018,0.24137425422668457,110.59129548862602,131.0179183738749,153.04682881393524,15.898170752949657,8.433439358976825,2.846075354027332,0.351361041296729,146.04515392867953,134.46181551331986,114.28125068256858,data/tiles/train/H617/H617__Samsung_A52_H617_01__x609_y475__t256.png
4.5634684562683105,4.594178199768066,5.021790504455566,4.040327548980713,2.6744332313537598,0.2441617250442505,111.94520869223122,131.6656722229478,156.49814210780332,16.39649141833473,8.976212819844406,2.953954360038702,0.3385292655594375,147.71183753548405,136.01348962341322,115.24106267294682,data/tiles/train/H617/H617__Samsung_A52_H617_01__x865_y475__t256.png
4.269413471221924,4.391891002655029,4.7007880210876465,3.440070629119873,2.185873031616211,0.21557000279426575,129.05552404250773,152.08318595911342,173.39173156690663,16.51635605607879,8.488450319219059,2.7359461503731444,0.36550426983499446,166.69075266844789,154.9613032073826,133.95252680388595,data/tiles/train/H617/H617__Samsung_A52_H617_01__x1121_y475__t256.png
2.1575615406036377,2.4546010494232178,2.7519614696502686,2.261336326599121,1.6587730646133423,0.1969185471534729,156.44949067943634,168.18435829275447,180.67379829637653,9.279829224422508,4.57635708927516,2.9925426215636635,0.3341639957921401,183.58137502923034,171.73634299030536,150.38715416808137,data/tiles/train/H617/H617__Samsung_A52_H617_01__x97_y731__t256.png
3.4013586044311523,3.6088922023773193,4.024399757385254,3.2666540145874023,2.037544012069702,0.20921014249324799,135.32380344815422,153.22678434979,171.3346279805709,13.643779018537304,6.885699878447698,2.7798768554318243,0.3597281649530697,168.16241802341597,156.1687115971311,136.0565076343282,data/tiles/train/H617/H617__Samsung_A52_H617_01__x353_y731__t256.png
3.9762136936187744,4.154895782470703,4.695405006408691,3.9218552112579346,2.3590939044952393,0.22604836523532867,119.82310567771727,141.6246672461895,163.3346467144849,16.172684667918126,7.859609312454753,2.7512306802313593,0.3634737018547303,156.49043113122144,144.65856255915742,124.42375406726026,data/tiles/train/H617/H617__Samsung_A52_H617_01__x609_y731__t256.png
4.188782691955566,4.310258388519287,4.707525253295898,3.5938453674316406,2.45575213432312,0.22439511120319366,120.469458852101,143.21849531265434,165.0694156025382,16.592582287491453,8.28394210311207,2.7653020038803082,0.3616241548289434,157.9206041863042,146.06733841303378,125.77503087628297,data/tiles/train/H617/H617__Samsung_A52_H617_01__x865_y731__t256.png
3.217097520828247,3.390681505203247,3.6323699951171875,2.781419515609741,1.8975751399993896,0.19536803662776947,144.47097931531115,162.54772960609137,179.1170350801004,13.013051780257333,6.580903551749315,2.6303214237889407,0.3801816732190525,176.86117207958233,165.05473859930157,145.14261606706847,data/tiles/train/H617/H617__Samsung_A52_H617_01__x1121_y731__t256.png
2.0109829902648926,2.421572685241699,2.8608267307281494,2.378567934036255,1.7484405040740967,0.19281312823295593,161.56279415442563,174.5474507293111,186.1394911820477,9.277711408146542,4.2508291981280895,2.864227244726126,0.3491343090326685,189.4510207286022,177.73114147024336,155.83609401750604,data/tiles/train/H617/H617__Samsung_A52_H617_02__x68_y204__t256.png
2.580777883529663,3.0392770767211914,3.681536912918091,3.1923348903656006,2.0766165256500244,0.1975516527891159,145.83479996435855,161.29266595836734,177.0641826552844,11.734094946818479,5.503830832083545,2.672530955970694,0.37417714386652956,175.83093261553154,164.7939012140941,143.9231785005024,data/tiles/train/H617/H617__Samsung_A52_H617_02__x324_y204__t256.png
3.1533753871917725,3.4809396266937256,3.966521739959717,3.2114973068237305,2.195225477218628,0.2159145027399063,136.43742923717312,153.26178002413278,170.1336252567112,12.52924487949233,6.44212569170632,2.6957618862800055,0.37095264425595903,168.1249277866719,156.9092737127693,135.01453211794419,data/tiles/train/H617/H617__Samsung_A52_H617_02__x580_y204__t256.png
3.267483949661255,3.5417444705963135,4.1078009605407715,3.4624366760253906,2.406691551208496,0.22421465814113617,135.53675065244227,151.5680854450429,170.86228020313047,13.365393600028796,6.704202747007424,2.7661080398204136,0.3615187785886063,167.92496476182396,156.18075732442284,133.70872604019948,data/tiles/train/H617/H617__Samsung_A52_H617_02__x836_y204__t256.png
3.3382668495178223,3.6037001609802246,4.201237201690674,3.498974561691284,2.3593242168426514,0.1956038475036621,147.7700508330037,168.83919951864138,187.31325176323458,14.753868900608914,6.758763587243597,2.8091398623747628,0.3559808514320928,183.02377824867065,171.81561020273645,150.10442662114082,data/tiles/train/H617/H617__Samsung_A52_H617_02__x1092_y204__t256.png
2.407313346862793,2.7476587295532227,3.1695873737335205,2.506457567214966,1.599127173423767,0.20777294039726257,153.82478043717288,167.3120045351993,179.9275706390841,9.785578469608565,4.943276063790607,2.8669089397206244,0.34880773021603134,182.8457580274463,170.7915324945322,148.09683115205323,data/tiles/train/H617/H617__Samsung_A52_H617_02__x68_y460__t256.png
3.4318768978118896,3.8085691928863525,4.207764148712158,3.30226469039917,2.270693063735962,0.22264733910560608,127.82360342760967,146.90874456131942,166.27922178594056,14.367510261537038,7.064511658315661,2.884752697530731,0.346650165491126,161.92819814455987,150.43793610093837,129.15999467405246,data/tiles/train/H617/H617__Samsung_A52_H617_02__x324_y460__t256.png
4.534820079803467,4.58189058303833,4.911076068878174,3.7545127868652344,2.470799446105957,0.24323934316635132,110.01519964808644,129.9397680965723,154.0797678513649,16.42471414999268,8.94762020635688,2.877075731584083,0.3475751399318961,145.58471008021564,134.36079418205122,113.67041584354634,data/tiles/train/H617/H617__Samsung_A52_H617_02__x580_y460__t256.png
4.726889610290527,4.844522953033447,5.269134521484375,4.06138801574707,2.5527541637420654,0.24837756156921387,110.28041886847122,130.87633764418004,156.36710684979627,17.054693042055607,9.454205516977291,2.609010145187912,0.38328712590267666,147.12537977810493,135.62666442237284,114.25607285770207,data/tiles/train/H617/H617__Samsung_A52_H617_02__x836_y460__t256.png
4.227194786071777,4.2724151611328125,4.6205058097839355,3.6834967136383057,2.6798365116119385,0.2214716672897339,126.11375832116676,151.55612283577202,174.74548612335957,17.806636568649854,8.28107683123569,2.9612026299978544,0.3377006321248352,166.16592988170527,154.48330409233023,132.69806868365185,data/tiles/train/H617/H617__Samsung_A52_H617_02__x1092_y460__t256.png
2.1796278953552246,2.4763104915618896,2.8202338218688965,2.2215380668640137,1.5411100387573242,0.20116855204105377,158.81549212758543,170.85841328337372,182.8439487751291,9.013636667741785,4.566072238070904,2.6176634662745486,0.3820200774025384,186.29256131892882,174.55405075434078,151.90911988922923,data/tiles/train/H617/H617__Samsung_A52_H617_02__x68_y716__t256.png
3.329484224319458,3.547358989715576,3.8891494274139404,2.8737266063690186,1.7113041877746582,0.21013005077838898,136.6016371435774,154.6202718558247,172.2119524171584,13.362923386529985,6.709066011499025,2.9703593591724884,0.33665960211581597,169.3960581624081,157.75438588440227,136.89290502811423,data/tiles/train/H617/H617__Samsung_A52_H617_02__x324_y716__t256.png
3.887906312942505,4.016471862792969,4.340057849884033,3.3341104984283447,2.146324872970581,0.22780796885490417,123.13336767336597,143.06342197994192,164.1745161067971,15.165129178926453,7.735156259120537,2.66190041143519,0.375671454763719,158.23642500981697,146.63805632320845,125.55159659363028,data/tiles/train/H617/H617__Samsung_A52_H617_02__x580_y716__t256.png
3.891688346862793,4.093748569488525,4.436643600463867,3.4540858268737793,2.3596479892730713,0.2296709567308426,123.00631316182263,144.94156867158532,166.03121113747088,16.08379285398607,7.8038925676927775,2.76534825283863,0.36161810685995877,159.92620576049515,148.28931933578767,126.63533527004182,data/tiles/train/H617/H617__Samsung_A52_H617_02__x836_y716__t256.png
3.911853551864624,4.011080265045166,4.418563365936279,3.6186883449554443,2.368009328842163,0.2101520299911499,136.94409833499037,158.79346368468433,179.26804731575098,15.865632497001522,7.877736201550898,2.8948941352549005,0.34543577529198605,173.7197803457406,161.9497386677352,140.37270153810124,data/tiles/train/H617/H617__Samsung_A52_H617_02__x1092_y716__t256.png
1.62749183177948,2.0804197788238525,2.4860665798187256,2.05060076713562,1.4946683645248413,0.19238483905792236,161.19325958361924,174.72170702432743,184.72734193509677,8.776696553492958,3.4692534973485762,2.5432691786553026,0.39319471505125064,188.8653805701012,177.5161408595848,155.40423900111034,data/tiles/train/H617/H617__Samsung_A52_H617_03__x98_y236__t256.png
2.646183729171753,3.119488000869751,3.8561158180236816,3.355522871017456,2.417600154876709,0.19858956336975098,139.74522430778453,158.0926253721352,174.70356452436098,13.042794815647389,5.557124639905703,2.797212752261562,0.3574987276857988,171.8066385103258,161.2914294573131,140.45882095549393,data/tiles/train/H617/H617__Samsung_A52_H617_03__x354_y236__t256.png
2.7181084156036377,3.005310297012329,3.2739059925079346,2.5317893028259277,1.7069642543792725,0.21152327954769135,138.6569450949631,153.29374718829635,165.70078320888203,10.316253740456302,5.283812647566901,2.810291914505168,0.3558349205072095,167.3070681558002,156.54207705902218,134.9576320425906,data/tiles/train/H617/H617__Samsung_A52_H617_03__x610_y236__t256.png
3.0205185413360596,3.2359352111816406,3.4144866466522217,2.606649875640869,1.7271007299423218,0.21817827224731445,137.3050746217092,151.990704789883,167.38010789530168,11.443399070632736,6.02486489591025,2.491805504878802,0.40131543093634775,167.1203660216053,156.1562729764834,133.87384203900262,data/tiles/train/H617/H617__Samsung_A52_H617_03__x866_y236__t256.png
2.7204267978668213,2.97713303565979,3.0871028900146484,2.325263023376465,1.6595321893692017,0.19337424635887146,154.1292661268374,170.28381373811547,185.6276205077327,11.6492455682242,5.511739527695138,2.80845669510084,0.35606744506491106,184.7449503636681,173.8704567033965,151.8418538868281,data/tiles/train/H617/H617__Samsung_A52_H617_03__x1122_y236__t256.png
2.09906005859375,2.516005039215088,2.8823325634002686,2.360880136489868,1.5964744091033936,0.19997669756412506,153.93653953102458,167.08644760364285,177.77055230869746,9.087004401594923,4.382193493485408,2.4053817796811017,0.41573442039316394,181.47654254397955,170.23123710449815,148.15616127808923,data/tiles/train/H617/H617__Samsung_A52_H617_03__x98_y492__t256.png
3.1856529712677,3.3870131969451904,3.6674346923828125,2.917588233947754,1.8324337005615234,0.22099865972995758,129.06572634195075,145.22736463162917,162.65124074849265,12.606962644759752,6.479600608094275,2.760831312539465,0.3622097429343414,160.1204984576042,149.1278665533416,127.91623480484277,data/tiles/train/H617/H617__Samsung_A52_H617_03__x354_y492__t256.png
4.183014869689941,4.213382720947266,4.450932025909424,3.3872556686401367,1.8357088565826416,0.2386619746685028,112.70073825038845,129.42139934389954,151.04142526527306,14.378899957202783,8.246025706469146,2.799175119981748,0.35724810243616356,144.7053582890025,134.07905218077372,113.49774919170859,data/tiles/train/H617/H617__Samsung_A52_H617_03__x610_y492__t256.png
4.268659591674805,4.304734230041504,4.554947376251221,3.587423801422119,2.169647455215454,0.2412606030702591,113.34626721233985,132.2683895723306,153.37138083284427,14.969454580734062,8.426917719327248,2.4871477478645803,0.4020669865144046,147.34566939583297,136.43855549903444,115.25486506308214,data/tiles/train/H617/H617__Samsung_A52_H617_03__x866_y492__t256.png
3.459925651550293,3.5036559104919434,3.534741163253784,2.686068058013916,1.985514760017395,0.21474337577819824,135.34301110941848,152.26293838212334,170.10112489360148,13.11398944631734,6.871449198643406,2.9416981376717817,0.33993970597930007,167.28669211306894,156.24583569391007,134.5017708161737,data/tiles/train/H617/H617__Samsung_A52_H617_03__x1122_y492__t256.png
2.2480363845825195,2.5078835487365723,2.836840867996216,2.368878126144409,1.7602521181106567,0.20096786320209503,153.99946003300997,168.09960418833998,180.89841744745937,10.000500138530645,4.698593354208556,2.9192380152528865,0.3425551444503823,182.95302930856457,171.5126255498747,149.21202249561142,data/tiles/train/H617/H617__Samsung_A52_H617_03__x98_y748__t256.png
3.1259822845458984,3.222595691680908,3.5136361122131348,2.6343283653259277,1.8581596612930298,0.2076963484287262,136.64038784421544,154.15921824816894,172.18864187026065,13.106145188570036,6.183658158954355,2.725960271930198,0.36684320395172887,168.8207372991557,157.6664978347546,136.74988394236192,data/tiles/train/H617/H617__Samsung_A52_H617_03__x354_y748__t256.png
3.279714345932007,3.4622292518615723,3.6439476013183594,2.7302634716033936,1.7625701427459717,0.2220591902732849,127.76021686185838,144.54102343172661,161.75194723478182,12.804914158334105,6.649776818646738,2.811067548435013,0.35573673800785166,159.30641926362264,148.20307475797244,127.13420929747474,data/tiles/train/H617/H617__Samsung_A52_H617_03__x610_y748__t256.png
3.930866241455078,4.1020307540893555,4.548390865325928,3.5661230087280273,2.2406229972839355,0.22212034463882446,124.42240097237324,143.90995100281924,164.9528286851031,15.093626269934045,7.950643360185222,2.6310545728698522,0.38007573476867823,158.87406388181606,147.8240208633537,126.77934611861171,data/tiles/train/H617/H617__Samsung_A52_H617_03__x866_y748__t256.png
3.31223464012146,3.4341132640838623,3.743394136428833,3.0357372760772705,1.8945395946502686,0.2014387547969818,142.11632002490188,159.9943457637057,179.69794009014632,13.911082675157624,6.707466224538079,2.784607295531928,0.3591170653056037,175.13250335465872,163.9044838175673,142.78036670906192,data/tiles/train/H617/H617__Samsung_A52_H617_03__x1122_y748__t256.png
4.0355000495910645,4.737544536590576,6.367607116699219,6.129228115081787,4.427788734436035,0.14455583691596985,145.21562347074067,175.02206789255362,203.4199592837036,21.567737504363187,8.48622903900121,2.8219358005604733,0.3543666726228807,187.31987807545482,175.06012589251884,162.06422438696973,data/tiles/train/H637/H637__Samsung_A52_H637_01__x81_y203__t256.png
5.1928019523620605,5.78572416305542,7.754710674285889,7.707262992858887,6.617002010345459,0.11580314487218857,123.23690629310279,161.52227787217564,199.02027544601853,27.981829226623788,10.150422366481463,2.676750409351661,0.37358731561461167,170.6597567349907,161.65692305751466,152.63592705616006,data/tiles/train/H637/H637__Samsung_A52_H637_01__x337_y203__t256.png
5.743129253387451,6.347675800323486,8.031517028808594,7.578800678253174,5.841609954833984,0.1201557144522667,115.29713034016935,153.53118158332373,191.71681113810655,28.06704759445292,11.319780884740213,2.7476258255330093,0.3639505753320727,162.68829015527396,154.14875336438138,144.66983463682564,data/tiles/train/H637/H637__Samsung_A52_H637_01__x593_y203__t256.png
6.110651016235352,6.486185550689697,8.160760879516602,7.775573253631592,5.657914638519287,0.14082802832126617,117.65688097405489,155.85699513468123,192.41617060168304,28.241982079870617,11.76449897211912,2.7540459526834042,0.3631021475969383,166.72215022044966,156.24214010901426,144.93977460128406,data/tiles/train/H637/H637__Samsung_A52_H637_01__x849_y203__t256.png
5.9343037605285645,6.261966228485107,8.202086448669434,8.283093452453613,6.690634250640869,0.12489171326160431,125.95568532240281,164.8244227246187,206.2779005910114,29.56345821535716,11.388330743322388,2.9062924788524667,0.34408099228706823,175.84479555445344,165.8483740524729,155.40410909074507,data/tiles/train/H637/H637__Samsung_A52_H637_01__x1105_y203__t256.png
4.807851314544678,5.205146312713623,7.012084007263184,7.080481052398682,5.809204578399658,0.13340052962303162,130.7921383732702,166.99971501622068,202.1773238455925,26.224172938047424,9.173210511646726,2.5876770837931287,0.3864469822232057,178.07924217694304,167.31883165541987,155.89433213936783,data/tiles/train/H637/H637__Samsung_A52_H637_01__x81_y459__t256.png
7.073493957519531,7.301035404205322,9.560554504394531,9.403759002685547,7.205923557281494,0.11598030477762222,97.15116316395404,142.31166355399898,190.489538160433,34.223368996542135,12.910495567539483,2.629483298730396,0.38030285283912396,151.49400798489677,143.29804570875143,135.39349886332926,data/tiles/train/H637/H637__Samsung_A52_H637_01__x337_y459__t256.png
7.993744850158691,8.020941734313965,9.860941886901855,9.53200626373291,6.955070495605469,0.10899064689874649,88.52327111502872,133.74610635357453,181.87091990435715,34.48990398076089,14.513647391285819,2.5630460774570087,0.39016075785581483,142.04675577698566,134.42572408653433,127.56989523983404,data/tiles/train/H637/H637__Samsung_A52_H637_01__x593_y459__t256.png
6.7357258796691895,6.942322731018066,8.69290542602539,8.1952486038208,6.070899486541748,0.14821533858776093,82.3310049637705,126.18288132657541,166.46470578105811,31.008232795486073,12.114588835650494,2.84868803460381,0.35103878973503605,134.43624269432348,125.1138625978989,116.09974243971055,data/tiles/train/H637/H637__Samsung_A52_H637_01__x849_y459__t256.png
7.395478248596191,7.525346755981445,9.738816261291504,9.160409927368164,6.513516426086426,0.11449220776557922,98.73475240627062,145.47754521135911,192.57808606767637,34.639693020262804,13.354700008446725,2.781261062714905,0.3595491316531999,154.56708849328925,145.66841068253453,138.01493918046458,data/tiles/train/H637/H637__Samsung_A52_H637_01__x1105_y459__t256.png
4.634949207305908,5.130276203155518,6.747464656829834,6.774662494659424,5.533355712890625,0.12922149896621704,135.40863978344746,169.48137628595342,201.97500706550196,24.636016174234545,9.047660005575082,2.9000622865389953,0.3448201801187602,180.05611760881263,169.52521456848433,158.19760565351731,data/tiles/train/H637/H637__Samsung_A52_H637_01__x81_y715__t256.png
6.964725494384766,6.937015056610107,8.946252822875977,8.597004890441895,6.704638957977295,0.13019441068172455,102.06855749020012,145.60408232104882,190.64629833129462,32.40420902065789,12.45526688093916,2.825217818602223,0.3539550095626786,155.9491258175414,146.14343294193552,137.00040044756452,data/tiles/train/H637/H637__Samsung_A52_H637_01__x337_y715__t256.png
6.781911849975586,7.065810203552246,8.97250747680664,8.658308982849121,6.941389560699463,0.1196618527173996,93.62578955438794,137.8988638718346,183.78061216738092,33.53446025862703,12.365136475756907,2.940678313049425,0.3400575967668561,147.2252914784641,138.73051829864298,130.97644095471892,data/tiles/train/H637/H637__Samsung_A52_H637_01__x593_y715__t256.png
6.976889133453369,7.48219108581543,9.47256088256836,9.162185668945312,7.29058313369751,0.11586352437734604,89.2780859171537,134.5997252888988,183.02626721381395,34.4589499402955,13.07586828566046,2.859827665543427,0.3496714197322023,143.34798383988593,135.19672647051055,128.5357429144847,data/tiles/train/H637/H637__Samsung_A52_H637_01__x849_y715__t256.png
6.725926876068115,6.949477195739746,8.811283111572266,8.625504493713379,7.047091960906982,0.12596581876277924,104.41214525845994,145.95659092142108,191.9951202869955,32.61130614966348,12.464102237631087,2.7912278833259925,0.35826526596904457,156.9237245131461,147.1566964245161,138.7302427277691,data/tiles/train/H637/H637__Samsung_A52_H637_01__x1105_y715__t256.png
4.025984764099121,4.575529098510742,6.07662296295166,5.863912582397461,4.653153419494629,0.12482644617557526,145.0420194100523,176.04572184230082,204.1295384227477,21.857295710566426,8.236225005870372,2.718780100178356,0.367812019785785,186.5235397974153,175.49929467446498,164.6358954551473,data/tiles/train/H637/H637__Samsung_A52_H637_02__x95_y199__t256.png
4.783205032348633,5.3242950439453125,6.998970985412598,6.978466033935547,6.06587553024292,0.11032866686582565,122.42125106604503,157.4774636897715,192.33635001983646,25.787703033811248,9.244944070089161,2.851284621731206,0.35071910828489405,166.32697382635962,157.66035938395706,149.44019754521085,data/tiles/train/H637/H637__Samsung_A52_H637_02__x351_y199__t256.png
5.633925914764404,6.16925573348999,7.699466705322266,6.846460819244385,5.359519004821777,0.11540643870830536,113.95007781783261,151.95715538539847,186.26159150123286,26.6552115515737,11.029898635401755,2.84346100496081,0.35168409141372503,159.60260036144928,151.34550306631826,142.70490170354566,data/tiles/train/H637/H637__Samsung_A52_H637_02__x607_y199__t256.png
5.948331832885742,6.122701644897461,7.760147571563721,7.71513032913208,6.40831995010376,0.1405404508113861,114.82019492024472,153.1428201934526,190.7073486241236,28.5862421253625,11.165174231225258,2.7973367292160267,0.35748288347118545,164.04014485551224,153.50775120702144,142.57552550372336,data/tiles/train/H637/H637__Samsung_A52_H637_02__x863_y199__t256.png
4.87923526763916,5.451542854309082,7.415370941162109,7.696114540100098,6.711884021759033,0.12857037782669067,121.52735970946632,170.00121476987297,204.0964815255802,30.440258499324298,9.20386131795611,2.972295426889279,0.33644031173797956,177.0935021983171,166.64299869533227,155.7132991229208,data/tiles/train/H637/H637__Samsung_A52_H637_02__x1119_y199__t256.png
5.048894882202148,5.538750171661377,7.145278453826904,6.75405216217041,5.279578685760498,0.12609200179576874,130.9200209077566,164.62805019327035,196.89380112729046,24.357564764341966,10.050435858685617,2.6640964847272204,0.3753617805258998,174.7277115156625,164.3498383691953,154.03105308459362,data/tiles/train/H637/H637__Samsung_A52_H637_02__x95_y455__t256.png
5.756606578826904,5.826758861541748,7.393524646759033,7.570402145385742,6.843386650085449,0.1161159873008728,100.80591281026928,141.18616270959933,183.00345005114886,30.26970530990953,10.302058167895586,2.622495142135862,0.3813162449504334,149.69761534377778,141.55399547332055,133.7314170427159,data/tiles/train/H637/H637__Samsung_A52_H637_02__x351_y455__t256.png
6.418391227722168,6.530642986297607,8.168431282043457,7.9214911460876465,6.601202011108398,0.1208287701010704,90.6142774455958,129.51378443157625,170.53150985391088,30.05372018737614,11.641674550522357,2.8787697580818987,0.3473706075981193,138.32626278105084,130.0357970109454,122.74183886504537,data/tiles/train/H637/H637__Samsung_A52_H637_02__x607_y455__t256.png
6.635730743408203,6.885794639587402,8.876607894897461,9.029096603393555,7.59883451461792,0.15137024223804474,81.96232913610048,127.69977591889885,172.30329875512908,33.29718197860931,12.007496240142945,2.872802855877974,0.348092107313916,137.10700714478222,127.40527443997848,117.95531296746017,data/tiles/train/H637/H637__Samsung_A52_H637_02__x863_y455__t256.png
6.852950572967529,7.077890396118164,9.072175979614258,8.952849388122559,6.426802635192871,0.12642961740493774,103.19877060085616,148.51988279432828,192.1637038416853,32.919897166614,12.667883429038495,2.7483624587427484,0.36385302703394323,158.00698450967883,148.44267605893944,139.42794592669048,data/tiles/train/H637/H637__Samsung_A52_H637_02__x1119_y455__t256.png
5.013498783111572,5.599433898925781,7.461021900177002,7.208154678344727,4.777045726776123,0.1324305236339569,131.2742571145177,163.89048482180516,199.88289768263095,25.37793722446633,10.127493695723482,2.833332172585538,0.3529413210620684,175.89397992959977,164.8371658441362,154.11144215289747,data/tiles/train/H637/H637__Samsung_A52_H637_02__x95_y711__t256.png
6.220762729644775,6.686367988586426,8.335588455200195,7.7188029289245605,5.828622817993164,0.13437549769878387,106.52418743243084,145.0995855248395,185.9887130891025,29.44151615374853,11.778744972834216,2.8290990424646747,0.35346942082621924,156.01120763891188,145.49082962293915,136.46679104067954,data/tiles/train/H637/H637__Samsung_A52_H637_02__x351_y711__t256.png
6.325314521789551,6.813135623931885,8.378976821899414,7.8595099449157715,5.925055980682373,0.1418914645910263,99.97085273515324,137.11329473726022,178.69686989489188,29.283445544973816,12.18419885473007,2.735364707674327,0.36558196323671377,148.61672813673357,138.26044101606772,129.15117526906477,data/tiles/train/H637/H637__Samsung_A52_H637_02__x607_y711__t256.png
6.501904010772705,6.643458843231201,8.45898151397705,8.981887817382812,8.314926147460938,0.1281566321849823,90.74148333664452,140.52959584301584,185.96709541241725,35.11205232571214,11.533700978009414,2.956778987568167,0.338205866655749,148.75129626612807,139.4180473073361,131.26224679288407,data/tiles/train/H637/H637__Samsung_A52_H637_02__x863_y711__t256.png
6.874545097351074,7.250449180603027,9.297968864440918,8.933393478393555,6.448601722717285,0.11708487570285797,104.37216307134919,150.42916850498995,193.42277395306567,32.85051915800006,12.82059488957458,2.7672347252489597,0.36137158545884934,158.86238292455954,149.37020477439756,141.483425752862,data/tiles/train/H637/H637__Samsung_A52_H637_02__x1119_y711__t256.png
3.3562448024749756,4.005117893218994,6.536654949188232,7.729190826416016,6.710193157196045,0.14145100116729736,133.14393168803323,169.2440659529848,202.39394408778813,25.78360168729848,6.906930673231171,2.7391297956122935,0.36507945026988553,180.42071946177907,169.1993772565534,156.55809827295346,data/tiles/train/H637/H637__Samsung_A52_H637_03__x96_y231__t256.png
3.989699125289917,4.45311975479126,6.660799980163574,8.025073051452637,7.4969706535339355,0.11126232892274857,117.29877855675932,156.58970011906942,195.1737934508702,28.80073640330982,7.598042340026071,2.7974768371608336,0.3574649794115552,165.32458515867089,157.1894343428875,148.02250933972292,data/tiles/train/H637/H637__Samsung_A52_H637_03__x352_y231__t256.png
4.870594501495361,5.494693279266357,7.90248966217041,8.201932907104492,6.370957374572754,0.10962404310703278,109.33460730563246,145.80687429519156,186.15070908325166,28.290978808395252,9.685864695827592,2.721656153094841,0.3674233421671886,154.50935373299262,147.57387690393264,138.7489492066885,data/tiles/train/H637/H637__Samsung_A52_H637_03__x608_y231__t256.png
5.015655994415283,5.539492130279541,7.818754196166992,7.845538139343262,6.488330364227295,0.12444526702165604,109.29053619604498,149.80073876706362,185.5148185721715,28.571400910344874,9.555371225505219,2.7469916179727885,0.36403460187402215,157.69512440774918,149.53244910320475,139.31833604550138,data/tiles/train/H637/H637__Samsung_A52_H637_03__x864_y231__t256.png
5.029448986053467,5.669076919555664,8.405503273010254,9.129371643066406,7.4972147941589355,0.10514762252569199,116.33969616008915,159.77691336254094,203.9163451419764,32.21650284282985,9.830712688797806,2.9404336595387206,0.3400858906495019,168.15521418464203,160.7806415457955,151.5146435339956,data/tiles/train/H637/H637__Samsung_A52_H637_03__x1120_y231__t256.png
3.9001123905181885,4.600735187530518,6.792173862457275,7.131295204162598,6.155865669250488,0.13699379563331604,127.28152263202706,160.5392936065003,194.51708579223794,24.79746520789148,7.962558711299993,2.560577878266998,0.39053684267427985,171.74117789372144,161.0630338305806,149.71092666635553,data/tiles/train/H637/H637__Samsung_A52_H637_03__x96_y487__t256.png
5.100552082061768,5.853666305541992,8.475113868713379,9.291022300720215,8.086545944213867,0.1117432713508606,88.86338607838071,130.4932347201599,174.1836110898611,31.762151008020908,9.879568174804781,2.6378303049473617,0.3790994432524556,138.31709920044054,131.58836987121057,123.92650601283285,data/tiles/train/H637/H637__Samsung_A52_H637_03__x352_y487__t256.png
5.883854866027832,6.213961601257324,8.265375137329102,8.730881690979004,7.132046222686768,0.10034488141536713,79.94148834880863,121.17486038127616,164.70418480717947,31.66842718792143,10.749088050881895,2.6298381959445565,0.3802515308896527,128.05808054556724,122.29839584542648,116.19025333010609,data/tiles/train/H637/H637__Samsung_A52_H637_03__x608_y487__t256.png
6.1409196853637695,6.689384937286377,9.142716407775879,9.492145538330078,7.677236557006836,0.11344003677368164,82.64346769512882,124.49283319236748,173.96454561490796,33.59665936108742,11.239955770694142,2.933801662930541,0.34085467079635895,133.73650266950898,126.8347096702392,119.62930469571961,data/tiles/train/H637/H637__Samsung_A52_H637_03__x864_y487__t256.png
5.389019966125488,6.02117919921875,8.228371620178223,8.619917869567871,7.547766208648682,0.11428163200616837,94.66727956609411,132.0461412238155,182.18256411939805,32.44322114085774,10.295792053366949,2.8049827245885077,0.3565084345204659,142.9632451681049,135.7359179279683,127.787349650588,data/tiles/train/H637/H637__Samsung_A52_H637_03__x1120_y487__t256.png
3.9018735885620117,4.485937118530273,6.542056083679199,7.262972831726074,5.91431999206543,0.1341809332370758,127.81816781568905,163.9177733179311,199.12624117166646,26.214484703624013,7.680544059665855,2.765262811242533,0.361629280202363,174.7328157183252,164.00498929370275,152.76301392300738,data/tiles/train/H637/H637__Samsung_A52_H637_03__x96_y743__t256.png
5.460854530334473,5.89666748046875,8.153742790222168,8.418622016906738,6.745145320892334,0.12158352136611938,99.41248254860744,138.56495479840808,183.59640443523412,30.854033354196268,10.223995609878555,2.6753779481752167,0.3737789648307693,148.8974975992731,140.49489402599946,131.92256296450068,data/tiles/train/H637/H637__Samsung_A52_H637_03__x352_y743__t256.png
5.523011207580566,6.024850368499756,8.037095069885254,8.107799530029297,6.7481818199157715,0.10847891122102737,89.23630673186652,129.22340933959495,172.51701595109407,31.048283627172903,10.262190577470543,2.9756542036457914,0.33606055393627166,137.5535396132721,130.5040340901344,123.60881439104342,data/tiles/train/H637/H637__Samsung_A52_H637_03__x608_y743__t256.png
5.497159004211426,6.045873165130615,7.95029878616333,7.855072021484375,6.260481834411621,0.1066901758313179,96.32842953186547,132.5862712955458,174.42111715785123,29.35561150347353,10.646972855429938,2.6701218709716468,0.3745147406459406,141.6050100074575,134.37339958601257,127.52978261323995,data/tiles/train/H637/H637__Samsung_A52_H637_03__x864_y743__t256.png
5.469188690185547,5.956953048706055,8.030516624450684,8.171085357666016,7.203935623168945,0.10743698477745056,100.66573782797973,140.53482539329858,186.29873158044202,31.146939222733206,10.163745528103151,2.7921954421679853,0.35814111895532474,149.67224706421632,141.73105869101946,134.64938962450296,data/tiles/train/H637/H637__Samsung_A52_H637_03__x1120_y743__t256.png
2.0575082302093506,2.08965802192688,2.0175302028656006,1.5909810066223145,1.3741308450698853,0.11615496873855591,151.95078133598423,163.2745298902044,172.6661212329304,7.723526425083905,3.806168138370296,2.8466551709842953,0.3512894748169401,172.05122999200188,163.37265723924628,153.13504672795068,data/tiles/train/H666/H666__Motorola_Edge_H666_01__x36_y15__t256.png
2.8491172790527344,2.6504759788513184,2.471874237060547,1.6947025060653687,1.245140790939331,0.12105070799589157,143.42702887894552,155.26137845884088,166.7061243764666,8.702610902934987,4.887896634443199,2.883554979028434,0.3467941507177135,164.47773391206053,155.65023726473402,145.68218455043046,data/tiles/train/H666/H666__Motorola_Edge_H666_01__x292_y15__t256.png
3.339768171310425,3.3244504928588867,3.3870182037353516,2.8476064205169678,2.1876957416534424,0.13092508912086487,125.63448639791443,143.02035447687584,160.20185413367807,12.897697902485499,6.3716547637346075,2.868149570323082,0.34865685191144175,152.38099153362336,143.2584194353411,133.64623727098123,data/tiles/train/H666/H666__Motorola_Edge_H666_01__x548_y15__t256.png
3.165374279022217,3.0888068675994873,3.064358711242676,2.481510639190674,1.8132799863815308,0.12950770556926727,130.4702798010685,146.58434599746985,161.90815129023733,11.739341531858065,5.932010629306649,2.9054856648090994,0.3441765389214899,155.89959727379443,146.86523467963127,136.9187906452074,data/tiles/train/H666/H666__Motorola_Edge_H666_01__x804_y15__t256.png
2.6335790157318115,2.620750665664673,2.755601644515991,2.090848207473755,1.5871412754058838,0.11936098337173462,143.28683640688055,158.46495482691827,172.01025957498234,10.603227298052078,5.007186551316885,2.8861040334733157,0.3464878564327213,167.40500168142952,158.5534194631899,148.52666493365965,data/tiles/train/H666/H666__Motorola_Edge_H666_01__x1060_y15__t256.png
2.176393747329712,2.1509780883789062,2.1982715129852295,1.8031853437423706,1.6662952899932861,0.1134125366806984,152.47953966439692,164.19753080834764,175.01915055267386,8.439099229722073,4.11659458054903,2.9306789671334643,0.3412178581191079,173.13921836847123,164.4920695620872,154.5333377837338,data/tiles/train/H666/H666__Motorola_Edge_H666_01__x36_y271__t256.png
2.9646639823913574,3.0400447845458984,3.1320948600769043,2.4273085594177246,1.632820725440979,0.1245582327246666,135.63693222402344,150.7904930340518,165.089494661238,11.037276736560472,5.784548209639974,2.924569716025497,0.3419306418036101,159.94433237890263,150.99721724583975,141.17280944609203,data/tiles/train/H666/H666__Motorola_Edge_H666_01__x292_y271__t256.png
3.40866756439209,3.192139148712158,3.1377131938934326,2.3303308486938477,1.3971368074417114,0.13195309042930603,128.62801462285736,142.23199508174096,157.5394692543913,10.916184084260616,6.4836495854566465,2.7257620225333197,0.36686988509385765,152.10087088239067,142.99950634968403,133.25972582273158,data/tiles/train/H666/H666__Motorola_Edge_H666_01__x548_y271__t256.png
3.4889841079711914,3.41294002532959,3.2051937580108643,2.1476311683654785,1.394556999206543,0.1325773298740387,129.42429930053794,142.31463787713753,156.69792217839864,10.61212687875626,6.760106926822883,2.7708210884786735,0.3609038505438302,152.2640524295462,143.2127936150319,133.31471043684246,data/tiles/train/H666/H666__Motorola_Edge_H666_01__x804_y271__t256.png
2.6737616062164307,2.711066961288452,2.8965952396392822,2.376957654953003,1.8471565246582031,0.11998540163040161,140.80048010796304,156.47952955373435,171.29945856028385,11.372067583170713,5.231075410776842,2.8269630547859848,0.3537364941176088,165.6793066796538,156.66710189395556,146.91128073280203,data/tiles/train/H666/H666__Motorola_Edge_H666_01__x1060_y271__t256.png
2.115544557571411,2.150374412536621,2.2216289043426514,1.7910088300704956,1.4023563861846924,0.11952924728393555,142.2802140205733,153.63368013316764,163.6690935226717,7.967727367063699,3.881995106846513,2.765316423865846,0.36162226910800466,162.42941654603325,153.66880548774992,144.0939820704136,data/tiles/train/H666/H666__Motorola_Edge_H666_02__x37_y15__t256.png
2.609386920928955,2.517094850540161,2.4525997638702393,1.8214428424835205,1.329984188079834,0.12350896000862122,135.5246644091012,146.86164522443988,159.12012454821,8.821446749512686,4.889972998813021,2.8212849003773357,0.3544484287518265,156.25885519349998,147.34445119539612,138.07510890955768,data/tiles/train/H666/H666__Motorola_Edge_H666_02__x293_y15__t256.png
3.2663567066192627,3.2250216007232666,3.3004813194274902,2.865177869796753,2.166527509689331,0.13107381761074066,121.16213646098625,138.18068829566877,154.47763271878796,12.441770410847411,6.200057376862727,2.9981905520268377,0.33353450444434884,147.1284890759622,138.15819263010962,129.02661247709102,data/tiles/train/H666/H666__Motorola_Edge_H666_02__x549_y15__t256.png
3.1006879806518555,3.018925666809082,2.9452250003814697,2.1420044898986816,1.4712388515472412,0.1298048496246338,126.94328627594268,140.66357330548684,154.49415534739614,10.395294465931809,5.875852601029759,2.7405594996934304,0.3648889944231694,149.85650556846502,141.0612742908772,131.5759250963247,data/tiles/train/H666/H666__Motorola_Edge_H666_02__x805_y15__t256.png
2.610154390335083,2.6901843547821045,2.885927677154541,2.2956390380859375,1.7883447408676147,0.1228598952293396,134.6580916992882,149.2419567508778,164.0827922280428,10.865623692104494,5.09113484357244,3.0347213435671176,0.3295195462080103,158.53936745782096,149.62231754950855,140.1783635933506,data/tiles/train/H666/H666__Motorola_Edge_H666_02__x1061_y15__t256.png
2.277458906173706,2.2621500492095947,2.2660679817199707,1.87870454788208,1.661697268486023,0.11715484410524368,143.12987834841363,153.7327688809699,163.84202993782037,7.953118436707536,4.360720271480855,2.8419208558437035,0.3518746829081284,162.71829122950604,153.89367942921055,144.70318918615328,data/tiles/train/H666/H666__Motorola_Edge_H666_02__x37_y271__t256.png
2.8003594875335693,2.7732129096984863,2.8525023460388184,2.1552395820617676,1.5681443214416504,0.12704364955425262,129.24671391672084,142.70276614874498,156.0114446251721,10.094293131777905,5.357298397364373,2.874610269278058,0.34787324413585435,151.908227842672,142.955976938199,133.75702398226832,data/tiles/train/H666/H666__Motorola_Edge_H666_02__x293_y271__t256.png
3.548621654510498,3.309357166290283,3.2783186435699463,2.4134976863861084,1.362722396850586,0.13529621064662933,120.53544368375314,133.88834181646007,148.8500117381092,10.868680520077156,6.766047319178212,2.612069806652971,0.38283816054723685,143.57694364544514,134.64937089393072,125.37503442663622,data/tiles/train/H666/H666__Motorola_Edge_H666_02__x549_y271__t256.png
3.4422667026519775,3.194152593612671,3.1381258964538574,2.271130323410034,1.3720146417617798,0.135402113199234,123.2049704220956,135.45352459758269,150.46978788884846,10.605860843493353,6.598575310760435,2.6941515316729916,0.3711743709452855,145.492383890778,136.75234056796847,127.02058731678987,data/tiles/train/H666/H666__Motorola_Edge_H666_02__x805_y271__t256.png
2.737464189529419,2.766700029373169,2.9603002071380615,2.424501895904541,1.8001071214675903,0.1236998438835144,131.8568075382157,146.93641995437656,161.7144906654278,11.098020096610313,5.319530609187087,2.785767125794872,0.35896754999385194,156.05638697805344,147.0274988557192,137.8742375632139,data/tiles/train/H666/H666__Motorola_Edge_H666_02__x1061_y271__t256.png
2.505340099334717,2.519636869430542,2.5507302284240723,1.9346626996994019,1.4669220447540283,0.10301590710878372,157.3327633594695,170.97536477624226,181.91386540981398,9.154603123720664,4.708988483924057,2.8493083771933527,0.3509623626576452,179.07484129688092,170.84946368637944,161.51278947691338,data/tiles/train/H666/H666__Motorola_Edge_H666_03__x41_y14__t256.png
3.206080913543701,2.962285280227661,2.7583534717559814,2.117244243621826,1.719153642654419,0.10789491981267929,147.06096881954036,161.15839081910144,175.07492645180506,10.569754309446065,5.876981120939594,2.9106275724460446,0.3435685174794163,169.79422119450362,161.6114491907615,152.39438727374124,data/tiles/train/H666/H666__Motorola_Edge_H666_03__x297_y14__t256.png
3.913691282272339,3.952009916305542,3.9327802658081055,2.685732841491699,1.634569764137268,0.11024554818868637,132.78727445084,150.38892262651774,168.43189351099093,13.352970291430669,7.600139289273584,2.5441374589288737,0.39306052292513216,158.90666515331046,150.83024216456792,142.29515742724436,data/tiles/train/H666/H666__Motorola_Edge_H666_03__x553_y14__t256.png
3.4912266731262207,3.358612060546875,3.2073142528533936,2.3314948081970215,1.5569323301315308,0.1041310727596283,138.84921358140866,154.4017788972453,170.62982546241653,11.812063972648948,6.650331286236647,2.6914827361287004,0.3715424165931497,162.6867740515298,154.98638423609782,146.57263643552508,data/tiles/train/H666/H666__Motorola_Edge_H666_03__x809_y14__t256.png
2.9217288494110107,2.8364412784576416,2.809267520904541,2.1900649070739746,1.4503587484359741,0.10074619203805923,151.71943579066388,166.4158038067293,180.53312303955408,10.771774902928103,5.574089376386294,2.8565286448535545,0.35007525718380006,174.60730119204675,166.74103953104495,157.84341209295036,data/tiles/train/H666/H666__Motorola_Edge_H666_03__x1065_y14__t256.png
2.5075926780700684,2.5111188888549805,2.5145680904388428,2.153674364089966,1.7477205991744995,0.0989501029253006,160.6848947916737,173.63455548994935,187.4123238877012,9.887604556814047,4.84413425366732,2.8715400886669142,0.34824518172206353,182.34393184891903,174.4430726853528,165.12937264221077,data/tiles/train/H666/H666__Motorola_Edge_H666_03__x41_y270__t256.png
2.9645791053771973,2.7892725467681885,2.698485851287842,2.006051778793335,1.5956766605377197,0.10821296274662018,147.48348117087966,160.97913666593834,175.70346170659798,10.619307647777212,5.472349725355242,2.8858816869983284,0.3465145520363043,170.09040512972553,161.68241182526475,152.61795087188102,data/tiles/train/H666/H666__Motorola_Edge_H666_03__x297_y270__t256.png
3.3663930892944336,3.2687878608703613,3.162827968597412,2.351909637451172,1.708889365196228,0.11455725133419037,134.94959868544564,151.25543386603673,166.17106896444105,11.761540291824167,6.34044053024956,2.8731537783661136,0.3480495918908571,159.71696597554498,151.13454390610758,142.40910190959988,data/tiles/train/H666/H666__Motorola_Edge_H666_03__x553_y270__t256.png
3.1913259029388428,3.0496296882629395,2.992957592010498,2.1907882690429688,1.5211851596832275,0.11275529116392136,140.55251272619765,153.2181844054328,168.4129210340656,10.79007852723468,6.132705808944461,2.818750221743173,0.35476715612693754,162.6597914905493,154.35354599232403,145.28428979023397,data/tiles/train/H666/H666__Motorola_Edge_H666_03__x809_y270__t256.png
3.050579071044922,2.959084987640381,2.9995296001434326,2.3523354530334473,1.8647630214691162,0.10210701078176498,149.08514437415135,163.8852267850011,180.55386371241488,11.751504703656222,5.871280264068567,2.7870931048211163,0.3587967686727792,172.78396717844547,164.74896355986576,155.98669487117598,data/tiles/train/H666/H666__Motorola_Edge_H666_03__x1065_y270__t256.png
1.428528070449829,1.6683393716812134,2.055868148803711,1.8786324262619019,1.886333703994751,0.21661490201950073,164.71380879437922,175.83064496264294,184.8493460444422,7.977227926097515,2.7003102477850307,2.6992358761863597,0.3704752181246417,190.06740127150553,184.44854427824572,152.0604385494019,data/tiles/train/H666/H666__Samsung_A52_H666_01__x86_y227__t256.png
2.0399422645568848,2.3442957401275635,2.8623056411743164,2.3922457695007324,1.7963649034500122,0.23297670483589172,145.20681018817515,158.1398819176387,170.84225715030516,9.712904675703498,3.9524494534206926,2.69985074169297,0.37039084589281385,172.26925772899335,167.05865350150242,135.40453302681323,data/tiles/train/H666/H666__Samsung_A52_H666_01__x342_y227__t256.png
2.172877550125122,2.3604257106781006,2.6050870418548584,2.143357038497925,1.547644019126892,0.24947011470794678,138.95987086761457,150.76892873959957,162.94378641902605,9.109151576045186,4.188101358124137,2.6931407258802476,0.3713136823450442,165.29517244254956,160.14950395622594,127.6203228083387,data/tiles/train/H666/H666__Samsung_A52_H666_01__x598_y227__t256.png
2.1633825302124023,2.3195245265960693,2.6668155193328857,2.227640151977539,1.7063409090042114,0.2616974413394928,138.9665622621824,151.6495762182154,163.9530857231721,9.381696033746715,4.143643998905806,2.6997658579046995,0.3704024914131274,166.84133361934394,161.06671260461036,127.14701960187817,data/tiles/train/H666/H666__Samsung_A52_H666_01__x854_y227__t256.png
1.8219664096832275,2.0497801303863525,2.326547145843506,1.89060640335083,1.6966803073883057,0.228162944316864,155.92012792426272,169.36376865554752,180.87843736593695,9.224505565278914,3.526024948017951,2.914774121517557,0.3430797579194085,183.5154778450224,178.1731081639422,144.98142339794882,data/tiles/train/H666/H666__Samsung_A52_H666_01__x1110_y227__t256.png
1.6977977752685547,1.8616286516189575,2.1980278491973877,1.8659402132034302,1.413439393043518,0.23107121884822845,155.46469700309163,166.1895365587283,175.01551034695206,7.3370826041607735,3.0068714450670497,2.6253090400143417,0.38090753688736667,180.5124191285032,174.75668493252746,142.19601222843937,data/tiles/train/H666/H666__Samsung_A52_H666_01__x86_y483__t256.png
2.5004098415374756,2.758780002593994,3.1265852451324463,2.6347172260284424,1.9816327095031738,0.25894689559936523,126.70207585042867,141.46173657473807,157.93236484652968,11.802962625089272,5.029177448110673,2.8839374853801103,0.34674815424031197,156.16183524265023,150.87274419873356,119.35787490365593,data/tiles/train/H666/H666__Samsung_A52_H666_01__x342_y483__t256.png
2.5682427883148193,2.711061954498291,2.8969852924346924,2.234240770339966,1.344623327255249,0.27365490794181824,120.67440048802602,131.84588983764957,144.43558129667474,9.287683423442164,5.002058872361965,2.85565289391571,0.3501826157270768,146.23577742533405,141.05540812863373,109.99593011260069,data/tiles/train/H666/H666__Samsung_A52_H666_01__x598_y483__t256.png
2.885730028152466,2.933594226837158,3.0384554862976074,2.3591456413269043,1.6434880495071411,0.27900373935699463,118.80590667852204,132.3520892126164,145.91664434049338,10.408560660523891,5.635278565168337,2.551661957942968,0.39190144168083846,146.71082425003902,141.31633916693832,109.71994602706222,data/tiles/train/H666/H666__Samsung_A52_H666_01__x854_y483__t256.png
2.209653377532959,2.347599983215332,2.464503526687622,1.84259033203125,1.3666737079620361,0.24721673130989075,140.68569546657716,152.4843627160311,164.46913032235852,9.106402061618693,4.489366797334765,2.840019972842103,0.3521101997741468,167.10863236865583,161.75282742357064,129.35032633794424,data/tiles/train/H666/H666__Samsung_A52_H666_01__x1110_y483__t256.png
1.3410720825195312,1.6032297611236572,1.8778843879699707,1.5546245574951172,1.231147289276123,0.22592461109161377,158.56656688345785,169.2272780507018,177.52952350757982,7.011204821735608,2.7240206135307217,2.883550507158033,0.34679468853333145,183.34952137093617,177.65519993119068,145.2263551592733,data/tiles/train/H666/H666__Samsung_A52_H666_01__x86_y739__t256.png
2.3438031673431396,2.433131217956543,2.673295021057129,2.097822904586792,1.6210508346557617,0.24120794236660004,137.31231580202348,151.67006583392845,165.09240646911744,10.405186301400363,4.4784417955311655,2.8079810248678063,0.3561277626678684,165.5868128827528,160.08262873690558,129.02944818653506,data/tiles/train/H666/H666__Samsung_A52_H666_01__x342_y739__t256.png
2.467272996902466,2.615241050720215,2.8485021591186523,2.3834943771362305,1.9300925731658936,0.2599571645259857,122.77202814164666,139.87202353849491,155.8717017318053,12.375122450111144,4.79007920510656,2.642169879643513,0.37847679958221386,153.70421398171865,148.30655750648563,117.37214431744466,data/tiles/train/H666/H666__Samsung_A52_H666_01__x598_y739__t256.png
2.260131359100342,2.340341806411743,2.467939853668213,1.8885918855667114,1.5357847213745117,0.25129029154777527,130.3011175064455,145.78353691942246,159.83365111254838,10.92911636177066,4.381429942840385,2.7966997290030275,0.35756430682548884,159.5207408841081,154.1766880107411,122.94617711902863,data/tiles/train/H666/H666__Samsung_A52_H666_01__x854_y739__t256.png
1.9036524295806885,1.9649955034255981,1.9951425790786743,1.5663423538208008,1.12099289894104,0.22713609039783478,149.3442327849087,160.98306174278494,173.59589422049794,8.964349326312924,3.8242655122669116,2.679219301026385,0.3732430561458366,175.34963290276042,169.92562414981893,138.7064039793598,data/tiles/train/H666/H666__Samsung_A52_H666_01__x1110_y739__t256.png
4.336731910705566,4.061507225036621,3.7806262969970703,2.565535545349121,1.6323397159576416,0.1175605058670044,133.12285942294693,150.86423294124367,168.94233019789448,13.29236001643731,8.471350596610806,2.840609057087249,0.35203717931724005,160.08350061578074,151.00974599987495,142.3158339004652,data/tiles/train/H668/H668__Motorola_Edge_H668_01__x54_y15__t256.png
5.62513542175293,5.294009685516357,5.252049922943115,3.802753210067749,2.185706853866577,0.11778899282217026,117.32683251354798,141.05007729081765,164.94289836173752,17.5680614384926,10.91911522689326,2.8203337119867924,0.35456797036104887,149.71720751525882,140.94925735751946,133.07966334177985,data/tiles/train/H668/H668__Motorola_Edge_H668_01__x310_y15__t256.png
5.97028923034668,5.612110137939453,5.582067489624023,4.032204627990723,1.9487015008926392,0.11648045480251312,112.52707080658489,136.83092751418178,162.68634527972884,18.396485712294393,11.552966866785809,2.905470127052262,0.3441783794950071,145.58314267628387,136.89276894502885,129.5841628273075,data/tiles/train/H668/H668__Motorola_Edge_H668_01__x566_y15__t256.png
6.071101665496826,5.731313705444336,5.869947910308838,4.466832160949707,2.5576884746551514,0.12014398723840714,109.56120446841197,137.12458828192146,162.88917380439068,19.582453570349816,11.663829169219454,2.9008562191332294,0.34472580660988367,145.23005616424942,136.46654876957686,128.79085714278756,data/tiles/train/H668/H668__Motorola_Edge_H668_01__x822_y15__t256.png
4.957038402557373,4.82953405380249,4.8950910568237305,3.536957263946533,2.1384518146514893,0.11837167292833328,124.00442476681275,147.3644649456679,168.74522067778832,16.455752268831418,9.757576768843325,2.8328401326897503,0.35300262392516696,155.74821671591553,146.68735615025588,138.35581201318033,data/tiles/train/H668/H668__Motorola_Edge_H668_01__x1078_y15__t256.png
4.641382217407227,4.318335056304932,4.028162002563477,2.7690787315368652,1.7045353651046753,0.1126599982380867,131.75201494354454,149.98650088855965,168.25889227510632,13.571054208802193,9.11961247995436,2.905671988493577,0.3441544689008212,158.7263229294735,149.91834663903728,141.8102399906151,data/tiles/train/H668/H668__Motorola_Edge_H668_01__x54_y271__t256.png
5.941544532775879,5.515522480010986,5.596518516540527,4.221432209014893,2.652642250061035,0.1172025054693222,111.57128555925298,136.7885744671075,162.50336527922502,18.69978464997649,11.382780479385266,2.75010596303742,0.36362235253492786,145.26298302980163,136.66943919657166,129.20102618846747,data/tiles/train/H668/H668__Motorola_Edge_H668_01__x310_y271__t256.png
6.352941989898682,5.949819087982178,5.903532981872559,4.2443156242370605,2.5693776607513428,0.11849819868803024,102.95419785339463,128.30540801165395,156.4328074182402,19.534176137361076,12.190222785835944,2.762176898559,0.3620332935670015,136.97655996895352,128.57093748307489,121.68125680565352,data/tiles/train/H668/H668__Motorola_Edge_H668_01__x566_y271__t256.png
6.973616123199463,6.409246921539307,6.598086833953857,5.205468654632568,2.8058552742004395,0.1230742484331131,98.08307293419851,126.27815318699226,157.96756957124782,21.859565750325384,13.193341366628477,2.849317603939918,0.3509612261606925,135.27335588052907,126.79571528450533,119.61486666941185,data/tiles/train/H668/H668__Motorola_Edge_H668_01__x822_y271__t256.png
5.830476760864258,5.517481803894043,5.68728494644165,4.085883140563965,2.2357075214385986,0.117222860455513,115.29170262477265,142.0139512648826,166.25550589543835,18.788308818892194,11.249572743694275,2.8425878734742556,0.3517921149708502,149.95100108307304,141.23112273299301,133.3622352676139,data/tiles/train/H668/H668__Motorola_Edge_H668_01__x1078_y271__t256.png
4.64284086227417,4.363329887390137,4.2208075523376465,3.0578484535217285,1.8284845352172852,0.11076372861862183,133.79048285589454,153.29582953754232,172.85339733438187,14.448862850419156,9.114576406918845,2.703171870194718,0.3699357821180519,162.0789133077566,153.24622961300642,145.08017594986867,data/tiles/train/H668/H668__Motorola_Edge_H668_02__x65_y15__t256.png
6.172972679138184,5.651277542114258,5.580142021179199,4.169646263122559,2.5136008262634277,0.11477082222700119,115.39175041716105,141.39622410975778,166.46910461799277,18.884840935169127,11.838122623980592,2.770855816955561,0.36089932716121476,149.5869059164692,140.87957601665403,133.37213558538616,data/tiles/train/H668/H668__Motorola_Edge_H668_02__x321_y15__t256.png
6.818000793457031,6.241610527038574,6.278547286987305,4.70157527923584,2.867962121963501,0.12122634798288345,106.76539171200034,135.62646082384938,164.51533729558687,21.215959077482406,12.900696149149443,2.919067446239249,0.3425751608748677,144.23768563917343,135.3279365825108,127.77744825437655,data/tiles/train/H668/H668__Motorola_Edge_H668_02__x577_y15__t256.png
6.600123405456543,6.1911492347717285,6.231148719787598,4.754370212554932,2.7651681900024414,0.1242651641368866,108.23304600770855,138.2298367677988,165.32492565825348,20.86035698547051,12.624626565280645,2.7868065875588286,0.35883365729947353,146.24573442654858,137.22643623056055,129.15404429912837,data/tiles/train/H668/H668__Motorola_Edge_H668_02__x833_y15__t256.png
6.506649971008301,6.084329128265381,6.106074333190918,4.826271057128906,2.8725063800811768,0.11957981437444687,115.36342506711924,145.1853913101562,172.27311695907883,21.054891942462486,12.42661201999426,2.899628728661454,0.34487173827306733,153.53027498270015,144.41809664623955,136.22418336610187,data/tiles/train/H668/H668__Motorola_Edge_H668_02__x1089_y15__t256.png
4.642726421356201,4.309451580047607,3.9847142696380615,2.832570791244507,1.7482702732086182,0.10571495443582535,137.26591542497795,156.6922114805757,174.28547505870299,13.851381173948983,9.012222096954865,2.992730409480034,0.33414302766206827,164.79002902436147,156.0624583775262,148.25931776850007,data/tiles/train/H668/H668__Motorola_Edge_H668_02__x65_y271__t256.png
6.193997383117676,5.800866603851318,5.933452606201172,4.440659523010254,2.6519269943237305,0.11431416124105453,112.39442485623813,139.45493214757303,165.91209446504496,19.691898088425315,11.910383197575337,2.981512196662198,0.3354002714191475,147.65167460429385,138.9179271675094,131.71312810230725,data/tiles/train/H668/H668__Motorola_Edge_H668_02__x321_y271__t256.png
6.947068691253662,6.4757585525512695,6.6579060554504395,5.112457275390625,3.3528120517730713,0.12263166159391403,100.75974167930069,130.37522472299125,161.84838615159077,22.307093170026246,13.166119186242272,2.677252120576259,0.3735173061641865,139.1657810672905,130.26397172782686,123.1194613807495,data/tiles/train/H668/H668__Motorola_Edge_H668_02__x577_y271__t256.png
7.5792155265808105,7.137064456939697,7.502274990081787,6.161992073059082,3.6011791229248047,0.12584426999092102,95.45476831808777,129.15269878234577,164.17950487752117,25.192375511133125,14.383425197264962,2.8776128248577617,0.3475102666215804,138.11685508749827,129.17532601355632,121.79537632805602,data/tiles/train/H668/H668__Motorola_Edge_H668_02__x833_y271__t256.png
6.643209934234619,6.175965785980225,6.207891941070557,4.461620330810547,2.6900534629821777,0.1194240003824234,113.14855165258136,143.8223579683604,170.41964797658758,21.046818153797325,12.690718867355718,2.95515340615137,0.33839190815557196,151.67241552606515,142.6290392641876,134.5987563053561,data/tiles/train/H668/H668__Motorola_Edge_H668_02__x1089_y271__t256.png
5.069065093994141,4.663128852844238,4.5867462158203125,3.3611321449279785,2.226163148880005,0.10616838186979294,129.8783504162798,149.99405529136433,171.2255618479425,15.531937348080973,9.705445020390998,2.6439328369875454,0.378224433696048,158.7346111558613,150.24374296492886,142.7482567319085,data/tiles/train/H668/H668__Motorola_Edge_H668_03__x52_y14__t256.png
8.182433128356934,7.687758445739746,8.151171684265137,6.140268325805664,3.479743003845215,0.10309185832738876,99.34864318507738,134.84608189909716,172.55880356491045,26.839948076011805,15.43368896466226,2.899450262813511,0.34489296568572275,142.80349212735086,135.01939143781715,128.8294021608362,data/tiles/train/H668/H668__Motorola_Edge_H668_03__x308_y14__t256.png
6.863001823425293,6.295304775238037,6.351263046264648,5.101306438446045,3.0085692405700684,0.10947085171937943,105.14243154409264,132.52777983797708,164.56160726850007,21.736268882521802,13.008553247959545,2.8835318485642265,0.34679693255266864,141.54446202674868,133.03517709094663,126.89455299112946,data/tiles/train/H668/H668__Motorola_Edge_H668_03__x564_y14__t256.png
6.366960048675537,5.871679782867432,5.932979106903076,4.301451206207275,2.4954371452331543,0.11172205209732056,109.00209029923474,135.47607737322326,162.83006971181968,19.79187106929025,12.144023017782708,2.9133955542037278,0.34324209720067145,143.78464565425116,135.15871055604794,128.60718451105706,data/tiles/train/H668/H668__Motorola_Edge_H668_03__x820_y14__t256.png
4.935226917266846,4.662444114685059,4.372040271759033,2.92958927154541,1.7777371406555176,0.10436023771762848,127.8164654351669,148.7471622002658,167.57678335803487,14.88549082015501,9.592565539150662,2.7887435928236513,0.35858441865122587,156.45771052514888,147.843638431248,140.9682307759807,data/tiles/train/H668/H668__Motorola_Edge_H668_03__x1076_y14__t256.png
5.391897201538086,4.971717357635498,4.9407453536987305,3.8241307735443115,2.2782344818115234,0.10280157625675201,129.51044805060903,153.66160109142868,175.17689524994967,17.037657959094787,10.320739691840112,2.8834494926624115,0.34680683762442377,161.2507957251361,152.85792462552925,145.50126151921833,data/tiles/train/H668/H668__Motorola_Edge_H668_03__x52_y270__t256.png
7.039262294769287,6.681829452514648,6.879278182983398,5.184453010559082,2.7491674423217773,0.10546976327896118,107.279655472434,138.13667720094077,169.26280026191264,22.691939671558213,13.542802205750395,2.8934590663738136,0.34560710107201753,145.9454192899477,137.83629190458754,131.35077724408572,data/tiles/train/H668/H668__Motorola_Edge_H668_03__x308_y270__t256.png
7.196056365966797,6.626248836517334,6.6111602783203125,5.238478183746338,3.189821720123291,0.11178422719240189,100.26580472712784,131.18583055642372,162.6086662688964,23.0678365545269,13.474893459017002,2.8323189480120416,0.35306758114296544,139.2330722898191,130.68692204551652,124.53511972078415,data/tiles/train/H668/H668__Motorola_Edge_H668_03__x564_y270__t256.png
6.598238945007324,6.041354179382324,6.00755500793457,4.366664409637451,2.6743991374969482,0.11173375695943832,107.337210787784,135.31230708684726,163.32265612089873,20.57592985922852,12.434352669517402,2.9925424770722393,0.334164011926859,143.40989004764106,134.79949207772157,128.27070888429304,data/tiles/train/H668/H668__Motorola_Edge_H668_03__x820_y270__t256.png
5.8324055671691895,5.367553234100342,5.2389326095581055,3.914736032485962,2.519788980484009,0.10332825034856796,121.04967698308093,146.80348373647846,170.32752813379048,18.190358441786323,11.194955543543017,2.744704276361375,0.3643379757201709,154.25085298922878,145.79806861431663,139.1245129442847,data/tiles/train/H668/H668__Motorola_Edge_H668_03__x1076_y270__t256.png
2.5273733139038086,3.012136459350586,3.59525465965271,2.9705111980438232,2.093385696411133,0.18947525322437286,145.239559764581,160.03617455831076,174.4039959250575,11.171653701996636,5.281895104216829,2.672094834757085,0.3742382145246383,175.11465914618097,160.3935800863716,144.7805710870746,data/tiles/train/H668/H668__Samsung_A52_H668_01__x83_y226__t256.png
3.1125526428222656,3.5904111862182617,4.250451564788818,3.5006940364837646,2.368070602416992,0.19786079227924347,125.88648213915826,144.34369752236728,163.17918734021225,14.10141934729022,6.557791542004195,2.853077358651921,0.35049873322485026,158.86339218961024,145.12335565360027,130.22553009024432,data/tiles/train/H668/H668__Samsung_A52_H668_01__x339_y226__t256.png
3.388643980026245,3.7672431468963623,4.242838382720947,3.389554977416992,2.092484951019287,0.21573813259601593,117.88132736928485,134.876495877368,153.6824089482014,13.451187633002105,7.067860942904598,2.7602016320397227,0.36229237327891295,149.81361089282476,136.1724830274271,120.57658655898582,data/tiles/train/H668/H668__Samsung_A52_H668_01__x595_y226__t256.png
3.21755313873291,3.4466392993927,3.7568745613098145,2.9291224479675293,1.8614678382873535,0.22508032619953156,120.39474802938405,136.7409957255904,153.1388010102157,12.281818567460954,6.5319839983560115,2.6374262880056456,0.37915751600253234,152.0560626079792,137.60323976028326,121.2284767629164,data/tiles/train/H668/H668__Samsung_A52_H668_01__x851_y226__t256.png
3.2423152923583984,3.624131917953491,4.065548896789551,3.2224462032318115,2.0055737495422363,0.21365275979042053,130.6607914114921,148.38913678739527,167.5498512036376,13.8168922109507,6.724779594123796,2.8413025952039965,0.3519512499963782,164.51582465714617,149.4734170440791,132.70344973357666,data/tiles/train/H668/H668__Samsung_A52_H668_01__x1107_y226__t256.png
2.454318046569824,2.8858206272125244,3.230221748352051,2.4225409030914307,1.473763346672058,0.2011965811252594,134.90687755319058,148.16585564752654,162.11995063149297,10.22843572015485,5.25841123516935,2.492925061117427,0.4011352028174327,163.2793068856882,148.8132644474371,133.40197960541983,data/tiles/train/H668/H668__Samsung_A52_H668_01__x83_y482__t256.png
4.1405463218688965,4.382306098937988,4.9637932777404785,3.963571786880493,2.6397998332977295,0.21689553558826447,103.26082248603143,125.25531231124579,147.52254176335788,16.685102768092833,8.153991194619806,2.596680311623289,0.38510709058939174,139.15650863531891,125.79884067595104,111.90972485579313,data/tiles/train/H668/H668__Samsung_A52_H668_01__x339_y482__t256.png
4.885119915008545,4.879659652709961,5.210144996643066,4.082474708557129,2.2932095527648926,0.2297704964876175,91.50471824445457,110.79703731079081,136.61246915352788,16.960701940700925,9.535836682794066,2.785129896698571,0.3590496806577593,125.65808022999146,112.75518683370946,99.75752185058717,data/tiles/train/H668/H668__Samsung_A52_H668_01__x595_y482__t256.png
5.242933750152588,5.379414081573486,5.939148426055908,4.820128917694092,2.9178078174591064,0.23494379222393036,88.90334482304597,110.91560607749393,140.474893093965,19.533667972776882,10.337788302943135,2.940269044483988,0.3401049308314227,126.28674419927158,113.07311129306483,99.73098225875134,data/tiles/train/H668/H668__Samsung_A52_H668_01__x851_y482__t256.png
5.027401447296143,5.216123580932617,5.89322566986084,4.568297386169434,2.4973669052124023,0.21669557690620422,106.31048102931008,129.84283993563486,157.45473984337926,19.038810825340835,10.108982069918135,2.8472168760876566,0.35122017166956876,145.2715518201906,131.07082621807913,116.86915119655748,data/tiles/train/H668/H668__Samsung_A52_H668_01__x1107_y482__t256.png
2.8257482051849365,3.185328483581543,3.6222879886627197,2.7830445766448975,1.7842495441436768,0.18551978468894958,137.9174835442373,152.89764511750596,168.65206382378426,11.79888209473075,5.933076843658516,2.772319736212396,0.36070875481564113,167.41382832082076,153.83980242628564,138.95458568954996,data/tiles/train/H668/H668__Samsung_A52_H668_01__x83_y738__t256.png
3.397282361984253,3.6728243827819824,4.0403361320495605,3.1348578929901123,1.952823519706726,0.19905555248260498,117.71447150585063,136.82536139172413,156.4273236509413,14.462593686768933,6.930885599660526,2.7860288830164737,0.358933823728807,150.7983740593986,137.04805091615034,123.50447968440791,data/tiles/train/H668/H668__Samsung_A52_H668_01__x339_y738__t256.png
4.415228843688965,4.578884601593018,5.064949989318848,4.043793201446533,2.3497314453125,0.21196553111076355,102.78769613555654,123.60692989251159,147.773046731726,16.86770984700437,8.802644041165122,2.700885536851168,0.3702489373784613,137.92433675972399,124.59783931469194,111.49788127572968,data/tiles/train/H668/H668__Samsung_A52_H668_01__x595_y738__t256.png
5.086104869842529,5.248013496398926,6.049891471862793,4.900569915771484,3.155423879623413,0.2130538821220398,97.68485559637884,122.52307432218795,151.87696647567438,20.19262755533658,10.154288930785555,2.681360179768932,0.37294504764599573,137.17831902846766,123.48176160168163,110.79811582083724,data/tiles/train/H668/H668__Samsung_A52_H668_01__x851_y738__t256.png
5.468210220336914,5.686717987060547,6.579428195953369,5.242292404174805,3.0795645713806152,0.19477006793022156,106.3540263875425,136.44701021554636,164.79973766887815,21.624981875031754,10.851234562588736,2.8701496581450447,0.3484138874647715,149.87279253197465,135.61119646696503,123.33114368364842,data/tiles/train/H668/H668__Samsung_A52_H668_01__x1107_y738__t256.png
2.436629295349121,2.8815131187438965,3.518747091293335,2.821918487548828,1.8322643041610718,0.19929076731204987,144.2028804066622,158.5783903729836,173.23652902265042,10.916052936473045,5.169726884664032,2.786861980527813,0.35882652495428086,174.76385639128182,158.51594171527734,143.11671130774928,data/tiles/train/H668/H668__Samsung_A52_H668_02__x79_y181__t256.png
2.9861950874328613,3.5552470684051514,4.406739711761475,3.626919984817505,2.285377025604248,0.21279746294021606,126.54896127593928,145.54374587875495,164.0360577255529,14.062513291566159,6.378013774651612,2.8361718980771276,0.3525879375216931,161.1996369788122,145.31906997548623,130.22063025272206,data/tiles/train/H668/H668__Samsung_A52_H668_02__x335_y181__t256.png
3.53885817527771,3.9467344284057617,4.677253246307373,4.006383419036865,2.590341329574585,0.22503042221069336,116.72482631690423,136.68738314651193,156.2501082956175,15.165360233121717,7.285106787219083,2.8855711810894458,0.3465518392176521,152.38546042775997,136.77529347235935,121.57603728022093,data/tiles/train/H668/H668__Samsung_A52_H668_02__x591_y181__t256.png
3.7741518020629883,4.121639251708984,4.802346229553223,3.7347540855407715,2.2504494190216064,0.22635352611541748,116.92290642244716,135.75634217232903,156.47825152024558,15.077900958167678,7.747625649337458,2.735474755363851,0.36556725593579387,151.99542118530962,136.4589976922849,121.09447505440963,data/tiles/train/H668/H668__Samsung_A52_H668_02__x847_y181__t256.png
3.3823559284210205,3.683666467666626,4.052145004272461,3.063128709793091,2.040802478790283,0.20813100039958954,130.34053042263056,149.06834996134927,168.2335934215835,14.19540247106591,6.8908611158440625,2.638616430219154,0.3789864978279331,165.00513842152068,149.25216594630308,133.9124631884869,data/tiles/train/H668/H668__Samsung_A52_H668_02__x1103_y181__t256.png
3.0417239665985107,3.603090286254883,4.314140796661377,3.5201969146728516,2.20192289352417,0.2167433500289917,128.75887210254146,146.0306869127717,163.47618379260018,13.0987009162775,6.522722678399855,2.632073424855377,0.3799286108650052,162.29707389823014,145.95091326111776,130.59186970790788,data/tiles/train/H668/H668__Samsung_A52_H668_02__x79_y437__t256.png
5.162585735321045,5.432887077331543,6.277273654937744,5.225654125213623,3.25040864944458,0.23462626338005066,95.16835836262551,121.35876520194729,150.48584430359753,20.429688115127387,10.29461837448912,2.816994656331645,0.35498824882480357,136.81312901573907,122.02928832520496,108.11392952054717,data/tiles/train/H668/H668__Samsung_A52_H668_02__x335_y437__t256.png
5.634762763977051,5.660403251647949,6.4365234375,5.710547924041748,3.711944103240967,0.24501933157444,83.4012967995871,107.93475519139224,141.8163635061578,21.490176245974318,10.871732463729204,2.6697902200667594,0.3745612642086143,124.19948467552807,110.16216952912455,97.1258674681693,data/tiles/train/H668/H668__Samsung_A52_H668_02__x591_y437__t256.png
5.017157077789307,5.189896583557129,5.804337978363037,4.486419677734375,2.7382099628448486,0.24528954923152924,92.07510286891744,113.42163573688913,141.77780937422116,18.366539152469425,10.018944517570876,2.7657484341284766,0.3615657836628634,129.50974642658426,115.00295526899296,101.23991003078959,data/tiles/train/H668/H668__Samsung_A52_H668_02__x847_y437__t256.png
4.224949836730957,4.258282661437988,4.555777072906494,3.4441096782684326,2.100411891937256,0.22789883613586426,112.30767185387747,132.75998120267954,153.98583737191404,15.63067653770588,8.411859745474292,2.8550432799354417,0.3502573873495228,148.53191966982124,132.96668871233817,118.17053892539339,data/tiles/train/H668/H668__Samsung_A52_H668_02__x1103_y437__t256.png
2.973658561706543,3.450836420059204,4.056765079498291,3.3607189655303955,2.0878188610076904,0.20992620289325714,134.31261076248097,151.51112677573983,167.74228037053368,12.88901607173058,6.294094228008177,2.9883561535320777,0.3346321350679882,167.60412936075792,151.28692705765957,135.78779567932136,data/tiles/train/H668/H668__Samsung_A52_H668_02__x79_y693__t256.png
4.661016464233398,4.775531768798828,5.343343257904053,4.245520114898682,2.758580446243286,0.2248593419790268,107.02393665959717,132.1046766651199,156.2223590091526,18.20069427697063,9.157257853442733,2.720250984810291,0.3676131377523385,147.1386386689947,131.64060393816942,117.44071986654482,data/tiles/train/H668/H668__Samsung_A52_H668_02__x335_y693__t256.png
4.528041839599609,4.68196439743042,5.095530986785889,3.755106210708618,1.8655340671539307,0.2369198054075241,101.72209120790048,123.25210003566485,146.82114999375577,16.787402147102327,9.044443111130013,2.6715011492780567,0.3743213811718699,138.7668536618608,123.58791675863297,109.40756729194385,data/tiles/train/H668/H668__Samsung_A52_H668_02__x591_y693__t256.png
4.750361919403076,4.673919200897217,5.068376541137695,3.89294171333313,2.6380109786987305,0.23805180191993713,101.71098752903167,124.73832022604718,149.4490449014725,17.64837526216994,9.169884140507186,2.8328201822234105,0.35300510998729356,140.4429056193374,125.01878197043537,110.60202427127638,data/tiles/train/H668/H668__Samsung_A52_H668_02__x847_y693__t256.png
4.267045974731445,4.315019130706787,4.7528886795043945,3.5898208618164062,2.299971103668213,0.22235368192195892,115.60219665616076,137.81361225764036,160.16668214902492,16.64884920422589,8.466639440966562,2.805616483965634,0.3564279029992501,153.6802196265105,137.69615051696252,122.96975933869177,data/tiles/train/H668/H668__Samsung_A52_H668_02__x1103_y693__t256.png
2.3437459468841553,2.787327527999878,3.3357646465301514,2.6902308464050293,1.7996623516082764,0.19236697256565094,148.02325804353734,161.30838632265667,174.8841530669225,10.408426235701603,4.8813295788689395,2.770409296757344,0.36095749504250546,177.39354246396016,161.163850210592,146.30315625352802,data/tiles/train/H668/H668__Samsung_A52_H668_03__x75_y199__t256.png
2.903566598892212,3.369565963745117,4.038303852081299,3.403113603591919,2.400745153427124,0.20833317935466766,128.61127884817645,145.02343913417596,163.11891039189993,13.075116863213285,5.974448814922022,2.8180318886626625,0.3548575883839854,161.13834043419945,145.3912903775234,130.7703113505953,data/tiles/train/H668/H668__Samsung_A52_H668_03__x331_y199__t256.png
3.4352164268493652,3.8192129135131836,4.476902484893799,3.8378310203552246,2.437610626220703,0.22566072642803192,116.13154091679587,135.54553578538298,154.50860494965195,14.679994029252502,7.0735745213768135,2.8331896224574136,0.35295907907944174,151.0555251828243,135.58676642367206,120.43506731371838,data/tiles/train/H668/H668__Samsung_A52_H668_03__x587_y199__t256.png
3.662064790725708,3.9414992332458496,4.386209011077881,3.3868348598480225,2.0289113521575928,0.23225297033786774,117.39137230073125,135.21319807853817,154.57038899226472,14.147264706493681,7.4377971336400375,2.8544708192564894,0.3503276310459787,151.72688621686376,135.735962103011,120.1689846574868,data/tiles/train/H668/H668__Samsung_A52_H668_03__x843_y199__t256.png
3.2208445072174072,3.6164021492004395,4.01310396194458,3.078951358795166,2.005509853363037,0.21345320343971252,130.93700560611708,150.33431675555275,168.87513888447486,14.129718087582203,6.664287115176124,2.907037094404951,0.34399285854475575,166.5127861345969,150.0081212434849,134.42733694395565,data/tiles/train/H668/H668__Samsung_A52_H668_03__x1099_y199__t256.png
2.7352819442749023,3.186184883117676,3.8140435218811035,2.957249164581299,1.8209893703460693,0.2080683708190918,134.19046876027812,150.26821090479547,165.12888832283167,11.761474934641388,5.716161078555625,2.662561259433249,0.37557821306724015,166.02131029797044,149.80538292689297,134.76969524787964,data/tiles/train/H668/H668__Samsung_A52_H668_03__x75_y455__t256.png
5.2195658683776855,5.39975643157959,6.10674524307251,4.797911643981934,2.6021900177001953,0.2279619723558426,97.68476094935225,122.50478445091615,150.86801943441745,19.833289909618273,10.35392430622719,2.868248156373984,0.3486448680452363,137.93654159432734,123.2900030492446,109.74723850813676,data/tiles/train/H668/H668__Samsung_A52_H668_03__x331_y455__t256.png
5.221219539642334,5.315598011016846,5.920075416564941,4.825076103210449,3.1080682277679443,0.24382418394088745,87.2890135716395,109.82660457370953,139.35172470302385,19.231338230462946,10.287227606023706,2.892542526489017,0.3457166111966572,125.50373151887261,111.27225364811453,98.27273672534982,data/tiles/train/H668/H668__Samsung_A52_H668_03__x587_y455__t256.png
4.6822919845581055,4.789547443389893,5.148866653442383,3.9528121948242188,2.3933677673339844,0.24808111786842346,96.84053356194323,116.4308662498546,140.91762371646323,16.482206906222384,9.415355616328938,2.5147608508613093,0.3976521265063827,132.65967193806995,117.46442363206354,103.42350696519962,data/tiles/train/H668/H668__Samsung_A52_H668_03__x843_y455__t256.png
4.633350372314453,4.6604390144348145,4.89092493057251,3.591306686401367,2.166520118713379,0.23173968493938446,109.313512713445,131.49034079546314,153.90297910903453,16.584965425969987,9.174868293755768,2.894452769071636,0.34548844972887194,147.2507659715117,131.33560852405773,116.71508404448387,data/tiles/train/H668/H668__Samsung_A52_H668_03__x1099_y455__t256.png
2.8378489017486572,3.251793384552002,3.723550319671631,2.871690034866333,1.6278544664382935,0.20988953113555908,135.9954464826494,151.30377500977983,166.1499264670839,11.519511916771954,6.017546869416318,2.7872972632179422,0.3587704882418954,167.41989284510112,151.18060557530143,135.63979785695795,data/tiles/train/H668/H668__Samsung_A52_H668_03__x75_y711__t256.png
4.482877731323242,4.7512617111206055,5.261166572570801,4.033191680908203,2.282851457595825,0.2182353436946869,109.4687808034735,131.78980419806462,156.50070886405317,17.45325733588903,9.079621853381953,2.8396243198704307,0.3521592602945551,147.35139366475528,132.02159160663606,118.41431068694234,data/tiles/train/H668/H668__Samsung_A52_H668_03__x331_y711__t256.png
4.736871242523193,4.789118766784668,5.310662269592285,4.319373607635498,2.5509183406829834,0.23038695752620697,99.82416989037887,122.95347337276115,147.55337760174493,17.939078564925463,9.294283438796365,2.8766237516382023,0.347629751520515,138.1128141366427,122.96172736861617,109.64329603119289,data/tiles/train/H668/H668__Samsung_A52_H668_03__x587_y711__t256.png
4.515985012054443,4.643048286437988,5.102987766265869,3.8341434001922607,1.9493097066879272,0.23556919395923615,105.1446529739942,124.85348459412114,150.00097933290894,16.63583053861465,9.027130697833702,2.7022476212317144,0.37006231114533794,141.66695466874208,125.90285604556237,111.87202102527219,data/tiles/train/H668/H668__Samsung_A52_H668_03__x843_y711__t256.png
3.9992551803588867,4.134515285491943,4.40810489654541,3.3585989475250244,2.0748560428619385,0.22088739275932312,117.20729676495561,138.36787436689045,159.2307555687413,15.66276965510498,8.057028859859102,2.891868168477579,0.3457972292445298,154.12427341333193,137.8588691536833,123.53037379440923,data/tiles/train/H668/H668__Samsung_A52_H668_03__x1099_y711__t256.png
2.435595989227295,2.8663170337677,3.3896920680999756,2.7042860984802246,1.7882211208343506,0.18911749124526978,145.43535450445367,159.19547138405738,173.22128026633072,10.608908516378623,5.105500413637056,2.748377656237414,0.36385101506356327,174.74294826361046,159.06977798077406,144.585147236497,data/tiles/train/H668/H668__Samsung_A52_H668_04__x97_y196__t256.png
2.9022018909454346,3.3130624294281006,3.8168931007385254,3.000809907913208,1.9429172277450562,0.20652896165847778,128.18196911606432,144.2853905575553,161.34363541226193,12.423622626179169,6.019950653367529,2.9459335622229803,0.3394509682171539,159.87544488561227,144.27833957978447,129.9878419084586,data/tiles/train/H668/H668__Samsung_A52_H668_04__x353_y196__t256.png
3.138782262802124,3.541501522064209,4.039754390716553,3.1380646228790283,1.7177013158798218,0.2197037935256958,120.62323424744272,138.22347681180955,154.33061272010033,12.67708715405484,6.507722646549447,2.9126521719336775,0.3433297012379309,153.24856267311773,137.79940976407045,122.9309831994056,data/tiles/train/H668/H668__Samsung_A52_H668_04__x609_y196__t256.png
3.451204538345337,3.808274507522583,4.220507621765137,3.158057451248169,1.8029413223266602,0.22502540051937103,118.83581374451562,135.94723390215015,154.0525077666971,13.339884890353003,7.142406809491787,2.6585718987401576,0.3761417926947469,151.9615857711916,136.1800626846284,121.25348334407428,data/tiles/train/H668/H668__Samsung_A52_H668_04__x865_y196__t256.png
3.1654345989227295,3.537468194961548,3.936387300491333,3.0426127910614014,2.0652856826782227,0.20270775258541107,131.0587200131663,149.73753419164095,168.27276474900972,13.924599849683544,6.561030555132635,2.889039458301212,0.3461358054929479,165.29347366969952,149.52565062541396,134.90588986831844,data/tiles/train/H668/H668__Samsung_A52_H668_04__x1121_y196__t256.png
2.917663335800171,3.3328540325164795,3.870417356491089,3.022223711013794,1.8970346450805664,0.21012352406978607,131.08555677467095,147.39726640907213,162.95281688348447,12.037546115893935,6.075740008978898,2.6190925664936895,0.3818116292616378,163.04495173605446,147.00431459468055,132.07784852990335,data/tiles/train/H668/H668__Samsung_A52_H668_04__x97_y452__t256.png
5.091476917266846,5.277135372161865,5.878592014312744,4.432085037231445,2.3817410469055176,0.22827079892158508,99.20956288745832,122.21127865578653,149.44887708876396,18.834101684790507,10.094583405564059,2.8332564422861037,0.3529507548540569,137.8702101231588,123.13358161816289,109.66585665800919,data/tiles/train/H668/H668__Samsung_A52_H668_04__x353_y452__t256.png
5.632976055145264,5.704775810241699,6.121128082275391,4.54669713973999,2.5146822929382324,0.23308759927749634,89.71564213609297,112.97250950133026,142.76783559808084,19.531669850727415,11.123014370718668,2.6816094095766694,0.3729103859901299,128.40865974227415,114.26705465149679,101.65590519731165,data/tiles/train/H668/H668__Samsung_A52_H668_04__x609_y452__t256.png
5.238389015197754,5.215603828430176,5.483728408813477,4.277877330780029,2.7133350372314453,0.23696303367614746,95.00288791326348,117.1890106937534,143.18612130788688,18.01520278070481,10.24846612954644,2.647283855228313,0.3777456648727062,132.63050833891822,117.92257555946608,104.57941379056888,data/tiles/train/H668/H668__Samsung_A52_H668_04__x865_y452__t256.png
4.598621845245361,4.646566390991211,4.860949516296387,3.66139554977417,2.207357406616211,0.22088631987571716,110.15015773917919,132.11014554416826,154.49652483959997,16.553076895072767,9.161181064773395,2.7421773079545755,0.364673720076078,147.24248036804323,131.99458524430293,117.99478606513078,data/tiles/train/H668/H668__Samsung_A52_H668_04__x1121_y452__t256.png
3.0178329944610596,3.395048141479492,3.830916166305542,2.899005174636841,1.6162469387054443,0.20961710810661316,133.6941105218057,149.21981180613798,164.9424643836995,11.896865948667497,6.3435111989065,2.932041893697511,0.34105924685098193,165.29165040615973,149.17168247618056,133.95929856748748,data/tiles/train/H668/H668__Samsung_A52_H668_04__x97_y708__t256.png
4.602458477020264,4.762925624847412,5.096341133117676,3.67252254486084,2.0660386085510254,0.21880698204040527,109.9589988347199,131.9537944045283,155.65307487140385,16.98405118074004,9.166725811097233,2.79819615072708,0.35737308828052,147.4015472455207,131.93331570969966,118.39300362534392,data/tiles/train/H668/H668__Samsung_A52_H668_04__x353_y708__t256.png
5.122816562652588,5.287039756774902,5.7614617347717285,4.388007164001465,2.3879623413085938,0.22777359187602997,99.01619941437214,121.9252535016462,149.81278218541397,18.776085612625085,10.2514671627186,2.7658379500274637,0.3615540816446135,137.76722849369463,122.71992639005376,109.66369744321916,data/tiles/train/H668/H668__Samsung_A52_H668_04__x609_y708__t256.png
4.59644079208374,4.7608723640441895,5.251010417938232,3.9513230323791504,2.063138246536255,0.231495201587677,103.90907495275398,123.66325100856511,149.75669213737814,16.988406215519724,9.248916048974694,2.8966634922167263,0.34522477418829595,140.30031190895627,124.81328710925762,111.25760167536791,data/tiles/train/H668/H668__Samsung_A52_H668_04__x865_y708__t256.png
4.05855131149292,4.15389347076416,4.388584613800049,3.2619588375091553,2.1262128353118896,0.2166856974363327,116.0202632354605,137.74517148461982,158.2873642053859,15.672729329454326,8.086571718906516,2.867686487291729,0.34871315411623316,152.84718897976828,137.09025010357723,123.01987474361444,data/tiles/train/H668/H668__Samsung_A52_H668_04__x1121_y708__t256.png
