e1,e2,e4,e8,e16,sat,lum_p10,lum_p50,lum_p90,lum_sd,grad_mean,spec_centroid_cpm,dom_wavelength_mm,R,G,B,tile_path
6.441253185272217,4.164113521575928,3.018716335296631,1.848026156425476,1.3269509077072144,0.14059098064899445,131.79773323799705,150.40135901159582,167.99254707981268,13.364960960506615,10.979592571319955,2.6710752092012724,0.37438107192010833,160.66561257410578,150.50278555957667,139.54359834379125,data/tiles/train/F827/F827__Motorola_Edge_F827_01__x38_y15__t256.png
8.722023963928223,5.562473773956299,4.104002952575684,2.5678036212921143,1.4919397830963135,0.1446947455406189,118.54734602781751,143.8156836992345,165.37609475587143,17.20827281070689,15.14038754610552,2.5246916769120533,0.39608796953103537,153.3240300036096,143.02677165506296,132.63344155201813,data/tiles/train/F827/F827__Motorola_Edge_F827_01__x294_y15__t256.png
9.708218574523926,6.169131278991699,4.543447494506836,2.804832696914673,1.488911509513855,0.14428630471229553,110.9004310793592,138.93673081478707,163.3363274106669,19.220971063169202,16.871070444064554,2.3301287780335604,0.42916082983358494,148.0734001805275,138.11246318980426,128.14593437079773,data/tiles/train/F827/F827__Motorola_Edge_F827_01__x550_y15__t256.png
9.406747817993164,5.902230739593506,4.284613132476807,2.7179713249206543,1.591840386390686,0.14406879246234894,113.62435745432458,140.40719896717496,163.72308287551,18.40533974508778,16.239743191622996,2.7336036523615013,0.36581748021009614,149.6574613197948,139.59684559125185,129.5454679548694,data/tiles/train/F827/F827__Motorola_Edge_F827_01__x806_y15__t256.png
7.2262701988220215,4.705853462219238,3.508931875228882,2.136884927749634,1.3680169582366943,0.13484357297420502,128.16102005632698,150.74474685825123,168.95735355919757,14.974338728028064,12.564912604225265,2.65023990352075,0.377324331533736,159.7777293375981,149.79239002433707,139.5889891141216,data/tiles/train/F827/F827__Motorola_Edge_F827_01__x1062_y15__t256.png
6.8395490646362305,4.613075256347656,3.6514997482299805,2.4536375999450684,1.5684231519699097,0.14113172888755798,129.55896694330286,150.46491734411413,170.0110553917638,14.827875252650895,11.896826234880313,2.4612536103660916,0.4062970170112856,160.78184104583855,150.31622700250992,139.58017402788545,data/tiles/train/F827/F827__Motorola_Edge_F827_01__x38_y271__t256.png
9.285555839538574,6.031845569610596,4.452576160430908,2.9140617847442627,1.7280353307724,0.1462867110967636,113.09722993192202,140.1856668651705,163.9000388436985,18.74340993964405,16.14959583365511,2.5139559601467254,0.3977794423819722,149.56261640701425,139.33240624708984,129.176514851154,data/tiles/train/F827/F827__Motorola_Edge_F827_01__x294_y271__t256.png
10.436262130737305,6.5695719718933105,4.802824020385742,2.8052518367767334,1.4081212282180786,0.1481919139623642,104.19633392627395,133.32344280431855,159.77107557210797,20.34921124427843,18.049380281326638,2.539296136168972,0.3938099167546078,142.63563783275956,132.72514436365265,122.95967980904025,data/tiles/train/F827/F827__Motorola_Edge_F827_01__x550_y271__t256.png
10.335373878479004,6.542752265930176,4.897611141204834,3.253575086593628,1.9653398990631104,0.14790131151676178,104.07154809182173,133.43344852484393,160.70298714081358,20.664688842437375,17.74495115049411,2.5857150967930385,0.38674021018025573,142.75157912481794,133.04447555782102,123.08649744538366,data/tiles/train/F827/F827__Motorola_Edge_F827_01__x806_y271__t256.png
8.213607788085938,5.2568793296813965,3.8629109859466553,2.51758074760437,1.5858254432678223,0.13853995501995087,121.28339219052107,146.96682979483674,167.65726388879602,16.98488288664898,14.070388964771148,2.60500963099673,0.38387574007447317,155.91106840880263,145.79763325971155,135.71103035723362,data/tiles/train/F827/F827__Motorola_Edge_F827_01__x1062_y271__t256.png
6.015838146209717,3.9818224906921387,3.0297000408172607,2.1444313526153564,1.5779805183410645,0.13883717358112335,133.3163858594542,152.284809003372,170.15508702517081,13.545484548312533,10.298482816189686,2.699237707400965,0.3704749667871517,162.53776083188566,152.4286696049209,141.41677914074398,data/tiles/train/F827/F827__Motorola_Edge_F827_02__x37_y15__t256.png
7.9031171798706055,5.141476631164551,3.8675336837768555,2.391080379486084,1.4716792106628418,0.14092738926410675,121.35367472391003,144.50446044608339,165.1479455395439,16.04763475603608,13.851274213969193,2.6183361077081724,0.38192193777417643,154.07505117280115,144.0196517900654,133.78706217516043,data/tiles/train/F827/F827__Motorola_Edge_F827_02__x293_y15__t256.png
8.92009162902832,5.557460784912109,3.8665883541107178,2.1190624237060547,1.263878345489502,0.14263959228992462,115.70667866257547,140.6672140861695,162.6400003547357,17.211553774308587,15.549052198685931,2.0257360487003933,0.49364772900277304,149.9454541097145,140.03024046230988,129.97810765710076,data/tiles/train/F827/F827__Motorola_Edge_F827_02__x549_y15__t256.png
8.46233081817627,5.36796236038208,3.8598642349243164,2.4880363941192627,1.446043610572815,0.1421951800584793,117.69105805412948,142.2336026930743,163.6275285091,16.875664763882895,14.72276039560144,2.6054782093192403,0.383806702517493,151.5220838103135,141.57656419814506,131.40146296938366,data/tiles/train/F827/F827__Motorola_Edge_F827_02__x805_y15__t256.png
5.813147068023682,4.046665668487549,3.324366331100464,2.238910436630249,1.5987927913665771,0.13634048402309418,132.71493083486692,153.95682972818975,170.07092403179053,13.750518433656513,10.097285043790896,2.4322190342917627,0.4111471811958703,163.0626285459161,152.86188624375572,142.24048364252874,data/tiles/train/F827/F827__Motorola_Edge_F827_02__x1061_y15__t256.png
5.598627090454102,3.7195684909820557,2.864736795425415,1.9966719150543213,1.6175459623336792,0.13427262008190155,135.95581997589773,154.76870891515722,170.3067504719438,12.617523743919516,9.656539609810013,2.2969839840677637,0.43535349263911055,164.2550174846816,154.2185251274817,143.57486571897476,data/tiles/train/F827/F827__Motorola_Edge_F827_02__x37_y271__t256.png
8.00575065612793,5.098924160003662,3.700429916381836,2.1884500980377197,1.6479287147521973,0.14209125936031342,119.26256568114535,141.97702620185964,162.96109342409997,16.093160090644268,13.846320832311443,2.430994693293357,0.41135425048800234,151.69387418419456,141.68733160461522,131.5667432027521,data/tiles/train/F827/F827__Motorola_Edge_F827_02__x293_y271__t256.png
9.257620811462402,5.567739009857178,3.926980495452881,2.3670215606689453,1.6088813543319702,0.14746369421482086,109.75229787220353,134.80587789853885,157.3757695193067,17.494661209629754,15.938784245045477,2.1477523421216387,0.46560303084673094,144.25317240782925,134.36175290611186,124.44112980965103,data/tiles/train/F827/F827__Motorola_Edge_F827_02__x549_y271__t256.png
9.571226119995117,5.847263813018799,4.34721565246582,2.8410933017730713,1.8494796752929688,0.14728644490242004,108.15904739985008,134.90665767698295,159.13900441345012,18.75582597757675,16.363803508908063,2.5905084328375603,0.3860246071095132,144.19409021800254,134.4981950736215,124.40389106901667,data/tiles/train/F827/F827__Motorola_Edge_F827_02__x805_y271__t256.png
7.12307071685791,4.568383693695068,3.404341459274292,2.2475595474243164,1.5852670669555664,0.1352660059928894,126.08391344552552,148.59744903546357,167.80833555282948,15.29792542325324,12.303112539970067,2.7777744146864287,0.3600004358571665,157.82459894637395,147.95984632786528,137.82293462725735,data/tiles/train/F827/F827__Motorola_Edge_F827_02__x1061_y271__t256.png
2.3386783599853516,2.0588066577911377,2.0383598804473877,1.7663302421569824,1.467319130897522,0.21987998485565186,168.67193069244192,178.91954621947457,189.16205704818546,7.617737062586437,3.8959963904360717,2.557424899690591,0.3910183247691788,197.42583917655293,181.45185639015952,158.07107767335432,data/tiles/train/F827/F827__Samsung_A52_F827_01__x111_y211__t256.png
3.2771189212799072,2.7059485912323,2.4639110565185547,1.9834315776824951,1.7638263702392578,0.23898494243621826,152.13145139866904,165.36264700343563,177.65484984090708,9.603559112878719,5.432560135296219,2.3364105668095436,0.4280069668429627,183.77030637899134,167.6034033466682,144.28529136898874,data/tiles/train/F827/F827__Samsung_A52_F827_01__x367_y211__t256.png
3.5886902809143066,2.7539286613464355,2.3844664096832275,1.8554812669754028,1.873954176902771,0.26060235500335693,145.55594762545917,159.18484174806295,170.49254087453846,9.296108256654033,5.934527056123006,2.2895156885438106,0.43677359583241165,177.9555118248336,161.4999869680857,136.60164499926037,data/tiles/train/F827/F827__Samsung_A52_F827_01__x623_y211__t256.png
4.092304706573486,3.1658313274383545,2.669588804244995,1.8731025457382202,1.54767644405365,0.2717425525188446,140.5670607480368,155.68717265109538,170.3052002252112,11.002394157276676,7.210084537236117,2.53493268721211,0.39448779253376887,175.43686914066421,158.52636555801018,133.12740235279534,data/tiles/train/F827/F827__Samsung_A52_F827_01__x879_y211__t256.png
3.3342483043670654,2.597130298614502,2.285386800765991,1.9164917469024658,1.552927017211914,0.24067915976047516,158.92798059474524,172.63601023954297,186.1994692810134,10.061944568816326,5.91563458045205,2.6440289357806153,0.3782106869056495,192.011491698411,175.59028220449184,150.45006690154628,data/tiles/train/F827/F827__Samsung_A52_F827_01__x1135_y211__t256.png
2.9592955112457275,2.456873893737793,2.2165944576263428,1.7056878805160522,1.5722919702529907,0.23864470422267914,157.56080440843132,169.28766916183957,180.715364541486,8.565759273494097,5.183521837975612,2.3346975210962597,0.428321009879879,188.24384205613202,171.7545898181342,147.8457354978225,data/tiles/train/F827/F827__Samsung_A52_F827_01__x111_y467__t256.png
5.469138145446777,4.095991134643555,3.3996334075927734,2.255122661590576,1.3559900522232056,0.2761395573616028,127.23917773871665,145.18347495124576,162.80591820916118,13.201744733233795,9.765247720649397,2.450552731512315,0.40807120252534534,164.09299472707323,147.53002177542405,123.99580042767414,data/tiles/train/F827/F827__Samsung_A52_F827_01__x367_y467__t256.png
6.083563804626465,4.142631530761719,3.314728021621704,2.2031517028808594,1.3211066722869873,0.2909557819366455,117.79106162329333,135.68250349810296,153.00150503923138,13.162427395241055,10.733577555687493,2.2344858205246814,0.4475302509483767,154.3992645166208,137.8447346050197,114.91121654494711,data/tiles/train/F827/F827__Samsung_A52_F827_01__x623_y467__t256.png
5.654631614685059,3.8871383666992188,2.9879937171936035,1.7592452764511108,1.1523504257202148,0.2917117774486542,122.79801065482793,138.94317672912314,155.30181521976837,12.169408677459097,10.034081168324665,2.3378738425771153,0.4277390771854768,158.32699511736195,141.48668009735007,117.72653254806899,data/tiles/train/F827/F827__Samsung_A52_F827_01__x879_y467__t256.png
4.887835502624512,3.709303140640259,3.138101100921631,2.1885976791381836,1.6964173316955566,0.26191389560699463,137.6377529250157,156.78321297055274,175.38876441892114,13.950248365366832,8.820313185533324,2.3343463138775036,0.42838545165945574,176.08160604188748,159.21739001718396,135.02053123827454,data/tiles/train/F827/F827__Samsung_A52_F827_01__x1135_y467__t256.png
2.6487021446228027,2.2277064323425293,2.077622652053833,1.5369569063186646,1.3207594156265259,0.23179352283477783,163.70646734369498,175.0302649183236,185.5466136824136,8.03146175703141,4.769335580834067,2.596827097157522,0.38508532242851157,193.8473277689428,177.41922787378005,153.31573896583828,data/tiles/train/F827/F827__Samsung_A52_F827_01__x111_y723__t256.png
4.740128040313721,3.574113607406616,3.1219136714935303,2.164715051651001,1.4525952339172363,0.2574237883090973,137.36110860640161,155.7242874208047,172.2935396457567,12.945177239304165,8.407026409568706,2.5461296274822165,0.3927529805263163,174.35931531110674,157.4621364689263,134.3574674804224,data/tiles/train/F827/F827__Samsung_A52_F827_01__x367_y723__t256.png
5.273721694946289,3.7626326084136963,3.0944013595581055,2.0614004135131836,1.2324916124343872,0.27537474036216736,128.42821142138126,145.91355581034168,163.07655939212563,12.867858359937513,9.384437833898046,2.2112649460035536,0.4522298432882556,165.03477853353962,147.82065128012496,124.85650419992233,data/tiles/train/F827/F827__Samsung_A52_F827_01__x623_y723__t256.png
5.305850028991699,3.8452346324920654,3.088327646255493,1.914311170578003,1.2322766780853271,0.2723406255245209,130.04808560880417,147.5138140332676,164.9943935604709,12.937943350725781,9.534699684665917,2.0663623823308788,0.4839422206631488,166.82464182742285,149.51035838413853,126.61366428101475,data/tiles/train/F827/F827__Samsung_A52_F827_01__x879_y723__t256.png
4.542799949645996,3.3565750122070312,2.805096387863159,2.070655584335327,1.5362168550491333,0.24515098333358765,144.81442336943437,162.4989924868331,179.05656239895643,12.657484184740829,8.122715532396324,2.4713424985806856,0.40463836986346857,181.26097871755334,164.18440794237327,141.4715892610824,data/tiles/train/F827/F827__Samsung_A52_F827_01__x1135_y723__t256.png
2.3233537673950195,2.1727778911590576,2.208956480026245,1.8016923666000366,1.3541675806045532,0.2276121824979782,169.22462622263615,179.33220823426984,189.30340073173534,7.438592623206486,4.109105297595081,2.389589211535386,0.4184819696928028,198.4022656804,182.09037333528076,157.57842081281666,data/tiles/train/F827/F827__Samsung_A52_F827_02__x125_y185__t256.png
3.4780426025390625,2.979807138442993,2.6415038108825684,2.0370352268218994,1.411436915397644,0.2413957417011261,152.01984049216193,165.4526173711606,178.71159855976202,9.88356731920988,6.144810273198567,2.316659731489589,0.4316559684649977,184.2019526770294,168.05282322603534,144.25053057162498,data/tiles/train/F827/F827__Samsung_A52_F827_02__x381_y185__t256.png
4.155697345733643,3.3361752033233643,2.9784464836120605,2.2304937839508057,1.604618787765503,0.26011836528778076,141.8800841116169,156.99013123151624,170.1511217227281,10.581213514074955,7.392067437470079,2.56003907544317,0.3906190376515598,175.62316297567907,159.37415205565534,134.88176467664564,data/tiles/train/F827/F827__Samsung_A52_F827_02__x637_y185__t256.png
4.534555912017822,3.5688555240631104,3.129676580429077,2.1450698375701904,1.4606047868728638,0.26060110330581665,140.9446809186592,157.0982786373174,171.72499969406599,11.482746268652853,8.167769398708224,2.374944355534674,0.4210624967568425,176.04545000335324,159.46336055683503,135.15985361400237,data/tiles/train/F827/F827__Samsung_A52_F827_02__x893_y185__t256.png
4.194252014160156,3.5425286293029785,3.4394006729125977,2.589343547821045,1.7245341539382935,0.2400282323360443,152.50220308166197,170.005788669137,186.59348453645597,12.605688316872579,7.706957677871882,2.36882273098466,0.4221506265200035,188.9618163240914,172.5978085341991,148.17800879317,data/tiles/train/F827/F827__Samsung_A52_F827_02__x1149_y185__t256.png
2.981844902038574,2.6994011402130127,2.4827752113342285,1.7424226999282837,1.1016557216644287,0.24216246604919434,158.93430788352802,170.45333463105086,180.78457776774925,8.192934761663185,5.472286516479138,2.3428714485765294,0.42682666204651354,189.5252244754758,172.99026873923037,148.292398267044,data/tiles/train/F827/F827__Samsung_A52_F827_02__x125_y441__t256.png
5.790154457092285,4.462958812713623,3.8418095111846924,2.8731565475463867,1.9699064493179321,0.27226537466049194,126.17261983966476,147.49316564746164,166.43321252126543,14.827343642979063,10.365788900573138,2.1762031411602427,0.4595159252765576,165.81887569380748,149.31882775313304,125.80139139585941,data/tiles/train/F827/F827__Samsung_A52_F827_02__x381_y441__t256.png
6.547440528869629,4.60017204284668,3.698639392852783,2.260695219039917,1.2773929834365845,0.28265899419784546,118.1544034480325,137.00273979658454,156.62471086547342,14.289596926388512,11.615880180043982,2.0426026826628645,0.4895714709903041,155.77712179482205,139.4696488992974,116.94093511413989,data/tiles/train/F827/F827__Samsung_A52_F827_02__x637_y441__t256.png
6.453683853149414,4.663663387298584,3.8127167224884033,2.3883280754089355,1.2496898174285889,0.2850072383880615,120.65284772566339,140.56074092802737,159.51540347432913,14.419774268049814,11.53183666175238,2.275618370770102,0.43944099452035346,159.29839456566665,142.8741828995573,119.26117006267876,data/tiles/train/F827/F827__Samsung_A52_F827_02__x893_y441__t256.png
5.492473602294922,4.109757900238037,3.455486297607422,2.2595925331115723,1.3811525106430054,0.2615886330604553,138.21282228448234,156.9477670591814,174.83653148503345,13.568896502663023,9.940934715868275,2.586221549862134,0.3866644758463589,176.16813526081233,159.33941839386435,135.13029298663818,data/tiles/train/F827/F827__Samsung_A52_F827_02__x1149_y441__t256.png
2.9664502143859863,2.587146282196045,2.3823578357696533,1.618481159210205,1.1901443004608154,0.23939155042171478,161.7629671579689,173.1081665246086,183.74549574644539,8.199615757618012,5.525070364842409,2.128010202370672,0.4699225590582074,192.38973962343445,175.70342065950396,150.96996744918667,data/tiles/train/F827/F827__Samsung_A52_F827_02__x125_y697__t256.png
4.998132228851318,3.803537130355835,3.293120861053467,2.2359697818756104,1.3751864433288574,0.2542634606361389,137.89336710919963,156.39126188409355,173.86993674613316,13.313778997258613,9.054667306921361,2.47747359917725,0.40363699549900045,175.1263033029907,158.30536469111013,135.3914390529862,data/tiles/train/F827/F827__Samsung_A52_F827_02__x381_y697__t256.png
5.628068923950195,4.073306560516357,3.3193519115448,2.2028534412384033,1.3757555484771729,0.2705812454223633,129.14503023498324,147.82150335894903,165.23248957353252,13.392401556421627,10.038794307666642,2.116477874420714,0.47248308715426707,166.5428769523043,149.69235814151386,126.60175004356981,data/tiles/train/F827/F827__Samsung_A52_F827_02__x637_y697__t256.png
5.551628589630127,4.060072422027588,3.488166093826294,2.432882785797119,1.5526878833770752,0.26996657252311707,130.58898162970422,149.92062545960854,167.7593034432406,13.823051287605582,9.923503238836851,2.6871480746031096,0.37214175484084533,168.8616418213218,151.80024037094142,128.44686143169454,data/tiles/train/F827/F827__Samsung_A52_F827_02__x893_y697__t256.png
4.755593299865723,3.5875656604766846,3.131434440612793,2.1833596229553223,1.3224493265151978,0.25072547793388367,146.0605076795799,162.96050298904035,178.38935729054378,12.063362759350703,8.625279853542718,2.231770187837722,0.4480748087099695,181.97200106829746,165.11458393950156,141.16620040986666,data/tiles/train/F827/F827__Samsung_A52_F827_02__x1149_y697__t256.png
2.2670655250549316,2.069298505783081,2.078230381011963,1.8535398244857788,1.8902990818023682,0.24052971601486206,170.72559243546706,181.77585846409067,192.62560737364413,8.093527679104707,3.804144867990628,2.322510503839835,0.4305685586121948,202.10044695010126,184.93141900744288,158.37185246403203,data/tiles/train/F827/F827__Samsung_A52_F827_03__x142_y163__t256.png
3.270970106124878,2.836437463760376,2.690610647201538,2.0782153606414795,1.7191780805587769,0.2635715901851654,151.71228481764274,166.29679189918716,181.3109642946109,10.937665971281602,5.705962155583713,2.317554796819056,0.43148925814938366,186.92207745138265,169.5034350695494,143.04039853075673,data/tiles/train/F827/F827__Samsung_A52_F827_03__x398_y163__t256.png
3.8823537826538086,3.1359803676605225,2.928081512451172,2.2344391345977783,1.783732295036316,0.2880076467990875,143.05095514095888,158.1873779191108,171.93489516212676,10.761832231829345,6.826072729887088,2.574350835144015,0.3884474432732311,178.99622437438904,161.29470472064673,133.5101163061709,data/tiles/train/F827/F827__Samsung_A52_F827_03__x654_y163__t256.png
3.9628896713256836,3.1515443325042725,2.81665301322937,1.9414914846420288,1.5112618207931519,0.29411745071411133,145.1189702303636,159.22979253415897,172.2608357893304,10.208253815723314,7.106130086696097,2.3483739954383775,0.4258265514532438,180.86952435444627,162.47174894381095,134.06501744290858,data/tiles/train/F827/F827__Samsung_A52_F827_03__x910_y163__t256.png
3.7901628017425537,3.1234397888183594,2.8169443607330322,2.191074848175049,1.7020360231399536,0.26148515939712524,156.26962104185694,172.25599689322175,187.54563601293634,11.555165729719077,6.858526287742571,2.572001641730054,0.3888022401600611,193.03891917250837,175.33101777412963,148.0287249722814,data/tiles/train/F827/F827__Samsung_A52_F827_03__x1166_y163__t256.png
3.067107915878296,2.7416086196899414,2.6251118183135986,1.9593552350997925,1.6532338857650757,0.2679409086704254,157.84049753066773,170.9821923585251,182.48299200274724,9.185866671566044,5.342413092240733,2.3296349661561577,0.42925179889876747,191.91775843026875,173.88083424401287,146.1901819482969,data/tiles/train/F827/F827__Samsung_A52_F827_03__x142_y419__t256.png
4.874810218811035,3.5794284343719482,3.0223212242126465,2.08019757270813,1.5364149808883667,0.3003733456134796,134.15204349044555,149.77655338294574,166.8353253504962,12.121870858620413,8.536591538567569,2.2287819595841145,0.4486755627663989,171.4141089877406,152.96866714326413,126.29067972601649,data/tiles/train/F827/F827__Samsung_A52_F827_03__x398_y419__t256.png
5.887528896331787,4.235499858856201,3.521294593811035,2.3003480434417725,1.5338026285171509,0.3229299485683441,120.0137990192962,137.8534778670893,156.5589125286988,13.620580021678713,10.415398310107696,2.322999974868048,0.43047783504896614,159.24661783881172,140.86387031162266,114.60524116882763,data/tiles/train/F827/F827__Samsung_A52_F827_03__x654_y419__t256.png
5.396658420562744,3.928725004196167,3.2514264583587646,2.2369649410247803,1.499340534210205,0.32019832730293274,125.57622014164569,143.75838887905343,160.16531322931914,12.9303626682452,9.464329057050685,2.3162374865906017,0.43173465837993813,165.0098236275179,146.30604750747366,119.07319950594027,data/tiles/train/F827/F827__Samsung_A52_F827_03__x910_y419__t256.png
4.8232927322387695,3.69293212890625,3.3314266204833984,2.626152992248535,2.1314475536346436,0.2968303859233856,138.74385303102721,157.71455894645615,176.1130807722022,13.835864498751715,8.631406909583752,2.5341058031471713,0.3946165147319714,179.63844271712793,160.6500947976747,132.82678041090566,data/tiles/train/F827/F827__Samsung_A52_F827_03__x1166_y419__t256.png
2.9471123218536377,2.5669190883636475,2.387216329574585,1.6880602836608887,1.2398103475570679,0.2688615918159485,161.7941428364346,173.91315597756022,184.42746008445712,8.4482949486446,5.255376297130399,2.2976427062790337,0.4352286790575334,195.35062102956394,176.65905088892427,148.68563415116213,data/tiles/train/F827/F827__Samsung_A52_F827_03__x142_y675__t256.png
4.505936145782471,3.4157793521881104,2.9717516899108887,2.0572290420532227,1.4847538471221924,0.2885031998157501,141.6107769745768,157.43045273222825,173.0311138513641,11.746921934788936,7.979652239404834,2.4700853083424033,0.40484431716695185,179.02046598851535,160.03827504286437,133.56893173572885,data/tiles/train/F827/F827__Samsung_A52_F827_03__x398_y675__t256.png
4.67411470413208,3.446547031402588,2.8277266025543213,1.8205279111862183,1.0491822957992554,0.30526208877563477,134.28215960842735,149.71871066001376,165.2040079808198,11.580318197156618,8.296468408235901,2.182751413851827,0.4581373736166016,171.48485454759378,152.45480769101178,125.72923251874417,data/tiles/train/F827/F827__Samsung_A52_F827_03__x654_y675__t256.png
4.728625774383545,3.537707567214966,3.0588748455047607,1.9530338048934937,1.1017485857009888,0.3036782443523407,136.05342489597564,152.3381433310791,168.51697531057496,12.060172894563589,8.554933201736892,2.236234549801224,0.44718028352119354,174.33265461179982,154.96416251984041,128.03840236273436,data/tiles/train/F827/F827__Samsung_A52_F827_03__x910_y675__t256.png
4.105731964111328,3.1436760425567627,2.727081775665283,2.0781095027923584,1.5520730018615723,0.2834320664405823,148.49847774733402,164.16089079292854,180.64103432802992,11.915670738627089,7.3844432609746375,2.460739643412564,0.40638187899195866,186.41610743975232,167.3923210098178,139.78290566748453,data/tiles/train/F827/F827__Samsung_A52_F827_03__x1166_y675__t256.png
7.179958343505859,5.199080467224121,4.118602752685547,2.8423047065734863,2.1166844367980957,0.11543600261211395,133.89593921186622,157.97724900194382,178.04876225779125,16.266918551689532,12.609619500745879,2.329848144869627,0.4292125227998315,165.8268989161604,157.6637199175493,147.6962573365832,data/tiles/train/G190/G190__Motorola_Edge_G190_01__x44_y15__t256.png
9.995721817016602,6.825180530548096,5.006516933441162,3.244187831878662,2.3422412872314453,0.12078036367893219,116.66320348564079,147.44761236789728,174.47871799941936,21.123839160632336,17.56122750866073,2.622802293922359,0.3812715896723256,155.10208890208833,147.16714857722354,137.40091378802677,data/tiles/train/G190/G190__Motorola_Edge_G190_01__x300_y15__t256.png
9.95842456817627,6.839653491973877,4.944608688354492,3.0215721130371094,1.7390254735946655,0.12169953435659409,113.37293455106465,143.24552514701062,169.8523028986053,20.685136397914977,17.739766565273765,2.7019526734416486,0.37010270750828383,150.96329712773914,142.99287053411106,133.61810002754865,data/tiles/train/G190/G190__Motorola_Edge_G190_01__x556_y15__t256.png
9.240300178527832,6.303201198577881,4.72550106048584,3.12349796295166,2.241037130355835,0.11935383081436157,116.64602759520382,145.02693005128685,170.03247686926238,19.572193243730425,16.33920298196524,2.7604378843077897,0.3622613664609813,152.62631669300956,144.74714020662762,135.40826522387883,data/tiles/train/G190/G190__Motorola_Edge_G190_01__x812_y15__t256.png
9.04638671875,5.905632019042969,4.272721767425537,2.8740108013153076,2.3096811771392822,0.11663387715816498,125.19033541874767,152.97377725826578,176.52228344689195,18.812734727939535,15.659271052279767,2.4121677049773056,0.41456487371777007,160.61412823485435,152.49250064577575,142.8876302146522,data/tiles/train/G190/G190__Motorola_Edge_G190_01__x1068_y15__t256.png
6.3980865478515625,4.558637619018555,3.5753111839294434,2.313868761062622,1.6649359464645386,0.11076955497264862,140.42225008781253,161.0142291236246,179.0697171454814,14.311236840959081,11.345825077564406,2.653765960744433,0.37682298092311073,168.9250585802503,161.19404247349044,151.15496851839512,data/tiles/train/G190/G190__Motorola_Edge_G190_01__x44_y271__t256.png
9.269251823425293,6.336598873138428,4.819192409515381,3.129481554031372,2.3570377826690674,0.11837096512317657,117.85041110204459,147.51554147335614,173.16549424827235,20.17039612603871,16.15964758642048,2.362020600560019,0.42336633294515164,154.96686992512457,147.20365301157355,137.61428582009466,data/tiles/train/G190/G190__Motorola_Edge_G190_01__x300_y271__t256.png
8.670061111450195,5.9952216148376465,4.553290843963623,3.071197986602783,1.7561614513397217,0.11874057352542877,117.7779993395152,145.73594458327253,168.99040617589216,18.814840578958787,15.187974843424993,2.5606495484163476,0.3905259119188947,153.02176197288142,144.97300543288895,135.850098879651,data/tiles/train/G190/G190__Motorola_Edge_G190_01__x556_y271__t256.png
9.079238891601562,6.357228755950928,4.714785099029541,2.9486005306243896,1.8350253105163574,0.12094113230705261,116.91701228105836,144.57382861588837,169.73396372916218,19.37408077865697,16.225856430190202,2.416402680959956,0.41383830926835974,152.5512057755575,144.4801125932489,135.1292440068701,data/tiles/train/G190/G190__Motorola_Edge_G190_01__x812_y271__t256.png
8.654481887817383,5.743199348449707,4.27338981628418,2.9390623569488525,2.2605655193328857,0.11395173519849777,127.55244850505125,155.04379890531447,177.36980659029754,18.3033789319224,14.986253727216532,2.365669931078752,0.42271323943488487,162.3729497379399,154.2486816674804,144.86408445017082,data/tiles/train/G190/G190__Motorola_Edge_G190_01__x1068_y271__t256.png
5.679708003997803,3.5396201610565186,2.456397294998169,1.6969300508499146,1.416102647781372,0.11609537154436111,145.92927322661444,161.9640859428508,176.39695564550675,11.236010956522632,9.556541764810166,2.3734890351154543,0.4213206739972813,170.72574540372372,162.2929691874424,151.95789910060432,data/tiles/train/G190/G190__Motorola_Edge_G190_02__x133_y15__t256.png
7.206066608428955,4.556474685668945,3.202975273132324,1.9295622110366821,1.5792371034622192,0.12104038894176483,133.67493274249955,154.47689273054857,171.7759657938948,14.050255237922597,12.454208035313746,2.7495241543982067,0.36369929625836356,162.7238548870802,154.36354792163368,144.11578589306782,data/tiles/train/G190/G190__Motorola_Edge_G190_02__x389_y15__t256.png
8.046459197998047,5.159312725067139,3.6612792015075684,2.426779270172119,1.8293802738189697,0.12696422636508942,124.40298527131756,149.5836727347004,169.41561767344533,16.626197675704173,13.818219196872766,2.623919829372605,0.38110920494057393,157.33707854248328,149.07799610141473,138.5215660269183,data/tiles/train/G190/G190__Motorola_Edge_G190_02__x645_y15__t256.png
8.307840347290039,5.408190727233887,3.8837947845458984,2.832285165786743,2.797621488571167,0.12834888696670532,123.04529617070337,150.5132212848241,172.11957801556852,18.085597439110558,14.16933706224859,2.4573929952874956,0.4069353180047654,158.31296646673073,149.77212844837902,139.17966530296866,data/tiles/train/G190/G190__Motorola_Edge_G190_02__x901_y15__t256.png
8.014326095581055,5.273355960845947,3.98919415473938,2.8029558658599854,2.5249838829040527,0.11738971620798111,128.2862716067027,156.28789904311915,178.46210430143984,18.32269405777859,13.699990925758474,2.1310444728699194,0.46925346360945736,163.62509450051246,155.43410525850518,145.44893555417858,data/tiles/train/G190/G190__Motorola_Edge_G190_02__x1157_y15__t256.png
6.844237327575684,4.37652063369751,3.086808919906616,2.0982398986816406,1.7354174852371216,0.12292991578578949,134.05312570841528,153.70566924083155,170.51944518296062,13.52539933877282,11.746957348715453,2.474555037766969,0.40411305658507274,162.1857051551015,153.6985592358583,143.36712783748266,data/tiles/train/G190/G190__Motorola_Edge_G190_02__x133_y271__t256.png
9.592156410217285,6.236537456512451,4.392089366912842,2.720548152923584,1.752766728401184,0.136033833026886,111.63909897164274,138.73373824014362,164.17305595371946,19.29873175539097,16.816286838085297,2.3491897304312053,0.4256786870153928,147.44153737812408,139.30073407813285,128.60765599684373,data/tiles/train/G190/G190__Motorola_Edge_G190_02__x389_y271__t256.png
9.897469520568848,6.660928726196289,4.997386932373047,3.36122465133667,2.3649730682373047,0.14224864542484283,101.34576643132691,131.17082863872838,159.01831902921492,21.136063383605748,17.29450065852881,2.7089402235456332,0.3691480495982065,139.90207283626597,131.44725470243765,121.28484643495327,data/tiles/train/G190/G190__Motorola_Edge_G190_02__x645_y271__t256.png
9.920456886291504,6.438897609710693,4.675134658813477,2.9709725379943848,2.0695338249206543,0.13882431387901306,105.58249488456165,133.61922189407267,160.33181924711903,20.13332705403305,17.21309960533327,2.2556578500212097,0.4433296477081385,142.4718315506933,134.02260195346443,123.94174001486722,data/tiles/train/G190/G190__Motorola_Edge_G190_02__x901_y271__t256.png
9.154167175292969,5.9426140785217285,4.465302467346191,3.142738103866577,2.508704423904419,0.12906794250011444,114.29636407243504,142.92832578931663,169.32682060147908,20.12124947020915,15.67901689359776,2.3862518432457582,0.4190672509402063,151.3039340158283,143.22309579117467,132.9142747581998,data/tiles/train/G190/G190__Motorola_Edge_G190_02__x1157_y271__t256.png
2.761418104171753,2.5768840312957764,2.5971484184265137,2.381824493408203,2.096167802810669,0.2167074829339981,161.06117592958128,176.4652583543194,188.2347780150484,10.09780215497569,4.888269111584468,2.2500883025762946,0.4444270026447518,191.61110247777745,181.84468465342138,153.54509028160368,data/tiles/train/G190/G190__Samsung_A52_G190_01__x119_y207__t256.png
4.201274394989014,3.55460786819458,3.1427652835845947,2.2031357288360596,1.5744255781173706,0.2277432382106781,147.84641894216668,164.1103453706784,180.09854532366526,11.943026812447071,7.5733002504611395,2.575703486810215,0.38824344693434143,179.85091174732702,170.17477301339144,142.46385701198923,data/tiles/train/G190/G190__Samsung_A52_G190_01__x375_y207__t256.png
4.6514787673950195,3.5454773902893066,2.950430393218994,2.2661752700805664,1.6017086505889893,0.2355608344078064,141.16945010899033,156.21849890618105,171.49563718416962,11.34400450599891,8.075860094766798,2.101535373988491,0.4758425731859589,171.7573887828656,162.68061565168924,134.9044841439071,data/tiles/train/G190/G190__Samsung_A52_G190_01__x631_y207__t256.png
5.147825241088867,3.842860460281372,3.278425693511963,2.5409018993377686,2.1679115295410156,0.23762951791286469,137.37892032160582,156.43890482206498,175.4228051936087,13.986087762511369,8.966865399092288,2.476024028836102,0.40387330185566384,172.09374428501857,162.7163821701558,134.8907756705115,data/tiles/train/G190/G190__Samsung_A52_G190_01__x887_y207__t256.png
4.831701755523682,3.769212007522583,3.3127617835998535,2.5902962684631348,2.3720452785491943,0.21435298025608063,150.5273608779933,170.17201846417822,190.65432216518093,14.899008612071247,8.646707486721906,2.5105445758304255,0.3983199540160425,185.70217377685523,176.59321091512055,149.15829883563032,data/tiles/train/G190/G190__Samsung_A52_G190_01__x1143_y207__t256.png
3.7559289932250977,3.285443067550659,2.9118285179138184,2.0511937141418457,1.4742565155029297,0.2185327559709549,157.20724740464928,171.39659105480746,184.10612317560356,9.978060163562978,6.9315479963310205,2.2599149019939055,0.4424945377888821,186.7788491595233,177.20149433871586,149.38325989500902,data/tiles/train/G190/G190__Samsung_A52_G190_01__x119_y463__t256.png
6.57667875289917,5.0053300857543945,4.254801273345947,3.057952880859375,2.290752410888672,0.24887292087078094,124.62613980341,147.6485517764469,169.72217092093828,16.62998030903895,11.778343263478432,2.334186256531926,0.4284148264525276,162.94125812487576,153.44579054329114,126.22334474315988,data/tiles/train/G190/G190__Samsung_A52_G190_01__x375_y463__t256.png
7.668128490447998,5.5084614753723145,4.42173957824707,2.8064637184143066,1.7471719980239868,0.25908154249191284,113.19215113696241,136.78667081272334,159.80051740462275,17.218913760225856,13.568309970951884,2.4800563748378424,0.4032166406158347,151.73273638631235,142.29017844896046,116.29767894287161,data/tiles/train/G190/G190__Samsung_A52_G190_01__x631_y463__t256.png
7.089503765106201,5.219346523284912,4.321744918823242,3.1003005504608154,2.277721405029297,0.2611192762851715,115.06008913713947,138.36282717534573,160.754571222559,16.91422036357441,12.436481164516342,2.5960932232402683,0.38519417987304305,153.49207383719641,144.06631248974534,117.37625846196916,data/tiles/train/G190/G190__Samsung_A52_G190_01__x887_y463__t256.png
6.5242228507995605,4.937776565551758,4.178285598754883,2.8081226348876953,1.8682655096054077,0.2330857515335083,134.08816925308923,158.19725061162822,179.46376164198531,16.720094605967564,11.771318901008787,2.402879636823782,0.41616732884791435,173.0002238034686,163.54648202861063,136.26500133193858,data/tiles/train/G190/G190__Samsung_A52_G190_01__x1143_y463__t256.png
3.778918981552124,3.2189066410064697,2.8550288677215576,2.084968090057373,1.6427634954452515,0.21481230854988098,159.95236340645272,174.48739122467728,187.90134100330715,10.347113375648194,7.03660032074175,2.3971104773917715,0.4171689245996171,189.9937343764788,180.2830345345107,152.56157796586533,data/tiles/train/G190/G190__Samsung_A52_G190_01__x119_y719__t256.png
6.310990810394287,4.81517219543457,4.0627665519714355,3.037588596343994,2.482750415802002,0.2414940595626831,130.71373797549967,153.80707378974134,175.7245434082862,16.561079555231437,11.251648675428935,2.593188938753127,0.3856255844129993,169.391236068831,159.36588941926703,132.27932897153502,data/tiles/train/G190/G190__Samsung_A52_G190_01__x375_y719__t256.png
7.017474174499512,5.193464756011963,4.204172134399414,2.9143340587615967,1.8284298181533813,0.25310590863227844,123.61695404508647,146.5415458551194,169.08316764437336,16.795312610748805,12.561721776909481,2.623059680277623,0.3812341775975759,162.17175132332696,152.2121554480354,125.09384136767447,data/tiles/train/G190/G190__Samsung_A52_G190_01__x631_y719__t256.png
7.005700588226318,5.266337871551514,4.289322853088379,2.949894905090332,2.0318212509155273,0.24547116458415985,124.1950805827225,147.724058615902,170.91639714920197,17.234170873409585,12.623463861871436,2.4536504401356427,0.40755601679949083,163.08280987847604,153.42967491451074,126.80862394044821,data/tiles/train/G190/G190__Samsung_A52_G190_01__x887_y719__t256.png
6.33163595199585,4.813377857208252,3.994048833847046,2.7587385177612305,2.243086576461792,0.22081632912158966,139.60465799296887,163.16942824121338,184.12509123034158,16.36239809569625,11.389955150275838,2.6606578690663976,0.3758468954713413,177.840615353041,168.30274557764903,141.9167344763333,data/tiles/train/G190/G190__Samsung_A52_G190_01__x1143_y719__t256.png
2.6524105072021484,2.496335029602051,2.5603091716766357,2.3440635204315186,2.1089656352996826,0.20764754712581635,163.508667508092,176.5664840126923,189.1094079105677,9.490642204621548,4.711575479903634,2.314626482652674,0.43203515016122673,191.69477997274728,182.93758714410146,155.0360611585162,data/tiles/train/G190/G190__Samsung_A52_G190_02__x136_y214__t256.png
3.5506739616394043,3.0157248973846436,2.781712770462036,2.410764455795288,2.2534048557281494,0.224312886595726,147.3383366418993,163.44994673677917,179.44970566595066,11.988730026750016,6.245882601013927,2.167004496208963,0.461466509067903,178.79847418291172,169.66347256136888,142.11738536698778,data/tiles/train/G190/G190__Samsung_A52_G190_02__x392_y214__t256.png
4.7709059715271,3.8112151622772217,3.2983479499816895,2.432426929473877,2.176285743713379,0.2489507794380188,136.5211875083492,154.32506601629652,171.16579412097045,13.028523760676343,8.114460307963697,2.2167551920555795,0.45110980390789474,170.18885793188946,160.63977830812686,131.79843460935595,data/tiles/train/G190/G190__Samsung_A52_G190_02__x648_y214__t256.png
4.529475212097168,3.493377685546875,3.0464839935302734,2.589919328689575,2.4319210052490234,0.24538132548332214,139.06692513320033,158.45280777524906,176.5481665593671,13.833722572966245,7.704105354102746,2.836805781145472,0.3525091518941458,174.40092477060617,164.59864089874014,135.58660194516114,data/tiles/train/G190/G190__Samsung_A52_G190_02__x904_y214__t256.png
4.665381908416748,3.827514410018921,3.4411730766296387,2.668687105178833,2.4495532512664795,0.21703311800956726,151.75340955476727,171.66886814572013,191.9091467573569,14.817044815738207,8.248919520548666,2.3604269353705467,0.4236521728400871,187.32841322014357,178.15671012644816,150.03451807633988,data/tiles/train/G190/G190__Samsung_A52_G190_02__x1160_y214__t256.png
3.52848744392395,3.328367233276367,3.246917486190796,2.850982427597046,2.8823835849761963,0.22411364316940308,145.5408418014766,168.7008748563047,182.16536338760702,13.549427701908137,6.365190883407682,2.3824599176663965,0.41973423879445293,181.93962657888198,172.59985851074248,144.64834218085534,data/tiles/train/G190/G190__Samsung_A52_G190_02__x136_y470__t256.png
6.029786109924316,4.636363506317139,4.003343105316162,3.116745710372925,2.790022373199463,0.25527438521385193,121.78747275312344,143.46188299909673,166.25158240668205,16.46957588152679,10.571976753149723,2.3977164152336985,0.417063499939601,159.3082914940517,149.8473869467298,122.57283555773628,data/tiles/train/G190/G190__Samsung_A52_G190_02__x392_y470__t256.png
7.072488307952881,5.154235363006592,4.144626140594482,2.7667152881622314,1.936515212059021,0.27039921283721924,112.38668860326383,133.15951612236879,155.67205812328055,16.101222944866784,12.434986696130734,2.556435182606664,0.39116970647397836,148.9632835712596,139.48013437990622,112.79827573034699,data/tiles/train/G190/G190__Samsung_A52_G190_02__x648_y470__t256.png
6.613847732543945,4.850167274475098,3.956498384475708,2.8825631141662598,2.2332520484924316,0.2692303955554962,117.75758950028505,139.31457047374144,160.9567024665533,16.035776385595288,11.617579221854893,2.6322515285428483,0.37990290409426647,155.3255058461969,145.4345997559158,117.76559574241074,data/tiles/train/G190/G190__Samsung_A52_G190_02__x904_y470__t256.png
6.266110420227051,4.644500255584717,3.9224560260772705,2.926578998565674,2.2951323986053467,0.24141933023929596,130.71432908717364,154.48965519375977,177.72372202780284,17.32031283262375,10.94106716475466,2.408130961638214,0.41525980768077314,170.14718834833377,160.4475399603798,132.85218630876878,data/tiles/train/G190/G190__Samsung_A52_G190_02__x1160_y470__t256.png
3.2415285110473633,2.822143077850342,2.5340044498443604,1.9992839097976685,1.6915093660354614,0.21026457846164703,162.23237122627003,175.1579929438507,187.58268651458138,9.481337940973159,5.820073298601958,2.483409608772385,0.40267219570529345,190.50272076758216,181.2071365338796,153.67914801378188,data/tiles/train/G190/G190__Samsung_A52_G190_02__x136_y726__t256.png
5.633334159851074,4.50678014755249,4.135653495788574,3.7608628273010254,4.190269947052002,0.24956569075584412,113.00435671066641,146.65342683618124,178.70508424572495,23.95337363689231,9.137571997747646,2.1591638334856156,0.46314225187148683,161.8804085933936,151.92107983525722,125.34955069960489,data/tiles/train/G190/G190__Samsung_A52_G190_02__x392_y726__t256.png
5.971987724304199,4.430047512054443,3.7459490299224854,3.0617666244506836,2.7100601196289062,0.25763586163520813,121.36925841573958,143.35087924967254,165.4849749356547,16.323347810314175,10.185653386445601,2.48580836506898,0.4022836249375364,159.22225388383038,149.21754650531224,122.23637875469252,data/tiles/train/G190/G190__Samsung_A52_G190_02__x648_y726__t256.png
6.038464069366455,4.451272487640381,3.62432861328125,2.700211763381958,1.94092857837677,0.2520022690296173,127.69983886112432,148.1264702480148,168.4140624467603,15.105670107284949,10.659889216747773,2.620352998599942,0.3816279717024009,164.0604577555857,153.89628212343325,126.7082706245463,data/tiles/train/G190/G190__Samsung_A52_G190_02__x904_y726__t256.png
5.626579761505127,4.260742664337158,3.5434253215789795,2.584728956222534,2.284106731414795,0.2248210459947586,142.0533561463474,163.00217780943373,182.06173755858262,14.832656965258831,10.014834155561562,2.369829908649524,0.4219712125119824,178.1844141178664,168.381615626249,141.60100813480452,data/tiles/train/G190/G190__Samsung_A52_G190_02__x1160_y726__t256.png
2.3102431297302246,2.167626142501831,2.05179500579834,1.7264902591705322,1.5356186628341675,0.19246776401996613,168.50205545125223,179.27767762828907,190.19154285734615,8.056181571819469,4.115767326701417,2.3914502497521255,0.4181563049884271,193.79194995389292,185.1061399274082,159.2656691080186,data/tiles/train/G190/G190__Samsung_A52_G190_03__x78_y218__t256.png
2.954047918319702,2.706848621368408,2.4428322315216064,1.8051724433898926,1.6185390949249268,0.2100948989391327,156.30124182940958,168.42911227168426,180.0365423447888,8.806197770590314,5.160541474673256,2.3422926897863903,0.4269321269542949,183.13089093374222,174.30561565334673,147.75173330931761,data/tiles/train/G190/G190__Samsung_A52_G190_03__x334_y218__t256.png
4.178532123565674,3.4473023414611816,2.987063407897949,2.2491488456726074,1.930712103843689,0.2379777878522873,141.1356184711981,157.38779104538037,172.28844974368585,11.585638116324038,7.3611339051725855,2.4218645859376697,0.41290500129792823,172.6813344627617,163.4588548316774,135.2977959401752,data/tiles/train/G190/G190__Samsung_A52_G190_03__x590_y218__t256.png
4.648654937744141,3.8342063426971436,3.274595260620117,2.5529959201812744,2.2620253562927246,0.24582786858081818,137.66473325028457,155.74788144507082,172.76550020001687,13.18137472224555,8.27578223009972,2.504223631362498,0.3993253587563664,171.65863773648354,161.89983348765628,133.39571485982424,data/tiles/train/G190/G190__Samsung_A52_G190_03__x846_y218__t256.png
4.184385299682617,3.5090107917785645,3.193617582321167,2.591569185256958,2.522280216217041,0.22313840687274933,152.9806585296187,172.26597972725656,189.82937790249198,13.588279915706618,7.556737893538041,2.4236918428412912,0.41259370614859237,187.86419927905754,178.20195407856255,149.5158911134037,data/tiles/train/G190/G190__Samsung_A52_G190_03__x1102_y218__t256.png
3.0806944370269775,2.9063308238983154,2.6783664226531982,1.996979832649231,1.6511636972427368,0.21222306787967682,158.41615174709762,171.16138321659642,182.0068612576364,8.885836707694681,5.711792397500289,2.189499709266103,0.4567253403907459,185.9127715364659,176.84740847641726,149.66342644662475,data/tiles/train/G190/G190__Samsung_A52_G190_03__x78_y474__t256.png
5.519471168518066,4.436782360076904,3.742420196533203,2.43167781829834,1.6237859725952148,0.2388906478881836,130.5379824325283,150.68002992683822,170.09861489644484,14.62213813220831,10.090570223930165,2.2554070514073254,0.44337894544402595,165.61878642375453,156.4901058916414,129.64675865320638,data/tiles/train/G190/G190__Samsung_A52_G190_03__x334_y474__t256.png
7.231675624847412,5.273916244506836,4.256443977355957,2.687861680984497,1.8952370882034302,0.2651187479496002,112.17563853949632,134.017426846625,157.18912644724978,16.742511113154784,12.871721303594173,2.4872603456419315,0.40204878502250724,149.55102800065976,140.27637856897402,113.87469779053176,data/tiles/train/G190/G190__Samsung_A52_G190_03__x590_y474__t256.png
6.51999568939209,4.839038372039795,3.9743497371673584,2.850850820541382,2.7065181732177734,0.265336275100708,116.51459537083997,138.500093781003,162.74876792552476,17.283317467120902,11.519969819914278,2.415974216596634,0.41391170200843164,154.8802535673923,145.21664570778756,117.909501864547,data/tiles/train/G190/G190__Samsung_A52_G190_03__x846_y474__t256.png
6.016119956970215,4.54854154586792,3.8676300048828125,3.0145819187164307,2.344639301300049,0.24578550457954407,131.4397913788222,152.57783641928395,174.43217180054762,15.95697043113147,10.810822858285883,2.16852628321956,0.4611426699036008,168.66380489208413,159.06827540599176,131.07446927349588,data/tiles/train/G190/G190__Samsung_A52_G190_03__x1102_y474__t256.png
3.442343235015869,3.035271406173706,2.7811057567596436,2.1620750427246094,1.8133745193481445,0.21200241148471832,157.55970588384307,172.9912992573528,186.48359336729698,10.747457135367195,6.2989628987718165,2.0546329028651935,0.48670494792792235,187.81579613623222,178.72659366471012,151.2268947736212,data/tiles/train/G190/G190__Samsung_A52_G190_03__x78_y730__t256.png
5.087615013122559,4.03658390045166,3.4133262634277344,2.404381513595581,1.98021399974823,0.22771653532981873,139.31600234557135,158.58380508787255,177.96117168029954,14.252573951232838,9.166334257765993,2.07735639521148,0.48138104867566434,174.06904726726037,164.44402861726135,137.906196162111,data/tiles/train/G190/G190__Samsung_A52_G190_03__x334_y730__t256.png
6.051591873168945,4.411561012268066,3.6026928424835205,2.6569418907165527,2.2830121517181396,0.25349846482276917,123.95491625081257,145.88142124718144,165.81354081979705,15.560424661227144,10.473911873613815,2.1560636511155016,0.4638081994854935,161.19777035437806,151.230225036987,124.29490978833697,data/tiles/train/G190/G190__Samsung_A52_G190_03__x590_y730__t256.png
6.168450355529785,4.440328598022461,3.5740315914154053,2.5074028968811035,1.7792555093765259,0.255166232585907,127.26540037561752,148.18619259963933,169.06362639012244,15.46911045221527,10.890695349507759,2.132528744976634,0.4689268561352766,164.31316992614825,154.29691645306616,126.4577421925741,data/tiles/train/G190/G190__Samsung_A52_G190_03__x846_y730__t256.png
5.842003345489502,4.498256683349609,3.8822720050811768,2.8904573917388916,2.3979084491729736,0.23348376154899597,137.16412456374871,161.92694351961813,183.1452261480512,16.941655255037897,10.26566851196499,2.510944424794196,0.39825652456723043,176.97826902408477,167.20426001040929,139.3462388862582,data/tiles/train/G190/G190__Samsung_A52_G190_03__x1102_y730__t256.png
4.742051124572754,4.288567543029785,4.484043598175049,3.7756903171539307,2.8108794689178467,0.14017435908317566,117.95823397446465,140.7416211458612,161.00843328721595,15.850150129088808,8.776895673687676,2.492632574979561,0.4011822721237605,149.74176576597634,140.65688897065877,130.09433675361532,data/tiles/train/H030/H030__Motorola_Edge_H030_01__x34_y15__t256.png
5.859344482421875,5.081511497497559,5.330316543579102,4.59898567199707,3.108278512954712,0.1488109529018402,102.65079602613419,129.07579450086004,154.06441510706344,18.828310726249597,10.609842680667253,2.4729366636187056,0.40437752196074317,138.33872593339817,129.19644231111465,119.15736467234802,data/tiles/train/H030/H030__Motorola_Edge_H030_01__x290_y15__t256.png
6.351149082183838,5.057178497314453,4.744526386260986,3.6726744174957275,2.6815669536590576,0.15369948744773865,105.61290647381595,130.78433897389084,153.0133127115191,17.335604288470556,11.24887166596027,1.9028518008309574,0.5255270008748497,140.06327866811233,130.26204134991642,120.0624756959792,data/tiles/train/H030/H030__Motorola_Edge_H030_01__x546_y15__t256.png
7.359829425811768,5.611870288848877,4.992564678192139,3.005493640899658,1.7379655838012695,0.15661786496639252,105.78081369211891,131.10645651467124,154.06781480314135,17.549449367888535,13.352348209067534,2.6419333965699168,0.37851067755845896,140.66242877873967,130.82688339840587,120.21322411015484,data/tiles/train/H030/H030__Motorola_Edge_H030_01__x802_y15__t256.png
5.080808162689209,4.30722188949585,4.234655380249023,3.0879392623901367,1.9422345161437988,0.14872971177101135,118.08880407167419,138.5602104872094,157.12062588892357,14.456596198646915,9.552184159446133,2.2131880112819067,0.4518368954207317,148.269950802457,138.62883250478987,127.71482855090159,data/tiles/train/H030/H030__Motorola_Edge_H030_01__x1058_y15__t256.png
6.10584020614624,4.98924446105957,4.920979976654053,4.179342269897461,3.2366652488708496,0.14772476255893707,110.61314320026445,137.71487198615281,161.4838656956658,18.56375225202706,10.816774726764038,2.1507427445635243,0.4649556542862786,146.68543126341342,137.53154510517786,126.46290002044384,data/tiles/train/H030/H030__Motorola_Edge_H030_01__x34_y271__t256.png
7.6231689453125,6.1137590408325195,6.1704230308532715,5.26894474029541,3.7769534587860107,0.15229946374893188,92.28796246431425,127.10844742248747,154.47664898124924,22.563808260730827,12.975847292029554,2.391123141284924,0.41821350926436496,134.7073998032919,125.81277475387024,115.61246736350195,data/tiles/train/H030/H030__Motorola_Edge_H030_01__x290_y271__t256.png
8.152083396911621,6.122616767883301,5.786897659301758,4.85367488861084,3.5563290119171143,0.15543192625045776,90.61816700161823,127.10994904421615,151.74317721025344,22.24377431090897,13.53916297125737,2.4462591018504853,0.40878744170784886,133.83286028230413,124.24051863754705,114.52813602159985,data/tiles/train/H030/H030__Motorola_Edge_H030_01__x546_y271__t256.png
7.557639122009277,5.760270118713379,5.463254451751709,4.28783655166626,2.940308094024658,0.1619555652141571,95.69542394972814,126.16505253572144,150.62001167142063,19.96381387247892,13.024794366087699,2.5558457383755173,0.3912599203407303,134.75815397571745,124.84947903408953,114.5587112411548,data/tiles/train/H030/H030__Motorola_Edge_H030_01__x802_y271__t256.png
4.926138401031494,4.271927356719971,4.504953384399414,3.697873830795288,2.6932177543640137,0.15649281442165375,110.94374417128643,134.4570606287658,154.11172323252853,15.90976655808807,9.010318402054205,2.5323907395769094,0.3948837690691728,143.87781635893668,133.91917694809794,122.97199286609089,data/tiles/train/H030/H030__Motorola_Edge_H030_01__x1058_y271__t256.png
3.2949423789978027,3.0034475326538086,2.919095754623413,2.2079780101776123,1.779157042503357,0.1304980218410492,143.39123678036984,156.8558353525676,172.74124904601294,10.76001677761075,6.109716260307972,2.2583722506652406,0.44279679743028794,167.6153049692737,157.74840286066268,147.06496798211597,data/tiles/train/H030/H030__Motorola_Edge_H030_02__x41_y14__t256.png
5.476676940917969,4.670777320861816,4.135034561157227,2.6674978733062744,1.532231330871582,0.13538330793380737,128.17828802955535,148.0868831497151,167.33572945753332,14.393436732873651,10.23265014032588,2.4775957499736827,0.40361709532744483,157.9991848807661,148.04434023218522,137.96219538256202,data/tiles/train/H030/H030__Motorola_Edge_H030_02__x297_y14__t256.png
6.445871353149414,5.159375190734863,4.491059303283691,2.9595627784729004,1.8393176794052124,0.14177513122558594,120.25506806619758,143.09350706120128,164.47288427613594,16.159804779998854,11.780158268245602,2.3528443023177794,0.42501749861429555,152.9804067968525,142.7734465297031,132.73091313536153,data/tiles/train/H030/H030__Motorola_Edge_H030_02__x553_y14__t256.png
6.24635648727417,5.154027938842773,4.652773380279541,3.2837469577789307,1.793035864830017,0.14139141142368317,121.94855119357749,145.12954864899822,166.2317675163025,16.24161576676832,11.503822810607257,2.636582624361946,0.3792788402532996,154.89403387474135,144.68853783758405,134.4384183328981,data/tiles/train/H030/H030__Motorola_Edge_H030_02__x809_y14__t256.png
5.0973639488220215,4.2463202476501465,4.013363361358643,2.759906053543091,1.6403439044952393,0.1331360936164856,134.41467424615342,154.2485586261168,172.76136917476057,14.007120119424298,9.398177974786325,2.364497316826431,0.4229228736627094,164.13657074614005,154.00457933398377,143.64317955883266,data/tiles/train/H030/H030__Motorola_Edge_H030_02__x1065_y14__t256.png
4.032866954803467,3.380598783493042,3.3876848220825195,2.591146945953369,1.6376023292541504,0.13074924051761627,141.46970162080714,156.60054890111556,172.6329956664064,11.586099206657535,7.227657457834878,2.2808419880228863,0.4384345804098578,167.1433807347475,157.2932398222021,146.61356075377873,data/tiles/train/H030/H030__Motorola_Edge_H030_02__x41_y270__t256.png
6.880491733551025,5.437005519866943,4.86912727355957,3.1532986164093018,1.658549427986145,0.14053134620189667,120.56647848636312,143.9395888795302,167.15121752676183,17.073523561003306,12.425184057468552,2.525757984329435,0.39592075179185887,154.020083469444,144.02339145661577,133.81212278250882,data/tiles/train/H030/H030__Motorola_Edge_H030_02__x297_y270__t256.png
7.532814025878906,5.381557941436768,4.445494174957275,3.0576741695404053,1.9962735176086426,0.14296430349349976,117.91638031671378,143.35773899051,164.9232743872975,17.270906440836228,13.171147439528696,2.5908771302599622,0.3859696734826103,152.6254085777023,142.43289125402237,132.26157917083205,data/tiles/train/H030/H030__Motorola_Edge_H030_02__x553_y270__t256.png
7.3007025718688965,5.263367652893066,4.450392246246338,3.0238192081451416,1.8501009941101074,0.13903148472309113,121.60053940585549,145.7058501773517,167.36263622113975,16.789692074701136,12.81226410516414,2.283385528394014,0.43794619330154705,155.20140103060194,145.07669553223468,135.02766519221473,data/tiles/train/H030/H030__Motorola_Edge_H030_02__x809_y270__t256.png
6.059332847595215,4.451830863952637,3.952220916748047,2.7982749938964844,1.6417874097824097,0.13227377831935883,132.16887696378254,154.1945670311625,172.88692546078724,14.907067906054293,10.64795600386625,2.72699300548757,0.36670427756421986,163.5567630623876,153.4642587702351,143.26229017073226,data/tiles/train/H030/H030__Motorola_Edge_H030_02__x1065_y270__t256.png
3.1430447101593018,2.690931558609009,2.627359628677368,2.2077691555023193,1.7333626747131348,0.1283232718706131,148.4165169476869,162.10658461787222,173.4422849096239,9.349831141916464,5.500316117605337,2.4751299616757834,0.4040191890865203,171.8783828529623,161.85652621495078,151.15108139136436,data/tiles/train/H030/H030__Motorola_Edge_H030_03__x144_y15__t256.png
5.676830768585205,4.312493801116943,3.897900104522705,2.7633056640625,1.8445929288864136,0.13237838447093964,131.6232709628253,153.03907771267708,169.848511078392,14.156803229999003,10.036595828748627,2.4337692581303902,0.410885295168941,162.00899148046818,152.00150801246562,141.89178940172425,data/tiles/train/H030/H030__Motorola_Edge_H030_03__x400_y15__t256.png
7.588581562042236,5.387787818908691,4.467803001403809,2.9338438510894775,1.8209015130996704,0.13556519150733948,121.88296801873327,148.7118695428686,169.3468833809304,17.517993956528123,13.154911639459998,2.481028823876066,0.4030585982623605,157.12365420425633,147.24022044061155,137.17138491612806,data/tiles/train/H030/H030__Motorola_Edge_H030_03__x656_y15__t256.png
6.83027982711792,4.882173538208008,4.277965545654297,2.9575796127319336,1.7264254093170166,0.13512970507144928,123.77988474850656,149.9188484914904,169.35446408858445,16.773519230633216,11.897566256249117,2.5815926822174515,0.3873577760303585,158.2296529730324,148.25842351668265,138.19948530824365,data/tiles/train/H030/H030__Motorola_Edge_H030_03__x912_y15__t256.png
5.490937232971191,4.093918800354004,3.6407902240753174,2.78524112701416,2.160184144973755,0.12336144596338272,137.42540570893127,158.77695532663463,176.80463734870423,14.48164592217438,9.700566796974616,2.5181525919322105,0.3971165223282547,167.77630293517433,158.10605565138167,148.278578483367,data/tiles/train/H030/H030__Motorola_Edge_H030_03__x1168_y15__t256.png
4.057936668395996,3.2232911586761475,3.0063138008117676,2.1177117824554443,1.5182729959487915,0.13402821123600006,137.29467616646167,153.8881813340379,167.4955109147262,11.179573083710233,7.200591276850889,2.636261618023838,0.37932502342070573,163.43603409609887,153.3085155311686,142.90088064635273,data/tiles/train/H030/H030__Motorola_Edge_H030_03__x144_y271__t256.png
8.09058952331543,5.733907222747803,4.897868633270264,3.405397415161133,1.951501727104187,0.14572028815746307,112.44369799904534,137.02496912063611,162.2804276217131,18.310644092100663,14.179080177330091,2.679100032750739,0.37325967219419576,147.24882392105764,137.35033228248608,127.24418065083877,data/tiles/train/H030/H030__Motorola_Edge_H030_03__x400_y271__t256.png
10.09691047668457,6.678966999053955,5.524630069732666,3.7423956394195557,1.9110218286514282,0.15102289617061615,101.19473489051154,130.59384912732702,160.09724735394332,21.372169023147894,17.36429853509367,2.655644860166088,0.376556374310328,140.5602786596149,130.70909589934922,120.82201875650301,data/tiles/train/H030/H030__Motorola_Edge_H030_03__x656_y271__t256.png
9.617801666259766,6.6247639656066895,5.658437252044678,3.900482416152954,2.211416482925415,0.15285629034042358,101.12499699263657,130.70678986009366,159.975024504486,21.406345863415147,16.588736107539116,2.3287813314861294,0.4294091448087324,140.79987114610432,130.85589956836256,120.80326167878457,data/tiles/train/H030/H030__Motorola_Edge_H030_03__x912_y271__t256.png
7.1607818603515625,5.235787391662598,4.5485148429870605,3.2406511306762695,1.9984169006347656,0.13984067738056183,121.1935058746509,144.57340713205932,167.21857802611407,16.926306761717488,12.689125860963847,2.3421237523256946,0.4269629215821814,154.5238950341267,144.49177074598452,134.32437480415973,data/tiles/train/H030/H030__Motorola_Edge_H030_03__x1168_y271__t256.png
4.35695743560791,3.130558490753174,2.6655993461608887,1.8803681135177612,1.379095435142517,0.11984864622354507,148.80574063181564,164.6901895411786,176.31632340563058,10.263774416148138,7.312663395984624,2.6033883863382705,0.3841147964121191,173.4913932564534,163.72600332655955,153.87257062025012,data/tiles/train/H030/H030__Motorola_Edge_H030_04__x133_y15__t256.png
6.177361488342285,4.185136318206787,3.4203665256500244,2.49542236328125,1.6254316568374634,0.12096740305423737,136.33168973264824,155.3206902794184,172.32832409247376,13.394648673709622,10.514623371534867,2.450529841416185,0.4080750142679716,164.31762958342884,154.892036063835,145.57631435271114,data/tiles/train/H030/H030__Motorola_Edge_H030_04__x389_y15__t256.png
7.2339653968811035,4.664253234863281,3.741713285446167,2.5002267360687256,1.566361427307129,0.1258104145526886,129.98506254958215,151.39340716526362,170.24608932986803,14.833733723627216,12.327095643316268,2.6443558346303426,0.378163931988295,160.3866409455033,150.8930335194475,141.4025947851423,data/tiles/train/H030/H030__Motorola_Edge_H030_04__x645_y15__t256.png
7.278806686401367,4.8176164627075195,3.974153518676758,2.8194596767425537,1.830960750579834,0.12808121740818024,128.64636384557664,151.01754150879063,171.01106636368175,15.580697865190366,12.522200063826793,2.6676624279033203,0.3748600233448433,160.12912009407506,150.65567545098165,140.84725848724807,data/tiles/train/H030/H030__Motorola_Edge_H030_04__x901_y15__t256.png
6.601855754852295,4.293420791625977,3.340857744216919,2.471633195877075,2.194612979888916,0.1154986172914505,141.08346622141158,163.80011733684196,181.56047606155857,14.920307460914433,11.168649837264741,2.68954938441147,0.37180949559653503,171.88794610170274,162.75457220164552,153.1097097260096,data/tiles/train/H030/H030__Motorola_Edge_H030_04__x1157_y15__t256.png
5.8344807624816895,4.122799396514893,3.4859321117401123,2.37813138961792,1.4588041305541992,0.1268749237060547,136.57305997832304,154.6996915930779,171.54660798536938,12.973215308765985,10.101515392232606,2.51013932013432,0.39838426177336206,164.27165480587038,154.493377743248,144.6721380638179,data/tiles/train/H030/H030__Motorola_Edge_H030_04__x133_y271__t256.png
9.043183326721191,5.586773872375488,4.260941982269287,2.858959674835205,1.852584958076477,0.13006356358528137,116.44325443312783,144.19105989680716,164.90383032355027,17.93773880327027,15.268624661492794,2.7157087205651242,0.3682280034038059,151.71782746448767,142.50771663340797,133.18753955775068,data/tiles/train/H030/H030__Motorola_Edge_H030_04__x389_y271__t256.png
9.89074993133545,6.034024238586426,4.7005791664123535,3.3040871620178223,2.3299710750579834,0.13385531306266785,105.8824299126403,137.9256451411571,160.06534884626544,20.201218485342757,16.236260159384727,2.6482184497980064,0.3776123529674356,144.86314531812286,135.31994690135792,126.7082883221034,data/tiles/train/H030/H030__Motorola_Edge_H030_04__x645_y271__t256.png
10.199217796325684,6.366811752319336,4.8809967041015625,3.250013828277588,2.031116247177124,0.13894926011562347,106.49750810164149,136.3202749511227,161.5357375487172,20.24711395606351,17.3454191972833,2.528665858358394,0.3954654572863172,144.78084061059457,135.04075037231144,125.98531630575597,data/tiles/train/H030/H030__Motorola_Edge_H030_04__x901_y271__t256.png
9.392179489135742,6.362763404846191,5.329174041748047,3.755373239517212,2.169423818588257,0.13359826803207397,114.20749636813196,144.83280308878037,171.56475048400898,20.961547887286724,16.35752939088549,2.511555402796089,0.3981596419838918,153.42811007097998,144.1204529484917,134.2011071688281,data/tiles/train/H030/H030__Motorola_Edge_H030_04__x1157_y271__t256.png
1.9725087881088257,2.0461981296539307,2.134420394897461,1.770384669303894,1.5845353603363037,0.21868230402469635,167.2693170833994,178.8598610049846,189.0580442379215,8.058577388590589,3.7038158948287787,2.1842822498173757,0.4578162918659474,197.08009466529955,180.67472522137643,158.02491783293914,data/tiles/train/H030/H030__Samsung_A52_H030_01__x104_y204__t256.png
3.1512293815612793,2.745567798614502,2.6469428539276123,2.085350275039673,1.502299189567566,0.22532154619693756,153.6538996227293,167.28250984517263,179.60331763759254,9.675876535391323,5.3708442960687774,2.802449613965181,0.3568306794943948,184.9249784749486,168.95087260130492,147.2842563193164,data/tiles/train/H030/H030__Samsung_A52_H030_01__x360_y204__t256.png
4.094933986663818,3.293503522872925,3.0658817291259766,2.402500629425049,1.6118767261505127,0.2360236942768097,144.78224818583257,159.80949829642663,173.9591918267433,10.970111619335222,7.114561201044357,2.4225987567858724,0.41277987004613476,177.4697873776915,161.85878907856002,139.77641036748994,data/tiles/train/H030/H030__Samsung_A52_H030_01__x616_y204__t256.png
4.386875629425049,3.498654842376709,3.2221338748931885,2.451801061630249,1.7857552766799927,0.23719817399978638,144.16763810294518,160.57621463785932,176.53258631336675,12.157755886479947,7.7687131181879145,2.169746676248721,0.46088329616842727,178.60777403855005,162.70751619363304,140.51161717890017,data/tiles/train/H030/H030__Samsung_A52_H030_01__x872_y204__t256.png
4.267670631408691,3.5596795082092285,3.304260730743408,2.3509488105773926,1.5650548934936523,0.21627940237522125,158.3342482757931,175.939393613262,192.22222374511102,12.507159035359578,7.718408487082583,2.4363166515245123,0.41045567675870676,193.66504241437454,177.87693961779786,155.65757445407743,data/tiles/train/H030/H030__Samsung_A52_H030_01__x1128_y204__t256.png
2.9246270656585693,2.783454179763794,2.794731616973877,2.0378201007843018,1.2736539840698242,0.23118388652801514,157.10508208971038,168.9584108589909,180.15869891831957,8.629808073009647,5.218169062916862,1.875287297688033,0.5332516256217701,187.28456382291887,171.17141428946582,148.23806779085265,data/tiles/train/H030/H030__Samsung_A52_H030_01__x104_y460__t256.png
5.350809574127197,4.2584404945373535,3.91349458694458,2.732621431350708,1.5241979360580444,0.25278976559638977,131.47039151741686,150.4394846215246,168.85822576538646,13.995513409584065,9.646672850027809,2.4685522312559938,0.40509574289671896,168.49480652734923,152.44777340381196,130.45829704958157,data/tiles/train/H030/H030__Samsung_A52_H030_01__x360_y460__t256.png
6.3281450271606445,4.612937927246094,4.158624649047852,2.923835515975952,1.8844763040542603,0.25862643122673035,120.26265547234374,141.6292901079964,161.0724368849396,15.156034989617982,11.063203492804654,2.5082919831349955,0.3986776685982735,158.82780066562103,143.06614767556098,122.26183664258595,data/tiles/train/H030/H030__Samsung_A52_H030_01__x616_y460__t256.png
6.3976030349731445,4.7753586769104,4.176573276519775,2.909789800643921,1.7155548334121704,0.2665722668170929,121.30003735488903,140.60862551383835,162.00443334142713,15.181126320899535,11.441121592658781,2.371197950400701,0.42172775994134665,159.22503517809557,143.13615891454631,121.55677475705689,data/tiles/train/H030/H030__Samsung_A52_H030_01__x872_y460__t256.png
5.764983654022217,4.351078510284424,3.7826664447784424,2.5014286041259766,1.4435036182403564,0.2428489476442337,137.39464615132434,158.1236200299027,177.97405598996838,15.035803339417692,10.328695433608695,2.6708571796325895,0.3744116336978987,176.23098610236076,160.11095697281712,137.84766414061644,data/tiles/train/H030/H030__Samsung_A52_H030_01__x1128_y460__t256.png
2.7176830768585205,2.4631118774414062,2.5097732543945312,2.0401523113250732,1.4757742881774902,0.22711504995822906,160.2735244658532,172.29593594520725,184.08312625821884,8.913620572870455,5.057386607436736,2.4880858362380605,0.4019153943305997,190.70529185275478,174.79946631620263,151.5608324159631,data/tiles/train/H030/H030__Samsung_A52_H030_01__x104_y716__t256.png
4.933621406555176,4.0355353355407715,3.8369696140289307,2.7966530323028564,1.4937621355056763,0.24182581901550293,137.9163615131377,157.2037729494583,175.0494528136222,13.795299424098129,9.007057914295515,2.3456357949912254,0.42632364416307045,175.01050784422344,158.7828219067301,137.0559938437433,data/tiles/train/H030/H030__Samsung_A52_H030_01__x360_y716__t256.png
5.509100437164307,4.2357587814331055,3.9023571014404297,2.651848554611206,1.3389407396316528,0.2540532946586609,129.84022215725005,149.22626261160607,168.06439871419582,14.195686857696158,9.872540027388094,2.5931403288819954,0.38563281318105114,167.31113632293918,151.00208587713996,129.39704346880183,data/tiles/train/H030/H030__Samsung_A52_H030_01__x616_y716__t256.png
5.348045349121094,4.057195663452148,3.587592124938965,2.4846208095550537,1.6682286262512207,0.2511295676231384,132.75061574210346,151.42507799388883,170.97181513556572,14.20155865074881,9.61060388566179,2.178605933140369,0.4590091235814005,169.89422015618402,153.60289740727052,131.78280258809386,data/tiles/train/H030/H030__Samsung_A52_H030_01__x872_y716__t256.png
4.795185089111328,3.5548255443573,2.982161521911621,2.0875754356384277,1.7402244806289673,0.22234822809696198,149.81601704095533,167.55702773992252,186.57580284081345,13.52037088402923,8.545842610746254,2.3476550409870294,0.4259569581311094,185.77998138471403,169.67302798654327,148.4338639613056,data/tiles/train/H030/H030__Samsung_A52_H030_01__x1128_y716__t256.png
2.2167153358459473,2.2237143516540527,2.356454372406006,2.0181825160980225,1.5557267665863037,0.22269797325134277,166.90385583520685,178.00371368057912,188.29765993397507,8.10100637887418,4.025156524175053,1.958168530914526,0.5106812739621388,196.43325875284552,180.62407143879645,156.805233009809,data/tiles/train/H030/H030__Samsung_A52_H030_02__x105_y189__t256.png
3.2975945472717285,3.081578016281128,3.099750518798828,2.3491053581237793,1.657219648361206,0.2292809784412384,151.62270101025103,165.8405654062191,179.90474118069855,10.542347487320924,6.015355684927227,2.4304120492968977,0.41145286466518854,183.82900458735645,168.27075066621455,145.77772578496493,data/tiles/train/H030/H030__Samsung_A52_H030_02__x361_y189__t256.png
4.343926906585693,3.722407817840576,3.6182568073272705,2.549922227859497,1.6374083757400513,0.2366943359375,142.48231057738582,159.38101290701897,175.12446594400936,12.256952301562087,7.817750547417531,2.4374148214332148,0.4102707471894316,176.93096555310683,161.57224034455336,139.23807635752516,data/tiles/train/H030/H030__Samsung_A52_H030_02__x617_y189__t256.png
4.51200008392334,3.8095474243164062,3.576735734939575,2.5835838317871094,1.7201370000839233,0.23977181315422058,141.81938608430707,161.171879699786,176.78909148273192,13.015728098832552,8.089801742384113,2.2121730511075097,0.4520442012885731,178.4545635095911,162.60412723421402,140.00598131457073,data/tiles/train/H030/H030__Samsung_A52_H030_02__x873_y189__t256.png
3.9376049041748047,3.2456741333007812,3.1047356128692627,2.488727331161499,1.9862959384918213,0.21409064531326294,158.6364104137674,175.68059424527155,192.90624743730362,12.66606316660314,7.025898331909138,2.39753449097813,0.4170951466028865,193.5478938541133,178.04397278028583,155.9039201092832,data/tiles/train/H030/H030__Samsung_A52_H030_02__x1129_y189__t256.png
2.89164137840271,2.7405288219451904,2.770811080932617,1.9962730407714844,1.5355855226516724,0.230959951877594,156.84881985940532,170.78010983682523,182.13221905222744,9.426341738155365,5.326784357692331,2.252111047545166,0.44402783827645387,188.67442362790192,172.68085128542927,149.35643580629142,data/tiles/train/H030/H030__Samsung_A52_H030_02__x105_y445__t256.png
5.322638988494873,4.360989093780518,4.182837009429932,2.9869227409362793,1.8051328659057617,0.256625771522522,130.33418832270823,150.68104667252115,170.44065699882853,14.778636727331957,9.721464713029235,2.2044014721005083,0.453637875249253,168.86899741563806,152.96287074244788,130.20121960640833,data/tiles/train/H030/H030__Samsung_A52_H030_02__x361_y445__t256.png
6.386168479919434,4.776496887207031,4.308804035186768,3.162051200866699,1.8190029859542847,0.2670685946941376,119.20888158204184,138.94132214910903,161.552124504111,15.651701410231928,11.236515456875306,2.4882212924422853,0.40189351447051613,157.5616934582276,141.67505770425842,120.2204113902062,data/tiles/train/H030/H030__Samsung_A52_H030_02__x617_y445__t256.png
6.323517322540283,4.87891149520874,4.5435991287231445,3.285517692565918,1.9036022424697876,0.2724308371543884,118.87624167700386,139.29723645762283,161.79333773935642,15.947448965596998,11.35188948490866,2.1159336513739766,0.4726046109010329,158.0903547317289,141.99675178780913,119.94694548717902,data/tiles/train/H030/H030__Samsung_A52_H030_02__x873_y445__t256.png
5.693843364715576,4.366994380950928,3.9787099361419678,2.892709732055664,1.8012669086456299,0.24282029271125793,138.1103904328336,158.33501558312048,178.7018923668501,15.061544798500215,10.25923782140378,2.2512920111015156,0.4441893788406056,176.69598905442166,160.5858364724603,138.20966051625498,data/tiles/train/H030/H030__Samsung_A52_H030_02__x1129_y445__t256.png
2.963129997253418,2.6850860118865967,2.655102252960205,1.9563016891479492,1.3456170558929443,0.22870339453220367,159.9199131989935,172.08598148305603,184.0367364373058,8.986738404661706,5.570518914920287,2.093467936111158,0.47767629145426876,190.5886203740585,174.58257105286128,151.22168293441825,data/tiles/train/H030/H030__Samsung_A52_H030_02__x105_y701__t256.png
4.955051898956299,4.060039520263672,3.9152965545654297,2.962845802307129,1.741400122642517,0.24262414872646332,138.27276170389743,157.5473742861321,176.56209791403444,14.18800715105679,9.057683316510195,2.1609432813247498,0.46276087329185134,175.74726360590495,159.55493207743794,137.50880824211814,data/tiles/train/H030/H030__Samsung_A52_H030_02__x361_y701__t256.png
5.698315143585205,4.392470836639404,4.121085166931152,3.0741615295410156,2.0228476524353027,0.2589883506298065,127.70274392369805,148.64694353034372,169.43092121464073,15.47453676029211,10.157026927332694,2.495414868380805,0.40073496903096845,167.03007148714292,150.82948885339212,128.49640852591608,data/tiles/train/H030/H030__Samsung_A52_H030_02__x617_y701__t256.png
5.7991180419921875,4.479812145233154,4.251979351043701,3.1363983154296875,1.9605554342269897,0.2564225196838379,128.42440564380237,150.18026368047865,171.51272042333835,16.063170217322572,10.470309625042118,2.6376394500160725,0.3791268742185011,168.5075215170433,152.2424135126027,129.98161404572872,data/tiles/train/H030/H030__Samsung_A52_H030_02__x873_y701__t256.png
5.438831329345703,4.261065483093262,4.074774742126465,3.2123613357543945,2.04567289352417,0.23109522461891174,142.9776935056365,163.55884338627212,183.3528608748753,15.09785989904248,9.919027123453525,2.718732285340683,0.36781848856247007,181.55239319212274,165.26208627173125,143.76239952928935,data/tiles/train/H030/H030__Samsung_A52_H030_02__x1129_y701__t256.png
2.1457574367523193,2.18982195854187,2.260725259780884,1.7703142166137695,1.3599690198898315,0.21876998245716095,163.53915959174017,176.162259763982,186.30917122924998,8.421296525010035,4.001746082684341,1.9694062362548677,0.5077672557296536,193.78807264214868,177.58073885827773,155.3761483577386,data/tiles/train/H030/H030__Samsung_A52_H030_03__x111_y212__t256.png
2.9731054306030273,2.701174020767212,2.734694719314575,2.2097084522247314,1.483752965927124,0.22671130299568176,151.69168970998695,164.1125119314895,176.67195864021517,9.36391801446615,5.178421079858152,2.3033877923831745,0.43414313616959876,181.99063142280195,166.08553238448255,144.74771685088527,data/tiles/train/H030/H030__Samsung_A52_H030_03__x367_y212__t256.png
3.971226930618286,3.1707372665405273,2.9987590312957764,2.116596221923828,1.3641492128372192,0.2379387617111206,143.4481535349107,157.11950400248486,170.90665607954602,10.329651836786569,6.855253475139852,2.267074671786966,0.4410970721188352,175.02449109226836,159.3636686281442,137.59048545487005,data/tiles/train/H030/H030__Samsung_A52_H030_03__x623_y212__t256.png
4.292888164520264,3.4699759483337402,3.3189504146575928,2.529893398284912,1.6792972087860107,0.24543635547161102,141.27735757135218,156.39445376657125,172.43638216171595,11.706088706611574,7.610538288299672,2.334043958576448,0.4284409453067491,174.98454772868493,158.9212026476245,136.4996820514846,data/tiles/train/H030/H030__Samsung_A52_H030_03__x879_y212__t256.png
3.9760100841522217,3.157466411590576,2.8877010345458984,2.3160860538482666,2.0674948692321777,0.21278874576091766,157.05222497462933,175.18676394672715,192.45600971435965,12.992956934153751,6.911747790802925,2.425906081057444,0.41221711252898274,192.7187182499141,177.01766420433722,155.46631493300978,data/tiles/train/H030/H030__Samsung_A52_H030_03__x1135_y212__t256.png
2.9521987438201904,2.82000994682312,2.9103710651397705,2.175504207611084,1.5032715797424316,0.22729675471782684,155.35709612672613,168.22706970879813,180.10511194749606,9.236051978854038,5.373742629566183,2.2658192434891,0.44134147190846323,186.13719997675372,170.08917305352333,147.93883160262854,data/tiles/train/H030/H030__Samsung_A52_H030_03__x111_y468__t256.png
5.243590831756592,3.9245452880859375,3.4588000774383545,2.478517532348633,1.5395106077194214,0.2457170933485031,131.75545381236472,150.667644869207,167.11615035471812,13.110309146715284,9.308255846557124,2.4784880815014474,0.40347178082623997,167.7542604530064,151.76626382200496,130.86511575437467,data/tiles/train/H030/H030__Samsung_A52_H030_03__x367_y468__t256.png
6.100872993469238,4.308892726898193,3.741086959838867,2.74031138420105,1.9083123207092285,0.2568078637123108,118.50676702326713,140.11609942067972,156.34207972988102,14.400109816743123,10.41609140466356,2.448954400210238,0.4083375337303757,156.1813627844094,140.53539418139087,120.46915398179712,data/tiles/train/H030/H030__Samsung_A52_H030_03__x623_y468__t256.png
6.111851692199707,4.363918304443359,3.7624802589416504,2.646932363510132,1.8237333297729492,0.26728561520576477,120.6976394188395,139.89957861569047,158.23378064052397,14.107587448488136,10.673086736075275,2.1341354126428262,0.46857382810664333,157.62528001232064,141.56247535702522,120.25494465728393,data/tiles/train/H030/H030__Samsung_A52_H030_03__x879_y468__t256.png
5.917529582977295,4.607351303100586,4.375880241394043,3.1928703784942627,1.919913411140442,0.24611422419548035,130.9784378256323,154.2507564476148,176.1202720631796,16.648253410032154,10.639663916708791,2.659773352763063,0.3759718845822581,172.0395250642442,155.9363166717625,134.12930766645692,data/tiles/train/H030/H030__Samsung_A52_H030_03__x1135_y468__t256.png
2.808394432067871,2.5470337867736816,2.4538815021514893,1.7741572856903076,1.1818922758102417,0.22233058512210846,158.81070615781687,170.31753100108588,181.46973079963286,8.483230728636698,5.185208188653842,2.45101667223354,0.40799396076271044,188.24210816047577,172.4051785910941,150.37048356850428,data/tiles/train/H030/H030__Samsung_A52_H030_03__x111_y724__t256.png
4.591718673706055,3.616105079650879,3.296773672103882,2.3635191917419434,1.6705070734024048,0.23707225918769836,138.79895807833034,156.60992561776223,172.68764877128447,12.613458583744869,8.174543404013411,2.4451578145318944,0.40897155760534903,174.1650980977336,157.66443406289685,137.10775597144797,data/tiles/train/H030/H030__Samsung_A52_H030_03__x367_y724__t256.png
5.440260887145996,4.1788129806518555,3.878591775894165,2.694018840789795,1.4740155935287476,0.2511428892612457,127.77185172618813,147.34319944054582,167.2446707227663,14.594365199996222,9.70457433178816,2.4148339583991936,0.41410714658945136,165.47045685412914,149.05766341081352,128.39173490958106,data/tiles/train/H030/H030__Samsung_A52_H030_03__x623_y724__t256.png
5.879819393157959,4.536146640777588,4.234903812408447,3.033526659011841,1.748803973197937,0.2514457106590271,127.24055132740085,147.31516968604348,168.19691862080975,15.373800615723678,10.613926531990186,2.3666351630786924,0.42254083586720936,165.58529184657533,149.32103768368736,128.42731898545722,data/tiles/train/H030/H030__Samsung_A52_H030_03__x879_y724__t256.png
5.068458557128906,3.9306697845458984,3.4677183628082275,2.3520748615264893,1.8240329027175903,0.2285836637020111,143.3748186849451,161.45573971477506,181.53392454445532,14.299800973093923,9.17610089990068,2.4003827863324503,0.4166002213038288,179.77739877790845,163.87676336514707,142.71845346411345,data/tiles/train/H030/H030__Samsung_A52_H030_03__x1135_y724__t256.png
6.91448450088501,4.929934024810791,4.519514560699463,3.584151029586792,2.181777000427246,0.11054921895265579,128.67814721589536,152.74370136387483,174.40128784660797,16.89898379839967,11.908559481031293,2.58506840914718,0.3868369581483928,160.80441351575882,152.31970777348374,143.96259102498175,data/tiles/train/H037/H037__Motorola_Edge_H037_01__x49_y14__t256.png
8.607242584228516,6.054203510284424,5.421193599700928,4.178307056427002,2.8702070713043213,0.1141672134399414,115.00196238571715,145.80674603719686,171.27178868096794,20.637861580239218,14.869487152954585,2.1044190122068556,0.47519053677020484,152.85688858527058,144.45248657264582,136.35354278926044,data/tiles/train/H037/H037__Motorola_Edge_H037_01__x305_y14__t256.png
9.688031196594238,6.749464988708496,5.982203006744385,4.572372913360596,3.1348671913146973,0.11828780919313431,106.04110671695555,139.76264687344482,168.98549354693637,23.029072126248778,16.535100346563237,2.479590513665348,0.40329239626013613,147.16080145523875,138.6886638495862,130.74932189666546,data/tiles/train/H037/H037__Motorola_Edge_H037_01__x561_y14__t256.png
9.595416069030762,6.55751895904541,5.601924896240234,3.7586591243743896,2.056718349456787,0.11930373311042786,111.63296023754333,141.8463284765095,169.44266313428128,21.143404186762325,16.6653164981342,2.4908629519709478,0.4014672903656658,149.79811312228483,141.19126433941054,132.94343944359505,data/tiles/train/H037/H037__Motorola_Edge_H037_01__x817_y14__t256.png
7.721041679382324,5.406094074249268,4.583479404449463,3.139162302017212,2.0294127464294434,0.11063534021377563,126.70213710929914,152.26987911102904,174.98955306770668,17.812619390446166,13.612236491854324,2.4356318699501687,0.4105710769913925,160.13269960316657,151.54421856897486,143.35194062277608,data/tiles/train/H037/H037__Motorola_Edge_H037_01__x1073_y14__t256.png
6.86871862411499,4.823582172393799,4.525239944458008,3.7346584796905518,2.699571371078491,0.10701911896467209,129.16653331563919,154.47660648667394,176.5528162002363,17.4439819337157,11.713554267842364,2.496781413695905,0.4005156376583773,161.8971240115551,153.78631790145425,145.47111201259162,data/tiles/train/H037/H037__Motorola_Edge_H037_01__x49_y270__t256.png
9.044112205505371,6.463842868804932,6.033002853393555,4.887424945831299,2.983964204788208,0.11553141474723816,109.7218739129077,143.08682416161776,170.84673927160358,22.385783788801753,15.404231260385695,2.602482803931291,0.3842484563161791,150.07777822767798,141.5910454540306,133.696756994215,data/tiles/train/H037/H037__Motorola_Edge_H037_01__x305_y270__t256.png
9.8761568069458,6.6787896156311035,5.793005466461182,4.4622673988342285,2.5683469772338867,0.11421167105436325,105.233760093,139.59385813138667,166.43593115505516,22.422508325625845,16.556079272848102,2.64823884441878,0.3776094448986433,145.55098995375081,137.40179304801845,129.84552994348434,data/tiles/train/H037/H037__Motorola_Edge_H037_01__x561_y270__t256.png
9.52396011352539,6.297024726867676,5.4582719802856445,4.10374641418457,2.5498809814453125,0.1218360960483551,109.50977210924863,139.24689368332778,167.1779385399081,21.227580048451323,16.24882944697199,2.255424448273465,0.4433755255094017,147.50164385897745,138.91605350149328,130.57334105529938,data/tiles/train/H037/H037__Motorola_Edge_H037_01__x817_y270__t256.png
7.9042134284973145,5.454183101654053,4.5646843910217285,3.1727142333984375,2.055596113204956,0.10964781790971756,125.17398836204426,152.19840751751138,173.75982376806883,17.90790470903168,13.605170658386019,2.4880495554104063,0.4019212550752628,159.27137258546733,150.76202259478376,142.74191266513012,data/tiles/train/H037/H037__Motorola_Edge_H037_01__x1073_y270__t256.png
6.264351844787598,4.3477301597595215,3.804143190383911,2.9642975330352783,2.2587292194366455,0.10689748823642731,143.2854150995996,166.77436065173524,183.76672636876705,15.039085635041806,10.659544642439219,2.6337034307841494,0.37969347205591164,174.2107652687467,164.8643503452592,156.55091637467783,data/tiles/train/H037/H037__Motorola_Edge_H037_02__x118_y15__t256.png
7.493928909301758,5.12631893157959,4.478118419647217,3.238090991973877,2.1071231365203857,0.11778148263692856,129.22086236957108,154.7712311476619,176.17253859038237,17.39064801032923,12.944696864070183,2.510413183046356,0.398340801726715,163.09034230952116,153.55838066086872,144.96707737286988,data/tiles/train/H037/H037__Motorola_Edge_H037_02__x374_y15__t256.png
6.893198013305664,4.657992839813232,3.9520676136016846,2.813664674758911,1.7197272777557373,0.11820265650749207,130.9138958003155,154.20885415476502,172.70839534660755,15.606776125116056,11.820748021732795,2.326658641159691,0.42980090947143146,162.34565553022748,152.9067726434545,144.26072791511277,data/tiles/train/H037/H037__Motorola_Edge_H037_02__x630_y15__t256.png
7.105650424957275,4.895646095275879,4.2187676429748535,3.1597673892974854,1.9389214515686035,0.12004886567592621,128.7325049307798,152.70320751838597,172.69985715082794,16.19843273659777,12.264679275686063,2.6398128940963645,0.37881472669384414,161.07089640178992,151.52351092904667,142.84631079459214,data/tiles/train/H037/H037__Motorola_Edge_H037_02__x886_y15__t256.png
6.617720603942871,4.529417037963867,4.0557732582092285,3.0248615741729736,1.820029377937317,0.11324774473905563,137.74894507742715,160.75934882313666,178.7233489499887,15.226547511706606,11.566157846358568,2.2424182100971595,0.44594714558470877,168.7223506051356,159.45971389244392,150.65932745588987,data/tiles/train/H037/H037__Motorola_Edge_H037_02__x1142_y15__t256.png
7.096124172210693,4.855090141296387,4.226134777069092,3.2090542316436768,2.2606470584869385,0.11548731476068497,132.07128107287224,156.35865609443772,176.046334521082,16.421179727047623,12.228150814969833,2.574345276422172,0.38844828203845333,164.5045338866139,155.20722550031834,146.55854919752363,data/tiles/train/H037/H037__Motorola_Edge_H037_02__x118_y271__t256.png
8.760805130004883,6.007344722747803,5.321957111358643,4.2710723876953125,2.8050243854522705,0.12981772422790527,110.76277255901398,139.2365127646444,167.0410264125829,20.63680580887452,14.898789134948755,2.3449673738075227,0.4264451655787007,148.42225006234642,138.95436778489298,130.34658196029662,data/tiles/train/H037/H037__Motorola_Edge_H037_02__x374_y271__t256.png
8.714472770690918,6.077067852020264,5.290109157562256,3.958846092224121,2.2690718173980713,0.13290219008922577,109.1740135878024,136.44581296369572,163.78757382327072,19.87677163878836,14.949962713486885,2.701677336392905,0.3701404259233753,145.70955560726932,136.11936994997671,127.57424036063705,data/tiles/train/H037/H037__Motorola_Edge_H037_02__x630_y271__t256.png
8.84018325805664,5.854315757751465,5.163756370544434,3.821211576461792,2.22946834564209,0.13086256384849548,110.88936997547854,137.84825178901727,164.26985662200295,19.49771852595676,15.148473258632611,2.5236479485262624,0.39625178329012617,146.9866230920276,137.4476545952159,128.95430957328765,data/tiles/train/H037/H037__Motorola_Edge_H037_02__x886_y271__t256.png
7.912349224090576,5.362491130828857,4.590672016143799,3.4954679012298584,2.241346836090088,0.12165839225053787,122.67503427845118,149.00179490189234,171.02274214226634,17.794271218369232,13.611736719797987,2.613876930116604,0.3825734825072236,157.06643700736177,147.74300021339067,139.06604384329006,data/tiles/train/H037/H037__Motorola_Edge_H037_02__x1142_y271__t256.png
4.348139762878418,3.5071582794189453,3.408552885055542,2.751659393310547,1.9184387922286987,0.08263693749904633,151.83725412635337,170.0212030770607,183.10752509534458,11.964418686847544,7.561201712556829,2.457333508339921,0.40694516906480516,175.7631702218718,169.07122097194278,161.86316589190972,data/tiles/train/H037/H037__Motorola_Edge_H037_03__x110_y15__t256.png
5.863402843475342,4.5058488845825195,4.225694179534912,3.301970958709717,2.139486074447632,0.09215215593576431,136.20069421492204,159.1490386323146,176.79122202926544,15.087770586338838,10.278328780050023,2.756599745170105,0.3627657594295728,165.20736295688417,157.93827131434801,150.68537216709643,data/tiles/train/H037/H037__Motorola_Edge_H037_03__x366_y15__t256.png
5.712924957275391,4.450370788574219,4.044513702392578,3.040513515472412,2.130542516708374,0.10299909859895706,131.25644889465784,153.83148746530603,172.8118195023604,15.426875741628702,10.057262209246021,2.5322555433981053,0.39490485176629203,160.9516661928265,153.10343233169942,145.18476605046027,data/tiles/train/H037/H037__Motorola_Edge_H037_03__x622_y15__t256.png
5.254918575286865,4.2099175453186035,4.067572116851807,3.1278016567230225,2.269876480102539,0.10406766086816788,132.73777603191232,154.61577300264676,172.5612941368722,14.771350584295003,9.311347104082543,2.5118627669352214,0.3981109211711123,161.7287341044474,153.69067375582952,145.73207849445438,data/tiles/train/H037/H037__Motorola_Edge_H037_03__x878_y15__t256.png
4.206724643707275,3.5278432369232178,3.3921587467193604,2.6625540256500244,2.008110284805298,0.09218500554561615,145.028890848966,165.35800909171078,178.65333939880352,12.563835082727625,7.442522820219864,2.424178950716102,0.4125108007000062,171.09441912728667,163.83338558648893,156.0188682844825,data/tiles/train/H037/H037__Motorola_Edge_H037_03__x1134_y15__t256.png
5.813978672027588,4.6479387283325195,4.412990093231201,3.4731462001800537,2.352844715118408,0.09414315968751907,133.43857051460256,157.93232807401162,176.39129267306302,15.8990067066369,10.344972576124926,2.30810496547364,0.4332558592259658,163.76731222067593,156.72695234394118,149.12812924487326,data/tiles/train/H037/H037__Motorola_Edge_H037_03__x110_y271__t256.png
7.9378581047058105,5.872038841247559,5.406642436981201,4.147377967834473,2.6098146438598633,0.10359273105859756,113.63702460274766,139.66783858782915,167.52376124711228,19.79779430780029,13.93684182288822,2.554541786327005,0.39145963685245855,147.49324623534937,140.27310691911447,132.97191595574932,data/tiles/train/H037/H037__Motorola_Edge_H037_03__x366_y271__t256.png
8.502741813659668,6.221220970153809,5.785110950469971,4.435385704040527,2.7727789878845215,0.10913070291280746,106.33817841863885,135.43398016472364,165.03539379925704,21.148069345543117,14.757151848074736,2.567471643199968,0.38948823549756917,143.06106060208617,135.34097412711228,128.2748849238582,data/tiles/train/H037/H037__Motorola_Edge_H037_03__x622_y271__t256.png
8.521671295166016,6.22575569152832,5.6944732666015625,4.381200313568115,2.6769211292266846,0.11034023761749268,109.67592930938986,138.11906372017117,166.73328559433125,20.73948049363634,14.909909341440338,2.6119428737529584,0.38285676537908137,145.84668329773353,138.14718991331307,130.60390869515356,data/tiles/train/H037/H037__Motorola_Edge_H037_03__x878_y271__t256.png
7.015677452087402,5.340963840484619,5.0386643409729,3.727032423019409,2.2557590007781982,0.1030256524682045,123.25132415199509,149.8763596348521,172.45162686818648,17.945451082233646,12.312598186617425,2.4120394152293825,0.41458692328412927,156.4958796116307,149.02730954725473,141.15919219529474,data/tiles/train/H037/H037__Motorola_Edge_H037_03__x1134_y271__t256.png
3.2448549270629883,3.0811820030212402,3.351346731185913,2.842646837234497,2.1718955039978027,0.2034464180469513,162.21738146252704,179.9487349436487,195.343380912174,12.338315173907061,6.0602651576330455,2.4570393920716023,0.4069938818347029,195.64014533715778,183.6323801207144,159.1282391020677,data/tiles/train/H037/H037__Samsung_A52_H037_01__x69_y202__t256.png
3.4366557598114014,3.314009428024292,3.650813341140747,2.9930648803710938,2.029005289077759,0.22211988270282745,150.39723209696794,166.79186921185513,182.3537354385967,12.12937562149565,6.396670446688428,2.697584134545039,0.3707020615943291,183.1190199750487,171.18152032831898,146.0714954638916,data/tiles/train/H037/H037__Samsung_A52_H037_01__x325_y202__t256.png
3.979497194290161,3.3846445083618164,3.4058241844177246,2.775852680206299,1.9326391220092773,0.241348996758461,143.4687701301027,160.0725268390314,173.86084833582194,11.78039333947114,7.0088215284424225,2.4585448515958745,0.40674466416623906,176.5369055371499,164.38570177832005,138.0128972635928,data/tiles/train/H037/H037__Samsung_A52_H037_01__x581_y202__t256.png
4.224515438079834,3.5166471004486084,3.4280195236206055,2.651599645614624,1.7568527460098267,0.2590462267398834,139.64624566811412,156.95885615276674,173.6830352037674,12.727629930983367,7.522520734022586,2.404883957986175,0.41582047927060467,174.8658439553326,161.82805842967454,134.20437108234728,data/tiles/train/H037/H037__Samsung_A52_H037_01__x837_y202__t256.png
4.015964984893799,3.574326515197754,3.7663731575012207,3.1229193210601807,2.0941126346588135,0.2368401288986206,149.59577253294967,168.50350732583306,186.48884678365712,13.906287914399366,7.511239512908931,2.2466444810860153,0.44510825296070233,185.87138133640778,173.46980043763554,145.98716082307197,data/tiles/train/H037/H037__Samsung_A52_H037_01__x1093_y202__t256.png
3.7664740085601807,3.5622661113739014,3.770232915878296,3.1638622283935547,2.3923418521881104,0.2207096368074417,151.15850237266997,169.20738305397012,185.43398039708117,13.166810472609377,7.049529947254736,2.214544892031622,0.45156004901874025,185.54700408961446,173.41791984564108,148.2326727511833,data/tiles/train/H037/H037__Samsung_A52_H037_01__x69_y458__t256.png
5.547926425933838,4.645914554595947,4.6702775955200195,3.8017079830169678,2.644336223602295,0.2583310008049011,124.65070040914314,146.624614010206,169.95946703305154,16.902668482466048,10.017417162350966,2.4502808493418398,0.4081164819406747,164.03968915159882,151.58166350526736,126.01061772756192,data/tiles/train/H037/H037__Samsung_A52_H037_01__x325_y458__t256.png
6.402357578277588,4.949434280395508,4.8295745849609375,3.7093260288238525,2.1821343898773193,0.27604007720947266,115.01552447760992,137.21933807139177,160.61990373783095,16.89696660423855,11.295478892893257,2.6125239910468396,0.38277160455827985,154.58388468056881,142.0175891651111,116.5760537301264,data/tiles/train/H037/H037__Samsung_A52_H037_01__x581_y458__t256.png
6.270442008972168,4.865898609161377,4.745325565338135,3.6811184883117676,2.115274667739868,0.27862799167633057,118.54483184015358,140.0169237156108,163.14578910868792,16.591753541330103,11.274818824079645,2.3162639812197194,0.43172971997492743,157.96975545882458,145.08314722692106,118.79061978364493,data/tiles/train/H037/H037__Samsung_A52_H037_01__x837_y458__t256.png
5.345154285430908,4.2759552001953125,4.229328155517578,3.401172637939453,2.21269154548645,0.25978052616119385,134.53102030154506,156.2389036297593,176.53298599501292,15.659815805330835,9.690006899721695,2.4188228468152153,0.41342424118271714,173.94536343799024,160.81091620724584,133.40614719800502,data/tiles/train/H037/H037__Samsung_A52_H037_01__x1093_y458__t256.png
3.5349137783050537,3.1388351917266846,3.198335886001587,2.5040459632873535,1.7535322904586792,0.2263593226671219,156.76616110279693,174.52275462141623,189.306411309345,12.033658923815594,6.537166695643944,2.418320135607584,0.413510182244237,191.29187123500506,178.45199907843178,151.92996141686157,data/tiles/train/H037/H037__Samsung_A52_H037_01__x69_y714__t256.png
5.442996025085449,4.553040504455566,4.526477336883545,3.676800012588501,2.3752241134643555,0.24977485835552216,132.306560901609,155.54612395570635,176.7952606497664,16.58388682440607,9.883857431349453,2.4373635409930783,0.41027937900168987,172.49913305413003,159.42616075085118,133.72974017314,data/tiles/train/H037/H037__Samsung_A52_H037_01__x325_y714__t256.png
5.460265159606934,4.267360210418701,4.116601467132568,3.1037564277648926,1.7977396249771118,0.2657650113105774,126.96149345712054,146.7001060505191,167.71376338266154,15.340096332098383,9.751230909458554,2.5167168753794718,0.3973430661918296,164.7222043971677,151.6023602820975,125.57505294968925,data/tiles/train/H037/H037__Samsung_A52_H037_01__x581_y714__t256.png
5.1907124519348145,4.046685218811035,3.8334922790527344,3.114448308944702,2.148165464401245,0.2642871141433716,131.40803117241123,150.53231835387203,170.27459266908565,14.749811953070227,9.32959169606092,2.230402245866532,0.4483496202773463,168.7408768812361,155.39402621276295,128.8360810135045,data/tiles/train/H037/H037__Samsung_A52_H037_01__x837_y714__t256.png
4.954161167144775,3.8902719020843506,3.7425920963287354,2.9413435459136963,1.9203025102615356,0.24719221889972687,142.616507943236,162.34723074612637,180.05605891607206,14.018754881235362,8.904459561607137,2.248139657368584,0.4448122236189214,179.78594375872146,166.4411758574323,139.74325712916422,data/tiles/train/H037/H037__Samsung_A52_H037_01__x1093_y714__t256.png
2.893850564956665,2.8013713359832764,3.0907716751098633,2.7006518840789795,2.05918288230896,0.21144598722457886,167.4187203898696,182.06531580057631,195.5207154592741,10.788813160905326,5.334628971499984,2.220277211624206,0.4503942096800007,199.0080758568629,186.4692633590958,160.5247578872972,data/tiles/train/H037/H037__Samsung_A52_H037_02__x79_y199__t256.png
3.5328612327575684,3.380908727645874,3.709538221359253,3.143834352493286,2.104902505874634,0.22271692752838135,150.346041767628,167.33008515279437,182.5209358287776,12.168651699268105,6.554348120118829,2.5088550525051065,0.39858819225187764,183.50085002317394,171.29332008325989,146.3007777884069,data/tiles/train/H037/H037__Samsung_A52_H037_02__x335_y199__t256.png
4.097076416015625,3.6472361087799072,3.6921560764312744,2.8506102561950684,2.0883591175079346,0.24498066306114197,139.3889769824968,157.46564986198374,174.90420077230138,13.280542526564197,7.408045466192979,2.3638008737015537,0.42304747879802035,174.54403184700053,162.08135088241886,135.95316295477852,data/tiles/train/H037/H037__Samsung_A52_H037_02__x591_y199__t256.png
4.143409729003906,3.6148505210876465,3.7960405349731445,3.0569448471069336,2.201167106628418,0.2522793114185333,137.9083290939509,156.9643961547905,174.99240461607874,13.842839187007522,7.5201412983523905,2.40814382193274,0.4152575900543245,174.35610269020498,161.4703033804168,134.78124760159884,data/tiles/train/H037/H037__Samsung_A52_H037_02__x847_y199__t256.png
3.6247856616973877,3.192338705062866,3.2018957138061523,2.581017255783081,2.0192742347717285,0.22789053618907928,152.1015687788645,170.6019319769213,186.84144058710663,12.859463044984155,6.562933432221912,2.4580063164480963,0.40683377959949035,187.2330741424014,174.75247052464368,148.4579872474493,data/tiles/train/H037/H037__Samsung_A52_H037_02__x1103_y199__t256.png
3.6903462409973145,3.5916569232940674,3.910684108734131,3.267749309539795,2.285139560699463,0.23053494095802307,150.1684164037213,169.46032520428443,185.49582276689208,13.089693491880466,7.080392849201212,2.070009807638168,0.4830894985666644,185.93226269806843,173.36373609468617,147.0262412817551,data/tiles/train/H037/H037__Samsung_A52_H037_02__x79_y455__t256.png
5.660428047180176,4.6826171875,4.762630939483643,3.8132340908050537,2.4563498497009277,0.25953519344329834,124.19555227050837,145.68389340140865,169.2801274518459,16.850190644852717,10.292003434406087,2.59721399527182,0.3850279575808853,163.25947526156085,150.86985087538682,125.24854885960698,data/tiles/train/H037/H037__Samsung_A52_H037_02__x335_y455__t256.png
6.665045738220215,5.239756107330322,5.206913471221924,4.011979103088379,2.309316873550415,0.2753906846046448,112.33259335974158,135.71409799788685,162.39641988019324,18.309008916790493,11.889768816504358,2.292188247441863,0.43626434308614226,153.29032556643796,140.86799679356264,115.66950278984717,data/tiles/train/H037/H037__Samsung_A52_H037_02__x591_y455__t256.png
6.593619346618652,5.186610221862793,5.09883451461792,4.119819641113281,2.599318265914917,0.2753320038318634,116.15401894052575,139.54418947356973,164.98254588587028,18.039532027192752,11.764586825919844,2.5197243499358057,0.3968688082986048,157.3091469112341,144.5164458301378,118.71326674177128,data/tiles/train/H037/H037__Samsung_A52_H037_02__x847_y455__t256.png
5.414767265319824,4.391101837158203,4.373962879180908,3.318655014038086,2.013465404510498,0.24771814048290253,135.4732746619699,157.623756211094,177.92684262234397,15.740508624285306,9.786590100690129,2.235383543712309,0.44735052416968973,174.53694019779581,161.77031297833457,135.5725462335948,data/tiles/train/H037/H037__Samsung_A52_H037_02__x1103_y455__t256.png
3.6991491317749023,3.3547863960266113,3.4025750160217285,2.693964719772339,1.9409505128860474,0.22382666170597076,156.73197437628008,174.638614221348,189.83993583669061,12.313906630150342,6.880177290896735,2.5955331502291386,0.3852772983892416,191.2075117730847,178.66916211552018,152.25222769105923,data/tiles/train/H037/H037__Samsung_A52_H037_02__x79_y711__t256.png
4.974213600158691,4.160391330718994,4.105540752410889,3.343252182006836,2.1352927684783936,0.2464873194694519,136.25281136103558,156.35504739603942,176.57375692047563,15.008554144394083,9.1331626778975,2.6667461345217847,0.37498882516588905,173.67454949542733,160.73808308087865,135.0983791872784,data/tiles/train/H037/H037__Samsung_A52_H037_02__x335_y711__t256.png
5.7297186851501465,4.515103340148926,4.357784748077393,3.0536677837371826,1.6469236612319946,0.26087915897369385,126.90511263368289,147.1861261575481,168.36764001641552,15.416312553476105,10.342693480753487,2.18598940113771,0.45745875962598204,164.72484483668418,151.90385144374355,126.21526080933256,data/tiles/train/H037/H037__Samsung_A52_H037_02__x591_y711__t256.png
5.7656755447387695,4.515511989593506,4.380918502807617,3.4299044609069824,2.447155237197876,0.2612500488758087,126.01828735150478,148.73907240724773,170.44067729179653,16.555867179927002,10.252878514188382,2.6529004511365497,0.37694591953934126,166.03345197190652,152.99518759580386,127.17680204236866,data/tiles/train/H037/H037__Samsung_A52_H037_02__x847_y711__t256.png
5.274847507476807,4.261146068572998,4.1246466636657715,3.1833255290985107,2.363374710083008,0.24171219766139984,139.52968487827135,162.08860301710536,181.84135162436655,15.68729241807904,9.578288771963093,2.3941056029540135,0.41769251897916726,178.8144703745953,165.82647888099078,139.78482868768486,data/tiles/train/H037/H037__Samsung_A52_H037_02__x1103_y711__t256.png
2.9336462020874023,2.750929594039917,2.9320266246795654,2.4205243587493896,1.780981421470642,0.22402943670749664,158.56463551933734,174.4134947499574,187.20982621544883,10.81437844398703,5.396600401915378,2.5710302178122557,0.38894914306021705,188.6007226383478,183.1111464017934,149.67785681208264,data/tiles/train/H037/H037__Samsung_A52_H037_03__x87_y188__t256.png
4.099497318267822,3.5936954021453857,3.843552350997925,3.0702085494995117,1.8336970806121826,0.23975855112075806,144.71000381179326,161.67097632524428,179.25948037203753,12.972083212166156,7.5846969669901805,2.5782178264208597,0.38786482265085515,176.60684328061973,171.5474629595351,137.7967866985534,data/tiles/train/H037/H037__Samsung_A52_H037_03__x343_y188__t256.png
4.8558735847473145,3.8818862438201904,3.8204729557037354,2.9497382640838623,2.007331371307373,0.26047593355178833,134.76848241826158,154.18317150320806,171.53244568688942,13.723545725307698,8.591901127438694,2.414002975349477,0.41424969654614,168.8891598645442,163.60950147494472,128.84421385831328,data/tiles/train/H037/H037__Samsung_A52_H037_03__x599_y188__t256.png
5.175432205200195,4.257155895233154,4.3094892501831055,3.5717363357543945,2.375669479370117,0.2760876417160034,130.06901083100362,150.52916790149555,171.60173488547434,15.383078151636177,9.447463555467218,2.4816756220847003,0.40295354924748894,166.67441238040877,160.73491291716613,125.05527176421043,data/tiles/train/H037/H037__Samsung_A52_H037_03__x855_y188__t256.png
4.464663505554199,3.750335931777954,3.725053548812866,3.0024428367614746,2.1363279819488525,0.24811778962612152,148.05881973916664,168.55965256583642,184.52525408134684,13.545101576360691,8.140891678527593,2.367962524154769,0.42230398065820085,183.30754649524056,177.64424280707496,141.74601623735552,data/tiles/train/H037/H037__Samsung_A52_H037_03__x1111_y188__t256.png
3.711836814880371,3.2663118839263916,3.307056188583374,2.6368613243103027,1.7280638217926025,0.2401164472103119,149.48824064990936,165.57762857200763,179.80195292071826,11.427308861267601,6.878115799470578,1.9938700028179968,0.5015372108445735,180.3109836572933,174.8567770841048,140.6450824600572,data/tiles/train/H037/H037__Samsung_A52_H037_03__x87_y444__t256.png
6.1630754470825195,4.794074535369873,4.534555435180664,3.461024522781372,2.0747182369232178,0.2657682001590729,125.71187010717678,148.79279481394315,169.89292823825815,16.459515706449046,10.998911451876609,2.2104045981991565,0.4524058630780592,163.42169014688076,157.896175371315,123.97663952123148,data/tiles/train/H037/H037__Samsung_A52_H037_03__x343_y444__t256.png
6.6832990646362305,5.2118024826049805,4.929237365722656,3.642413377761841,2.2425696849823,0.28712284564971924,113.46708814736661,136.19044425191694,160.6048675426385,17.28151088574618,11.994895356254546,2.6472552301527204,0.37774974948007184,151.71673049474902,146.11844446780034,112.47000629017298,data/tiles/train/H037/H037__Samsung_A52_H037_03__x599_y444__t256.png
6.086759567260742,4.873628616333008,4.837666034698486,3.835089683532715,2.3539347648620605,0.2927209734916687,116.74254591029506,139.33987982307642,162.46965471589718,16.77970361283422,11.05449589063837,2.5927112526861538,0.38569663280627936,155.22517007776415,149.27706639768962,114.36622534819128,data/tiles/train/H037/H037__Samsung_A52_H037_03__x855_y444__t256.png
5.887563705444336,4.626358509063721,4.423669338226318,3.4606072902679443,2.3028604984283447,0.27631351351737976,131.06506676422953,153.40339358688163,175.1753734499534,16.456602333385604,10.6832000994867,2.462150382410631,0.40614903425229637,169.71221385709745,163.3232095720864,127.31532292035747,data/tiles/train/H037/H037__Samsung_A52_H037_03__x1111_y444__t256.png
3.38151478767395,2.9207563400268555,2.8819198608398438,2.3525116443634033,1.7200212478637695,0.24045808613300323,154.10671477126968,169.30061996296226,182.29220057585766,10.601979939818769,6.236772634464935,2.3609312155012194,0.42356168338758765,184.30856967521657,178.68957660047894,143.69619159879667,data/tiles/train/H037/H037__Samsung_A52_H037_03__x87_y700__t256.png
5.078760623931885,3.9436774253845215,3.6729133129119873,2.554830551147461,1.5828769207000732,0.2528459429740906,137.84493006816953,156.99946298420966,174.37951413807173,13.53136371372524,9.127758925887155,2.2503383721643924,0.4443776155486308,171.81061586378246,166.04526909454,132.19845748348823,data/tiles/train/H037/H037__Samsung_A52_H037_03__x343_y700__t256.png
5.4307861328125,4.359034061431885,4.209312915802002,3.1134884357452393,2.0291967391967773,0.27599862217903137,124.93082783793331,147.78825841072867,166.48398726192315,15.401794058776684,9.794762822863097,2.2254918259781165,0.44933887796262484,162.4002448941084,156.45459055353442,121.86902928525951,data/tiles/train/H037/H037__Samsung_A52_H037_03__x599_y700__t256.png
5.605593204498291,4.695664882659912,4.710857391357422,3.8919146060943604,2.8225865364074707,0.2821149528026581,122.43113901869481,146.78174179884388,168.71251240099804,17.197378698209576,10.191249152929176,2.558159557032048,0.39090603135020646,162.15859217372423,155.9255894947842,120.96796608045983,data/tiles/train/H037/H037__Samsung_A52_H037_03__x855_y700__t256.png
4.9568634033203125,4.002640724182129,3.8102974891662598,2.8793814182281494,1.915937900543213,0.2604230046272278,140.82899491586298,161.00016360273156,179.79481956063714,14.359114610250364,9.161969207808008,2.343508536543689,0.42671062827654327,176.85275746294587,170.49166745783566,134.98542036514067,data/tiles/train/H037/H037__Samsung_A52_H037_03__x1111_y700__t256.png
5.780710697174072,4.17308235168457,3.6137337684631348,2.597860336303711,1.6869239807128906,0.11447025835514069,139.63670044521723,159.44565535648061,178.84175934264283,14.441600864716625,10.14967186685763,2.5169391965211747,0.397307968894189,168.37670012514067,159.91013206658832,150.12216547881815,data/tiles/train/H038/H038__Motorola_Edge_H038_01__x34_y15__t256.png
6.477305889129639,5.053294658660889,4.552029132843018,3.139119863510132,1.8562391996383667,0.11714611202478409,130.61828376590293,153.48628063713548,173.79801987619632,15.963707632618059,11.646300420004167,2.331799954263202,0.42885325483076364,161.8699668296994,153.14842929060313,143.94792829831607,data/tiles/train/H038/H038__Motorola_Edge_H038_01__x290_y15__t256.png
8.150040626525879,5.856722831726074,5.4797587394714355,4.206107139587402,2.5456013679504395,0.12061420828104019,117.26683834197183,145.0315265967113,171.6128837441047,19.997055863564206,14.12049513258212,2.6023010140887712,0.3842752988935689,153.5441926735443,144.93118965556195,136.08518769286738,data/tiles/train/H038/H038__Motorola_Edge_H038_01__x546_y15__t256.png
7.564778804779053,5.524517059326172,4.96846342086792,3.832714319229126,2.1519761085510254,0.11820878088474274,122.04520710992665,148.95780879572385,171.72330017987665,18.323838344705788,13.285475227843579,2.576726819761651,0.38808925817464063,156.6840214218795,148.21633535000078,139.1955602503459,data/tiles/train/H038/H038__Motorola_Edge_H038_01__x802_y15__t256.png
5.653049468994141,4.4253153800964355,4.369289398193359,3.6359987258911133,2.6005516052246094,0.11220626533031464,133.01881684728585,157.70225665848963,176.90559395035015,16.073025477247395,9.970847697673165,2.36611073282578,0.4226344887949212,165.06756693167904,156.69294298457982,147.51570955002407,data/tiles/train/H038/H038__Motorola_Edge_H038_01__x1058_y15__t256.png
5.870568752288818,4.375075817108154,3.93890380859375,2.9564614295959473,1.7493144273757935,0.11180148273706436,140.3593758011685,161.36829582980576,180.33257748392148,14.797256613515392,10.433237860584072,2.7054505538989324,0.3696242012476851,169.7812842800022,161.44305253944944,151.78926110511185,data/tiles/train/H038/H038__Motorola_Edge_H038_01__x34_y271__t256.png
7.018293380737305,5.426527500152588,5.075356960296631,3.9154951572418213,2.494675636291504,0.12045112997293472,123.4055158690223,148.7744259398584,172.69945510591276,18.08670374666013,12.565068811270654,2.4748645198803367,0.4040625221975187,157.36295342162825,148.66798073828372,139.48014169018003,data/tiles/train/H038/H038__Motorola_Edge_H038_01__x290_y271__t256.png
9.290711402893066,6.7044758796691895,6.174271583557129,4.682938575744629,2.7723469734191895,0.12621203064918518,107.97385570761541,139.33230122806427,169.95954627569242,22.634384135712825,16.087619442058106,2.625613807103099,0.3808633231950145,148.05263209285872,139.40842595590652,130.46999085824535,data/tiles/train/H038/H038__Motorola_Edge_H038_01__x546_y271__t256.png
9.401708602905273,6.517791271209717,5.913238525390625,4.427958011627197,2.4610211849212646,0.12447216361761093,110.56833668892436,141.51121157959247,170.40380965829567,21.869783313336786,16.165305880181922,2.4756967803795633,0.40392668759971656,149.8813623880831,141.40870461341112,132.3061476549922,data/tiles/train/H038/H038__Motorola_Edge_H038_01__x802_y271__t256.png
6.454439163208008,5.065944671630859,4.963449001312256,4.367941379547119,3.017146110534668,0.1166878193616867,124.58025066113574,151.54255840309017,174.47380306199224,18.290138193026618,11.35517746463719,2.322205172077046,0.43062517129163563,159.27969039967377,150.9349128629482,141.74974967584777,data/tiles/train/H038/H038__Motorola_Edge_H038_01__x1058_y271__t256.png
6.202989101409912,4.426680564880371,3.7874011993408203,2.6529366970062256,1.729587197303772,0.12470121681690216,133.60037930940666,155.45102616315972,174.7569051459224,15.23289296298547,10.812653582320666,2.542758705839722,0.3932736510559933,164.2353088596071,155.5896471359091,144.9173325749665,data/tiles/train/H038/H038__Motorola_Edge_H038_02__x33_y14__t256.png
8.665340423583984,6.137904167175293,5.368653774261475,4.037055492401123,2.9026007652282715,0.13356859982013702,114.68247405441916,145.29637984372422,170.9907366790569,20.649458370007054,15.138635792609573,2.5067182140007147,0.39892796661975144,153.53133398841385,144.5882437446257,134.28195552149074,data/tiles/train/H038/H038__Motorola_Edge_H038_02__x289_y14__t256.png
8.80514144897461,6.006509304046631,5.107219219207764,3.8663485050201416,2.4808762073516846,0.13659971952438354,112.44598644838294,141.070189780904,167.09592055059946,19.951373151398833,15.247230134787134,2.3853471468648264,0.4192261915899105,150.02997305483973,140.81801672791963,130.8296912245059,data/tiles/train/H038/H038__Motorola_Edge_H038_02__x545_y14__t256.png
8.606142044067383,5.956827163696289,4.939213275909424,3.5776047706604004,2.1901776790618896,0.1346367448568344,114.90922260186039,143.1048406793855,168.13535327329427,19.506720432990733,15.017003638976188,2.266712897367514,0.44116747258171385,151.76834315106004,142.70103265282825,132.60185097981798,data/tiles/train/H038/H038__Motorola_Edge_H038_02__x801_y14__t256.png
6.90314245223999,5.215421676635742,4.845161437988281,3.7415363788604736,2.376837968826294,0.1282559186220169,126.1457852943103,152.9385089201447,174.73397283446948,17.794559841410145,12.307209140754056,2.685508247675587,0.37236899229988935,161.3268617001346,152.0686672249394,141.86363318906263,data/tiles/train/H038/H038__Motorola_Edge_H038_02__x1057_y14__t256.png
7.01449728012085,5.109239101409912,4.724661350250244,3.6478991508483887,2.4479458332061768,0.12916076183319092,127.32354857476923,153.35948526440274,175.7456730866213,17.82426986324944,12.36508620798179,2.495915530449696,0.4006545845803633,162.1718261595787,153.14856570915694,142.46551463764393,data/tiles/train/H038/H038__Motorola_Edge_H038_02__x33_y270__t256.png
8.83745288848877,6.419162750244141,5.895310878753662,4.764630317687988,3.1310369968414307,0.13700509071350098,109.58601593733665,141.05049969333461,169.6529125851022,22.004545301788752,15.380767153756452,2.398320992710985,0.4169583650558936,149.8429550770819,140.90458563272801,130.60067125082,data/tiles/train/H038/H038__Motorola_Edge_H038_02__x289_y270__t256.png
9.646430969238281,6.664426326751709,5.8844170570373535,4.636868476867676,3.0323119163513184,0.14268286526203156,102.09796764252646,135.4885486205091,164.43673887789475,22.771879911352638,16.36157534263655,2.632218933502848,0.37990760847132177,143.99548623680477,134.70853249124087,124.80425063244608,data/tiles/train/H038/H038__Motorola_Edge_H038_02__x545_y270__t256.png
9.648701667785645,6.645880699157715,5.857153415679932,4.446146488189697,2.6095263957977295,0.14239822328090668,105.10604630939838,136.3102709604828,165.98264573101494,22.159008915407462,16.6477459266534,2.4750756286185687,0.4040280581479189,145.5551625671549,136.45480386964124,126.18007392865836,data/tiles/train/H038/H038__Motorola_Edge_H038_02__x801_y270__t256.png
8.293195724487305,6.077333927154541,5.631172180175781,4.543641090393066,2.7835702896118164,0.1343812197446823,115.30662914179624,145.78043177177142,172.27239272440227,20.81306410509036,14.49823610601046,2.542995227259441,0.3932370730705969,154.3997180276739,145.15433043788119,134.94147903261847,data/tiles/train/H038/H038__Motorola_Edge_H038_02__x1057_y270__t256.png
5.9202728271484375,4.266556739807129,3.701967477798462,2.5020132064819336,1.7542529106140137,0.1186874657869339,137.84446279552654,158.73635465357538,177.71990423937527,14.774641537471554,10.279365764353013,2.335465821304991,0.42818010474725293,167.4927648805931,158.80109537275382,148.70079399394427,data/tiles/train/H038/H038__Motorola_Edge_H038_03__x36_y14__t256.png
8.665246963500977,6.052354335784912,5.177066326141357,3.942371368408203,2.897395372390747,0.1276157647371292,117.54373414282634,148.5884816156184,173.5483319199824,20.538132977204505,14.933307580678179,2.2974327916668527,0.435268445556778,156.33365219911022,147.394056980447,137.56330610572718,data/tiles/train/H038/H038__Motorola_Edge_H038_03__x292_y14__t256.png
8.781072616577148,6.189250946044922,5.37111759185791,4.054245948791504,2.2499492168426514,0.1312766820192337,114.23551513589484,144.49878116026105,170.64548945941948,20.743990353229805,15.232374696769059,2.462582429050015,0.4060777776221557,152.88703773679632,143.64054099570197,134.04592443220648,data/tiles/train/H038/H038__Motorola_Edge_H038_03__x548_y14__t256.png
8.147334098815918,5.837193965911865,5.038969039916992,3.8338513374328613,2.722813367843628,0.13006162643432617,117.30634660942461,146.63091001227178,170.6905065519611,19.681834790662514,14.03589694674819,2.532066364426284,0.3949343564012707,154.71247033497104,145.50316412777144,135.80911038237448,data/tiles/train/H038/H038__Motorola_Edge_H038_03__x804_y14__t256.png
7.759644508361816,5.43760347366333,4.726132392883301,3.6352550983428955,2.304213047027588,0.12317965179681778,128.0726867478187,156.46401120452842,178.53730534739975,18.528198329485804,13.485063723000632,2.549801677791041,0.3921873644958638,164.38636186700708,155.26397104334336,145.2959585559643,data/tiles/train/H038/H038__Motorola_Edge_H038_03__x1060_y14__t256.png
6.563652515411377,4.785591125488281,4.22877311706543,3.3282389640808105,2.4883620738983154,0.11902578920125961,132.8813552266386,156.2659297147646,178.00593954269436,16.61668719493868,11.468243694517897,2.433085267974316,0.4110008034500812,165.08272099507116,156.4582349459163,146.51257259213918,data/tiles/train/H038/H038__Motorola_Edge_H038_03__x36_y270__t256.png
9.323180198669434,6.8766679763793945,6.323489665985107,4.7705397605896,2.817631483078003,0.13280189037322998,109.49478243650883,144.86897004673835,173.1635199484265,23.294660406314982,16.1918015667228,2.513411371394457,0.3978656305056794,152.62801961249684,143.49973440532253,133.60510405764447,data/tiles/train/H038/H038__Motorola_Edge_H038_03__x292_y270__t256.png
8.85176944732666,6.673418045043945,6.192196846008301,4.875563621520996,3.134042739868164,0.13679201900959015,105.28692058810573,137.55158916664885,168.35519219023212,23.014659619497777,15.398377137969844,2.403908863452049,0.41598914800954023,146.60278520687913,137.25117940295783,127.83344819923528,data/tiles/train/H038/H038__Motorola_Edge_H038_03__x548_y270__t256.png
9.270730972290039,6.626407623291016,5.835148811340332,4.600997447967529,2.6932144165039062,0.1360098272562027,108.4069622683013,140.3148907203356,168.84020914495616,22.12493951114167,16.089350406808553,2.3610847128419477,0.4235341470642695,149.05506660767156,139.80187645351347,130.06748244271802,data/tiles/train/H038/H038__Motorola_Edge_H038_03__x804_y270__t256.png
8.806914329528809,6.02468204498291,5.146111488342285,3.8922693729400635,2.389899730682373,0.12839366495609283,120.0910540929729,150.89772019796683,176.12332784053615,20.5562266790517,15.14832379019149,2.6386091805124656,0.3789875391117156,159.03175827658714,149.75097119193777,139.83199796679222,data/tiles/train/H038/H038__Motorola_Edge_H038_03__x1060_y270__t256.png
2.933943748474121,2.84332537651062,3.115004062652588,2.6833348274230957,1.933271884918213,0.23331964015960693,159.88609140638482,175.02347727641362,187.82894511086127,10.514126374425334,5.628714449836385,2.26266455522795,0.4419568060539385,190.019578557255,184.50562021018504,149.28237430823273,data/tiles/train/H038/H038__Samsung_A52_H038_01__x88_y210__t256.png
4.0542073249816895,3.8309082984924316,4.337706565856934,4.0728840827941895,3.0117859840393066,0.2450712025165558,137.66678271652088,158.23104582547572,177.8672941105721,15.095786171841352,7.654760837695239,2.642714392625797,0.37839881706112083,172.5491252884461,167.99391125514867,133.8855047231224,data/tiles/train/H038/H038__Samsung_A52_H038_01__x344_y210__t256.png
4.871785640716553,4.126232624053955,4.3648834228515625,3.8785815238952637,2.5968990325927734,0.25628355145454407,131.73590385389284,152.15344367490707,172.65287879676615,15.420028282097448,8.858032211102465,2.5017554098777657,0.399719331494864,166.79512671794444,162.53994970480258,127.82847571237377,data/tiles/train/H038/H038__Samsung_A52_H038_01__x600_y210__t256.png
4.601381778717041,3.8806257247924805,3.9101030826568604,3.2553048133850098,2.324162244796753,0.26104462146759033,134.79865389033353,154.37408918606425,172.18880632003516,14.045998470892531,8.345053624890067,2.5707755430565005,0.38898767443969806,169.04011616674455,164.54638054965034,128.83792882146534,data/tiles/train/H038/H038__Samsung_A52_H038_01__x856_y210__t256.png
4.057761192321777,3.651986598968506,3.814892292022705,3.272782802581787,2.2674946784973145,0.240364670753479,147.86033955263017,168.35473238607725,186.29995272714868,14.118464309695256,7.550811219901962,2.4711801027464952,0.4046649610397031,182.71684299563313,178.15469498493087,142.40778922902678,data/tiles/train/H038/H038__Samsung_A52_H038_01__x1112_y210__t256.png
3.5628132820129395,3.2718379497528076,3.458836555480957,3.0700747966766357,2.3935141563415527,0.24970285594463348,146.20344820034563,163.75583360608326,180.32258949515133,12.657577476958082,6.6695223185886,1.9929804539193403,0.5017610674672838,179.01912576460882,173.73642980939084,138.17190746620918,data/tiles/train/H038/H038__Samsung_A52_H038_01__x88_y466__t256.png
6.238829135894775,5.084314346313477,5.178553104400635,4.34680700302124,2.7000865936279297,0.2732560932636261,116.10654539540299,141.70784971576134,165.47169528109984,18.187537234828035,11.303518788906386,2.4667438807243247,0.40539271539871585,155.8064892555581,151.1312013891684,117.23959857365773,data/tiles/train/H038/H038__Samsung_A52_H038_01__x344_y466__t256.png
6.880926609039307,5.339932441711426,5.154993057250977,3.945280075073242,2.234614849090576,0.27823904156684875,109.54825882862691,133.3928148934019,159.1860679123191,18.20416222605028,12.26914169917883,2.3355083379717967,0.42817230995990385,147.93743647050684,143.321153202077,110.6693721658676,data/tiles/train/H038/H038__Samsung_A52_H038_01__x600_y466__t256.png
6.817715644836426,5.355943202972412,5.27363920211792,4.0444464683532715,2.3402113914489746,0.27943477034568787,111.04756144174415,136.00590281496753,161.04391296033253,18.48346723506594,12.187522805795858,2.2345343325352895,0.44752053501250344,150.4182039154375,145.9238138314006,112.36921307562272,data/tiles/train/H038/H038__Samsung_A52_H038_01__x856_y466__t256.png
5.492198944091797,4.337728500366211,4.161291122436523,3.1529054641723633,1.780882477760315,0.25666558742523193,132.88773684124632,154.0670133193477,174.5114658279659,15.439444184532423,9.920265082953724,2.4167024346378394,0.41378697917762364,168.84141677253507,164.01640937848452,129.30461009135266,data/tiles/train/H038/H038__Samsung_A52_H038_01__x1112_y466__t256.png
3.34867262840271,3.0421319007873535,3.1964361667633057,2.684809923171997,1.9583029747009277,0.24214862287044525,153.511323441187,168.50168195236284,181.76977076976024,10.719784396930072,6.318637629228109,2.0968588088654956,0.47690383147020254,183.5367605451823,178.24164396293358,142.81715986676286,data/tiles/train/H038/H038__Samsung_A52_H038_01__x88_y722__t256.png
5.373913288116455,4.4324049949646,4.391198635101318,3.5982866287231445,2.2291438579559326,0.2590409219264984,127.87249001743822,151.19920110880796,171.05303914094398,16.11267367710037,9.813089219953651,2.502820266193547,0.3995492658851071,165.23542062147123,160.08517139745004,126.24993874251838,data/tiles/train/H038/H038__Samsung_A52_H038_01__x344_y722__t256.png
5.721865177154541,4.570706844329834,4.647488117218018,3.8171517848968506,2.324463367462158,0.2654505670070648,120.48658662695725,143.57724086943438,165.23566955895197,16.787525401689226,10.217443798286473,2.2999431731736864,0.4347933512722848,157.692846487302,152.89278539094724,119.66336634045848,data/tiles/train/H038/H038__Samsung_A52_H038_01__x600_y722__t256.png
5.904897212982178,4.633559703826904,4.471203327178955,3.460714101791382,2.0174331665039062,0.26462650299072266,121.23528642701403,144.1855821637207,165.85084947256038,16.595952512555836,10.605960586614275,2.1840052621596433,0.4578743546666892,158.34827805079348,153.4857267268623,120.2992621359725,data/tiles/train/H038/H038__Samsung_A52_H038_01__x856_y722__t256.png
4.986067295074463,3.9304585456848145,3.6062920093536377,2.567376136779785,1.588322639465332,0.23719432950019836,141.62465440176018,159.7616933021842,178.00696272794505,13.551629093810867,9.176408857213646,2.299833277700964,0.43481412748303794,174.2104780356298,169.37765765906684,136.27165386533719,data/tiles/train/H038/H038__Samsung_A52_H038_01__x1112_y722__t256.png
2.991848945617676,3.14726185798645,3.58471941947937,3.0245165824890137,2.2899789810180664,0.23477953672409058,156.04387460624122,174.85295874604876,190.21667938113833,12.615225035594873,5.973155998185285,2.339631354061094,0.42741776317205543,189.92191191072288,183.1333917884709,149.08174810577407,data/tiles/train/H038/H038__Samsung_A52_H038_02__x113_y184__t256.png
3.980855703353882,3.750190496444702,4.155515670776367,3.6868062019348145,2.5247011184692383,0.23702958226203918,139.9035683050877,160.77982204720493,179.86047688060953,14.84358524344849,7.501931750824301,2.034353355676853,0.49155668911180295,175.05614939902097,169.28528532377706,137.09984147125888,data/tiles/train/H038/H038__Samsung_A52_H038_02__x369_y184__t256.png
5.264331340789795,4.423233985900879,4.784783363342285,4.2931976318359375,3.1367998123168945,0.24822025001049042,130.6417976584086,153.61602112644002,177.49965201527485,17.07037291476806,9.568333724252652,2.1822802781690265,0.4582362815646295,168.41032301840173,162.7924441556604,130.26315304810245,data/tiles/train/H038/H038__Samsung_A52_H038_02__x625_y184__t256.png
4.885417461395264,4.084054946899414,4.269439697265625,3.5693321228027344,2.56748628616333,0.2508052885532379,136.9537111707848,158.09535336694069,177.19825327098806,14.923048746477434,8.91622903899964,2.524742353414206,0.3960800192731354,172.93213768100205,166.806483000231,133.3812791728911,data/tiles/train/H038/H038__Samsung_A52_H038_02__x881_y184__t256.png
4.297401428222656,3.6695785522460938,3.780919075012207,3.2242627143859863,2.540522336959839,0.22245550155639648,151.91527103665678,173.0898704746687,191.29329704953224,14.533377814790628,7.8080273729594944,2.229257701845318,0.4485798116441305,187.17865421706102,181.37778555639585,148.83182566558455,data/tiles/train/H038/H038__Samsung_A52_H038_02__x1137_y184__t256.png
3.698373556137085,3.4447529315948486,3.6719446182250977,3.073317766189575,2.0205838680267334,0.23821505904197693,149.60990109542047,167.27588125963075,182.57286080913687,12.306049541817847,7.029535997316388,2.305909385709669,0.4336683853221921,182.124008150136,175.79346696259037,142.41687790984443,data/tiles/train/H038/H038__Samsung_A52_H038_02__x113_y440__t256.png
6.577756404876709,5.272030353546143,5.101504325866699,4.060773849487305,2.4690158367156982,0.2698993384838104,116.01514068700429,141.61192683410502,165.27419402090808,18.311375357555,11.88827978730323,2.661030447961463,0.37579427201446364,155.97411709301787,150.06423236610703,117.84499549986717,data/tiles/train/H038/H038__Samsung_A52_H038_02__x369_y440__t256.png
7.5749125480651855,5.782726764678955,5.675224304199219,4.7130303382873535,2.7814078330993652,0.2765091061592102,104.2936254373188,131.01404564881145,159.61588413742692,20.30472243770661,13.305841311687715,2.5293802059852,0.39535376992107735,145.65045535951668,139.93210264395668,109.27148379052217,data/tiles/train/H038/H038__Samsung_A52_H038_02__x625_y440__t256.png
7.247251987457275,5.795384407043457,5.767946243286133,4.485022068023682,2.785534620285034,0.28199902176856995,106.77519976336725,134.5004620716395,161.7882820401752,20.213735555999666,12.985205728902315,2.441682284866437,0.40955369426972815,149.14912783193185,143.15856764907468,111.2196419030533,data/tiles/train/H038/H038__Samsung_A52_H038_02__x881_y440__t256.png
6.411682605743408,5.170596599578857,5.001969814300537,3.9246320724487305,2.465510606765747,0.26046451926231384,125.69110634984287,151.97886468299097,175.7576648346347,18.47540724639483,11.61157097791681,2.2119518670764036,0.4520894034288942,166.7754239629595,160.44224721960134,127.32015234830601,data/tiles/train/H038/H038__Samsung_A52_H038_02__x1137_y440__t256.png
3.615952968597412,3.3426811695098877,3.6020190715789795,3.0526645183563232,2.014616012573242,0.23960717022418976,149.9713411519468,167.7243872070337,183.5940379398028,12.50990869412132,6.886757208212654,2.2693859562542107,0.44064783129731444,182.8514588585333,176.49900279825118,142.75640354365737,data/tiles/train/H038/H038__Samsung_A52_H038_02__x113_y696__t256.png
5.812300205230713,4.704200267791748,4.649181365966797,3.817106246948242,2.530787706375122,0.2548501491546631,125.8287303785424,150.72558713033882,172.10795419397775,17.135819210321163,10.433835622854655,2.242774800064248,0.4458762422207318,164.7286056570921,158.56666062562903,126.51967528411419,data/tiles/train/H038/H038__Samsung_A52_H038_02__x369_y696__t256.png
6.052761554718018,4.74712610244751,4.43029260635376,3.594189405441284,2.429948091506958,0.2695506811141968,117.91272935414845,143.09508516457652,165.3033464093535,17.536434267857523,10.682977479484888,2.4927563600159965,0.40116235025615693,157.3596141539592,151.21042588205415,118.94935795338826,data/tiles/train/H038/H038__Samsung_A52_H038_02__x625_y696__t256.png
6.154735565185547,4.75700044631958,4.517465114593506,3.54614520072937,2.416280746459961,0.2680331766605377,122.07739011235549,146.66123105407846,168.27614490690158,17.10039817101035,11.091485177228513,2.7318725526497736,0.36604928697352745,161.1952073612456,154.94789830544576,122.04937828339708,data/tiles/train/H038/H038__Samsung_A52_H038_02__x881_y696__t256.png
5.559624671936035,4.450085639953613,4.377150535583496,3.36199951171875,2.3006296157836914,0.24477119743824005,136.21028996678032,160.91729173461684,181.51401538931339,16.72391712102621,9.986865136291181,2.1953329813338103,0.4555117645034576,175.1362568906643,168.8989788226703,135.98209840947814,data/tiles/train/H038/H038__Samsung_A52_H038_02__x1137_y696__t256.png
2.9311206340789795,3.030377149581909,3.464280366897583,3.159323215484619,2.196068286895752,0.22475890815258026,156.82008979036894,175.25510481235423,189.62778450462721,12.218008670602918,5.775996760468503,2.2913614947915115,0.43642175286313295,189.48951277296476,183.35344048411372,150.3002382015225,data/tiles/train/H038/H038__Samsung_A52_H038_03__x114_y215__t256.png
4.07832670211792,3.8391754627227783,4.320741176605225,3.832704544067383,2.859529495239258,0.2358028143644333,138.8339288211363,158.4097400178652,178.4862317797936,14.922717446422551,7.72760133826493,2.0441560038561333,0.4891994535219336,172.95307420291596,167.47858270583853,135.59177523933744,data/tiles/train/H038/H038__Samsung_A52_H038_03__x370_y215__t256.png
4.954066753387451,4.230978012084961,4.5229878425598145,3.9197096824645996,2.6222753524780273,0.23872986435890198,133.18229336933894,154.05125383602265,175.00769973729157,15.70672042674191,9.10105446527775,2.036892188166144,0.4909440007722356,168.19651118787755,163.20533407238855,131.4083650001977,data/tiles/train/H038/H038__Samsung_A52_H038_03__x626_y215__t256.png
4.8284807205200195,4.086087703704834,4.187483787536621,3.3459246158599854,2.272087574005127,0.23800593614578247,136.9642715725934,156.0384863771906,174.9902951265435,14.117111295148923,8.86625003832671,2.529729566255353,0.3952991708438843,170.29572470062442,164.96323845581193,133.13725434557827,data/tiles/train/H038/H038__Samsung_A52_H038_03__x882_y215__t256.png
4.519465446472168,3.9630467891693115,4.104591369628906,3.408571243286133,2.371594190597534,0.2111620008945465,150.00512886313828,172.30519333833297,190.58978642035376,14.899041577884415,8.454487637002844,2.3461929724724753,0.426222400174601,185.05222698580943,179.9805114839802,148.9076431986725,data/tiles/train/H038/H038__Samsung_A52_H038_03__x1138_y215__t256.png
3.9419798851013184,3.704751491546631,4.087115287780762,3.6572346687316895,2.5140302181243896,0.22903236746788025,144.928832191863,165.48024531220395,183.1651857762813,14.150623425880353,7.5126625206968844,2.3390827974144663,0.4275180002629074,179.35406299027636,173.68731722330085,141.59672772173766,data/tiles/train/H038/H038__Samsung_A52_H038_03__x114_y471__t256.png
6.428506851196289,5.196493148803711,5.163633823394775,3.9870288372039795,2.665079355239868,0.253640741109848,117.99911532422773,143.07840902047894,167.0415545572511,18.11146734159153,11.715137812435271,2.2450771791402335,0.4454189857218879,156.81337819303602,151.4924092003682,120.56748606793069,data/tiles/train/H038/H038__Samsung_A52_H038_03__x370_y471__t256.png
6.756993770599365,5.232916831970215,5.156406879425049,4.336268424987793,2.6450741291046143,0.2623722553253174,109.53219698748437,134.5211734166846,159.75619459747597,18.504847393741915,11.97109098345521,2.3606007699048184,0.42362097511317887,148.3248463640768,142.99621279741856,112.96970678707169,data/tiles/train/H038/H038__Samsung_A52_H038_03__x626_y471__t256.png
6.873585224151611,5.385777473449707,5.347077369689941,4.420105457305908,3.1581814289093018,0.26429125666618347,109.98593266071452,136.09610089858916,162.20680611740315,19.277686319977395,12.257469939592923,2.3781528484190972,0.4204944188784,150.0297873394056,144.8149450769402,114.0189353097353,data/tiles/train/H038/H038__Samsung_A52_H038_03__x882_y471__t256.png
6.219178676605225,4.867079257965088,4.829329967498779,3.9743692874908447,2.3904829025268555,0.2409578412771225,128.1503070587595,154.71142403685255,178.10235781032074,18.37607474623717,11.10107573830204,2.5116779616467353,0.39814021354249113,168.2052654227577,162.72413543934107,131.10794734708267,data/tiles/train/H038/H038__Samsung_A52_H038_03__x1138_y471__t256.png
3.819272041320801,3.484788417816162,3.8048150539398193,3.137909173965454,2.0048866271972656,0.22440209984779358,149.3412570499268,167.55192885055035,183.61579065099946,12.682278609958379,7.330519407269048,2.2419637665767005,0.44603753856687883,181.46842451000424,175.88933918130815,143.97156972938132,data/tiles/train/H038/H038__Samsung_A52_H038_03__x114_y727__t256.png
5.469625473022461,4.389615058898926,4.292415618896484,3.6250531673431396,2.355617046356201,0.24287159740924835,129.44319172534438,151.41774575492957,172.7169090178294,16.069363717842258,9.965675047548924,2.44383491251046,0.40919294297696135,165.5006600933068,159.811766213542,128.7454922294988,data/tiles/train/H038/H038__Samsung_A52_H038_03__x370_y727__t256.png
5.928466796875,4.55133056640625,4.234600067138672,3.21313738822937,1.9841228723526,0.2511245310306549,122.51129193119077,144.50695945451469,166.1569931363755,16.15902489696157,10.668657445491759,2.332764159378191,0.4286759962338218,158.5153740078548,153.026092647085,122.20961962388182,data/tiles/train/H038/H038__Samsung_A52_H038_03__x626_y727__t256.png
5.942920684814453,4.6816725730896,4.588193893432617,3.7849514484405518,2.6295177936553955,0.24947987496852875,122.62371262639105,147.29209024434925,169.3962016494206,17.24187524318013,10.651847173655339,2.540604599350786,0.3936070966161107,160.82045303257522,155.28730689398674,124.20906657709017,data/tiles/train/H038/H038__Samsung_A52_H038_03__x882_y727__t256.png
5.453123092651367,4.31083869934082,4.034738063812256,2.9534690380096436,2.02297043800354,0.22691166400909424,140.27004523103088,162.16147004795025,181.1023667452781,15.112843958657436,9.950063001385354,2.3540451793786064,0.42480068299452456,175.63095535222828,170.1707826501763,138.96560125784777,data/tiles/train/H038/H038__Samsung_A52_H038_03__x1138_y727__t256.png
2.0573387145996094,1.9655739068984985,2.1290507316589355,1.6922416687011719,1.4388045072555542,0.21641892194747925,167.208801968628,179.3008268775669,188.7689272683283,8.009881218554407,3.6043609166874284,2.25753927627438,0.44296017815038924,193.50454103311418,187.81697953423662,154.82744484515268,data/tiles/train/H038/H038__Samsung_A52_H038_04__x83_y155__t256.png
2.5368332862854004,2.430149555206299,2.641632080078125,2.168337345123291,1.6127655506134033,0.23604649305343628,153.12762660198447,165.64010818850886,177.83093202125016,9.277054419801816,4.485062201885445,2.532121714777527,0.39492572342157745,180.55229141780302,175.04196366033568,141.44422800146333,data/tiles/train/H038/H038__Samsung_A52_H038_04__x339_y155__t256.png
2.9132094383239746,2.3632237911224365,2.228677272796631,1.5915920734405518,1.1186156272888184,0.24780793488025665,148.5051271167427,160.2233909784886,170.78874819552516,8.415902011899432,4.670896631833016,2.2456701517303963,0.44530137216699084,175.07811099690605,169.7208271138741,135.41146216748265,data/tiles/train/H038/H038__Samsung_A52_H038_04__x595_y155__t256.png
2.7905759811401367,2.3983612060546875,2.304237127304077,1.7760837078094482,1.3436241149902344,0.2543676793575287,146.98437701179273,159.6193775856497,171.46320800578476,9.246262025560837,4.819182340064719,2.3212878433994204,0.4307953461452439,175.04313927766393,169.25313922477278,134.45055880488727,data/tiles/train/H038/H038__Samsung_A52_H038_04__x851_y155__t256.png
2.372769355773926,2.1040027141571045,2.0191376209259033,1.5645238161087036,1.238014578819275,0.21889083087444305,162.59235052247223,174.39399386183985,186.171090471128,8.782064601430422,4.1652042793711646,2.115718431335147,0.47265268628819346,188.98164140437675,183.7106863176177,150.78679393169043,data/tiles/train/H038/H038__Samsung_A52_H038_04__x1107_y155__t256.png
2.427218437194824,2.2732996940612793,2.2843077182769775,1.8113312721252441,1.5000194311141968,0.23786959052085876,157.55418104602407,168.7547180572549,179.48224272258827,8.229517293711718,4.197233983261421,2.5578059604171,0.39096007104343855,184.1033407212152,178.13569669133554,143.96638583641393,data/tiles/train/H038/H038__Samsung_A52_H038_04__x83_y411__t256.png
3.8333489894866943,3.103919744491577,3.029613733291626,2.3783302307128906,1.5563541650772095,0.2687673270702362,133.15017968899755,146.97276920862615,162.53594934319298,11.191197836620075,6.6543126509698896,2.588691759764471,0.38629550862053336,162.72688694834284,157.01596156661572,123.05685544771873,data/tiles/train/H038/H038__Samsung_A52_H038_04__x339_y411__t256.png
4.861330032348633,3.6373209953308105,3.2033238410949707,2.2645456790924072,1.581803560256958,0.2870190143585205,119.23282419404268,134.72718205527818,150.64726049867002,12.034188956917008,8.224642234109565,2.196261727756534,0.4553191395005062,149.94102517651808,144.26650876591668,111.15999396749699,data/tiles/train/H038/H038__Samsung_A52_H038_04__x595_y411__t256.png
4.464080333709717,3.302881956100464,2.9582133293151855,2.095083713531494,1.527435541152954,0.2839079797267914,122.79479852011508,138.6694337572865,153.8368507812658,11.753096882698138,7.603738110607959,2.512458671192329,0.39801649733224603,153.6228707840867,148.08215865936157,114.25831824782185,data/tiles/train/H038/H038__Samsung_A52_H038_04__x851_y411__t256.png
3.605771541595459,2.781111478805542,2.6140148639678955,2.095205307006836,1.6059318780899048,0.25226372480392456,143.4980385046965,158.14948138843232,172.52055210586445,11.02425072781931,6.246845321401315,2.588196903588168,0.38636936726631654,173.48657173434253,167.88688089155337,133.5517386339635,data/tiles/train/H038/H038__Samsung_A52_H038_04__x1107_y411__t256.png
2.227383613586426,2.0336897373199463,2.0011239051818848,1.597974419593811,1.2733757495880127,0.23456569015979767,161.93305885283698,172.55095468436028,182.6744438943807,7.727936706242324,4.040910022459348,2.1333138395357762,0.4687542833442673,188.02424841536484,181.885867469508,147.5637167601814,data/tiles/train/H038/H038__Samsung_A52_H038_04__x83_y667__t256.png
3.594951629638672,2.816154956817627,2.587907314300537,2.0055062770843506,1.5378587245941162,0.2548472583293915,141.02253871910463,156.43777632386616,171.19025110571746,11.287572984613174,6.151911123530393,2.178174857038102,0.45909996471073367,171.77298395312377,165.6363258517223,131.9051819251703,data/tiles/train/H038/H038__Samsung_A52_H038_04__x339_y667__t256.png
4.657292366027832,3.593585968017578,3.3080570697784424,2.2283358573913574,1.3566664457321167,0.27186504006385803,125.24784231212668,144.17453662178096,161.43554999956518,13.461040630621255,8.055499762219247,2.0296431096709164,0.49269745761467326,158.84514695656532,153.0690441092649,119.7305692814962,data/tiles/train/H038/H038__Samsung_A52_H038_04__x595_y667__t256.png
4.119401931762695,3.018339157104492,2.6251308917999268,1.8443434238433838,1.3744399547576904,0.27125516533851624,131.47256207637955,147.97376205059555,164.70345462041226,12.284843938962812,7.124726515357183,2.286201824297224,0.43740670196840514,163.48833310055124,157.51406675287492,123.31742576357027,data/tiles/train/H038/H038__Samsung_A52_H038_04__x851_y667__t256.png
3.5255396366119385,2.722989082336426,2.475027561187744,1.8849501609802246,1.4300076961517334,0.24434728920459747,147.8859487913126,163.31257575703333,177.59852516035252,11.060989516509597,6.147387451239033,2.380334601320888,0.42010900461014306,178.4051577882942,172.65074977167902,138.52898816442558,data/tiles/train/H038/H038__Samsung_A52_H038_04__x1107_y667__t256.png
2.117502450942993,2.121936559677124,2.2988247871398926,1.9384772777557373,1.6641956567764282,0.22694021463394165,160.94054127386042,174.34813062972702,184.41018920048396,8.890453939657611,3.917139041379117,2.1417879295253077,0.4668996338127807,188.731258764127,182.71925542711955,149.33787061950162,data/tiles/train/H038/H038__Samsung_A52_H038_05__x87_y205__t256.png
2.803044080734253,2.6725330352783203,2.8527393341064453,2.2047030925750732,1.5427683591842651,0.2387961596250534,146.30903819262997,159.98479242876215,173.70553436790655,10.292199968822159,5.081018905020991,2.1036040132478475,0.47537463976219346,174.68699356050408,169.29398806494623,136.44989849230834,data/tiles/train/H038/H038__Samsung_A52_H038_05__x343_y205__t256.png
3.6684327125549316,2.9577479362487793,2.7956619262695312,2.1105735301971436,1.3677955865859985,0.2565566599369049,138.02206802017437,152.35052240946513,165.9106616705242,10.471689951417675,6.302835874466309,2.4285499591499304,0.4117683460586628,167.11910891982188,161.90575709915487,128.03230813234183,data/tiles/train/H038/H038__Samsung_A52_H038_05__x599_y205__t256.png
3.630411386489868,2.9007229804992676,2.754237174987793,2.093194007873535,1.5820790529251099,0.26208534836769104,138.65765796630333,152.80164372538422,166.76431074301868,10.56412504273645,6.324434700864214,2.5534342610228777,0.39162942836030207,168.15824303265495,162.53185228462178,128.07942577222124,data/tiles/train/H038/H038__Samsung_A52_H038_05__x855_y205__t256.png
2.9614458084106445,2.4450156688690186,2.256885051727295,1.7340282201766968,1.4495311975479126,0.2266005128622055,157.10661838506994,170.57409473787172,182.9566168842189,9.604347561500802,5.116271478922301,2.37536057341316,0.4209887169100808,184.94677004766336,179.83139310347605,146.34020848598186,data/tiles/train/H038/H038__Samsung_A52_H038_05__x1111_y205__t256.png
2.601977586746216,2.4137792587280273,2.4068639278411865,1.8664897680282593,1.346197485923767,0.2377171367406845,154.75953972033093,166.41866611692225,177.1645436214409,8.433311439764896,4.545506722909609,2.108809942432562,0.47420110265910276,181.41421119772838,175.65542049531885,141.87807104095245,data/tiles/train/H038/H038__Samsung_A52_H038_05__x87_y461__t256.png
4.315282821655273,3.52410626411438,3.528623342514038,2.7962422370910645,1.8438000679016113,0.26658251881599426,126.10638250944378,143.04492863745648,161.35721657662296,13.204247585796734,7.629299272921002,2.2262700675760434,0.44918180168895555,158.13610357900546,152.7395042532663,119.8605430036559,data/tiles/train/H038/H038__Samsung_A52_H038_05__x343_y461__t256.png
4.748112201690674,3.431631565093994,3.183948278427124,2.295823574066162,1.254795789718628,0.2811325788497925,119.11818481332286,132.57441277691146,149.5392133153643,11.580545629448897,8.159977382718147,2.418588316863136,0.413464330836172,147.93043078170635,142.75766058339008,110.34892193972748,data/tiles/train/H038/H038__Samsung_A52_H038_05__x599_y461__t256.png
4.8328776359558105,3.5130486488342285,3.1278820037841797,2.2529892921447754,1.5574537515640259,0.2830476760864258,119.78959835604202,135.13921179595718,151.4674511294976,12.049539471174773,8.35137269004022,2.328949831771559,0.4293780769160371,150.17335775001834,144.8845706908248,111.78777600060833,data/tiles/train/H038/H038__Samsung_A52_H038_05__x855_y461__t256.png
3.9854533672332764,3.013497829437256,2.8253631591796875,2.073641300201416,1.548994541168213,0.25468820333480835,138.66656369829613,154.14969631374925,169.04569484401668,11.450484362188242,6.962190531069639,2.5608597375124944,0.39049385850837565,169.0612823042012,163.67600960760643,129.79418205711377,data/tiles/train/H038/H038__Samsung_A52_H038_05__x1111_y461__t256.png
2.424851417541504,2.212019443511963,2.1705539226531982,1.7348954677581787,1.4032057523727417,0.23730090260505676,155.5672851618573,167.00422699877493,177.86581306645294,8.341592108806525,4.457736783225595,2.4275912336208605,0.4119309652096805,182.0455708026825,176.432259645297,142.42407697552557,data/tiles/train/H038/H038__Samsung_A52_H038_05__x87_y717__t256.png
4.038525104522705,3.184124708175659,2.963898181915283,2.230321168899536,1.649260401725769,0.25428304076194763,135.2228770518121,150.66610414130548,166.5867773331274,11.727541900302205,7.101502714934284,2.2488227461780754,0.4446771101455294,165.64278018319933,159.98485097342083,127.2559125925613,data/tiles/train/H038/H038__Samsung_A52_H038_05__x343_y717__t256.png
4.418838024139404,3.4450862407684326,3.1896016597747803,2.424767017364502,1.7736773490905762,0.27248847484588623,122.2675170315719,139.92091742077235,157.34504140567313,13.071768982569775,7.60587263447591,2.4209564072471523,0.4130598952573008,154.59326640869148,149.07615872493668,116.44271718853233,data/tiles/train/H038/H038__Samsung_A52_H038_05__x599_y717__t256.png
4.048314571380615,3.001375913619995,2.651594877243042,1.9910889863967896,1.4160221815109253,0.26628124713897705,129.1985769026009,145.52267421465473,161.12328034287717,11.833312499023052,6.964936047028474,2.685746471565502,0.37233596342290165,160.18173921413543,154.77432278943854,121.4468800869021,data/tiles/train/H038/H038__Samsung_A52_H038_05__x855_y717__t256.png
3.693423271179199,2.763892650604248,2.513470411300659,1.8555742502212524,1.3306976556777954,0.2446748912334442,144.10000130382164,159.16206070699505,173.73613762499977,11.037729097803687,6.526529825384656,2.234506567074305,0.4475260957990045,173.902894046335,168.61039794569385,134.96090869113658,data/tiles/train/H038/H038__Samsung_A52_H038_05__x1111_y717__t256.png
6.451494216918945,4.6490678787231445,4.098072528839111,3.1899237632751465,2.316838264465332,0.11293143779039383,143.68622144659628,165.5262198563032,185.20815397372658,15.41479743391023,11.249747077468932,2.5631815363128885,0.39014013866473546,174.32831401078386,165.63652924998007,155.67070356150197,data/tiles/train/H126/H126__Motorola_Edge_H126_01__x74_y14__t256.png
8.846245765686035,6.434558868408203,5.968564033508301,4.705333232879639,3.254526376724243,0.1152593120932579,125.76127257451259,158.18883105894704,185.01644031132614,21.837579824497876,15.483568821465772,2.6208953211347303,0.3815490042414379,165.78630970648666,157.05067826883965,147.8573987903788,data/tiles/train/H126/H126__Motorola_Edge_H126_01__x330_y14__t256.png
9.603795051574707,6.855216979980469,6.2701826095581055,5.007145881652832,3.062828779220581,0.11560975760221481,118.2260915776218,152.8490801456489,182.27904215162678,23.4003463304472,16.595693219641518,2.4493549227136073,0.40827076171227705,160.4456095364767,151.5638183922773,142.96301385446182,data/tiles/train/H126/H126__Motorola_Edge_H126_01__x586_y14__t256.png
8.884209632873535,6.284125804901123,5.716224193572998,4.21085262298584,2.5909500122070312,0.11315783858299255,124.07608600968145,155.52991968865268,181.74716572676252,21.18248546636632,15.448117286345092,2.446190969100012,0.40879882749624985,163.06315477006333,154.183445262509,145.62602597939312,data/tiles/train/H126/H126__Motorola_Edge_H126_01__x842_y14__t256.png
6.697295188903809,4.880182266235352,4.490811824798584,3.36409854888916,2.3505773544311523,0.10870326310396194,141.03829352767988,165.49757192994474,185.6331829056754,16.43973041506888,11.863037512473166,2.860481731735506,0.34959146527857105,173.44331103784214,164.57916611514062,155.55888978214648,data/tiles/train/H126/H126__Motorola_Edge_H126_01__x1098_y14__t256.png
6.090848922729492,4.475566387176514,3.928659439086914,2.9258360862731934,2.2911016941070557,0.11127205193042755,147.243837412276,167.34833523295885,185.3895718119826,14.326177103664277,10.665928114899412,2.513782898952206,0.3978068274777506,176.1347795933109,167.45774408010055,157.5639002252597,data/tiles/train/H126/H126__Motorola_Edge_H126_01__x74_y270__t256.png
9.13320541381836,6.521427154541016,5.993117332458496,4.469234466552734,2.6495120525360107,0.11505581438541412,125.99838347929233,156.28587619307902,185.78152185260254,21.87339310346242,16.112750165252088,2.7051934698773445,0.36965932793166945,165.28963225290627,156.32132555285222,147.30614745821478,data/tiles/train/H126/H126__Motorola_Edge_H126_01__x330_y270__t256.png
9.575647354125977,6.727633953094482,6.034086227416992,4.455327033996582,2.6921651363372803,0.11329738050699234,121.22018677757409,153.48814032937096,182.77058649265564,22.556961234162905,16.693126693005105,2.752384309279082,0.363321356188782,161.6567952967633,152.72119249414735,144.33345647742038,data/tiles/train/H126/H126__Motorola_Edge_H126_01__x586_y270__t256.png
9.603073120117188,6.687472343444824,6.016969680786133,4.420897960662842,2.434802532196045,0.11472835391759872,123.35191838033813,155.01902571538747,183.83843436512703,22.224986393144995,16.757752764029306,2.734559680978576,0.3656895868669229,163.37625766597054,154.42825610306377,145.65266413077924,data/tiles/train/H126/H126__Motorola_Edge_H126_01__x842_y270__t256.png
7.690055847167969,5.641618728637695,5.190128326416016,3.8634345531463623,2.2835206985473633,0.10891678929328918,136.761120472586,165.51164532132483,188.20666489905156,18.956463642421728,13.530891753839038,2.4807008955871948,0.40311187929945697,173.03607629547028,164.1359730091016,155.16221487284736,data/tiles/train/H126/H126__Motorola_Edge_H126_01__x1098_y270__t256.png
6.060312271118164,4.2829132080078125,3.7044551372528076,2.771575927734375,2.1053104400634766,0.1195865347981453,133.07188204564346,154.17174692879502,173.42331118707125,14.875634713196424,10.529138075905388,2.5730973335995024,0.38863667803856505,162.95607233424033,154.12921692998168,144.5541320409985,data/tiles/train/H126/H126__Motorola_Edge_H126_02__x36_y15__t256.png
7.939086437225342,6.119882106781006,5.79081916809082,4.426525115966797,2.534385919570923,0.12401996552944183,116.23241948506335,146.9750358049472,171.65684367075778,20.42850681886189,14.097424458643722,2.519481797768922,0.39690701511935134,154.4731449593708,145.62137162426288,136.4291764839046,data/tiles/train/H126/H126__Motorola_Edge_H126_02__x292_y15__t256.png
8.812461853027344,6.232985973358154,5.6831231117248535,4.596872329711914,2.980436325073242,0.12765184044837952,109.67874728465635,142.12779290494674,168.2352446315544,21.45130158908872,15.0397925052209,2.435597133073528,0.41057693262189066,149.6197666347444,140.62247203294447,131.6672891552848,data/tiles/train/H126/H126__Motorola_Edge_H126_02__x548_y15__t256.png
8.478669166564941,6.082910537719727,5.620606899261475,4.339508056640625,2.6418302059173584,0.12632127106189728,113.77861952609983,144.3488794794564,169.6512199138384,20.785251456631386,14.782456641679184,2.635205145943716,0.3794770974621338,152.13116552805423,143.3142085899387,134.0494966891813,data/tiles/train/H126/H126__Motorola_Edge_H126_02__x804_y15__t256.png
5.953289031982422,4.617265224456787,4.394321918487549,3.4233474731445312,2.206907033920288,0.11794858425855637,130.17921686667876,154.91508611909845,173.86170162251585,16.13390359304528,10.544480128387692,2.3886078471169636,0.41865390386579965,162.55817039681398,153.739747163216,144.4438696768566,data/tiles/train/H126/H126__Motorola_Edge_H126_02__x1060_y15__t256.png
5.861142635345459,4.416729927062988,3.996385097503662,2.981623411178589,2.037767171859741,0.11941365152597427,133.51531295981982,153.89432034578238,173.5157113664783,14.821478199209292,10.383596021795745,2.649777229100891,0.37739021568213676,162.84700089164303,154.19242001880957,144.47657339903301,data/tiles/train/H126/H126__Motorola_Edge_H126_02__x36_y271__t256.png
8.574485778808594,6.399150371551514,5.955530166625977,4.413933753967285,2.5398409366607666,0.12797807157039642,111.03553407419618,142.03321657214556,169.59020163188634,21.439827344350007,15.044353736353887,2.5472207977216623,0.3925847342697738,150.23962322808242,141.381679677274,132.16168087267906,data/tiles/train/H126/H126__Motorola_Edge_H126_02__x292_y271__t256.png
10.028523445129395,6.992489337921143,6.279159069061279,4.564934253692627,2.4571168422698975,0.1318880319595337,101.54779583783782,135.69868290482978,165.05474016659986,23.133031071972855,17.191478045437115,2.4883798840289963,0.40186790064420375,143.55421898032975,134.65979018686525,125.79342972075369,data/tiles/train/H126/H126__Motorola_Edge_H126_02__x548_y271__t256.png
10.23798656463623,7.218683242797852,6.601080417633057,4.694019794464111,2.5574774742126465,0.13285842537879944,101.89535368293774,135.69347237173966,167.31267896325429,23.95027641726065,17.867245789610898,2.1954847716486805,0.4554802715616463,144.25353228236253,135.42766047007294,126.27612765884172,data/tiles/train/H126/H126__Motorola_Edge_H126_02__x804_y271__t256.png
6.870491027832031,5.110713958740234,4.801501750946045,3.7193410396575928,2.2224252223968506,0.1208738312125206,124.22672646629094,150.70718263860672,172.640623027954,17.76668301112415,12.094218769625513,2.696772950512758,0.3708135680498658,158.6366424942935,149.76553157981581,140.5741441705014,data/tiles/train/H126/H126__Motorola_Edge_H126_02__x1060_y271__t256.png
6.6734747886657715,4.737959384918213,4.106805324554443,2.9327008724212646,2.031430959701538,0.1131461039185524,136.771398055797,160.02907264413,180.54643359818513,16.13298812904691,11.557035511175508,2.4042367969664844,0.41593240784840224,168.1278539798971,160.19050327684,150.09410614587148,data/tiles/train/H126/H126__Motorola_Edge_H126_03__x50_y15__t256.png
9.151050567626953,6.513583183288574,5.6976189613342285,4.211833477020264,2.3645570278167725,0.11990577727556229,116.09227255766547,147.5714268000764,175.00051211624802,21.678968170948924,16.08541015717095,2.4186998311733334,0.413445268036791,155.27978166783873,147.16065505628018,137.68855176359563,data/tiles/train/H126/H126__Motorola_Edge_H126_03__x306_y15__t256.png
9.367504119873047,6.3682684898376465,5.467611789703369,4.011843681335449,2.511705160140991,0.1202523410320282,114.39479122816056,146.5357019297742,172.6573712463518,21.4023714702016,16.1659836264852,2.3594143357097015,0.42383399340464056,153.80646253842772,145.27056919079243,136.36003441460073,data/tiles/train/H126/H126__Motorola_Edge_H126_03__x562_y15__t256.png
8.880846977233887,6.150739669799805,5.431392669677734,3.941351890563965,2.493339776992798,0.12054584920406342,117.10022949920506,147.73311081477036,173.39751197428185,20.749104590849548,15.341691683736993,2.463094536043383,0.40599334916570445,155.32326575537675,146.8163090764345,137.65197775644816,data/tiles/train/H126/H126__Motorola_Edge_H126_03__x818_y15__t256.png
7.079405307769775,5.20950984954834,4.782813549041748,3.4945852756500244,2.1889162063598633,0.11342935264110565,131.81861644660015,158.44508910921425,179.51073885840802,17.581848097868466,12.584853652275097,2.4097676822467733,0.4149777621167361,165.90360603092208,157.42887727378533,148.080258249896,data/tiles/train/H126/H126__Motorola_Edge_H126_03__x1074_y15__t256.png
7.09788703918457,5.048816204071045,4.6545023918151855,3.6790611743927,2.4141252040863037,0.11242515593767166,134.46332858731526,159.2785870409653,181.4942657415821,17.39193239232022,12.505072565757915,2.5726896181362178,0.3886982685165298,167.4006356199542,159.4192307760003,149.57181346337,data/tiles/train/H126/H126__Motorola_Edge_H126_03__x50_y271__t256.png
9.215841293334961,6.524373531341553,5.7789692878723145,4.3210530281066895,2.8200325965881348,0.12041369080543518,115.95796522714897,146.7383070111468,175.13551096467936,21.772606647615362,16.09327077705678,2.7027591549736028,0.36999227184553435,154.96836260973868,146.56418393982509,137.37198067118882,data/tiles/train/H126/H126__Motorola_Edge_H126_03__x306_y271__t256.png
10.138965606689453,6.80861759185791,6.08376407623291,4.553951263427734,2.7244982719421387,0.1274070292711258,105.49242910828677,138.2936588913926,169.22406496643765,23.172443428076598,17.244989539497098,2.503195669309023,0.3994893456635126,146.6239780741663,138.05522341536874,129.05317337321188,data/tiles/train/H126/H126__Motorola_Edge_H126_03__x562_y271__t256.png
9.640924453735352,6.544305324554443,5.73354959487915,4.35626745223999,2.7760512828826904,0.12365392595529556,111.11270105488143,141.63141511597462,171.09024593660138,21.987452513679216,16.536283580072407,2.5746711862560727,0.38839911105469666,150.15361188336078,141.77354693863236,132.67136505991857,data/tiles/train/H126/H126__Motorola_Edge_H126_03__x818_y271__t256.png
8.044591903686523,5.885761737823486,5.332134246826172,3.824537992477417,2.1613576412200928,0.1147013008594513,125.15687095495711,155.84874032801483,178.87120695051922,19.76043972561652,14.143222198920979,2.397833805729044,0.4170430818060626,162.78854181173307,154.3658215622847,145.12818432577689,data/tiles/train/H126/H126__Motorola_Edge_H126_03__x1074_y271__t256.png
2.2970001697540283,2.544569253921509,2.9096250534057617,2.3975377082824707,1.7391571998596191,0.21909281611442566,160.2258159838757,174.91929656296736,187.4146768537365,10.140986461652703,4.59445651275968,2.019425985897366,0.49519022087637105,188.85978557768118,183.89490892002937,150.6377577055111,data/tiles/train/H126/H126__Samsung_A52_H126_01__x97_y179__t256.png
3.2951741218566895,3.3442800045013428,3.845442295074463,3.062171459197998,1.8357807397842407,0.23868855834007263,144.88696342278092,161.16152722136232,177.67119370076873,12.285484858578387,6.407621041560937,2.3174484489836615,0.4315090592149134,175.77383554862308,170.99038271046624,137.27912261048078,data/tiles/train/H126/H126__Samsung_A52_H126_01__x353_y179__t256.png
4.328116416931152,3.856456995010376,4.0760979652404785,3.1181910037994385,1.977070927619934,0.2553860545158386,134.57973130956455,154.54299689969497,172.5083821593034,14.1227693898868,7.968773556738032,2.431552502069098,0.4112598840243273,168.9756638899092,164.1286921370647,129.5978769144549,data/tiles/train/H126/H126__Samsung_A52_H126_01__x609_y179__t256.png
4.79956579208374,4.163598537445068,4.299407005310059,3.5200250148773193,2.212625026702881,0.26187723875045776,133.2161523235625,152.6793868268,173.23692139394097,14.87968597789989,8.875941704098171,2.557788081142371,0.39096280390569943,168.26626109756697,162.90321144479503,128.20135653377474,data/tiles/train/H126/H126__Samsung_A52_H126_01__x865_y179__t256.png
4.2563796043396,3.858079433441162,4.04384708404541,3.2618558406829834,2.34179949760437,0.23467649519443512,148.07329560936378,170.2712511187377,186.64532011639628,14.319154777190287,7.954843055755822,2.365745380110314,0.42269975814276783,183.83067372143395,178.80976593910017,144.20111153437023,data/tiles/train/H126/H126__Samsung_A52_H126_01__x1121_y179__t256.png
3.1548960208892822,3.1071689128875732,3.526183605194092,3.0327141284942627,2.0866405963897705,0.2362654060125351,148.94511137739343,165.3399831057131,179.74824931758937,11.479879807476697,6.077460692578239,2.301236580607768,0.43454897615780774,179.63608532253,174.70632366642516,140.66031772074354,data/tiles/train/H126/H126__Samsung_A52_H126_01__x97_y435__t256.png
5.53139066696167,4.801102161407471,5.010231018066406,3.778527021408081,2.160003662109375,0.2625367045402527,122.41700712150259,146.44533074140347,168.46144965649222,16.990068225535538,10.380395750984869,2.5472324386273573,0.3925829401493003,160.41452184999872,155.6471394478712,122.09599518946311,data/tiles/train/H126/H126__Samsung_A52_H126_01__x353_y435__t256.png
7.086462020874023,5.679082870483398,5.68248176574707,4.489861965179443,2.5300326347351074,0.27646344900131226,108.72305015735454,134.68660954399874,161.4153380129579,19.434803157463072,12.696140474263098,2.1159108053126277,0.4726097137408631,149.21037846534446,144.17446196616473,111.8736601377613,data/tiles/train/H126/H126__Samsung_A52_H126_01__x609_y435__t256.png
6.909201622009277,5.575229167938232,5.5669708251953125,4.404878616333008,2.4641897678375244,0.28058966994285583,110.77669034529568,137.18442443898357,162.3361142485954,18.969166297126844,12.500479161873958,2.016895775144199,0.4958114406920727,151.5112257527697,146.55320786207918,113.0761124780312,data/tiles/train/H126/H126__Samsung_A52_H126_01__x865_y435__t256.png
6.342602729797363,5.086249828338623,4.902321815490723,3.7443556785583496,2.345893383026123,0.2545974850654602,127.85293847928942,153.83010076010194,176.4033754096705,17.87386665225431,11.539091416863688,2.3458491983562704,0.42628486123519665,167.7819633731205,162.6404290095871,128.82095060517315,data/tiles/train/H126/H126__Samsung_A52_H126_01__x1121_y435__t256.png
3.1160056591033936,2.996412754058838,3.1538264751434326,2.547213077545166,1.6966222524642944,0.23465979099273682,152.73070766058132,168.06693547321848,181.37902758723615,10.78582844370732,6.032597501063737,2.2121587663916737,0.45204712030282235,182.49927488539436,177.4783948580572,143.15046335870747,data/tiles/train/H126/H126__Samsung_A52_H126_01__x97_y691__t256.png
5.108003616333008,4.502844333648682,4.741086959838867,3.908609390258789,2.6561856269836426,0.2506365478038788,128.97736404106323,152.51046657163667,174.2758771689962,16.727457804347456,9.594824665846858,2.2484252838649055,0.4447557173352281,166.70876255587748,161.53557890616077,128.55540176824186,data/tiles/train/H126/H126__Samsung_A52_H126_01__x353_y691__t256.png
5.989537715911865,4.599610805511475,4.5345025062561035,3.461169958114624,2.0810606479644775,0.26616570353507996,121.27188026688673,145.42083363891803,165.60360316337514,16.567796616744378,10.5647219168747,2.06399711888546,0.48449680033467835,159.16289551262068,153.9430814256375,120.67976925530915,data/tiles/train/H126/H126__Samsung_A52_H126_01__x609_y691__t256.png
6.15325403213501,4.9737548828125,5.029521942138672,4.225953578948975,2.7946510314941406,0.26989978551864624,119.94512898767505,146.05264014996487,169.35172728014805,18.21111468843987,11.009807831980824,2.425068887776247,0.4123594199903267,160.41718884228075,155.11303100460105,121.14253327835685,data/tiles/train/H126/H126__Samsung_A52_H126_01__x865_y691__t256.png
5.724552631378174,4.578988552093506,4.400611877441406,3.280627727508545,2.2032132148742676,0.24456161260604858,135.9780771685578,160.1573356468611,180.1261100550006,16.40138365922199,10.384731260688973,2.2475033398227,0.4449381597265558,173.92335253840034,168.83918501954113,134.98687100577575,data/tiles/train/H126/H126__Samsung_A52_H126_01__x1121_y691__t256.png
7.435237407684326,6.5055131912231445,7.500548839569092,7.183094501495361,5.8063812255859375,0.09316742420196533,145.5040860105977,189.06825507101485,220.0321390625094,27.52580605909304,12.903491296568737,2.3642320989660184,0.42297031684720954,194.6636292031242,185.43104339086307,177.66497961167713,data/tiles/train/H181/H181__Motorola_Edge_H181_01__x149_y20__t256.png
9.403770446777344,7.950722694396973,9.146347045898438,9.336648941040039,7.79210090637207,0.09099449962377548,115.72199459394763,178.50786034913915,214.96382258022973,36.71253202061038,15.068034119214596,2.448040146132045,0.4084900329678094,179.803770185192,171.1168517457732,165.58293302410095,data/tiles/train/H181/H181__Motorola_Edge_H181_01__x405_y20__t256.png
9.307441711425781,7.5460968017578125,8.382109642028809,8.000611305236816,6.142241954803467,0.08534446358680725,123.76691287931759,182.2471207785895,211.76552011778244,32.67658315309096,14.748036910313216,2.4422552442421552,0.4094576119173429,182.76348624830658,173.58316169308412,168.45511658098542,data/tiles/train/H181/H181__Motorola_Edge_H181_01__x661_y20__t256.png
7.775050640106201,6.891348361968994,7.800135612487793,7.054826259613037,5.223670959472656,0.09132549166679382,127.50702514391634,178.13421846425058,210.11105369697643,30.476811199611443,13.008483451842318,2.535614906487136,0.3943816537131063,181.72723272660892,172.5292356822361,166.61995102171392,data/tiles/train/H181/H181__Motorola_Edge_H181_01__x917_y20__t256.png
7.6262335777282715,7.152788162231445,9.040160179138184,9.784207344055176,9.054277420043945,0.0878724753856659,112.31200786473214,183.5265799086335,227.09811785499505,41.75582137888488,11.954270522836945,2.4973664283767247,0.40042181581258574,183.0677653740894,176.02328642627182,170.6756054392127,data/tiles/train/H181/H181__Motorola_Edge_H181_01__x1173_y20__t256.png
8.245562553405762,7.233494758605957,8.853135108947754,9.091922760009766,7.520901203155518,0.115738645195961,115.82790199360181,171.43996604249696,208.01690155917936,34.131325661073305,13.664367740633638,2.543590156054046,0.3931450975385643,176.6778034108606,166.1840435246309,157.44224821732854,data/tiles/train/H181/H181__Motorola_Edge_H181_01__x149_y276__t256.png
9.125061988830566,7.264276504516602,8.160014152526855,8.197315216064453,7.283903121948242,0.09181397408246994,104.75624994978328,167.63217158553005,199.8983786355367,34.707179511043265,13.155484999152565,2.4242326527187505,0.412501662692527,167.1113460869422,158.37591008730254,153.17190245361314,data/tiles/train/H181/H181__Motorola_Edge_H181_01__x405_y276__t256.png
11.178513526916504,9.054712295532227,10.512327194213867,10.79092025756836,9.273151397705078,0.09854667633771896,76.50590874473157,152.42676668514295,192.5658455276035,42.78124144172943,16.537864621788895,2.2550172774304715,0.44345558236230975,150.28936215948124,140.77203882044418,137.2503669306954,data/tiles/train/H181/H181__Motorola_Edge_H181_01__x661_y276__t256.png
10.87149429321289,8.989717483520508,10.894761085510254,11.300271034240723,10.272675514221191,0.1077929213643074,77.78343110341892,147.4082699390139,195.23182859792357,43.30036063177643,16.836201578180486,2.586333606514334,0.3866477230475015,149.69948726485478,140.4734945629587,135.33541899031783,data/tiles/train/H181/H181__Motorola_Edge_H181_01__x917_y276__t256.png
9.454793930053711,8.178881645202637,10.372640609741211,11.272878646850586,10.47800350189209,0.09536292403936386,84.42640207560147,163.6569625677131,204.3713259589165,45.05384653563019,13.751834048519614,2.543016750086387,0.393233744907905,160.86574760148437,153.11738228047764,146.8051668025255,data/tiles/train/H181/H181__Motorola_Edge_H181_01__x1173_y276__t256.png
8.792604446411133,6.7619452476501465,7.588892936706543,7.570771217346191,6.566620826721191,0.09853632003068924,92.50877599269586,150.16303105764862,180.84576039101435,32.36302973709952,13.221659563782957,2.7630425454371634,0.36191987041653817,150.73575427976456,143.63157789846233,136.92633227181508,data/tiles/train/H181/H181__Motorola_Edge_H181_02__x36_y21__t256.png
9.023926734924316,6.964571952819824,8.182211875915527,9.205802917480469,8.732117652893066,0.09039268642663956,68.01352766202366,127.96548399737533,170.76319941666657,38.19061927168746,12.883474591562456,2.5033089498036882,0.39947126785066656,129.26601054816436,122.79126289618033,118.98645077579893,data/tiles/train/H181/H181__Motorola_Edge_H181_02__x292_y21__t256.png
9.827323913574219,7.3970112800598145,8.260615348815918,8.21842098236084,7.349340438842773,0.10641711950302124,74.41137999577386,135.5795129671275,175.3535331028434,37.436846728989856,14.491365528793079,2.4557412459494374,0.4072090256452815,137.72331270466336,128.66566746543785,124.26144054841367,data/tiles/train/H181/H181__Motorola_Edge_H181_02__x548_y21__t256.png
10.178706169128418,7.488717079162598,8.265608787536621,8.349514961242676,7.80797815322876,0.11079946905374527,77.91985436541052,135.58780571685563,173.94901331522706,35.40621660542121,15.099043755106399,2.5915486811043054,0.3858696567389512,138.5290526389931,129.44203911447644,124.48477052147123,data/tiles/train/H181/H181__Motorola_Edge_H181_02__x804_y21__t256.png
8.838998794555664,6.9433722496032715,7.778731822967529,7.488441467285156,6.2071852684021,0.09644381701946259,98.5606578564098,151.69677185465574,180.2737178769838,29.98939522361396,13.67594999645858,2.456042816432619,0.4071590256119767,152.66209064349783,144.44226358690406,139.08798357930098,data/tiles/train/H181/H181__Motorola_Edge_H181_02__x1060_y21__t256.png
9.252655982971191,7.107317924499512,7.471033573150635,7.389486312866211,6.5602006912231445,0.11735821515321732,95.90623041732378,152.04990431672238,180.74178273899898,31.218331670636296,14.082096590052728,2.7403373461560787,0.36491857522677573,153.7397956260148,145.16761260563212,136.8144694815381,data/tiles/train/H181/H181__Motorola_Edge_H181_02__x36_y277__t256.png
10.09683895111084,7.90077018737793,8.505165100097656,7.965975761413574,6.700863361358643,0.1059936061501503,80.75591436702024,139.9419208786111,172.83375086120773,33.6684864613543,15.304057294501119,2.3139791292702734,0.4321560153031094,140.39078087958447,132.50895793959143,126.92169465974033,data/tiles/train/H181/H181__Motorola_Edge_H181_02__x292_y277__t256.png
10.121793746948242,7.56735372543335,8.272652626037598,8.132861137390137,7.816070079803467,0.10337582975625992,71.6450466929803,134.10982733014797,170.36007072281754,36.372169915849284,14.919510408964427,2.5386443390763294,0.39391102747533513,134.35676199459567,126.16673920074908,121.7088171596355,data/tiles/train/H181/H181__Motorola_Edge_H181_02__x548_y277__t256.png
11.003328323364258,8.219732284545898,8.42280101776123,7.352692127227783,5.5329461097717285,0.1117011234164238,85.75415180347765,140.17362784713575,173.03608968069966,32.196630372601504,17.559535315952644,2.835353171357223,0.35268974958816907,142.55848205346769,133.38604882957523,127.88152630709877,data/tiles/train/H181/H181__Motorola_Edge_H181_02__x804_y277__t256.png
9.702288627624512,7.512569904327393,7.83828067779541,7.398919582366943,5.260398864746094,0.11544384062290192,97.54003975951696,146.7432511180757,177.5245289944958,29.390951255765458,15.793667797298722,2.6665663035193172,0.37501411409879676,150.69328491340355,141.20172529610002,134.3227403241845,data/tiles/train/H181/H181__Motorola_Edge_H181_02__x1060_y277__t256.png
6.952404022216797,5.3248209953308105,6.084452152252197,6.45400333404541,6.389362812042236,0.08638455718755722,123.313448866289,169.77065678530653,196.35087207251271,27.0099172795634,10.489900010979662,2.7051414452687554,0.36966643712807784,171.65631965405046,164.67062337509276,157.62588070679857,data/tiles/train/H181/H181__Motorola_Edge_H181_03__x117_y16__t256.png
9.164344787597656,7.002579212188721,7.8565802574157715,7.87686014175415,6.978633403778076,0.08544334024190903,104.14803629415123,158.5977101916374,190.66216462311013,31.81114975542131,13.957722110243978,2.5246313074834967,0.3960974408563366,159.3475445567195,152.55958474363558,146.64455429159645,data/tiles/train/H181/H181__Motorola_Edge_H181_03__x373_y16__t256.png
9.898015022277832,7.343233108520508,8.226629257202148,8.309842109680176,7.247844219207764,0.0806790143251419,94.5086523434112,154.46435409142285,189.54574513116714,34.9128708252461,14.597352250222425,2.4176502299901017,0.41362476159510225,153.68675069288412,148.02594759100782,143.98029324572553,data/tiles/train/H181/H181__Motorola_Edge_H181_03__x629_y16__t256.png
7.939807891845703,6.237460613250732,6.95681619644165,7.46663761138916,7.160959720611572,0.08399008959531784,107.01781993614658,161.71555302276633,190.989031928141,31.19543867766916,11.45304765820294,2.4110679551092473,0.4147539673781983,161.43056374405924,155.2742362810923,150.10230029994278,data/tiles/train/H181/H181__Motorola_Edge_H181_03__x885_y16__t256.png
7.966465473175049,6.3648200035095215,6.718723773956299,6.378900051116943,5.389987945556641,0.0905706062912941,123.52288312023336,168.84449478813926,193.9124223368111,25.95720964568742,12.578266320244799,2.7011577660558697,0.37021162279616227,171.19699233312915,164.05064353354007,156.5231868182334,data/tiles/train/H181/H181__Motorola_Edge_H181_03__x1141_y16__t256.png
9.113275527954102,7.108264446258545,7.926431179046631,7.704259872436523,6.327205181121826,0.09953219443559647,107.07092611509078,161.90352614541277,188.317247303278,30.19566641966367,14.001717956555728,2.6426211557192025,0.37841216772059216,162.35758117859226,154.58734347883086,147.02441870033894,data/tiles/train/H181/H181__Motorola_Edge_H181_03__x117_y272__t256.png
10.0910005569458,7.569911479949951,8.004661560058594,7.896750450134277,7.345117092132568,0.10192474722862244,90.2848144887471,145.10790876811436,180.79466212174665,33.113948011179275,15.339122381540284,2.4493880460583073,0.4082652406217366,147.38888163196455,139.8487456497141,133.9985303085017,data/tiles/train/H181/H181__Motorola_Edge_H181_03__x373_y272__t256.png
10.569665908813477,7.798360347747803,8.638394355773926,8.735112190246582,8.394938468933105,0.08028002828359604,76.98510726063593,136.10871831182578,176.7358746277789,36.858932282817115,15.648359197441748,2.674073647631203,0.37396127847332794,136.48960067078542,130.3472775422423,126.99079812843566,data/tiles/train/H181/H181__Motorola_Edge_H181_03__x629_y272__t256.png
10.499481201171875,7.7217278480529785,8.800069808959961,9.134182929992676,9.238759994506836,0.08817549794912338,72.99529658114447,138.2706485536119,179.17977911642348,39.25430360346038,14.926402972004588,2.353492045810233,0.4249005225151426,137.4979877733779,130.96915520022316,126.8302397806499,data/tiles/train/H181/H181__Motorola_Edge_H181_03__x885_y272__t256.png
9.886629104614258,7.41023063659668,8.37984561920166,8.577606201171875,7.900413990020752,0.10506987571716309,91.06967454086161,150.60379332697093,186.4012176405989,34.95501005320241,14.654225325836073,2.0799811603595635,0.48077358538532694,151.6902976453934,144.3055405164161,137.37222239034227,data/tiles/train/H181/H181__Motorola_Edge_H181_03__x1141_y272__t256.png
9.725523948669434,7.2335205078125,7.553046703338623,6.740082740783691,5.1363844871521,0.09722708910703659,115.67030070714777,163.14661635753922,192.63923687043928,28.4096699433544,15.97073018268619,2.724941381246826,0.36698037135112216,165.78945587396632,159.10428116114164,150.77189018469772,data/tiles/train/H181/H181__Motorola_Edge_H181_04__x53_y17__t256.png
10.009206771850586,7.678187847137451,8.838101387023926,9.524259567260742,10.273646354675293,0.08981020003557205,74.22324418802786,140.18527568002784,182.87254675357022,40.28051989813409,14.262849406286055,2.3870833020018734,0.4189212832084128,139.769017100937,133.5397826878847,130.17268673354772,data/tiles/train/H181/H181__Motorola_Edge_H181_04__x309_y17__t256.png
10.459492683410645,7.985227584838867,9.25271224975586,9.823986053466797,9.57503890991211,0.09791453182697296,67.4781806929385,137.74753419564414,179.07361662672565,41.36920702969715,14.75039950718864,2.427473327657356,0.41195097330484554,137.18566135359072,129.28725000355806,125.02222844621463,data/tiles/train/H181/H181__Motorola_Edge_H181_04__x565_y17__t256.png
10.002952575683594,8.020092010498047,9.210309982299805,9.260320663452148,8.852529525756836,0.10821637511253357,73.36685925176072,142.7015910526371,183.28906381422053,40.248974906838164,14.474692553619908,2.5609953013910154,0.39047318808310416,142.40616200646403,134.02850251187368,128.52158451863946,data/tiles/train/H181/H181__Motorola_Edge_H181_04__x821_y17__t256.png
10.174339294433594,8.167206764221191,9.055795669555664,8.23640251159668,6.330460071563721,0.11307400465011597,97.7471410563334,154.90302327204205,189.66240139600714,33.64818109002039,16.26529753959079,2.5192991961443196,0.3969357833839099,157.8119122618387,148.55030913279734,141.06294086594505,data/tiles/train/H181/H181__Motorola_Edge_H181_04__x1077_y17__t256.png
9.545361518859863,7.304300785064697,7.862117767333984,7.25325345993042,5.59166955947876,0.11143626272678375,113.64242876568214,163.52023074445526,192.87985574258548,29.25286669379416,15.441444428091359,2.537688423309573,0.3940594088756695,166.98805290898636,158.73168219074265,149.58337488512063,data/tiles/train/H181/H181__Motorola_Edge_H181_04__x53_y273__t256.png
9.900652885437012,7.739523410797119,9.166091918945312,10.240497589111328,9.039277076721191,0.09029513597488403,67.2606092083674,137.55988538434448,188.4407240231334,43.006047866555235,13.781372136692852,2.699455732002932,0.3704450449565342,137.91913792061294,131.3986525960287,126.93918383242959,data/tiles/train/H181/H181__Motorola_Edge_H181_04__x309_y273__t256.png
11.563699722290039,9.015708923339844,10.189809799194336,10.333005905151367,8.98323917388916,0.1022193655371666,65.11585656888126,134.30189841952685,180.08249050041033,42.37100009280754,17.419305234188176,2.3627620236743074,0.42323348266996014,134.6980052669845,126.54140701582062,122.28987103937817,data/tiles/train/H181/H181__Motorola_Edge_H181_04__x565_y273__t256.png
11.080740928649902,8.343527793884277,9.670079231262207,10.19201374053955,9.791511535644531,0.11771637946367264,69.82131904909203,140.83962837803207,181.56307763938017,41.319180300495454,15.980970064252103,2.719105989752927,0.36776793687651194,141.00068577285006,131.41171514449712,125.72957729868764,data/tiles/train/H181/H181__Motorola_Edge_H181_04__x821_y273__t256.png
9.77258586883545,8.121576309204102,9.108555793762207,9.065345764160156,7.249700546264648,0.11183444410562515,94.62328387593823,151.6386987473373,189.6358936101425,34.90621911566249,15.815101357329718,2.5817631645635393,0.3873321975174494,154.91321403937383,145.7899030131428,138.986581614219,data/tiles/train/H181/H181__Motorola_Edge_H181_04__x1077_y273__t256.png
4.362171649932861,4.2330322265625,5.2974934577941895,5.396401882171631,4.50387716293335,0.16347451508045197,155.06564090309132,188.26941803977388,210.3396470672952,20.365240623134962,7.772848734061688,2.1921296399360384,0.45617740017838443,199.82069234477467,187.05507492864436,169.50418542622594,data/tiles/train/H181/H181__Samsung_A52_H181_01__x85_y218__t256.png
5.0344109535217285,4.682216644287109,5.596555233001709,5.391142845153809,4.441106796264648,0.16704288125038147,145.16164470142516,177.4740573515373,201.1809030921165,20.443943335194735,9.138370580440286,2.7298204980916982,0.36632445272465997,189.12824826926837,176.99475039012924,159.84282837219163,data/tiles/train/H181/H181__Samsung_A52_H181_01__x341_y218__t256.png
6.28692102432251,5.284734725952148,6.349337100982666,6.690572738647461,5.936668872833252,0.17368437349796295,125.60022056262513,166.35257393708676,196.38727576357473,26.116996704404542,10.201415580538646,2.240488327787113,0.44633126966016407,177.0838964268734,165.52028780904408,148.66649966813736,data/tiles/train/H181/H181__Samsung_A52_H181_01__x597_y218__t256.png
6.800511360168457,5.853533744812012,6.929006576538086,6.8942742347717285,5.619002819061279,0.18964464962482452,126.78543802643657,169.1513305667476,197.68667232282692,26.15995167773558,11.584810420946571,2.412614648116436,0.41448807449656944,180.44368892278737,167.75471399353438,149.03016301008077,data/tiles/train/H181/H181__Samsung_A52_H181_01__x853_y218__t256.png
6.3408026695251465,5.62024450302124,6.11320686340332,5.35087776184082,3.91090989112854,0.17189151048660278,150.98087524500247,185.15806147251615,209.37510737981566,21.58377710311537,11.439172235332975,2.2645518701669736,0.4415884719506409,197.38264817390717,184.30430135810613,166.0029081138033,data/tiles/train/H181/H181__Samsung_A52_H181_01__x1109_y218__t256.png
5.702755451202393,5.318836688995361,6.559892654418945,6.559566020965576,5.339364528656006,0.18557855486869812,135.32392917745338,176.34870263449193,203.7750061481081,25.18261807338471,9.951509233962566,2.1352861914927455,0.4683212976247065,188.25841310363572,174.61301703094944,156.15242971377708,data/tiles/train/H181/H181__Samsung_A52_H181_01__x85_y474__t256.png
7.51692533493042,6.822145462036133,8.115274429321289,8.057751655578613,6.282680511474609,0.19682663679122925,105.64966147863588,152.809578990604,188.22765113279937,30.20985400424301,12.958428234510265,2.2979471825816207,0.4351710115793669,163.96726432151817,151.25885282885562,134.47330950912757,data/tiles/train/H181/H181__Samsung_A52_H181_01__x341_y474__t256.png
8.20671272277832,6.8068013191223145,7.771476745605469,7.550434112548828,6.734840393066406,0.16807740926742554,91.15882708649633,144.85019068682973,180.09453416868084,32.7682281442382,12.803758837913861,2.6523239608691704,0.37702784982280163,151.4953903627349,141.40476897674304,128.02802981460496,data/tiles/train/H181/H181__Samsung_A52_H181_01__x597_y474__t256.png
7.970061779022217,6.973450660705566,8.439553260803223,8.113569259643555,7.09915018081665,0.20352672040462494,83.23801261405987,134.53800011582635,174.5682378205726,33.36873036173696,12.922674290661016,2.16398219868645,0.4621110102509189,144.60354171646014,132.99544835311454,117.83013773486529,data/tiles/train/H181/H181__Samsung_A52_H181_01__x853_y474__t256.png
8.055669784545898,7.103499889373779,8.530088424682617,8.990500450134277,8.313787460327148,0.2007431536912918,90.81230757035564,149.56564558995566,188.0206394584728,35.52190079939336,12.833161719905421,2.0992855594101534,0.47635253599370964,158.4054299036419,145.43535680876968,129.4470562192478,data/tiles/train/H181/H181__Samsung_A52_H181_01__x1109_y474__t256.png
6.023719787597656,5.334316253662109,6.669448375701904,7.010204315185547,6.228488445281982,0.18164654076099396,137.5530206789774,179.62782239904027,208.28185236124375,26.012821794492297,9.966689417655243,2.451284772714495,0.4079493378864438,191.55226669126512,177.5952407553242,159.5471514403175,data/tiles/train/H181/H181__Samsung_A52_H181_01__x85_y730__t256.png
7.264754772186279,6.278177261352539,7.875513553619385,8.234126091003418,6.912894248962402,0.173476442694664,109.0123879579724,160.54843254660796,193.72281360478345,30.956461617546594,11.50530240664788,2.2815046875043534,0.4383072300823804,168.71945006016637,156.57119228827545,141.76314278383296,data/tiles/train/H181/H181__Samsung_A52_H181_01__x341_y730__t256.png
7.970664978027344,6.612987518310547,7.814830303192139,8.176438331604004,8.082074165344238,0.1901427060365677,86.71129331404245,138.06668126417847,188.78072521506184,37.464571664199,12.37319939006501,2.1123590313535106,0.4734043716797718,150.90909078837745,138.49925728616026,124.69954367000558,data/tiles/train/H181/H181__Samsung_A52_H181_01__x597_y730__t256.png
7.183252334594727,6.028836727142334,7.500149726867676,8.18690299987793,7.490072250366211,0.15265873074531555,88.36690664971405,147.23323205449466,187.28498668837892,36.707491614150356,10.73570929766284,2.3065279076048752,0.4335520921740814,152.93940460542825,142.67238614784085,131.29163753181646,data/tiles/train/H181/H181__Samsung_A52_H181_01__x853_y730__t256.png
7.977027893066406,6.982230186462402,8.909529685974121,9.508951187133789,8.299060821533203,0.19753292202949524,87.4817904686128,143.5492218472302,189.8490442676231,37.392796373363744,12.364560771233172,2.4433151953671315,0.4092799823355334,154.8179863154838,141.22593235502868,126.97116763526792,data/tiles/train/H181/H181__Samsung_A52_H181_01__x1109_y730__t256.png
4.469174861907959,4.398641109466553,5.758908271789551,5.928269863128662,4.843062877655029,0.1717180758714676,151.782675127184,185.87842932399568,208.8793926311537,21.008817563541374,8.159364830788338,2.4451256059092006,0.4089769448175886,198.1012864613301,184.727803406348,166.64979212767219,data/tiles/train/H181/H181__Samsung_A52_H181_02__x92_y173__t256.png
4.708981037139893,4.7115583419799805,6.123023509979248,6.636165618896484,6.101493835449219,0.1629703938961029,131.23119167127115,171.39905596709107,200.56998806927035,25.650017454059313,8.329678160334185,2.0176898637931906,0.4956163075132037,181.99605218960605,170.13998535879068,154.47877621490545,data/tiles/train/H181/H181__Samsung_A52_H181_02__x348_y173__t256.png
6.10865592956543,5.599747180938721,7.1318840980529785,7.696902275085449,7.208037853240967,0.17502523958683014,115.09066443851104,160.00140311844285,193.76699911682832,28.911900891317334,10.201473272063176,2.2927050226260097,0.4361660092036715,170.16942595752013,159.01856294413673,142.72823245080778,data/tiles/train/H181/H181__Samsung_A52_H181_02__x604_y173__t256.png
6.055770397186279,5.259904861450195,6.420628547668457,6.33961820602417,5.48159646987915,0.17302586138248444,129.31522847779874,171.23187605956218,199.6426980363706,25.89207860610335,10.061482321988322,2.3913537609230526,0.41817317719399416,181.4328750932746,169.95145342423558,152.38829906499888,data/tiles/train/H181/H181__Samsung_A52_H181_02__x860_y173__t256.png
6.412688255310059,5.7436699867248535,7.087275505065918,7.323042392730713,6.558827877044678,0.1646794080734253,132.90499887465765,176.42562576581133,210.1362213323238,28.416443089762573,10.656683867362982,2.618611783716991,0.3818817307010469,187.6493286453642,176.05200459653645,158.96792650548173,data/tiles/train/H181/H181__Samsung_A52_H181_02__x1116_y173__t256.png
5.509829044342041,5.160066604614258,6.786299228668213,7.1758856773376465,6.239516735076904,0.1825723499059677,130.728171675867,172.88279621822872,202.15159360153189,26.176457409995024,9.258715423394944,2.0899505251084807,0.4784802261996581,184.44748742714953,171.05712168509163,153.47459282745749,data/tiles/train/H181/H181__Samsung_A52_H181_02__x92_y429__t256.png
6.898398399353027,6.228696823120117,7.857666969299316,8.426959037780762,7.654318809509277,0.18648502230644226,100.78632045705865,151.1663619117138,189.55402543774596,32.56386743895683,11.164457336232502,2.169708129646442,0.460891484129228,161.52121017024854,149.59990317018534,133.8693267015638,data/tiles/train/H181/H181__Samsung_A52_H181_02__x348_y429__t256.png
8.805227279663086,7.358963966369629,9.110645294189453,9.43665599822998,8.411123275756836,0.200292706489563,78.9772288800712,140.15193822386985,179.2490114780935,36.84898875875296,13.454889710821096,2.3132440166415176,0.43229334769958666,146.55491422150416,135.133936828466,119.76519232798353,data/tiles/train/H181/H181__Samsung_A52_H181_02__x604_y429__t256.png
8.0740385055542,6.798588752746582,8.37621784210205,9.358325004577637,8.848028182983398,0.20660938322544098,71.46764246853489,126.97990936047218,174.9732390769294,38.65308525249151,12.140449411536633,2.3432109196862942,0.42676482582023756,137.43207437806407,126.31970026948676,111.61284958822264,data/tiles/train/H181/H181__Samsung_A52_H181_02__x860_y429__t256.png
8.077082633972168,7.160337448120117,8.79919147491455,9.05422306060791,7.285584449768066,0.18471026420593262,99.05686022875285,151.11214642138103,192.2814313654513,33.65022108931916,12.841782998159747,2.6040830274620226,0.3840123334986806,161.81859885411168,149.67943375271648,134.41157831115015,data/tiles/train/H181/H181__Samsung_A52_H181_02__x1116_y429__t256.png
5.4529128074646,4.82727575302124,5.999130725860596,6.085969924926758,5.782778263092041,0.1732734888792038,144.3465429726816,184.83769698987047,209.55083094387683,24.05455259945689,8.831002255372116,2.576389901753653,0.3881400091342297,195.53867030914867,182.54971743962156,164.22649564270316,data/tiles/train/H181/H181__Samsung_A52_H181_02__x92_y685__t256.png
7.9641242027282715,7.054805278778076,8.323062896728516,7.645635604858398,5.810493469238281,0.1751750409603119,112.91043700720881,162.29012549543575,197.02648670107337,30.72336221486716,13.393266440868294,2.4688555207283183,0.4050459784317381,171.99941665933096,159.76484031170347,144.21166164295423,data/tiles/train/H181/H181__Samsung_A52_H181_02__x348_y685__t256.png
7.5355544090271,6.604236602783203,8.21170425415039,8.730095863342285,8.424654006958008,0.19242626428604126,86.16073640596699,144.670912119477,186.3640876142725,36.31923813998677,11.461423880035946,2.3886722186604414,0.41864262169917826,153.24640838083567,141.6751775242331,126.38791508170362,data/tiles/train/H181/H181__Samsung_A52_H181_02__x604_y685__t256.png
7.3931097984313965,6.031204700469971,7.4525909423828125,8.403595924377441,9.014222145080566,0.17730450630187988,93.6321453601094,151.39672740601068,195.15507205898587,36.67619841827907,10.556157901118661,2.3199200010043945,0.4310493463425706,159.61759872412216,148.19504169725994,133.55251039060792,data/tiles/train/H181/H181__Samsung_A52_H181_02__x860_y685__t256.png
7.5658745765686035,6.769283771514893,8.216914176940918,8.389249801635742,7.70799446105957,0.18201889097690582,104.55285951398118,159.42166845229087,198.00298796756445,33.9509905510968,12.06831042732202,2.537325713921028,0.3941157394628146,169.3327321753804,156.4405254202915,141.04541162639438,data/tiles/train/H181/H181__Samsung_A52_H181_02__x1116_y685__t256.png
9.189993858337402,7.387400150299072,8.542981147766113,8.71725845336914,7.614246845245361,0.1306142508983612,86.98398490472006,143.76824309692813,186.6026031134369,35.86149823949918,13.63251087282961,2.6028811558904117,0.38418964989506527,149.8963357552999,140.60664918188616,131.6196863218064,data/tiles/train/H183/H183__Motorola_Edge_H183_01__x40_y19__t256.png
8.738821983337402,7.404932975769043,9.259888648986816,10.565177917480469,10.565247535705566,0.13012747466564178,56.152008507566876,115.13526330804767,169.21104914531244,41.01204662722983,12.785604265803032,2.66527175737769,0.37519626178153065,120.99417047159608,113.17567878371996,106.4311526700653,data/tiles/train/H183/H183__Motorola_Edge_H183_01__x296_y19__t256.png
10.506495475769043,8.12395191192627,9.270905494689941,9.614952087402344,9.321090698242188,0.10015234351158142,61.79542367826307,124.12487964265199,170.4947607456159,40.64436583956856,15.414965809962307,2.6901187980359347,0.37173079520878544,126.27892648889753,119.62073883086937,114.54016486964511,data/tiles/train/H183/H183__Motorola_Edge_H183_01__x552_y19__t256.png
9.280075073242188,7.185588836669922,8.297608375549316,8.725752830505371,8.357757568359375,0.0940251275897026,66.8108709956208,133.62082010787864,170.09341477947865,38.0583715433334,12.847557138206364,2.3916229216104687,0.41812611468308764,131.3267687597513,124.9646066142675,120.23929207516075,data/tiles/train/H183/H183__Motorola_Edge_H183_01__x808_y19__t256.png
7.295839309692383,6.537973880767822,8.588069915771484,9.508402824401855,8.849861145019531,0.11429423093795776,65.57986677836855,131.99759925986822,177.50749939382422,41.57351226206715,10.718238294303106,2.1672977342988715,0.46140407207296025,132.81161511785328,125.7921521209494,119.49929515572151,data/tiles/train/H183/H183__Motorola_Edge_H183_01__x1064_y19__t256.png
8.79653549194336,7.107461452484131,8.000782012939453,7.96743631362915,7.717230796813965,0.11066260188817978,90.36755576436873,148.1354987637558,181.7999865103712,33.46060620032773,13.285898269544374,2.7059329353282675,0.36955830905642384,149.52857469930248,142.05443840440796,134.63405513437357,data/tiles/train/H183/H183__Motorola_Edge_H183_01__x40_y275__t256.png
9.077864646911621,7.386773586273193,9.410902976989746,10.432320594787598,9.666265487670898,0.09810718894004822,64.30071391947142,135.3603214573986,173.87297780447545,40.37622066269229,12.624162992873398,2.4517089320331626,0.40787876037581516,132.89816176558634,126.46812123677424,121.17655269010062,data/tiles/train/H183/H183__Motorola_Edge_H183_01__x296_y275__t256.png
10.774721145629883,8.43464469909668,9.771703720092773,9.659028053283691,8.64824390411377,0.09143748879432678,63.31649849583883,128.84386571207605,170.67354189392753,40.06316358704352,15.773920493602597,2.8274772578784333,0.3536721638392024,128.07308830403076,121.605878194528,117.30387347892193,data/tiles/train/H183/H183__Motorola_Edge_H183_01__x552_y275__t256.png
8.979763984680176,6.766761779785156,7.874204158782959,8.588580131530762,8.387273788452148,0.08115831017494202,71.2068501082083,132.66948224609425,172.36816444385138,36.42368295597853,12.217557311103633,2.50271824785508,0.3995655527173449,132.12684551087506,126.91638951166682,123.42868510194717,data/tiles/train/H183/H183__Motorola_Edge_H183_01__x808_y275__t256.png
7.72369909286499,6.309278964996338,7.640045166015625,8.399212837219238,8.804012298583984,0.09234219789505005,71.32425830168883,136.15614361503597,176.95203620435996,38.39874518358869,10.78319817466566,2.4418023790997503,0.4095335513468876,135.76846204979427,130.3073035635782,125.27421719443633,data/tiles/train/H183/H183__Motorola_Edge_H183_01__x1064_y275__t256.png
5.7316999435424805,4.882596969604492,6.030113220214844,6.315916538238525,6.088348865509033,0.09411118179559708,118.59063242020943,160.5132580746191,186.81611844751103,25.384359913585985,8.976818450342094,2.5384729579451233,0.3939376217777373,163.7949733080302,157.15695390862876,149.28407615060067,data/tiles/train/H183/H183__Motorola_Edge_H183_02__x49_y19__t256.png
6.4686360359191895,5.492679595947266,6.889145374298096,7.298505783081055,6.814672470092773,0.08190814405679703,97.66709153115585,143.57226128461204,177.49499752108989,29.429117927535735,9.410179618395079,2.257206292443145,0.44302552378481297,146.94084227198348,140.7959861710141,136.2859388769732,data/tiles/train/H183/H183__Motorola_Edge_H183_02__x305_y19__t256.png
8.813767433166504,7.545694828033447,8.860217094421387,8.464743614196777,7.332879066467285,0.10255890339612961,81.39176961993597,134.67565188423785,173.67455541258178,33.88530175865681,14.078066873282525,2.476199608252217,0.40384466448802686,137.86911254226007,130.32467154582744,124.67394659354612,data/tiles/train/H183/H183__Motorola_Edge_H183_02__x561_y19__t256.png
8.493943214416504,6.9170098304748535,8.219775199890137,8.648122787475586,8.352333068847656,0.09753590077161789,89.0211791050621,146.20029160132003,178.99287204689344,33.33927713994815,12.854504606768913,2.4019378382890775,0.41633050783375364,146.9805326915881,139.66638527624931,133.82322439539976,data/tiles/train/H183/H183__Motorola_Edge_H183_02__x817_y19__t256.png
7.125762939453125,6.07148551940918,7.166753768920898,7.157965660095215,6.187536716461182,0.10128192603588104,106.0998321123924,150.89701779861545,182.52567729722432,28.017244664117392,11.521317940412203,2.6201885671296763,0.38165192098958917,155.18849272580422,147.4857107099049,140.43427586286953,data/tiles/train/H183/H183__Motorola_Edge_H183_02__x1073_y19__t256.png
4.821011543273926,4.44616174697876,5.926335334777832,6.614896774291992,5.630599021911621,0.1070774719119072,119.10214938408126,156.66563628205085,184.70316802696985,24.23884244734653,7.843993073047078,2.171727075393114,0.46046301643082177,162.67576806080183,155.18371014032772,146.14900468775306,data/tiles/train/H183/H183__Motorola_Edge_H183_02__x49_y275__t256.png
7.3111138343811035,6.596182346343994,8.45351505279541,9.161042213439941,8.424373626708984,0.11027198284864426,83.67111757916065,141.99844336181772,176.56584445712886,34.252268765312415,11.521030699526191,2.569741562190593,0.3891441904949942,143.61069765243838,135.68497276483532,128.92653079711909,data/tiles/train/H183/H183__Motorola_Edge_H183_02__x305_y275__t256.png
8.699917793273926,7.088675022125244,7.408827781677246,6.8556809425354,5.298417091369629,0.09968537837266922,97.33507367304553,142.93689814601646,176.66581466517528,28.92182958069074,14.39254893018872,2.562861846549474,0.3901888044985166,147.26599627900103,139.36727536539718,133.39591979788844,data/tiles/train/H183/H183__Motorola_Edge_H183_02__x561_y275__t256.png
9.055936813354492,7.634706497192383,8.767789840698242,8.873347282409668,7.669910907745361,0.1049523651599884,83.34123186819029,137.21423826737902,177.04753406117004,34.31919575812321,14.421458311578023,2.5115416613672985,0.39816182043963944,140.98869858439394,133.32211069265423,127.14784528797018,data/tiles/train/H183/H183__Motorola_Edge_H183_02__x817_y275__t256.png
7.727911472320557,6.379990577697754,7.31807804107666,7.009108066558838,5.916636943817139,0.10085709393024445,107.62638261068007,153.61206360623294,182.57890441103942,27.885982216845253,12.723920713591438,2.2526552709946883,0.4439205647113672,157.14861577719253,149.17583498152754,142.1022215282672,data/tiles/train/H183/H183__Motorola_Edge_H183_02__x1073_y275__t256.png
8.184612274169922,6.37551736831665,6.79644250869751,6.263012409210205,4.9440412521362305,0.08259089291095734,125.46585536337132,168.55219008988803,195.1018284777293,25.876169507702837,13.387686545231112,2.1629751079155,0.4623261711798981,171.3339961234935,163.58770313557852,158.11698577433341,data/tiles/train/H183/H183__Motorola_Edge_H183_03__x116_y15__t256.png
10.10749626159668,7.78343391418457,8.510750770568848,8.206704139709473,6.816067695617676,0.09097170829772949,100.10511536341535,156.8580167435391,190.40975282137416,33.24074259282423,15.812640156195398,2.4538926543176447,0.4075157885331665,158.23768156214572,149.98141457790092,144.67709352700135,data/tiles/train/H183/H183__Motorola_Edge_H183_03__x372_y15__t256.png
10.245725631713867,7.418577194213867,8.051673889160156,7.937418460845947,6.679399013519287,0.1020275428891182,95.76231983243702,158.7248445592254,189.1648213006371,34.728752723783046,15.061738274157891,2.5845563355918055,0.38691360146770504,158.42512199998725,149.1057900844113,143.2133230748713,data/tiles/train/H183/H183__Motorola_Edge_H183_03__x628_y15__t256.png
9.715319633483887,6.96891450881958,7.500865936279297,7.2133331298828125,6.242584705352783,0.0972478836774826,100.27161519747472,157.20742426768626,185.02365642965756,31.504754719973526,14.330476590742059,2.5999372987204703,0.38462466017628144,157.2498506258334,148.45466500738365,143.04228589563573,data/tiles/train/H183/H183__Motorola_Edge_H183_03__x884_y15__t256.png
9.000411033630371,6.997671604156494,7.902592182159424,8.26881217956543,6.813726425170898,0.0948142558336258,106.7994123595404,162.34928855418494,194.30806934890396,31.987538165710962,13.808202357776281,2.7394084191479724,0.36504231826484135,163.87186285476812,155.66151688396783,149.14840044884755,data/tiles/train/H183/H183__Motorola_Edge_H183_03__x1140_y15__t256.png
8.06517219543457,6.181725025177002,6.832258701324463,6.955214977264404,6.62727165222168,0.08009441941976547,113.91653512639347,162.27322829601982,189.78282976041103,27.854811719831226,12.284435089683031,2.5950428372578362,0.38535009351009136,163.3949838316168,156.40537904198519,151.1964253329514,data/tiles/train/H183/H183__Motorola_Edge_H183_03__x116_y271__t256.png
9.784870147705078,7.245670318603516,8.492371559143066,9.46595573425293,9.457242012023926,0.08146191388368607,78.00475492037761,144.90190597934335,183.20274066016145,38.56370871755829,13.472260367062704,2.413656352676324,0.41430918651330556,143.60343732457238,136.8121189141807,133.5190404819564,data/tiles/train/H183/H183__Motorola_Edge_H183_03__x372_y271__t256.png
10.672701835632324,8.179421424865723,9.432971954345703,10.103700637817383,9.339956283569336,0.09115339815616608,68.17630179691868,135.54814013856574,175.3729834573453,39.55143255087717,14.9294473599489,2.458019848527821,0.40683153986690906,134.84810582544435,127.30835213281952,123.90651071421976,data/tiles/train/H183/H183__Motorola_Edge_H183_03__x628_y271__t256.png
11.156737327575684,8.620835304260254,9.729641914367676,9.383488655090332,6.739797115325928,0.10197628289461136,77.58009450504834,137.38341032152638,176.14032254723418,36.13203883193299,17.254278627294667,2.526759615050466,0.39576380516910686,139.1950479651024,130.60703561783163,126.1321034347511,data/tiles/train/H183/H183__Motorola_Edge_H183_03__x884_y271__t256.png
8.472222328186035,6.452622413635254,7.287775039672852,7.472465515136719,6.668137073516846,0.09113528579473495,99.62882487803961,154.4830258911464,188.4555753342851,32.07479866463332,12.307659628329194,2.360209102050406,0.42369127342626584,156.13918161887514,148.72040425819998,143.6400309063938,data/tiles/train/H183/H183__Motorola_Edge_H183_03__x1140_y271__t256.png
6.1748046875,5.247767925262451,6.008711338043213,5.491017818450928,5.284670352935791,0.08303853869438171,126.99224994224842,169.0612790202945,195.3671489737275,25.212588727099497,9.668694676279948,2.807031279932492,0.3562482567077235,171.83304449462437,164.7924827351455,158.29806693307395,data/tiles/train/H183/H183__Motorola_Edge_H183_04__x121_y16__t256.png
7.395375728607178,6.101953029632568,7.1573591232299805,7.465488433837891,7.780844211578369,0.07684432715177536,98.07882201909406,156.11439206263228,187.46805135843928,33.0558404638538,10.613678028065676,2.6056231606733236,0.3837853512714357,154.91872188184277,148.73614352507545,143.82917606653803,data/tiles/train/H183/H183__Motorola_Edge_H183_04__x377_y16__t256.png
9.973047256469727,7.663429260253906,7.894898891448975,7.098305702209473,5.492169380187988,0.09507501870393753,98.5420444872713,151.20542935177542,186.06798695242242,32.389755129833766,15.38807757069364,2.449903317544065,0.4081793729731596,154.37382663683147,146.6374955175262,140.56776670948426,data/tiles/train/H183/H183__Motorola_Edge_H183_04__x633_y16__t256.png
8.4520263671875,6.810579776763916,8.0859375,8.545315742492676,8.247406005859375,0.09537052363157272,91.20537308207842,150.5504100788265,188.06679285218206,35.31198870403469,12.322950013169606,2.328208420821244,0.4295148110697338,152.00818835992874,144.6842043202508,138.43186250136597,data/tiles/train/H183/H183__Motorola_Edge_H183_04__x889_y16__t256.png
7.462018966674805,6.208666801452637,7.853938579559326,8.246024131774902,7.741348743438721,0.08159060031175613,104.87715910286579,164.63664995076067,194.0257883597717,32.5463891208976,10.511593715952865,2.56369492145937,0.39006201230478516,162.59330920825016,156.46786494887402,150.54052232934197,data/tiles/train/H183/H183__Motorola_Edge_H183_04__x1145_y16__t256.png
6.506133079528809,5.235838890075684,6.21002197265625,6.446971893310547,5.734353542327881,0.08236630260944366,116.33393663183722,163.89239006061413,185.5860228968331,25.693962024531437,9.456532487638107,2.545282361538966,0.3928837189581455,163.19275857339534,156.74067825552982,150.82229888216756,data/tiles/train/H183/H183__Motorola_Edge_H183_04__x121_y272__t256.png
9.849641799926758,8.296950340270996,9.35534954071045,9.199491500854492,8.15589714050293,0.08862113952636719,73.92532902516218,133.08427960759178,174.81491336532517,37.23904567295765,15.32316717347506,2.575134680922577,0.38832920367556717,134.40300705579907,128.11955611328793,123.55373101207815,data/tiles/train/H183/H183__Motorola_Edge_H183_04__x377_y272__t256.png
11.2955961227417,8.900408744812012,9.513872146606445,8.911270141601562,7.657360553741455,0.08817640691995621,74.79656058350913,132.9624519700188,174.85857757865355,36.46532206367879,17.84304805755621,2.5342089411642004,0.3946004545073564,134.86156517576023,128.26757309987383,123.9261350520177,data/tiles/train/H183/H183__Motorola_Edge_H183_04__x633_y272__t256.png
9.237831115722656,7.415188789367676,8.910892486572266,9.329690933227539,9.364864349365234,0.08189484477043152,71.02607513178326,133.01943567318432,177.20278887024426,38.93609343826494,13.152650394190614,2.5880263012266282,0.38639483668540664,133.41678937243842,127.80763955207209,123.98495965957211,data/tiles/train/H183/H183__Motorola_Edge_H183_04__x889_y272__t256.png
8.150728225708008,6.736706256866455,8.13603401184082,8.596282958984375,7.7247090339660645,0.07630392163991928,89.80448300900014,146.66890600103457,180.2866614852785,33.31014761241852,11.864943040283077,2.3688817453582405,0.4221401097625379,146.6527422225109,141.10383712621993,136.3897841345614,data/tiles/train/H183/H183__Motorola_Edge_H183_04__x1145_y272__t256.png
4.461388111114502,4.187965393066406,4.850661277770996,4.72371768951416,3.99815034866333,0.14527083933353424,161.48633307313955,188.09495260513413,213.20359306445198,19.72594976552761,8.141805719745207,2.639375819356458,0.37887745756639674,201.09085885126913,189.33138363357872,173.7720134793611,data/tiles/train/H183/H183__Samsung_A52_H183_01__x101_y193__t256.png
5.432704925537109,5.159933090209961,6.42446231842041,6.444789409637451,6.011628150939941,0.15091830492019653,135.41731606084483,174.62788443668535,205.01303118482414,26.350594206193477,9.563122978385886,2.4454741961763458,0.4089186471742632,185.6044225725419,174.525643916603,159.47085829236408,data/tiles/train/H183/H183__Samsung_A52_H183_01__x357_y193__t256.png
7.062903881072998,5.930907249450684,7.113617420196533,7.477445602416992,7.2797369956970215,0.1696023941040039,116.51386665807247,166.38941330045276,199.85541676094147,30.435776808234518,11.149753702527201,2.1199011255300912,0.47172011371518346,175.0568769551002,163.8951725675611,147.5591063219666,data/tiles/train/H183/H183__Samsung_A52_H183_01__x613_y193__t256.png
6.955657958984375,5.848204135894775,6.733651161193848,6.849111557006836,6.380296230316162,0.17419937252998352,122.9910263172348,164.8666494625838,202.327871312953,29.458587995834904,11.158564642783364,2.20777960984202,0.4529437610267431,177.3452462874483,165.77257567822585,148.7957598308018,data/tiles/train/H183/H183__Samsung_A52_H183_01__x869_y193__t256.png
6.409170150756836,5.523611545562744,6.732557773590088,6.840579032897949,5.53007173538208,0.16443467140197754,134.79421686281364,176.1889423057398,205.96624435161618,26.025301558848742,10.593557723982865,2.5103667560744705,0.3983481686810287,186.59056062686247,175.33618821039445,158.09838515334752,data/tiles/train/H183/H183__Samsung_A52_H183_01__x1125_y193__t256.png
5.4220757484436035,5.144371032714844,6.430410861968994,6.6221513748168945,6.076112747192383,0.162654846906662,138.54066630139607,176.58096219391265,207.37007441036326,24.960695135685675,9.616011951653164,2.0633451209087266,0.48464989684303794,188.10643163221354,176.05127072305913,159.7044372689884,data/tiles/train/H183/H183__Samsung_A52_H183_01__x101_y449__t256.png
7.748122692108154,6.951073169708252,8.222476959228516,7.8230671882629395,6.422543048858643,0.17692701518535614,105.58315306939217,153.06976891804675,187.49458983747135,30.315447282982852,13.299231176935697,2.299165347329147,0.4349404453062334,162.7157509325268,151.31843936061853,136.18505362182162,data/tiles/train/H183/H183__Samsung_A52_H183_01__x357_y449__t256.png
8.506353378295898,6.895193099975586,8.137340545654297,8.57615852355957,7.703308582305908,0.17322900891304016,90.36911622906094,142.8082277878412,185.04957047740925,34.20717014079852,13.100041601583966,2.2751053657470837,0.43954008243113907,151.6271110518566,141.69366830457483,127.36752880839647,data/tiles/train/H183/H183__Samsung_A52_H183_01__x613_y449__t256.png
8.279302597045898,7.074498653411865,7.997546672821045,8.13443374633789,7.032617568969727,0.19059698283672333,92.34485522147838,138.65033338979143,177.1127793609202,31.278935706422832,13.906886484861605,2.3887150602339027,0.4186351133492163,149.43602820586534,138.40451835096388,123.35091013192013,data/tiles/train/H183/H183__Samsung_A52_H183_01__x869_y449__t256.png
7.623584270477295,6.200826168060303,7.63907527923584,8.43535327911377,7.7523698806762695,0.17324507236480713,101.80866183072787,155.19006234567397,194.3658663202617,34.02426042837433,11.397677721044122,2.3543445429403986,0.42474666802636946,164.18188480217057,153.24859403992943,137.9619067068821,data/tiles/train/H183/H183__Samsung_A52_H183_01__x1125_y449__t256.png
5.8413872718811035,5.34663200378418,6.568426609039307,6.814650058746338,5.9269819259643555,0.1725386530160904,140.537036212574,179.35753659139058,209.40417575188027,25.058869194834497,10.036721494625173,2.45406302791589,0.4074874967042915,191.65650276113075,178.63183227584477,161.12388029252946,data/tiles/train/H183/H183__Samsung_A52_H183_01__x101_y705__t256.png
7.654653549194336,6.418396472930908,7.412780284881592,7.409821033477783,6.129056453704834,0.1780126839876175,115.54169373275572,158.91513758232801,196.63170279171075,29.376109898984062,12.66613057637577,2.4091879617505496,0.4150776178017202,170.9056574290291,158.6843763723427,142.88743672236848,data/tiles/train/H183/H183__Samsung_A52_H183_01__x357_y705__t256.png
8.421510696411133,6.999209403991699,8.404524803161621,8.813763618469238,7.928152561187744,0.17641931772232056,93.55699116861074,146.7022607596588,186.96209485155146,34.29510782506162,13.199532899930094,2.37122164166804,0.42172354638959364,155.5421275835411,144.7208174830679,130.2836302046664,data/tiles/train/H183/H183__Samsung_A52_H183_01__x613_y705__t256.png
7.849148750305176,6.5869293212890625,7.91585636138916,7.901330471038818,7.156357288360596,0.17099879682064056,101.27044227437203,146.98055248425112,187.24857772301823,31.361030888627937,12.626858680672143,2.23046882541745,0.448336237029828,157.59666431911637,146.93083254183534,132.72680224324012,data/tiles/train/H183/H183__Samsung_A52_H183_01__x869_y705__t256.png
6.967728614807129,5.908555030822754,7.138145446777344,7.653206825256348,7.252054214477539,0.1568349450826645,111.00828257946154,157.9627447192925,198.022459814493,32.013073102737444,10.752278972146597,2.3233079220536736,0.4304207765607136,168.16411007266709,157.42487197788472,143.68318967039016,data/tiles/train/H183/H183__Samsung_A52_H183_01__x1125_y705__t256.png
3.996861457824707,3.9163119792938232,4.645482540130615,4.1263957023620605,3.062272071838379,0.13363482058048248,168.17474652420663,193.7035123585564,212.93812006484222,16.332578244012087,7.565612282295529,2.509842290508112,0.3984314089303006,204.28662654074373,193.17229455804423,178.62789007936954,data/tiles/train/H183/H183__Samsung_A52_H183_02__x102_y180__t256.png
6.485594272613525,5.820645332336426,6.9351630210876465,6.474228858947754,5.409327030181885,0.14308355748653412,130.9260897696703,172.3292925742658,202.22689973925768,26.205401476119086,11.115374053548683,2.2009776983629674,0.45434354048374737,181.314326863488,170.63488255324322,157.0387963394469,data/tiles/train/H183/H183__Samsung_A52_H183_02__x358_y180__t256.png
7.134207248687744,5.918594837188721,7.5208234786987305,8.274046897888184,8.013405799865723,0.14325939118862152,112.9988157408251,166.25561496892257,201.72518647624142,32.51184809082437,11.020213333214302,2.3385686403892185,0.42761199424685925,172.8293374000817,162.9627439778819,149.65924703040795,data/tiles/train/H183/H183__Samsung_A52_H183_02__x614_y180__t256.png
7.474246978759766,6.408942222595215,7.721751689910889,8.037192344665527,7.933876991271973,0.15949945151805878,114.98323426105145,166.6741480918579,201.4939250901801,31.805534643664476,11.912554673218336,2.446458215548859,0.40875417108877604,174.54287427330476,163.40011752072817,148.6810951021031,data/tiles/train/H183/H183__Samsung_A52_H183_02__x870_y180__t256.png
6.717059135437012,5.635287761688232,7.177445888519287,8.094676971435547,7.528740882873535,0.15257467329502106,122.84751035203284,174.59171538734407,206.18647149818335,30.505661923969438,10.487104898542286,2.3634703682589295,0.42310663735406107,181.6046983847248,170.91993836969797,155.76256178482112,data/tiles/train/H183/H183__Samsung_A52_H183_02__x1126_y180__t256.png
5.743074417114258,5.214380741119385,6.079285144805908,5.677054405212402,4.482932090759277,0.14148589968681335,144.44327014075847,179.1876191540883,204.55127975353457,22.077487355263198,10.373620383032497,2.1270931946426157,0.47012514661729027,188.92570083294189,177.79614703743158,163.91766892517393,data/tiles/train/H183/H183__Samsung_A52_H183_02__x102_y436__t256.png
8.060527801513672,6.80233097076416,7.557262897491455,7.018348217010498,5.5522541999816895,0.1669427901506424,109.93595830490032,152.87895083755282,185.69420743024315,27.944870806635873,13.689369249313431,2.2219607213076533,0.45005296016730967,162.54661745582837,151.43622509109852,137.43270139927617,data/tiles/train/H183/H183__Samsung_A52_H183_02__x358_y436__t256.png
8.942041397094727,7.322160243988037,8.428078651428223,8.40532398223877,6.580682277679443,0.16862638294696808,92.88712001365165,141.99403904756366,181.107215753412,32.33870111531502,14.405875034285716,2.5428748739625604,0.3932556848311221,151.04874149911447,140.36959230987375,127.53156629763176,data/tiles/train/H183/H183__Samsung_A52_H183_02__x614_y436__t256.png
9.091837882995605,7.482323169708252,8.70540714263916,8.984010696411133,7.611372947692871,0.18110473453998566,84.74229609325015,139.01551293801563,179.3838874150248,34.88720372906986,14.421773382289413,2.331629214795567,0.4288846586989082,146.99815797494506,136.07055593602354,122.5445133756763,data/tiles/train/H183/H183__Samsung_A52_H183_02__x870_y436__t256.png
8.035542488098145,6.340916633605957,7.583889961242676,8.093230247497559,7.898227214813232,0.16919465363025665,104.73683965307849,162.0960862235506,196.15918606006963,33.51947865657951,11.682447671204569,2.1561653107399907,0.4637863316968041,168.34283640864163,156.74234170991144,142.00299552524245,data/tiles/train/H183/H183__Samsung_A52_H183_02__x1126_y436__t256.png
6.162284851074219,5.3099751472473145,6.038093566894531,5.600575923919678,4.70715856552124,0.14990758895874023,134.52001044881362,173.54457927797236,203.88483654094432,26.763476239887,10.394917396260205,2.126912196885056,0.4701651537212199,184.38958233873979,172.8946856723044,158.62815612131578,data/tiles/train/H183/H183__Samsung_A52_H183_02__x102_y692__t256.png
6.58297872543335,5.460041522979736,6.080523490905762,5.894251823425293,5.315883636474609,0.1308271735906601,121.87512877589687,165.36031730398875,195.61345706419124,26.75625888689332,10.218188911404411,2.2423234998974984,0.44596598128936893,172.2139448677966,162.57722612254764,151.26628831192932,data/tiles/train/H183/H183__Samsung_A52_H183_02__x358_y692__t256.png
7.085917949676514,5.911520481109619,7.070288181304932,7.7660651206970215,7.2781662940979,0.15475210547447205,99.91055472546581,149.78976515848342,187.46092593603964,31.779904167032242,11.07016598653156,2.3652250377699566,0.422792750808543,157.3601076946768,147.59336441659997,134.70121546261188,data/tiles/train/H183/H183__Samsung_A52_H183_02__x614_y692__t256.png
8.606222152709961,7.039609432220459,7.897180080413818,8.099370956420898,7.630059719085693,0.16469547152519226,94.95225879841377,145.97846697126434,183.0460488193718,32.4535467156772,13.67950883042079,2.221169905754575,0.45021319504159246,154.12721346645858,143.66680825934753,130.63246558848354,data/tiles/train/H183/H183__Samsung_A52_H183_02__x870_y692__t256.png
8.134801864624023,6.774860382080078,7.654337406158447,7.3572587966918945,5.71306037902832,0.16692142188549042,115.27667664686692,160.38246284489057,193.84980895673868,28.823107649885923,13.625175587655336,2.3956311877936796,0.41742652420591364,170.29887196813468,158.243515135647,144.02978743741048,data/tiles/train/H183/H183__Samsung_A52_H183_02__x1126_y692__t256.png
4.454380512237549,4.402685165405273,5.3643293380737305,5.1431660652160645,4.143351078033447,0.12214820832014084,160.78403868835517,192.73012353947692,213.7724548396753,19.467591648575535,8.126076853677045,2.4659553612062517,0.4055223446992317,201.2442144299905,190.77945509392072,178.03976690682737,data/tiles/train/H183/H183__Samsung_A52_H183_03__x110_y173__t256.png
7.017405986785889,6.086817741394043,7.851741790771484,8.406503677368164,6.808761119842529,0.11354003101587296,121.90741533342289,173.57293071874452,203.32489238939476,30.053539845521637,11.13089001362054,2.441601241099504,0.4095672885346664,177.47456300433052,168.86244262015123,158.41814589843347,data/tiles/train/H183/H183__Samsung_A52_H183_03__x366_y173__t256.png
7.375239372253418,6.1859846115112305,7.767623424530029,8.336935043334961,7.23844575881958,0.12994201481342316,116.94127686400459,170.67598355334653,199.6741174058669,30.53904147030206,11.426567886540626,2.3551558484412305,0.42460035103912724,174.67186148586478,165.45070309028497,153.31246357985427,data/tiles/train/H183/H183__Samsung_A52_H183_03__x622_y173__t256.png
6.85908317565918,5.734719753265381,7.006680011749268,6.931333541870117,5.9481306076049805,0.15355807542800903,122.77864268531498,168.05842861600482,199.13809162103112,28.17937710698066,11.03158831553541,2.5411190750915984,0.39352740680361603,176.6476267639174,165.35770923034494,151.39755465990712,data/tiles/train/H183/H183__Samsung_A52_H183_03__x878_y173__t256.png
6.488411903381348,5.805318832397461,7.01425313949585,7.3366546630859375,6.754809856414795,0.13332301378250122,134.53648652788263,178.0628749361052,212.88474808340106,28.613803131209316,10.936534955605026,2.538506556655097,0.3939324077687889,187.1405724537638,176.81303825156985,163.71372762731497,data/tiles/train/H183/H183__Samsung_A52_H183_03__x1134_y173__t256.png
6.482076644897461,5.9198102951049805,7.105718612670898,7.16456413269043,5.889479160308838,0.13797496259212494,133.7155283621748,178.67904058352278,206.54390553941434,26.839355897809376,11.222093640656364,2.373901284253473,0.4212475079032078,186.12704567488925,174.97277328961823,162.06788242278157,data/tiles/train/H183/H183__Samsung_A52_H183_03__x110_y429__t256.png
8.389262199401855,7.092409610748291,9.21267318725586,10.408584594726562,10.37116527557373,0.1598338931798935,75.68432450241849,139.36157857284422,186.81214849997187,40.74624141574938,12.143396518503232,2.3224970466095307,0.4305710534529368,146.27586936989087,136.25987102064624,124.59206439215953,data/tiles/train/H183/H183__Samsung_A52_H183_03__x366_y429__t256.png
8.712030410766602,6.869022846221924,8.241461753845215,8.650561332702637,8.934370040893555,0.15119799971580505,82.04577945512875,141.8233973323362,179.51901737141668,35.732697785741664,12.858828809309452,2.654157352650455,0.37676741320607643,145.7738041581048,136.12968250888403,125.29376424346441,data/tiles/train/H183/H183__Samsung_A52_H183_03__x622_y429__t256.png
8.301109313964844,6.686675548553467,8.009819030761719,8.362346649169922,7.85849142074585,0.17490090429782867,82.83729818362654,138.18300669507028,176.95866165979373,34.81318026540468,12.528128109511563,2.345381770832238,0.4263698185243244,145.498410338295,134.47757613271605,122.06561761715385,data/tiles/train/H183/H183__Samsung_A52_H183_03__x878_y429__t256.png
7.929756164550781,6.939139366149902,8.527527809143066,8.895187377929688,8.100661277770996,0.15256081521511078,102.89646327844794,155.03873067903916,196.83673226808523,34.093138918868554,12.809650456144936,2.389823374120289,0.4184409654826927,163.91852808198416,153.069981003387,140.68038953062597,data/tiles/train/H183/H183__Samsung_A52_H183_03__x1134_y429__t256.png
7.049249649047852,6.125262260437012,7.335686206817627,6.971713066101074,6.210074424743652,0.14167645573616028,130.9633670986822,177.10665243787062,206.8411164426233,27.93944169015098,11.708395664793091,2.499024433298983,0.4001561516066859,184.9946157113675,173.5595434934245,160.48770538118944,data/tiles/train/H183/H183__Samsung_A52_H183_03__x110_y685__t256.png
7.74523401260376,6.474931716918945,7.810904502868652,8.371752738952637,8.389147758483887,0.1456799954175949,102.5456397658947,157.99070539330424,194.15738711557822,33.322510886859476,11.786727901082173,2.628698050332292,0.38041645744500424,164.17385367282472,153.4181823531198,141.89704536859747,data/tiles/train/H183/H183__Samsung_A52_H183_03__x366_y685__t256.png
8.476495742797852,7.145552635192871,8.409010887145996,8.529754638671875,7.01253080368042,0.15413571894168854,95.51951493139654,147.80627093791807,184.91049280598426,32.737964745341614,13.680577326103622,2.192733147376053,0.4560518461613333,154.90441502150222,144.09120119694109,132.7960071662453,data/tiles/train/H183/H183__Samsung_A52_H183_03__x622_y685__t256.png
8.066068649291992,6.778818130493164,8.01810073852539,8.444796562194824,7.51643180847168,0.17328792810440063,92.29021996567421,145.7137719922491,183.82076922176043,33.462865845941955,12.716123370277389,2.225570724134189,0.44932294856144317,153.94332815271213,142.1589906154729,129.41482781539048,data/tiles/train/H183/H183__Samsung_A52_H183_03__x878_y685__t256.png
6.93751335144043,5.805380344390869,7.322262763977051,8.14493179321289,7.851961612701416,0.1634778529405594,102.27203643464695,158.29300722106413,196.63361319370355,35.00918449878232,10.240266448647658,1.9655912498889816,0.5087527735262766,166.2152524273522,154.35959821475413,141.07007431987688,data/tiles/train/H183/H183__Samsung_A52_H183_03__x1134_y685__t256.png
9.6978120803833,7.151557922363281,7.0582275390625,6.284779071807861,4.584669589996338,0.11046619713306427,102.38389140950522,146.52478709874762,174.6437515961784,26.688890704171623,15.919918374124949,2.463556499609804,0.4059172177128421,150.57334532145964,142.40471790368085,134.83722766363232,data/tiles/train/H366/H366__Motorola_Edge_H366_01__x36_y16__t256.png
9.920770645141602,7.620815277099609,8.411825180053711,8.343491554260254,7.486932754516602,0.10738521814346313,77.18975853526409,136.2551062475213,169.67290781688996,34.097053469288724,14.888229580835917,2.633997445838677,0.3796510894799275,137.00308455259884,129.2289534429597,123.27540589112331,data/tiles/train/H366/H366__Motorola_Edge_H366_01__x292_y16__t256.png
10.734004020690918,8.067648887634277,8.278491973876953,7.587759971618652,6.404687881469727,0.1091780737042427,77.93078555809741,130.27360521029902,167.12181401622775,32.582222605832996,17.18007342391003,2.626603458253074,0.3807198215847509,133.55261078563896,125.49719188945954,119.90850420792147,data/tiles/train/H366/H366__Motorola_Edge_H366_01__x548_y16__t256.png
9.944026947021484,7.216625213623047,7.901027679443359,8.654136657714844,8.55310344696045,0.10485181957483292,68.7196275789046,130.04643756725667,164.61804544382147,35.95606033135625,14.352513210662217,2.5576161989618758,0.390989078191597,129.79173626497817,122.27044860003119,116.9933467515778,data/tiles/train/H366/H366__Motorola_Edge_H366_01__x804_y16__t256.png
8.386828422546387,6.420604705810547,6.936818599700928,6.886289119720459,6.458810806274414,0.12572813034057617,86.43579603471552,134.53579377111367,167.83017182999316,29.725526791765034,12.903349875357685,2.5422408436869346,0.39335376208877615,139.6076203281008,130.75464997275492,123.2005661426953,data/tiles/train/H366/H366__Motorola_Edge_H366_01__x1060_y16__t256.png
9.628353118896484,6.848834037780762,6.758525371551514,6.304616928100586,5.939562797546387,0.12523260712623596,98.45421739352962,144.04664080102043,175.1449410895399,27.914384024171557,15.245085727732656,2.7956719864093835,0.35769575431642403,149.36470484499242,140.08468336164313,132.02394324058585,data/tiles/train/H366/H366__Motorola_Edge_H366_01__x36_y272__t256.png
10.281862258911133,8.032354354858398,8.965479850769043,8.997322082519531,7.4933247566223145,0.10256439447402954,68.98979220960945,127.31813023870477,164.2415522727512,35.16681464220302,15.919438750612388,2.3101690168435187,0.4328687609906318,127.95826321345746,120.79884532230209,115.75135568543477,data/tiles/train/H366/H366__Motorola_Edge_H366_01__x292_y272__t256.png
10.901352882385254,7.8947014808654785,7.92855978012085,7.498977184295654,6.276122093200684,0.09809437394142151,77.85462513429036,130.50993811543674,166.15705977577102,32.28066958809701,17.03357588005166,2.4906615493986295,0.4014997542486052,132.66076938418246,125.11338965103431,120.44213769072283,data/tiles/train/H366/H366__Motorola_Edge_H366_01__x548_y272__t256.png
10.005074501037598,7.674414157867432,8.670044898986816,8.964736938476562,8.371804237365723,0.0988474041223526,62.267164664930704,125.00422306490918,164.4545398617798,37.4243706656211,14.777399996640282,2.5610210131286535,0.3904692678715498,124.36991086615127,117.77554293805343,113.9687508847382,data/tiles/train/H366/H366__Motorola_Edge_H366_01__x804_y272__t256.png
9.413138389587402,7.268237113952637,7.863223075866699,7.601566791534424,6.082560062408447,0.1190781220793724,77.55338483786072,124.70694133141983,164.6789135147706,31.574567420942405,14.927296689322196,2.442449187158722,0.4094250988956255,130.53079578021695,122.2473599975472,116.06381149873694,data/tiles/train/H366/H366__Motorola_Edge_H366_01__x1060_y272__t256.png
7.26413106918335,5.5257744789123535,6.195181369781494,6.279811859130859,5.599065780639648,0.05840390920639038,123.33528244504639,171.02053548312074,192.4727412812325,25.94720838480277,10.988541053356125,2.181025511007759,0.45849990976856686,168.86852228709606,164.18484839856905,159.82580576049617,data/tiles/train/H366/H366__Motorola_Edge_H366_02__x119_y18__t256.png
9.29750919342041,6.804558277130127,7.2512898445129395,6.673940658569336,5.747115135192871,0.0705522671341896,108.8019044595718,161.7674858298151,188.25255001704488,29.422580684277566,14.201494813327722,2.4860060951890186,0.402251628399152,160.5340631195952,154.71057169582315,149.80205393829434,data/tiles/train/H366/H366__Motorola_Edge_H366_02__x375_y18__t256.png
9.280338287353516,6.757035732269287,7.183922290802002,7.234710216522217,6.224573612213135,0.0746706873178482,100.84422950727624,157.29081250757682,183.75644774766434,30.613305582273842,13.685248310604791,2.2752194920695996,0.43951803484699126,154.86153329811955,149.26830033656307,144.58619261265662,data/tiles/train/H366/H366__Motorola_Edge_H366_02__x631_y18__t256.png
8.565325736999512,6.5056023597717285,6.902274131774902,6.675119400024414,6.279622554779053,0.0892852172255516,103.82300702195649,157.324433414245,183.49220344583136,29.452865965354384,12.948606271775738,2.595899907701427,0.3852228651163453,157.14353383186835,150.43766557681087,143.80495110586074,data/tiles/train/H366/H366__Motorola_Edge_H366_02__x887_y18__t256.png
8.791169166564941,6.615579128265381,7.52243185043335,8.008329391479492,7.730620384216309,0.09343325346708298,98.12787373863841,154.7568484272277,186.564426763079,32.29826662550403,12.68987503414108,2.4422144355283404,0.4094644538384539,155.14430810010526,148.2396163201252,141.49570203876408,data/tiles/train/H366/H366__Motorola_Edge_H366_02__x1143_y18__t256.png
7.8160576820373535,6.223793983459473,7.155254364013672,7.712015151977539,6.790821075439453,0.0785738155245781,105.17116040954265,156.47143005780873,186.9288185228426,29.90345723478977,11.884727062566736,2.544112683422262,0.3930643506933155,156.6529394134134,150.906445877638,145.08680897368927,data/tiles/train/H366/H366__Motorola_Edge_H366_02__x119_y274__t256.png
10.102484703063965,7.570549488067627,8.263193130493164,8.70672607421875,7.853630065917969,0.0759066492319107,82.99708430603458,144.05603190166312,178.47302883046686,34.999049037707394,14.918914374543206,2.5582487722180507,0.3908923990738324,142.15281815287534,136.60855867893218,132.2672516242414,data/tiles/train/H366/H366__Motorola_Edge_H366_02__x375_y274__t256.png
11.14509391784668,8.091187477111816,8.545023918151855,8.652210235595703,7.542273044586182,0.08456495404243469,77.10589529221654,137.2161329635566,173.694827588501,35.46656228765312,16.805885794724304,2.5495894793023104,0.392220005658969,136.67344723163308,130.53699307385622,125.94920472395972,data/tiles/train/H366/H366__Motorola_Edge_H366_02__x631_y274__t256.png
10.871515274047852,7.987762928009033,8.980517387390137,9.11186695098877,8.424561500549316,0.09757667034864426,75.46714067091824,141.50109542378212,175.9886699665698,37.281223294104564,15.804228553238357,2.6789201531202607,0.37328473520767474,139.7595343749592,132.52440097859585,127.02950736682959,data/tiles/train/H366/H366__Motorola_Edge_H366_02__x887_y274__t256.png
9.037590980529785,6.563690185546875,7.601376533508301,8.70039176940918,9.519537925720215,0.10470954328775406,76.94132336825939,140.98313330801957,180.98399974029394,37.68326784362641,12.330180760879092,2.5634440635154228,0.3901001836679958,141.54720023852366,134.35748389699629,127.69541783428583,data/tiles/train/H366/H366__Motorola_Edge_H366_02__x1143_y274__t256.png
7.771694183349609,5.737994194030762,6.0724897384643555,5.668653964996338,4.602499008178711,0.1115814819931984,112.08905916769147,153.55372603315743,176.25106132610676,23.964379937000697,12.089315864108963,2.5544128494127576,0.3914793962259833,157.0130407277855,148.70513500866227,140.42509194561748,data/tiles/train/H366/H366__Motorola_Edge_H366_03__x117_y17__t256.png
8.930386543273926,6.378942012786865,6.464633941650391,6.074416160583496,5.40768575668335,0.1147690936923027,99.05329560952565,141.50069865682863,171.0780731563497,26.28636464079812,14.260500683095088,2.594531981929294,0.38542596775253474,146.52800771930862,138.30758362586755,130.66126067050354,data/tiles/train/H366/H366__Motorola_Edge_H366_03__x373_y17__t256.png
9.475252151489258,6.874383926391602,7.140258312225342,6.919645309448242,6.422307968139648,0.09949246793985367,87.62348624539,142.4690909405626,171.37684429427645,30.897651444228675,13.860272596049208,2.7473697664713423,0.36398449608200234,142.81918591975793,135.67758999119172,129.3341111027468,data/tiles/train/H366/H366__Motorola_Edge_H366_03__x629_y17__t256.png
8.73028564453125,6.466888427734375,7.4257097244262695,7.787209510803223,7.177616596221924,0.09802089631557465,81.76218533502329,144.95831112138308,170.78555278403246,32.36200215184507,12.012397190707668,2.6540078913013643,0.3767886309899632,142.23404954103282,135.2208234188017,128.97413120992405,data/tiles/train/H366/H366__Motorola_Edge_H366_03__x885_y17__t256.png
7.286947727203369,5.597568035125732,6.188436031341553,6.4706315994262695,6.474636077880859,0.08596480637788773,97.70387231706165,146.22423007830403,176.71023260110732,28.947467263143942,10.265381709572425,2.102141453649431,0.4757053804652137,148.23416939380152,141.93481121804487,136.07866914191547,data/tiles/train/H366/H366__Motorola_Edge_H366_03__x1141_y17__t256.png
8.343822479248047,6.0750813484191895,6.11755895614624,5.550997257232666,4.996805667877197,0.10724148899316788,98.78786901237432,138.64417056729962,168.89734933029825,25.632132853328315,13.453566502738386,2.6788977740590227,0.37328785356554167,143.63665871367252,136.22844735425124,129.18278082220877,data/tiles/train/H366/H366__Motorola_Edge_H366_03__x117_y273__t256.png
9.765719413757324,7.408076286315918,8.27615737915039,8.012423515319824,6.69789457321167,0.10376165062189102,71.97360851098169,126.8405088442101,160.01111052173218,32.37326401430644,14.930812589852934,2.547051600783033,0.3926108131035009,127.43267557534232,120.65473990834931,115.04291412179775,data/tiles/train/H366/H366__Motorola_Edge_H366_03__x373_y273__t256.png
9.184724807739258,6.7980875968933105,7.5778045654296875,7.789616584777832,7.4082865715026855,0.09197744727134705,70.8165018513556,125.01336848467264,159.73325343262042,32.612491113019104,13.488016961181176,2.2729056061500597,0.43996547735822644,125.23228035094341,119.22658789418375,115.12037685533889,data/tiles/train/H366/H366__Motorola_Edge_H366_03__x629_y273__t256.png
10.687774658203125,7.891537666320801,8.67391300201416,8.820228576660156,7.4657979011535645,0.1027192547917366,69.77178297695512,127.49479076888007,163.01081277996755,34.284328438644636,16.125047395171357,2.3221270022665466,0.4306396674359047,127.93172421550346,120.83473211201212,115.57666567519249,data/tiles/train/H366/H366__Motorola_Edge_H366_03__x885_y273__t256.png
8.904492378234863,6.59120512008667,7.298191547393799,7.87295389175415,8.457953453063965,0.0986306220293045,72.84731248392755,128.39279808057742,162.82569622797143,33.344089287021944,12.73418437208821,2.7571836115678674,0.36268893946868913,129.13016146894128,122.65836922930963,117.0944080992292,data/tiles/train/H366/H366__Motorola_Edge_H366_03__x1141_y273__t256.png
8.3662691116333,6.265686988830566,6.8180413246154785,6.603532314300537,5.432936668395996,0.08653593063354492,113.9198676033627,158.942765226676,186.78513840661242,26.885197406070578,13.275587762165827,2.28510232984853,0.4376171635457069,161.35394083465343,154.70184379270034,148.17786650128605,data/tiles/train/H366/H366__Motorola_Edge_H366_04__x32_y19__t256.png
8.948943138122559,7.41648006439209,8.512837409973145,8.526318550109863,7.9026288986206055,0.08462288230657578,85.99492601108808,142.84663151270223,179.89539962901196,34.519266044684976,13.8598357497097,2.6570296122014394,0.3763601261377987,143.92410772520688,137.9362443801341,132.47009882985708,data/tiles/train/H366/H366__Motorola_Edge_H366_04__x288_y19__t256.png
9.737624168395996,7.3790740966796875,8.209270477294922,8.38439655303955,7.639191150665283,0.08059785515069962,84.07423025489662,143.02241209528128,177.50811199789482,34.28204449660945,14.662677770362228,2.6212028463429604,0.38150424008396605,142.51422677312277,136.47502823557065,131.8216822231331,data/tiles/train/H366/H366__Motorola_Edge_H366_04__x544_y19__t256.png
9.545920372009277,7.6479668617248535,9.03919792175293,9.377228736877441,8.168906211853027,0.09200263023376465,74.25797873934054,135.13168642038403,176.118399875695,37.52948091428112,14.559347339936044,2.499028880131737,0.40015543955909977,135.85643940183323,129.4806789356228,124.4712748776695,data/tiles/train/H366/H366__Motorola_Edge_H366_04__x800_y19__t256.png
7.746913433074951,6.4285173416137695,7.429407119750977,7.688233852386475,7.315216541290283,0.09421588480472565,89.9362158713152,146.4947379848057,186.46728550301648,34.799451200238,11.63674539158372,2.4698586798197426,0.40488146474557923,148.5942519685335,142.13101536557357,136.05403703179698,data/tiles/train/H366/H366__Motorola_Edge_H366_04__x1056_y19__t256.png
8.603693962097168,6.527680397033691,6.918656826019287,6.715976238250732,6.070034980773926,0.08248022198677063,113.25800546209378,159.07567811199905,188.36871259136004,27.781479832675746,13.549449750972839,2.4767761202766962,0.40375066273179494,161.32194505438753,155.20953606053334,148.64471482136278,data/tiles/train/H366/H366__Motorola_Edge_H366_04__x32_y275__t256.png
9.015113830566406,7.368197441101074,8.063532829284668,7.80587911605835,6.786381244659424,0.09137912094593048,90.46895815059821,143.80565519759293,178.4220419579893,32.30741151955162,14.389286840693133,2.365513182693508,0.4227412501085042,145.54228794711847,138.914051476458,132.98725443467202,data/tiles/train/H366/H366__Motorola_Edge_H366_04__x288_y275__t256.png
10.120399475097656,7.666941165924072,8.567790985107422,8.514551162719727,7.376747131347656,0.09111287444829941,75.52904650642034,138.95002948138844,176.3326087020366,36.997650484910324,14.860892384065702,2.4437578830391034,0.40920584111073277,138.43398385137002,131.71129466129557,126.59650176059566,data/tiles/train/H366/H366__Motorola_Edge_H366_04__x544_y275__t256.png
10.277213096618652,7.6086249351501465,8.205123901367188,8.347084045410156,8.004056930541992,0.0928030014038086,79.01313040788847,139.86540257091949,175.1806120188938,35.14651615563852,15.28060123934787,2.49871280277654,0.4002060576504878,139.64203941417065,132.94660338615824,127.6496082994759,data/tiles/train/H366/H366__Motorola_Edge_H366_04__x800_y275__t256.png
7.4573187828063965,5.8391523361206055,6.607777118682861,7.065392017364502,6.89464807510376,0.08293524384498596,93.02714123326597,153.17419897787727,185.55789163265203,33.88747646876247,10.709723658119314,2.448925980465453,0.40834227248058186,151.9104716260752,145.55702425063072,140.23864908908095,data/tiles/train/H366/H366__Motorola_Edge_H366_04__x1056_y275__t256.png
7.832246780395508,5.766100883483887,6.067988395690918,6.214991569519043,5.90382719039917,0.11429256200790405,116.32035083580568,158.81781381019417,184.15076113361272,25.37208115057265,12.331214881590164,2.2520405274141404,0.4440417425117254,163.64243687464025,154.16370426276387,146.08605157052415,data/tiles/train/H367/H367__Motorola_Edge_H367_01__x40_y16__t256.png
10.772406578063965,8.042901992797852,8.527220726013184,8.527153968811035,7.3706817626953125,0.09041906893253326,84.7465527140797,141.87286541942078,177.9255111775648,34.188847288740845,16.652001082217673,2.5926892392332053,0.38569990759700634,143.441557733233,135.96440482554982,131.47427112805536,data/tiles/train/H367/H367__Motorola_Edge_H367_01__x296_y16__t256.png
10.808910369873047,7.66216516494751,7.751419544219971,7.468916416168213,6.502228736877441,0.08824966102838516,90.85784876676756,144.91426495322298,177.51433429447016,31.998918630215172,16.76240009487206,2.799892146441251,0.3571566145042518,146.20015166089163,138.15447094764397,134.06640915478374,data/tiles/train/H367/H367__Motorola_Edge_H367_01__x552_y16__t256.png
8.793646812438965,6.359950542449951,6.986880779266357,7.559032917022705,7.398249626159668,0.07472511380910873,85.14058908381104,149.14253715092883,178.52112504523203,34.15030585578111,12.145629977792998,2.484678405632314,0.4024665718240163,145.23674397627232,138.906592962921,136.04937444115723,data/tiles/train/H367/H367__Motorola_Edge_H367_01__x808_y16__t256.png
9.769813537597656,7.279599189758301,7.312477111816406,6.505268096923828,5.09091854095459,0.10238687694072723,99.54268860260531,145.83284500060898,177.90867736483133,28.837760907844466,15.806613836355996,2.4330232619021928,0.41101127788567765,149.8280948497443,141.42911096748287,135.5002786506352,data/tiles/train/H367/H367__Motorola_Edge_H367_01__x1064_y16__t256.png
9.001914978027344,6.783452033996582,7.2554826736450195,7.265844345092773,6.619492530822754,0.11890975385904312,103.68371859197721,154.24889977606415,184.0858555727813,29.828761700370716,13.922675803794455,2.6483886645209553,0.37758808342463646,158.25472004669422,148.81871429429526,140.5828422458283,data/tiles/train/H367/H367__Motorola_Edge_H367_01__x40_y272__t256.png
10.004974365234375,7.016200065612793,7.881543159484863,8.438400268554688,8.09827709197998,0.09345079958438873,84.34587720540547,147.2180050632833,181.72222080060632,36.25296239820633,14.135396313534052,2.4616700314719178,0.4062282869820962,147.21986141741223,139.01155644129605,134.36654375544967,data/tiles/train/H367/H367__Motorola_Edge_H367_01__x296_y272__t256.png
11.819355010986328,8.785358428955078,9.130865097045898,8.368240356445312,6.101198673248291,0.0927678719162941,79.56317868732401,140.56848637676316,174.92029460149743,35.27171476943334,18.353835648707584,2.4624513844092983,0.40609938792350353,140.2420727854476,132.1323173006353,128.20200437382937,data/tiles/train/H367/H367__Motorola_Edge_H367_01__x552_y272__t256.png
11.468045234680176,8.482879638671875,9.015227317810059,8.424294471740723,6.475271701812744,0.09768463671207428,83.05210374928525,138.38546908526394,176.5660318116558,34.35641209609254,18.024204373201897,2.586255395294766,0.3866594157016833,141.11098005983612,132.79789892311229,128.19626588567954,data/tiles/train/H367/H367__Motorola_Edge_H367_01__x808_y272__t256.png
10.562281608581543,7.707294464111328,7.539670467376709,6.497255325317383,5.129889488220215,0.09580891579389572,101.0766904427896,150.57990958919365,179.97391201198653,29.08268148287084,17.228230803550606,2.3973781701133086,0.41712234326082,152.7442234412151,144.60380701292718,139.10093322828183,data/tiles/train/H367/H367__Motorola_Edge_H367_01__x1064_y272__t256.png
7.25178337097168,5.682067394256592,6.206243515014648,6.4169511795043945,6.234067916870117,0.13154336810112,112.82412139646112,158.72825914268608,184.22545664001038,26.828214342425525,11.197546103522809,2.6526839968617617,0.37697667765291404,163.37888466909789,154.9887285676711,143.30041767831702,data/tiles/train/H367/H367__Motorola_Edge_H367_02__x42_y19__t256.png
9.38383960723877,7.264001369476318,8.233384132385254,8.678945541381836,8.572075843811035,0.10337918251752853,76.74450788078913,140.057123788961,175.79133938991106,36.571192495111674,13.765492711385209,2.455585798157151,0.4072348035041057,139.27262414699487,132.84510388226593,126.04307952630376,data/tiles/train/H367/H367__Motorola_Edge_H367_02__x298_y19__t256.png
10.562644958496094,8.074074745178223,8.747636795043945,8.61095905303955,6.854094982147217,0.10243671387434006,82.55179050043735,142.4474784442041,179.30614587651897,35.51736234208751,16.083481429904126,2.4488888616505182,0.40834846189222873,143.52763868613175,136.47379736391193,129.81584037221464,data/tiles/train/H367/H367__Motorola_Edge_H367_02__x554_y19__t256.png
10.745841979980469,8.112133026123047,8.952178955078125,9.162802696228027,8.783182144165039,0.10223556309938431,76.95715006038463,143.97286889114582,179.49198209799147,37.94364756733116,15.699246332302657,2.2339612385588135,0.4476353406405234,142.53864890047325,135.743458179932,128.87047753439765,data/tiles/train/H367/H367__Motorola_Edge_H367_02__x810_y19__t256.png
10.509824752807617,8.026509284973145,8.825692176818848,8.42054557800293,7.659290313720703,0.11243484914302826,90.55395570338635,151.07297788432538,187.1199059814387,35.190099938170164,15.58180549161377,2.798630603982403,0.35731761046885474,153.2612761096895,145.73138403356523,137.01688318126932,data/tiles/train/H367/H367__Motorola_Edge_H367_02__x1066_y19__t256.png
9.028331756591797,7.097706317901611,7.7938103675842285,7.73484992980957,6.58396577835083,0.12131892144680023,103.58214312091911,153.26207069547806,187.42516429691332,30.762484281326877,14.527036233780121,2.6849726703441994,0.37244326955171775,157.6315897199997,149.9221471763132,139.68247004934497,data/tiles/train/H367/H367__Motorola_Edge_H367_02__x42_y275__t256.png
9.834454536437988,7.901967525482178,9.297483444213867,9.943624496459961,9.125930786132812,0.09607589244842529,72.3405696687109,140.98438703514958,178.77641560257067,39.77122996809759,14.317408189054476,2.451112048974019,0.40797808505677163,139.13524733954142,133.05896541563516,126.60230975434533,data/tiles/train/H367/H367__Motorola_Edge_H367_02__x298_y275__t256.png
10.52087116241455,7.947094917297363,8.94227123260498,9.216691017150879,8.477795600891113,0.0969100296497345,70.46382033031905,137.97596801684344,173.68086707427514,38.06247944859921,15.485761715839756,2.3644090940497295,0.4229386541088001,135.94023985910033,129.3765864773719,123.60217532416357,data/tiles/train/H367/H367__Motorola_Edge_H367_02__x554_y275__t256.png
10.65959358215332,8.10057258605957,9.35344409942627,9.936605453491211,10.379447937011719,0.10049176216125488,63.37650793982532,131.83600098894132,174.83227224808397,41.036628545100434,15.132847523573531,2.6575288950646883,0.37628941753262046,131.17028962446935,124.94635227611366,119.0143175770366,data/tiles/train/H367/H367__Motorola_Edge_H367_02__x810_y275__t256.png
10.988161087036133,8.951696395874023,10.39456844329834,10.746109962463379,9.587327003479004,0.10689715296030045,70.83534584882666,145.51801787143108,184.43345254871414,42.23910715842135,16.07122695096506,2.5237327467740553,0.3962384691002815,143.12437514658285,136.29419261058624,128.65135475705975,data/tiles/train/H367/H367__Motorola_Edge_H367_02__x1066_y275__t256.png
6.430965423583984,5.264223098754883,5.801014423370361,5.792149066925049,5.716660976409912,0.08779088407754898,127.92714925377102,168.72728650824513,190.46740375424156,23.383974114381637,9.805004831639272,2.62103197196213,0.3815291116999959,171.042630034958,164.9096360204856,156.85185833695087,data/tiles/train/H367/H367__Motorola_Edge_H367_03__x46_y18__t256.png
8.701554298400879,7.122705936431885,7.9650421142578125,8.219037055969238,7.892899513244629,0.0764436423778534,89.19256445755543,151.18411792944678,181.70750191050968,34.57250275550255,12.842824396911556,2.36370778226908,0.42306413995051184,148.0629699514998,142.77064206600048,137.38750835572927,data/tiles/train/H367/H367__Motorola_Edge_H367_03__x302_y18__t256.png
9.641870498657227,7.701274871826172,8.784079551696777,9.355207443237305,8.40295696258545,0.08038198202848434,82.78455682968256,145.23812045259692,185.21943116297697,37.807144022383305,14.293959842851352,2.6282002575948553,0.3804885100023276,145.13227988442128,139.4380319840102,134.40535958025333,data/tiles/train/H367/H367__Motorola_Edge_H367_03__x558_y18__t256.png
8.857486724853516,7.591380596160889,8.205096244812012,7.715497016906738,7.023477554321289,0.10034956783056259,91.42178750681371,146.05579787707762,182.99548476114583,33.710588135030726,14.302087278656145,2.497576121093156,0.4003881970021051,148.63443072297756,141.56930533453402,134.61582286882097,data/tiles/train/H367/H367__Motorola_Edge_H367_03__x814_y18__t256.png
8.474420547485352,7.06821870803833,7.474336624145508,6.886480331420898,5.555150032043457,0.09358227998018265,112.57067795547461,161.8544831881861,190.0684905149088,28.553016074200286,13.962994059483695,2.2336396977380066,0.44769977942847894,163.7302555054228,156.6686939654277,149.17243114734157,data/tiles/train/H367/H367__Motorola_Edge_H367_03__x1070_y18__t256.png
7.2972002029418945,6.0417327880859375,6.364518165588379,6.149662971496582,5.332275867462158,0.09686751663684845,123.82464886795015,163.26558496746205,189.8697448384775,24.384522467683965,12.357111008087319,2.526023338540817,0.39587916102852005,167.36882127196048,160.7734273298969,151.99646799487147,data/tiles/train/H367/H367__Motorola_Edge_H367_03__x46_y274__t256.png
10.14533805847168,8.356494903564453,9.860264778137207,10.017603874206543,8.704748153686523,0.0873635783791542,76.41507385307271,138.39587749269546,183.39694205996898,39.25621092772765,15.722137342152386,2.621743515820973,0.38142556431072544,139.6653026480773,134.06071542531384,128.14412736448995,data/tiles/train/H367/H367__Motorola_Edge_H367_03__x302_y274__t256.png
8.8267240524292,7.575793743133545,8.903704643249512,8.85282039642334,7.689762115478516,0.08276190608739853,79.25283365901826,142.6005252235632,177.35336027002768,35.960859094133774,13.353297511600577,2.7769210070447317,0.36011107174569035,139.86912360947733,134.6475250034962,130.53786393469787,data/tiles/train/H367/H367__Motorola_Edge_H367_03__x558_y274__t256.png
9.557073593139648,7.965060234069824,8.510931015014648,8.079073905944824,7.049351215362549,0.10246866196393967,87.38989897057259,137.83873529332686,178.84163015912335,33.83472316365821,15.757728033434896,2.6693163068355763,0.37462776421033483,142.88323511162912,135.79516639614553,129.0182066420061,data/tiles/train/H367/H367__Motorola_Edge_H367_03__x814_y274__t256.png
8.645709991455078,6.8465471267700195,6.485508918762207,5.2051262855529785,3.5331761837005615,0.09512196481227875,124.71735436221347,161.524655436975,189.09770933522836,23.634074522637977,15.293486003597529,2.6950444517380894,0.37105139373678214,166.82513731590436,159.36405118027676,151.69323857327223,data/tiles/train/H367/H367__Motorola_Edge_H367_03__x1070_y274__t256.png
4.048720359802246,3.9237751960754395,4.860190391540527,4.869965076446533,3.9123706817626953,0.12459377199411392,164.9399690153156,192.42309756962428,213.20267329629812,18.00817388191833,7.539652623584816,2.3324725248351026,0.42872959460506244,202.32081592627523,191.81173075521156,178.54977276057923,data/tiles/train/H367/H367__Samsung_A52_H367_01__x79_y194__t256.png
5.792236328125,5.236287593841553,6.510243892669678,6.482608795166016,5.604458808898926,0.12065441161394119,140.96467525354578,179.96552190466204,207.1424416210582,24.357568842015578,9.948983953314409,2.2947119828722897,0.4357845374338877,187.49635355369583,177.73396620816717,166.13715113910644,data/tiles/train/H367/H367__Samsung_A52_H367_01__x335_y194__t256.png
7.381921291351318,6.193872928619385,7.707183361053467,8.366070747375488,7.3303937911987305,0.12765493988990784,118.2092013711205,170.46536720070557,201.66553163359586,30.631448232847763,11.630929317362023,2.2177251580078714,0.4509125021146785,175.27205054659157,166.02661198268083,154.21568442988516,data/tiles/train/H367/H367__Samsung_A52_H367_01__x591_y194__t256.png
7.071507453918457,6.013214588165283,7.213010311126709,7.729971408843994,7.542168617248535,0.15608787536621094,117.17536230460034,165.81048793434948,201.92870889262917,30.849520775052028,11.19229468437398,2.39350362600073,0.417797570530898,174.68706486500142,163.37256079499755,149.3504329896556,data/tiles/train/H367/H367__Samsung_A52_H367_01__x847_y194__t256.png
6.69658899307251,5.855309009552002,7.018341064453125,7.1667985916137695,6.430561542510986,0.15618056058883667,130.25953448974772,173.27560712364956,203.58708119349157,26.936973771522243,11.31912466798554,2.5648015752908275,0.3898937093746163,182.96974631749245,171.26810786997643,156.39245418136463,data/tiles/train/H367/H367__Samsung_A52_H367_01__x1103_y194__t256.png
5.017847537994385,4.654092311859131,5.2025299072265625,4.5931243896484375,3.3920154571533203,0.1340743601322174,154.11740686108223,180.04617029653673,203.15401407195785,17.942865505422503,9.601078496962531,2.3470481315218645,0.42606710385252455,191.0655013000825,180.21587561305432,167.01278134551293,data/tiles/train/H367/H367__Samsung_A52_H367_01__x79_y450__t256.png
6.806365489959717,6.268028736114502,7.046773910522461,6.357429504394531,5.007693290710449,0.1438775360584259,120.22297522210125,158.8468661100812,190.85820865964988,25.73568816918016,12.408564899609413,2.3377500318340165,0.4277617308876595,168.20336455850492,157.84076799715322,145.59597729183042,data/tiles/train/H367/H367__Samsung_A52_H367_01__x335_y450__t256.png
8.130097389221191,6.800839424133301,7.641174793243408,7.581579685211182,6.7337470054626465,0.152480810880661,93.59945177383854,140.57278755189125,179.59096602547046,31.461783329465526,13.241897451160343,2.7153370605726974,0.368278404372048,148.97414235533708,139.1659696583798,128.08559135815239,data/tiles/train/H367/H367__Samsung_A52_H367_01__x591_y450__t256.png
8.421953201293945,7.062934875488281,8.568510055541992,8.848185539245605,7.744082450866699,0.15234477818012238,87.58458807524043,141.13336357028325,180.15305195138114,33.71662573802343,13.264687069216395,2.302682187385645,0.4342761695374697,147.63415798468648,137.7054364135232,126.80550141234284,data/tiles/train/H367/H367__Samsung_A52_H367_01__x847_y450__t256.png
8.307019233703613,7.03802490234375,8.473785400390625,8.694838523864746,7.882930755615234,0.1550532728433609,101.59779357945108,155.9556984575751,196.71349843917992,34.53906821774421,13.204700026217242,2.460098792270742,0.40648774071262855,164.17940923556125,152.80825298779538,140.5409996077103,data/tiles/train/H367/H367__Samsung_A52_H367_01__x1103_y450__t256.png
5.359090805053711,4.768200397491455,5.6443772315979,5.76701545715332,5.473509311676025,0.14188708364963531,143.547503906087,180.1773798883618,208.39734337202128,23.760543484017838,8.92292657042064,2.3400939970205594,0.42733326151565454,190.47070290360722,179.03754276031492,165.20094427154152,data/tiles/train/H367/H367__Samsung_A52_H367_01__x79_y706__t256.png
7.275860786437988,6.423651218414307,7.356856346130371,6.945367336273193,5.738369464874268,0.15022535622119904,117.33490291263298,160.07398543554277,195.1348094133971,28.35916631252893,12.655529560945954,2.4519259004306795,0.40784266760441273,169.91218531190106,158.61978322840105,146.17782735292394,data/tiles/train/H367/H367__Samsung_A52_H367_01__x335_y706__t256.png
7.882384777069092,6.725956916809082,7.945104122161865,8.453839302062988,7.743706703186035,0.1603912115097046,92.26154516179044,144.01773707937272,185.06123083360572,34.119312271736895,12.59108132813527,2.3109332554977082,0.43272560885131617,152.57205919580224,141.4742116094066,129.92269455829563,data/tiles/train/H367/H367__Samsung_A52_H367_01__x591_y706__t256.png
8.064727783203125,6.570760250091553,7.7035346031188965,8.29116153717041,7.813334941864014,0.15149225294589996,101.3833256941728,153.13577853452009,191.32716181214255,33.19909058391968,12.419685257686046,2.468357876751696,0.40512763947988684,160.97014569435234,149.87982790249026,138.31009861982685,data/tiles/train/H367/H367__Samsung_A52_H367_01__x847_y706__t256.png
6.5403733253479,5.39044713973999,6.478654861450195,7.083083152770996,7.368152618408203,0.12599964439868927,111.41197654239285,169.91911604491554,195.87834002893268,31.610188764313456,9.401630306711901,2.39643627261895,0.4172862894063726,172.03002201151455,161.97870336421866,151.63529912200127,data/tiles/train/H367/H367__Samsung_A52_H367_01__x1103_y706__t256.png
8.13421630859375,6.308858394622803,7.4989519119262695,7.816401958465576,6.74305534362793,0.1389036476612091,113.22096864897689,172.05089532843326,197.16213618377012,31.33138056926979,11.710416259448081,2.5335721857944358,0.39469962829830973,174.40517869770585,163.07521615017157,152.0897129790446,data/tiles/train/H368/H368__Motorola_Edge_H368_01__x155_y17__t256.png
10.847810745239258,8.351903915405273,9.368346214294434,9.3589448928833,8.181075096130371,0.13497702777385712,89.91964738950651,156.77073795863484,194.2463624186278,38.18447256735764,16.325251709536246,2.7155984761006193,0.36824295226292786,159.1108074929755,148.2560280280522,140.22473509287397,data/tiles/train/H368/H368__Motorola_Edge_H368_01__x411_y17__t256.png
11.96757698059082,9.320487976074219,10.417712211608887,10.50842571258545,8.515846252441406,0.13992711901664734,76.40470204381522,151.05018742021232,190.58190877560597,41.90719044054876,17.88068181424962,2.4616783339311747,0.4062269169030915,152.36577351264208,140.7246316006244,132.82097044374285,data/tiles/train/H368/H368__Motorola_Edge_H368_01__x667_y17__t256.png
11.39758586883545,8.962448120117188,9.836763381958008,9.36102294921875,7.581122398376465,0.13924351334571838,82.13347944688114,153.01475497509315,191.87684826594887,40.10429915534556,17.02294813843947,2.7140768573716816,0.368449403812537,155.0496684684406,143.64688024795922,135.24605557421347,data/tiles/train/H368/H368__Motorola_Edge_H368_01__x923_y17__t256.png
11.241534233093262,8.543055534362793,9.337943077087402,9.166070938110352,7.698390960693359,0.13529272377490997,91.74307795344635,157.3266356228344,193.72230506838017,37.62321349550097,17.115758961370723,2.5820440136541714,0.3872900673698338,159.66977356452975,149.06206644989035,140.2387390688627,data/tiles/train/H368/H368__Motorola_Edge_H368_01__x1179_y17__t256.png
9.857580184936523,7.825557708740234,8.989130020141602,9.028984069824219,8.062485694885254,0.16521401703357697,94.29609443372537,157.6333275966048,192.0492502983799,35.85196264091713,14.698856261297442,2.5500217732158807,0.392153514336029,162.48055992601186,149.79633245717847,137.73576695750353,data/tiles/train/H368/H368__Motorola_Edge_H368_01__x155_y273__t256.png
11.573759078979492,9.2249174118042,10.764585494995117,11.046107292175293,9.316558837890625,0.16537095606327057,65.2306325383567,135.07602883505527,178.11230340363736,41.99789661488228,17.58157929298119,2.686026690217226,0.37229711962360557,138.40127633422378,127.03310276162608,118.69715392485836,data/tiles/train/H368/H368__Motorola_Edge_H368_01__x411_y273__t256.png
12.541898727416992,10.067771911621094,10.961065292358398,10.450261116027832,8.413361549377441,0.163585364818573,62.637805628026975,123.70389964203963,175.50811553302742,41.67554992431273,20.14932317842367,2.4692791944950687,0.404976481488755,132.10739016154346,120.04337506540374,112.52847627906574,data/tiles/train/H368/H368__Motorola_Edge_H368_01__x667_y273__t256.png
12.884865760803223,10.231788635253906,10.919744491577148,10.213240623474121,8.13786792755127,0.15036971867084503,64.39833264552719,130.96956615714058,176.06787015855818,41.432035998516014,20.378308068460314,2.2989015219558797,0.434990359721547,135.27159851335074,124.13153194600568,116.60714929629746,data/tiles/train/H368/H368__Motorola_Edge_H368_01__x923_y273__t256.png
11.95356559753418,9.46391773223877,10.261176109313965,10.12796688079834,8.297170639038086,0.13908647000789642,75.19453884467022,147.08718137595702,183.55901638430797,40.51017457127591,18.281957487505245,2.4648637401498905,0.4057019395072886,147.19471473093617,136.76562582775787,128.63002553861207,data/tiles/train/H368/H368__Motorola_Edge_H368_01__x1179_y273__t256.png
8.449859619140625,6.112880229949951,6.024984836578369,5.394179821014404,4.638951778411865,0.09091725945472717,125.34463676131004,170.18013654338242,191.9490498644121,24.94960630296703,13.119664428714565,2.530805280814051,0.39513114959138346,171.95231433768026,163.5602052878605,157.29047442098334,data/tiles/train/H368/H368__Motorola_Edge_H368_02__x116_y16__t256.png
10.182998657226562,7.570099830627441,7.514324188232422,6.7018890380859375,5.273168563842773,0.0995267927646637,107.20977892595242,158.3208692162482,187.33170200839479,29.419527785510052,16.4429924478869,2.005463184470391,0.4986379245172147,160.692034970988,151.83218516893197,145.64089279242253,data/tiles/train/H368/H368__Motorola_Edge_H368_02__x372_y16__t256.png
10.066493034362793,7.372315883636475,7.5168232917785645,6.817404747009277,5.595036506652832,0.11234042793512344,105.513876443315,157.86120959495017,185.03283578606576,29.503655766965412,15.516814852812281,2.4083932990995955,0.4152145749508027,160.19866350290394,150.5336535447359,143.55053419006296,data/tiles/train/H368/H368__Motorola_Edge_H368_02__x628_y16__t256.png
10.418717384338379,7.596657752990723,7.840749740600586,6.8544487953186035,5.5069193840026855,0.11631724238395691,103.96332778979122,155.1378453858298,184.19154621786865,29.695492690231635,16.63039467121795,2.4535325807723956,0.4075755944048603,158.61162346225552,148.86261491038246,141.3368763701623,data/tiles/train/H368/H368__Motorola_Edge_H368_02__x884_y16__t256.png
9.575761795043945,7.111733436584473,7.964639186859131,7.620866775512695,6.581295490264893,0.1037675142288208,106.30113820866875,161.97500848155443,190.6201526315158,31.000446031529645,14.867420211320521,2.366822146420859,0.4225074543569798,162.86169069287774,154.13870735677696,147.08838511992198,data/tiles/train/H368/H368__Motorola_Edge_H368_02__x1140_y16__t256.png
9.51821517944336,7.2574687004089355,7.841708660125732,7.263244152069092,5.926629543304443,0.10583440214395523,96.64479661134607,149.73018047269008,183.40002402099353,31.549829196793027,14.792175267721905,2.6308820612924984,0.38010065700502005,152.6657271323082,144.3025715521197,137.8732207709757,data/tiles/train/H368/H368__Motorola_Edge_H368_02__x116_y272__t256.png
9.145391464233398,6.6342339515686035,7.467004299163818,7.899710178375244,7.699574947357178,0.08031656593084335,79.87703674541666,151.6073301873211,183.9963700814103,38.90870109375329,12.213516490784416,2.360114214191097,0.4237083078382878,146.01499344548105,140.14489950181724,137.0194692805286,data/tiles/train/H368/H368__Motorola_Edge_H368_02__x372_y272__t256.png
9.739012718200684,7.750292778015137,9.376038551330566,10.571922302246094,9.920037269592285,0.10491055250167847,63.2978447128825,130.98677537378595,170.37523657487273,40.03422361159653,13.755967242965113,2.460095697246678,0.406488252111165,130.05212238799967,122.11529177377199,118.20272261746899,data/tiles/train/H368/H368__Motorola_Edge_H368_02__x628_y272__t256.png
9.314800262451172,7.089241981506348,8.081711769104004,8.742485046386719,9.041760444641113,0.10426245629787445,73.70527206790165,141.43069254685648,175.3769166162397,37.8654915422823,12.77410512053866,2.472067361578966,0.404519721243064,139.63084127676183,131.60235957038975,126.37136248899073,data/tiles/train/H368/H368__Motorola_Edge_H368_02__x884_y272__t256.png
11.027132987976074,8.47168254852295,9.41598892211914,9.076885223388672,7.350866317749023,0.1272093802690506,82.19397317863324,143.24338313636156,180.1530543277024,35.92671261289137,16.863290739308297,2.32733986253491,0.4296751050836264,145.9115497691663,136.37218670176784,128.73379352841974,data/tiles/train/H368/H368__Motorola_Edge_H368_02__x1140_y272__t256.png
8.250274658203125,6.841466903686523,8.654681205749512,10.070842742919922,10.892887115478516,0.11575555056333542,64.81624890143904,137.09194149541716,176.5694455094932,41.205497061129634,11.189780295895208,2.668639430807388,0.3747227851225496,135.70305825114662,128.09489920856547,121.03886076575016,data/tiles/train/H368/H368__Motorola_Edge_H368_03__x475_y113__t256.png
8.73546314239502,7.09486198425293,8.975091934204102,10.370768547058105,10.632845878601074,0.11569046974182129,63.57665956462184,138.7284660136965,179.19990699839386,42.740591976606744,11.667183835656921,2.5970214631239608,0.385056501919356,136.24612937461112,128.51445531452626,121.4969333715102,data/tiles/train/H368/H368__Motorola_Edge_H368_03__x731_y113__t256.png
10.381916999816895,8.592546463012695,10.316635131835938,10.890006065368652,9.7296781539917,0.11309453099966049,70.59634568872814,146.6611521648571,184.4776675610815,41.97901230950523,14.906017073136134,2.5278507159295054,0.39559298090603195,143.86323024292614,136.3121950160525,128.8780624340168,data/tiles/train/H368/H368__Motorola_Edge_H368_03__x987_y113__t256.png
8.779881477355957,7.156412601470947,7.917559623718262,7.294425010681152,6.269028186798096,0.1385817676782608,102.54158696095362,153.40251975530967,186.56785218899935,30.674540584433192,13.895354560157731,2.3708788925511826,0.4217845133894421,158.93107050804525,149.82168088930214,138.34406248737392,data/tiles/train/H368/H368__Motorola_Edge_H368_03__x1243_y113__t256.png
9.491889953613281,7.221773147583008,7.474031448364258,6.891417980194092,5.816402435302734,0.11183012276887894,124.40003029913737,173.87809520598205,202.04977462374237,28.661550568249503,15.257654862147852,2.649418212939129,0.37744135490434755,177.84497894293992,168.16126818999962,159.29067111575625,data/tiles/train/H368/H368__Motorola_Edge_H368_04__x104_y16__t256.png
10.141439437866211,7.646679401397705,8.29131031036377,7.778744697570801,6.789642333984375,0.106918103992939,108.77380517348621,164.47818862862553,196.0098427134684,32.320563673248365,15.79367983032496,2.6430845136871146,0.37834582845215026,166.96318833619014,157.89308819307763,150.1900952215786,data/tiles/train/H368/H368__Motorola_Edge_H368_04__x360_y16__t256.png
10.911087989807129,7.955005645751953,8.179072380065918,7.139603137969971,5.361322402954102,0.1033257395029068,107.66707918690422,161.76771315415294,189.81972295693586,30.650161161811564,17.280997913886377,2.5086250077771006,0.3986247433952286,163.06177679431903,154.58292379785027,148.12429320848324,data/tiles/train/H368/H368__Motorola_Edge_H368_04__x616_y16__t256.png
9.192586898803711,6.873201370239258,7.454510688781738,7.466131687164307,6.665347099304199,0.10594914108514786,101.63811399343354,165.4924966476543,195.19258652794187,34.25679989835099,13.082411541676533,2.272866661669223,0.43997301595580046,164.54422300832104,155.86869291394885,148.2128448223383,data/tiles/train/H368/H368__Motorola_Edge_H368_04__x872_y16__t256.png
9.281965255737305,7.204859256744385,7.910708427429199,7.633078575134277,6.625337600708008,0.11042662709951401,109.48919829982411,163.292292556685,195.73806144312013,31.60523966103995,14.398193417075246,2.5763931695301725,0.38813951683560727,165.96534053836888,157.99461888983222,149.594883922675,data/tiles/train/H368/H368__Motorola_Edge_H368_04__x1128_y16__t256.png
9.270207405090332,7.167177200317383,7.9514055252075195,8.144137382507324,7.443838119506836,0.10238545387983322,103.92105568102095,162.26891270619544,194.32589571989544,33.32115412312236,13.80691189188322,2.4297432488589057,0.4115661193706931,163.58717938074986,155.9192247625794,148.00311712423797,data/tiles/train/H368/H368__Motorola_Edge_H368_04__x104_y272__t256.png
10.665719985961914,8.469372749328613,10.33211612701416,11.027517318725586,9.934736251831055,0.09310627728700638,70.71050906149499,143.59157527180392,184.4614812397656,41.95075652794394,15.47756257131653,2.576500296739545,0.3881233785478149,141.30230451917882,134.6090920606767,129.46272268656145,data/tiles/train/H368/H368__Motorola_Edge_H368_04__x360_y272__t256.png
9.899514198303223,7.401439666748047,9.033635139465332,10.84015941619873,11.482172966003418,0.09185713529586792,61.483331132494925,144.2630649687679,182.88006596763998,45.0904648356157,12.514842293951924,2.274609753974686,0.43963585325024895,137.30337838626866,131.1850790148419,128.16959475420927,data/tiles/train/H368/H368__Motorola_Edge_H368_04__x616_y272__t256.png
9.894896507263184,7.404728889465332,8.834494590759277,9.818623542785645,9.686665534973145,0.08712659031152725,69.53101079330959,141.1753594551228,182.1767509706098,41.735364984420286,13.22441643689788,2.667168148598929,0.37492949236264045,139.43381104835473,132.82808566504653,128.2889251372041,data/tiles/train/H368/H368__Motorola_Edge_H368_04__x872_y272__t256.png
10.048158645629883,7.725174903869629,9.076098442077637,9.971924781799316,9.13436222076416,0.09580809623003006,73.13879562059083,143.5233716392995,183.5893666031857,41.23041083476372,14.055343511166946,2.5029343471944587,0.39953105486801954,142.34700348581984,135.86189155648293,129.70556787485876,data/tiles/train/H368/H368__Motorola_Edge_H368_04__x1128_y272__t256.png
6.011404991149902,5.505710601806641,6.584643840789795,6.4698486328125,5.317733287811279,0.185313880443573,147.87236492176308,185.85386487712776,214.84730635667333,24.564621538329654,10.637631465029033,2.3957332073282123,0.4174087485789904,199.97049980774034,185.1211861111925,165.95393426877862,data/tiles/train/H368/H368__Samsung_A52_H368_01__x84_y178__t256.png
6.250396251678467,5.965446949005127,7.513182163238525,7.428986549377441,6.293878555297852,0.18807102739810944,127.30018502781672,170.33400700991908,203.8927253581355,27.833449669774915,11.023987887661503,2.5325577699573065,0.39485772520674145,183.20473857481812,169.07886664541186,151.62604478401013,data/tiles/train/H368/H368__Samsung_A52_H368_01__x340_y178__t256.png
7.415289402008057,6.478669166564941,7.494472026824951,6.990316390991211,5.584306240081787,0.19000157713890076,122.77572484026616,165.89488998524808,196.9409192145362,27.282607785401442,12.691442142254616,2.3661211619891525,0.42263262594689754,177.76013532835412,164.3446405801386,146.8648019226927,data/tiles/train/H368/H368__Samsung_A52_H368_01__x596_y178__t256.png
6.492863655090332,5.564651012420654,6.6861701011657715,6.753127098083496,5.985133647918701,0.2103213220834732,119.59916994401654,169.88234816012627,202.6070127228069,30.260182764911125,10.239487212876782,2.195751497475131,0.4554249427359555,181.53730828962694,166.2888813042045,146.85702452406653,data/tiles/train/H368/H368__Samsung_A52_H368_01__x852_y178__t256.png
7.048212051391602,6.1728515625,7.434811592102051,7.436119079589844,6.43220329284668,0.20360004901885986,126.98033306612386,171.68008568634136,205.15388332692325,28.542710329259158,11.709360164807721,2.097875870883931,0.47667262581110403,185.2392719316415,170.37695352521203,151.06851810586306,data/tiles/train/H368/H368__Samsung_A52_H368_01__x1108_y178__t256.png
6.342251777648926,5.958399295806885,7.434370517730713,7.933194637298584,7.5473456382751465,0.20407384634017944,123.3849217297738,173.18730555445345,207.4211260593138,30.86847543025173,10.440043946986826,2.2247933781702396,0.449479942637388,186.09558502976566,170.69860471093656,151.52270590623226,data/tiles/train/H368/H368__Samsung_A52_H368_01__x84_y434__t256.png
8.403359413146973,7.332961559295654,9.47384262084961,10.054495811462402,8.932587623596191,0.19855546951293945,85.21258907562891,148.4108948565759,189.6110448029846,38.022881566991494,12.924999232806263,2.681300535661506,0.3729533436106554,156.41883661820918,143.55115380808834,128.15720321146486,data/tiles/train/H368/H368__Samsung_A52_H368_01__x340_y434__t256.png
8.454471588134766,6.7081379890441895,8.35067081451416,9.808506965637207,10.727029800415039,0.17238831520080566,71.76054659903882,143.214215735412,185.4609421024767,41.686747329167055,11.181148895348121,2.110561062162359,0.4738076608764201,146.2654040572242,136.47964763947044,124.09800251084094,data/tiles/train/H368/H368__Samsung_A52_H368_01__x596_y434__t256.png
8.241440773010254,6.639239311218262,8.418278694152832,9.538932800292969,10.13103199005127,0.18721282482147217,73.4544557858818,135.4583614929313,181.90359750349683,39.72850494647274,11.633040408045083,2.4244799691537344,0.41245958420891815,143.42664496800268,132.77808815449424,118.9796013994848,data/tiles/train/H368/H368__Samsung_A52_H368_01__x852_y434__t256.png
8.424056053161621,6.997933864593506,8.602096557617188,9.712319374084473,9.116060256958008,0.20026937127113342,83.38268127816654,145.52787084954866,188.933752428791,39.429102243391284,12.62960872418635,2.42519896493861,0.4123373028180859,154.918023513164,141.75747263888192,126.71528437308656,data/tiles/train/H368/H368__Samsung_A52_H368_01__x1108_y434__t256.png
6.718113422393799,5.975874900817871,6.899784088134766,6.534114360809326,5.095853328704834,0.20915578305721283,134.14207680368852,174.01228829211468,202.82255076285506,25.369681262333696,11.754801563376988,2.5579511103708747,0.3909378861642946,188.50007080594474,172.83436223837302,152.68479745782275,data/tiles/train/H368/H368__Samsung_A52_H368_01__x84_y690__t256.png
8.562381744384766,7.151793003082275,9.142134666442871,10.279647827148438,9.972396850585938,0.19893665611743927,87.51527013945497,156.05317884986792,194.05139180049036,39.14927911674234,12.386556855214184,2.1770464073751534,0.4593379344658489,162.25927701737044,148.61838506268802,132.84416115714927,data/tiles/train/H368/H368__Samsung_A52_H368_01__x340_y690__t256.png
8.755025863647461,7.382249355316162,9.200787544250488,9.970773696899414,9.292656898498535,0.19834621250629425,83.8746397947722,147.15974555977098,187.69461403120064,38.30350901918897,13.058692229580435,2.62771394226608,0.38055892763487914,155.41516280433942,142.63594350147588,127.42750551758681,data/tiles/train/H368/H368__Samsung_A52_H368_01__x596_y690__t256.png
8.428210258483887,6.75693416595459,8.764754295349121,10.304510116577148,10.346648216247559,0.19131171703338623,83.38764694508971,152.34508492850424,191.91130937232455,39.782578781817584,11.475701547177446,2.450091818715234,0.40814796913381585,157.9241692089564,145.08485866345825,130.35083904157207,data/tiles/train/H368/H368__Samsung_A52_H368_01__x852_y690__t256.png
8.691208839416504,7.312620639801025,9.322168350219727,10.166622161865234,8.835484504699707,0.18546989560127258,94.09146605213202,157.21135438356333,199.39261193236015,38.49198557576586,12.792850823886074,2.5461981804909244,0.392742406173267,165.405041870718,152.02824176645947,137.32932592451704,data/tiles/train/H368/H368__Samsung_A52_H368_01__x1108_y690__t256.png
9.405242919921875,7.262146472930908,7.995975971221924,8.224684715270996,6.637788772583008,0.09138667583465576,105.31404852752273,161.83071799172646,190.42374025116362,31.512301103396165,14.734665580580517,2.672180764276804,0.37422618011796027,161.45731829281067,155.14722515888403,147.40963631791436,data/tiles/train/H371/H371__Motorola_Edge_H371_01__x37_y16__t256.png
10.840744972229004,8.356684684753418,9.282920837402344,9.40151596069336,8.61156177520752,0.08775648474693298,82.505973280339,148.11228210882874,185.4122386248645,38.18228101107613,16.366961642648253,2.544473834905851,0.3930085608591064,146.66913650258138,140.75647809868494,134.72366501047117,data/tiles/train/H371/H371__Motorola_Edge_H371_01__x293_y16__t256.png
11.496743202209473,8.590023040771484,9.460031509399414,9.475859642028809,8.137349128723145,0.09200175106525421,74.98426186454265,145.86679465713522,184.50417790905271,40.073659042617365,17.052620130300806,2.6896584859062176,0.3717944137666509,143.7465319456707,137.1023611949157,131.35917334306873,data/tiles/train/H371/H371__Motorola_Edge_H371_01__x549_y16__t256.png
11.569816589355469,8.666261672973633,9.02617359161377,9.092376708984375,8.88209056854248,0.10334015637636185,79.20563381352638,143.6421539525162,183.50107367864163,38.60580143278518,17.543137207254386,2.6477391796928,0.3776807049839492,144.43254090175895,137.19895390037593,130.32928359762658,data/tiles/train/H371/H371__Motorola_Edge_H371_01__x805_y16__t256.png
9.541131019592285,7.456571102142334,7.946503162384033,7.16433048248291,6.042980194091797,0.09477469325065613,106.79693740119819,160.10680906161534,188.94466532399187,30.35641116422045,15.50632836922938,2.519387872583178,0.39692181219189576,160.95554902423456,153.77385006218677,146.4814645554622,data/tiles/train/H371/H371__Motorola_Edge_H371_01__x1061_y16__t256.png
8.146461486816406,6.421751976013184,7.358091354370117,7.804097652435303,8.046598434448242,0.09603607654571533,106.69124886698951,164.594371678206,196.37574782553722,33.10013690135618,12.196142136594919,2.3324501611104584,0.428733705299799,165.1726385418747,158.62660473244304,150.03523224290868,data/tiles/train/H371/H371__Motorola_Edge_H371_01__x37_y272__t256.png
9.498739242553711,7.402622222900391,8.350144386291504,8.829925537109375,8.741729736328125,0.09185349196195602,80.14135929802447,144.8716397813944,185.16955324015362,38.015793447937185,13.640000022090407,2.5215117532720672,0.3965874831645496,144.85919816541087,138.7670581974271,133.03891200785333,data/tiles/train/H371/H371__Motorola_Edge_H371_01__x293_y272__t256.png
12.437837600708008,9.273927688598633,9.83198356628418,9.534748077392578,8.887648582458496,0.09509621560573578,69.34532673855453,134.3252090486982,178.5028711083809,40.384888094616336,19.20900758941019,2.7123986396753774,0.3686773711550309,135.25818200169903,128.5611840107132,123.15751164539495,data/tiles/train/H371/H371__Motorola_Edge_H371_01__x549_y272__t256.png
12.66829776763916,9.436016082763672,9.98681354522705,9.579452514648438,7.926058769226074,0.09730537235736847,73.70539769563949,140.8972538221487,179.93413646524732,39.440350251307464,19.63791542991632,2.4791590746706675,0.40336257976218826,140.09685587557078,133.30664045460674,127.18434137271451,data/tiles/train/H371/H371__Motorola_Edge_H371_01__x805_y272__t256.png
10.586235046386719,8.224296569824219,8.71969985961914,8.173018455505371,6.8525896072387695,0.10506366193294525,86.57312734427303,145.51004900392576,180.4925468273428,34.65360185523282,16.737520748814557,2.4846676133650902,0.40246831995594684,146.65387015924435,139.24917524833896,132.0876449618766,data/tiles/train/H371/H371__Motorola_Edge_H371_01__x1061_y272__t256.png
7.486828804016113,6.1544389724731445,7.290194034576416,7.921321868896484,7.222647666931152,0.11652428656816483,102.67140622346693,156.79780770305675,183.83936124216834,29.904282104702787,11.157293279418557,2.535835579279634,0.3943473339403473,158.48357419044078,150.84477038082343,141.05095191339842,data/tiles/train/H371/H371__Motorola_Edge_H371_02__x38_y20__t256.png
9.47362232208252,7.853760719299316,9.199150085449219,9.682596206665039,8.310880661010742,0.09953907132148743,76.56159166060083,142.90419408216488,177.1827850656072,36.91097083714999,14.143064479733775,2.32495928804859,0.43011505841864905,141.06034969979882,134.51682047370943,127.76276366600962,data/tiles/train/H371/H371__Motorola_Edge_H371_02__x294_y20__t256.png
8.730690956115723,7.24554443359375,8.85102653503418,9.840720176696777,9.221135139465332,0.09095577150583267,71.3586687811068,142.66258399491403,176.7055388279044,38.57406246195395,12.428403261393404,2.7319399371768114,0.36604025820326075,139.02406603717992,132.62810845109303,127.08835677229425,data/tiles/train/H371/H371__Motorola_Edge_H371_02__x550_y20__t256.png
8.868558883666992,7.298450469970703,8.68730354309082,9.35526180267334,8.814119338989258,0.10360623151063919,72.58146861841772,144.50698940459694,176.3298380100176,38.2287221520263,12.426715824886378,2.5575937057192517,0.3909925168191552,141.3949133358816,134.31796566231577,127.58532567259734,data/tiles/train/H371/H371__Motorola_Edge_H371_02__x806_y20__t256.png
9.559861183166504,8.009546279907227,9.422426223754883,9.636747360229492,7.885011196136475,0.09925436973571777,84.0131122064912,152.28300650815945,183.5080363279831,36.64802404158381,14.483444109145983,2.479696808635179,0.40327510868169336,149.66320883263984,142.7477068339107,135.59365875311934,data/tiles/train/H371/H371__Motorola_Edge_H371_02__x1062_y20__t256.png
8.330534934997559,6.748522758483887,7.777019500732422,8.262731552124023,7.059080123901367,0.1210608258843422,98.9737797453331,151.11995438772817,182.13296894248253,30.568659843375507,12.891952447805933,2.6377762444375135,0.379107212792889,154.4587584994006,147.0673935372223,136.7811459593315,data/tiles/train/H371/H371__Motorola_Edge_H371_02__x38_y276__t256.png
9.587762832641602,7.843440055847168,9.194169044494629,9.244148254394531,7.783814430236816,0.10227881371974945,71.52396579543007,135.8068690986648,169.95340112317672,36.38191671375126,14.287693286044266,2.328195956996965,0.4295171104454004,134.16783376671845,127.90745444371441,121.51438280511151,data/tiles/train/H371/H371__Motorola_Edge_H371_02__x294_y276__t256.png
9.189964294433594,7.34422492980957,8.680691719055176,9.358219146728516,9.004485130310059,0.09218413382768631,65.91640642810061,138.95220341421495,173.81432470037353,39.86573615699088,12.665364007857692,2.567110408039228,0.3895430429748462,134.42278576032024,128.106896921938,123.08780214214664,data/tiles/train/H371/H371__Motorola_Edge_H371_02__x550_y276__t256.png
9.6708402633667,8.17526626586914,9.499785423278809,9.583993911743164,8.751399040222168,0.10344325006008148,70.53815001906698,134.00879622925825,174.11157761445907,37.873906432775186,14.928688346754244,2.1655045712880954,0.4617861413264879,134.63676952132911,127.66257456664152,121.52551269846063,data/tiles/train/H371/H371__Motorola_Edge_H371_02__x806_y276__t256.png
9.321586608886719,7.840395927429199,9.06574535369873,9.155350685119629,7.839982986450195,0.1052180603146553,79.11924870292331,140.97734618386627,177.1566697258729,36.230327414082396,14.430308296823856,2.408897589909087,0.41512765183086947,141.733704546772,134.60959143025804,127.64723289620494,data/tiles/train/H371/H371__Motorola_Edge_H371_02__x1062_y276__t256.png
6.04238748550415,5.15842866897583,6.406521320343018,6.928262233734131,6.618747711181641,0.0831025242805481,121.48831886596855,167.26956502714748,193.3815498801075,26.584182754727586,9.505364783731443,2.5831817433797437,0.3871194903582879,168.53521261585223,162.55122904857123,155.29346701734434,data/tiles/train/H371/H371__Motorola_Edge_H371_03__x127_y16__t256.png
7.291500568389893,6.383974075317383,8.241853713989258,9.024008750915527,8.386802673339844,0.09288770705461502,99.54065860303744,156.92289694600143,190.17556440951162,33.35076847587916,11.45038785528438,2.5675345243143797,0.38947869659787127,157.21166636542083,150.51233238660754,143.35958026118192,data/tiles/train/H371/H371__Motorola_Edge_H371_03__x383_y16__t256.png
9.522394180297852,7.520698070526123,8.721293449401855,9.152562141418457,8.438837051391602,0.08948402851819992,83.97399001888938,152.3202275813405,185.29558289770185,37.34011062056829,13.796097784515695,2.192225311436511,0.45615749201651395,149.7040566196645,143.215662778823,137.01356551200797,data/tiles/train/H371/H371__Motorola_Edge_H371_03__x639_y16__t256.png
7.864676475524902,6.3775954246521,7.639533042907715,7.8698859214782715,8.0540189743042,0.09510701149702072,92.5856138461412,155.38891209449093,186.18360380401316,34.62363291048491,11.2674053900694,2.580337119757228,0.38754625988331537,154.2005131344309,147.4936807326966,140.34976581290098,data/tiles/train/H371/H371__Motorola_Edge_H371_03__x895_y16__t256.png
6.467321395874023,5.693722248077393,7.072362899780273,7.576094150543213,7.004576683044434,0.09853047132492065,107.07887639492962,154.29584691623083,187.8831592109707,29.36440350271967,10.272888844168493,2.6672557615047343,0.3749171768349089,158.8683493950628,152.10431683573648,143.954728814,data/tiles/train/H371/H371__Motorola_Edge_H371_03__x1151_y16__t256.png
6.257859230041504,5.380134582519531,6.611114978790283,6.978108882904053,6.9341349601745605,0.09364193677902222,107.35416470694902,155.90752973460766,186.54613063345485,28.763029807169556,9.389631991886972,2.3176287075514175,0.4314754976678311,158.13628763846137,151.6866003873317,144.05037361341985,data/tiles/train/H371/H371__Motorola_Edge_H371_03__x127_y272__t256.png
8.132412910461426,6.784875869750977,8.285478591918945,9.057210922241211,10.110804557800293,0.08836575597524643,67.13078939339873,142.53282244132848,177.98645777304546,40.88074077692751,11.147509902615399,2.527016199873146,0.395723620628233,137.46876707643167,131.87328872748066,125.96166042969121,data/tiles/train/H371/H371__Motorola_Edge_H371_03__x383_y272__t256.png
9.893595695495605,7.606952667236328,8.867313385009766,9.78691291809082,10.527023315429688,0.09519757330417633,58.640627652619905,130.08703625662136,173.4524485052377,42.90063269177412,13.48068052621305,2.2552687192683227,0.4434061411202609,128.51612630021322,122.26538474803579,117.00177537779355,data/tiles/train/H371/H371__Motorola_Edge_H371_03__x639_y272__t256.png
9.183393478393555,7.34775972366333,8.86443042755127,9.627889633178711,8.31408977508545,0.0947796106338501,69.06840728795457,139.97583997802474,173.22446798761658,38.51445574000158,12.88907384863065,2.5171690147417025,0.3972716945678017,136.27124962622167,129.99245423373594,124.05448486378963,data/tiles/train/H371/H371__Motorola_Edge_H371_03__x895_y272__t256.png
7.803594589233398,6.883608818054199,8.932040214538574,9.273690223693848,8.189440727233887,0.10411719232797623,88.48493446236535,148.453720840296,183.368275018226,34.58397338429715,12.054565125907585,2.356037738286747,0.42444141863668766,149.31213236420146,142.56085264833587,134.52421344560713,data/tiles/train/H371/H371__Motorola_Edge_H371_03__x1151_y272__t256.png
5.542155742645264,4.907824993133545,6.060582637786865,6.293790340423584,6.199992656707764,0.22949467599391937,144.10443867001499,182.44795244624754,215.96342776965994,25.767259031884226,8.964496979608562,2.4567046023620156,0.40704934530530984,199.96719018767593,185.96732604441866,158.3317853229764,data/tiles/train/H371/H371__Samsung_A52_H371_01__x111_y190__t256.png
6.556258678436279,5.997277736663818,7.1994428634643555,7.47305965423584,7.252740383148193,0.2556575536727905,116.9510405650653,162.81382523923085,197.54645116912604,29.42855603352185,11.3764539839192,2.4050091545659735,0.41579883307365945,178.27319504015122,164.38817667924357,137.36568123604476,data/tiles/train/H371/H371__Samsung_A52_H371_01__x367_y190__t256.png
7.677864074707031,6.214442729949951,7.032626628875732,7.2987589836120605,7.042932033538818,0.2624642252922058,111.5889874821682,160.33641509029084,195.21897723519282,30.817128127063445,12.344453394498066,2.379837669890506,0.4201967271347583,175.01155634889926,161.1878348808896,133.8848126461372,data/tiles/train/H371/H371__Samsung_A52_H371_01__x623_y190__t256.png
7.605751037597656,6.229214668273926,7.1922926902771,7.424545764923096,6.8206048011779785,0.27321672439575195,111.35658367319293,158.6511486957879,194.44389207014683,30.493984103189224,12.279525059220811,2.5052473333589376,0.3991621851800314,175.0359928475409,160.35882860652328,132.4303400976191,data/tiles/train/H371/H371__Samsung_A52_H371_01__x879_y190__t256.png
7.2892680168151855,6.375420570373535,7.474422454833984,7.526097774505615,6.848135471343994,0.2648926079273224,121.69848406836262,166.48364992263512,203.54569409807763,29.91483236719835,12.312726303100712,2.254974948496881,0.4434639066241419,184.1365110184406,169.05119675228897,140.5416409387437,data/tiles/train/H371/H371__Samsung_A52_H371_01__x1135_y190__t256.png
6.657824516296387,5.915316581726074,7.022353172302246,6.883269309997559,6.110359191894531,0.27381783723831177,119.7288249871156,162.64582356987117,195.25453212782,27.87198362642565,11.231505458033086,2.4455810398180535,0.408900782152939,179.8901364701139,164.9520085681988,136.0022137450562,data/tiles/train/H371/H371__Samsung_A52_H371_01__x111_y446__t256.png
8.841246604919434,7.3688554763793945,8.537893295288086,8.699002265930176,7.6897711753845215,0.3140334188938141,83.47297737621368,135.0951376278845,177.54935036003587,34.26480126303764,14.380896622913884,2.1723858035024075,0.46032339117101573,151.64295391021375,136.91342703326995,109.93024217739668,data/tiles/train/H371/H371__Samsung_A52_H371_01__x367_y446__t256.png
10.01274299621582,8.191924095153809,9.245634078979492,8.642173767089844,7.412868022918701,0.3070841133594513,77.76347789289055,130.441988516126,174.11583166840077,35.408519507129526,16.249327622013343,2.379747505058259,0.4202126477176489,146.59133426801458,132.28612925820048,107.08381251948441,data/tiles/train/H371/H371__Samsung_A52_H371_01__x623_y446__t256.png
8.992408752441406,7.18805456161499,8.51044750213623,9.045870780944824,8.778325080871582,0.3026025891304016,76.43878004669334,132.9687746250709,177.014550113789,36.96387813718297,13.72961999482692,2.3521675434140303,0.425139783430801,147.62224476961825,133.6012581740689,108.3290414773702,data/tiles/train/H371/H371__Samsung_A52_H371_01__x879_y446__t256.png
7.624772548675537,6.323713779449463,7.529686450958252,8.208956718444824,8.37811279296875,0.29414990544319153,93.8846528718222,146.49653303937404,190.6979020010502,35.079558816527864,11.758311179727293,2.3389881207182284,0.4275353051784342,163.75190943780373,148.62561417534317,121.23613996853703,data/tiles/train/H371/H371__Samsung_A52_H371_01__x1135_y446__t256.png
6.981471061706543,6.109917640686035,7.193012237548828,6.9212565422058105,5.774990081787109,0.2644595503807068,125.96704067103457,171.0104015435493,200.88575912972763,27.34668084859627,11.893506117766421,2.445761830731836,0.4088705561738094,186.9717041967161,171.931591262337,142.74942234282372,data/tiles/train/H371/H371__Samsung_A52_H371_01__x111_y702__t256.png
8.79916000366211,7.189422130584717,8.034845352172852,7.8869500160217285,7.246644973754883,0.2894931137561798,99.13061405365052,150.21135495216436,186.99043676873464,32.25204214965087,14.447011626734817,2.4105966573094078,0.4148350562786194,165.91797858306313,150.80491698363525,123.44298503380179,data/tiles/train/H371/H371__Samsung_A52_H371_01__x367_y702__t256.png
8.678138732910156,6.821427345275879,7.726356029510498,8.107610702514648,8.32120418548584,0.292456716299057,86.5806962012715,145.12511682987477,183.23047623813014,35.51570567206997,12.91984263274457,1.8914782581362612,0.5286870180497525,158.38580274442558,143.67030679474033,117.48645476611628,data/tiles/train/H371/H371__Samsung_A52_H371_01__x623_y702__t256.png
8.928728103637695,7.536296844482422,9.01295280456543,9.254595756530762,7.360071182250977,0.31735965609550476,84.94059994798752,138.90015773982083,179.45864871548784,34.247659303525616,14.574810518852578,2.556615529516064,0.39114211286563205,155.05703447092316,139.47359830022245,112.04662708643872,data/tiles/train/H371/H371__Samsung_A52_H371_01__x879_y702__t256.png
8.701411247253418,7.0181097984313965,8.2622709274292,8.631477355957031,7.925765514373779,0.2917940020561218,97.27942385515023,156.01628005293426,191.1163382682962,34.67969097107683,13.455467323176308,2.631115379814431,0.38006695094858545,169.45011168471098,153.7394531014456,125.78112813877343,data/tiles/train/H371/H371__Samsung_A52_H371_01__x1135_y702__t256.png
5.858395576477051,4.991988658905029,6.3311686515808105,6.985992908477783,6.4987335205078125,0.20977963507175446,145.86455591487785,188.3474040516911,215.87593615537344,25.97144768079397,9.46934545908462,2.439780662528919,0.4098729100358819,202.0020264851159,188.59151930836336,163.27211499413116,data/tiles/train/H371/H371__Samsung_A52_H371_02__x85_y200__t256.png
6.272751808166504,5.565732002258301,7.212094783782959,7.925890922546387,7.5927534103393555,0.21866074204444885,126.06917681627374,174.36950944008095,207.6183011258233,29.668132547903753,10.244764971526243,2.5307112243327734,0.3951458350462929,186.85824875908614,173.84303183704273,149.65961875308366,data/tiles/train/H371/H371__Samsung_A52_H371_02__x341_y200__t256.png
7.706406116485596,6.193523406982422,7.569254398345947,8.157498359680176,7.839503288269043,0.23406951129436493,111.28817518163653,168.75968643090314,200.216808679548,32.714168613565136,11.45506565003895,2.247243141324544,0.4449896771786748,179.04687734037083,165.90727817863984,141.12169884782492,data/tiles/train/H371/H371__Samsung_A52_H371_02__x597_y200__t256.png
7.274709701538086,5.86237907409668,6.921150207519531,7.193655490875244,7.192589282989502,0.24734807014465332,117.47235688006073,171.00753015623107,200.10358645402906,30.397051618544108,11.094908998315935,2.347165900781622,0.4260457258973442,183.08233707080538,168.7922187863921,142.33507539835136,data/tiles/train/H371/H371__Samsung_A52_H371_02__x853_y200__t256.png
6.403383255004883,5.505252361297607,6.698922157287598,7.073122024536133,6.791099548339844,0.2540804147720337,130.4531057208039,171.84429182351292,206.22862713080477,27.779732524713452,10.487411715732959,2.3633717089537227,0.4231243000038726,190.23934923875228,174.96568796037414,146.86994021098005,data/tiles/train/H371/H371__Samsung_A52_H371_02__x1109_y200__t256.png
5.875277996063232,5.310471057891846,6.588611125946045,6.848246097564697,7.254967212677002,0.23221056163311005,126.59646837095217,173.74022598908167,207.17614541118118,29.107542919111868,9.441281112784159,2.5984064451527153,0.3848512621516482,187.90459590660095,174.17336506314876,148.3923923368947,data/tiles/train/H371/H371__Samsung_A52_H371_02__x85_y456__t256.png
7.595723628997803,6.850099563598633,8.803563117980957,9.908390045166016,10.597966194152832,0.26827287673950195,76.65384094752795,146.02933009875895,189.3348404368588,41.201241642857006,11.604019067685085,2.611567800611957,0.3829117512345168,156.14060644112413,142.7515944636877,118.78972138877975,data/tiles/train/H371/H371__Samsung_A52_H371_02__x341_y456__t256.png
8.716094970703125,7.082451820373535,8.662104606628418,9.48277759552002,9.973335266113281,0.290617436170578,68.90540416962624,131.15405800397087,176.5260947258137,39.81517997063143,12.628183447354475,2.4685908642012317,0.4050894032306858,143.75982756726737,129.95816461948803,106.88943577605124,data/tiles/train/H371/H371__Samsung_A52_H371_02__x597_y456__t256.png
8.80368709564209,7.10418176651001,8.779847145080566,9.454212188720703,8.581306457519531,0.3003949820995331,71.69174862710098,132.76520158160508,175.515900184152,37.99095818209451,12.99979743106617,2.3577348888683862,0.4241358961608945,145.62303047683307,131.26469028555007,107.16699570025874,data/tiles/train/H371/H371__Samsung_A52_H371_02__x853_y456__t256.png
8.533865928649902,7.286556720733643,9.038723945617676,9.347378730773926,8.181326866149902,0.2696942687034607,96.82264627007919,155.25093067821888,196.62572592740528,36.25272328485898,13.162511819531822,2.3455213592350734,0.42634444408816735,169.56166830375454,154.62901138232897,128.83548351315386,data/tiles/train/H371/H371__Samsung_A52_H371_02__x1109_y456__t256.png
6.9675445556640625,6.143884658813477,7.661513805389404,8.009069442749023,6.68615198135376,0.23879165947437286,123.6360042971066,172.76958283610747,205.53657724722135,29.963811374448827,11.43384818224302,2.270313399617887,0.4404678227104278,186.71062133525052,172.4859549725167,146.46196825332186,data/tiles/train/H371/H371__Samsung_A52_H371_02__x85_y712__t256.png
7.761776447296143,6.717276573181152,8.416895866394043,9.344351768493652,8.879779815673828,0.24637840688228607,98.63123804099875,155.77848497174634,195.1324415283755,35.25823562117222,11.99239284508061,2.577812084211186,0.38792587175957843,168.2859629953686,154.78256213905982,130.9954631892067,data/tiles/train/H371/H371__Samsung_A52_H371_02__x341_y712__t256.png
8.083885192871094,6.902710914611816,8.918676376342773,10.317471504211426,10.004619598388672,0.2824697494506836,76.5331947317968,147.46407402844184,186.8595754593057,40.576628710363494,11.780003907177106,2.581844849564521,0.38731994301232686,156.66215745558853,142.20410566970068,117.46210299014672,data/tiles/train/H371/H371__Samsung_A52_H371_02__x597_y712__t256.png
8.064310073852539,6.8019938468933105,8.71546745300293,10.161001205444336,9.389532089233398,0.2659466564655304,83.61414805855793,152.23061216610432,192.92770391868626,39.53099180591576,11.640446316809134,2.341582724771894,0.4270615722523386,163.07560464177197,148.76438786155336,124.40332370444865,data/tiles/train/H371/H371__Samsung_A52_H371_02__x853_y712__t256.png
8.848175048828125,7.411545276641846,8.771961212158203,9.28494644165039,8.079229354858398,0.25643834471702576,103.86800004396906,160.89362834005726,198.92635843248786,34.74355909124983,14.254824370100215,2.1064480620076953,0.47473280639394505,174.47103388916065,159.21901054547803,134.45445275869182,data/tiles/train/H371/H371__Samsung_A52_H371_02__x1109_y712__t256.png
5.286868572235107,4.725409030914307,5.8981614112854,6.124942302703857,5.745127201080322,0.24839040637016296,148.59512373613316,189.44503947350555,217.8472452918812,25.447386401034425,8.523232592169748,2.4860908350186715,0.4022379174220678,207.39348417490382,190.35661079103895,161.12077283502228,data/tiles/train/H371/H371__Samsung_A52_H371_03__x81_y183__t256.png
5.271581172943115,5.062909126281738,6.7472920417785645,7.736241817474365,7.968103885650635,0.26729413866996765,111.50629464634467,161.03916727629704,208.25345294465475,34.269748871230924,8.483814252488077,2.3408235609350907,0.42720007466112875,179.79784861167695,163.68902372842618,136.98845046800446,data/tiles/train/H371/H371__Samsung_A52_H371_03__x337_y183__t256.png
6.519524097442627,5.773165225982666,6.850934982299805,7.153996467590332,7.264888763427734,0.2851570248603821,113.8191393321252,159.68769815964973,198.60676970182905,30.985915116272366,10.636245196871965,2.1864637267994196,0.4573595197318073,178.56344680498407,161.9300548883294,133.50845005466513,data/tiles/train/H371/H371__Samsung_A52_H371_03__x593_y183__t256.png
6.724040508270264,6.012223720550537,7.6589179039001465,8.651988983154297,8.056465148925781,0.2815472483634949,109.0633224041079,162.26468424701557,197.94015904025605,32.36753281978097,10.628807013440005,2.486448303727469,0.4021800889650053,178.2849277146996,161.85043851215607,133.80601992719505,data/tiles/train/H371/H371__Samsung_A52_H371_03__x849_y183__t256.png
6.556764602661133,6.118143558502197,7.561358451843262,7.3867669105529785,6.564695358276367,0.286268025636673,127.13360280350906,171.4735950354675,204.46194638051156,28.47639246259241,11.415107690713105,2.334137143362851,0.42842384083707885,190.5068948163276,173.35389593123259,142.21579786678527,data/tiles/train/H371/H371__Samsung_A52_H371_03__x1105_y183__t256.png
5.9540696144104,5.681534767150879,7.1736345291137695,7.858943939208984,7.683505535125732,0.2981818616390228,120.55744947377684,166.24258152903087,204.3330266900707,30.312072102460984,10.168934258765566,2.073812481875973,0.48220367498964944,187.0272492582418,168.4281972865269,137.9825151216108,data/tiles/train/H371/H371__Samsung_A52_H371_03__x81_y439__t256.png
7.077418804168701,5.976475238800049,7.543979167938232,8.780327796936035,9.807162284851074,0.329755038022995,71.21318677880892,137.7697213741536,186.3684547689467,42.32880216277759,9.774311812044099,2.0117969332112313,0.4970680606435757,152.4972525956486,135.4479950244782,108.87898595029428,data/tiles/train/H371/H371__Samsung_A52_H371_03__x337_y439__t256.png
7.843355178833008,6.436027526855469,8.137426376342773,9.443914413452148,9.510982513427734,0.33139556646347046,67.96619919367454,129.37352682451913,175.81490031686633,39.74119805468772,11.169344746611223,2.357739186464942,0.4241351230622511,145.23522915185794,128.7658455821667,103.53107046354214,data/tiles/train/H371/H371__Samsung_A52_H371_03__x593_y439__t256.png
8.358036994934082,6.956919193267822,8.577479362487793,9.658365249633789,8.703119277954102,0.3160555958747864,79.54182644247891,137.07733709331103,179.07408595252568,36.01937131708044,12.72144095161054,2.2469763406816328,0.4450425141978328,152.84957846173344,136.37379383094293,110.7153212275323,data/tiles/train/H371/H371__Samsung_A52_H371_03__x849_y439__t256.png
8.1175537109375,7.081826686859131,8.670509338378906,9.031261444091797,8.296512603759766,0.3063226044178009,91.61446894787088,148.7781988203279,188.65235977802172,35.203587263214594,12.758843381025185,2.4031155960765345,0.4161264658398696,164.88994885260362,147.8563064707663,120.63815319267624,data/tiles/train/H371/H371__Samsung_A52_H371_03__x1105_y439__t256.png
6.518121242523193,5.909313678741455,7.358752250671387,7.834109783172607,7.371652126312256,0.28037863969802856,121.51233275270262,169.87363507211177,208.30960934577251,31.12228118995702,10.446988048751807,2.287320411235841,0.43719279340479417,189.0433431415677,171.56065396231256,142.06420390934386,data/tiles/train/H371/H371__Samsung_A52_H371_03__x81_y695__t256.png
7.911565780639648,7.0829267501831055,8.731658935546875,8.92459774017334,8.383810043334961,0.2943439781665802,85.96979507407589,147.8377311280946,193.99234537576,39.63024721626352,12.359584396601987,2.3276825569942097,0.42961184590880086,163.28461819660953,146.9839095963104,120.97345719547947,data/tiles/train/H371/H371__Samsung_A52_H371_03__x337_y695__t256.png
8.655980110168457,7.499490737915039,8.934110641479492,8.976740837097168,8.648497581481934,0.3079657554626465,83.00755916754768,141.31041353061346,183.81215591035425,36.81977758615311,13.676720432199698,2.507872593340348,0.39874433918832186,157.08925532875122,140.5340606081163,114.756317068724,data/tiles/train/H371/H371__Samsung_A52_H371_03__x593_y695__t256.png
8.660479545593262,7.5667805671691895,9.202438354492188,9.827659606933594,8.766931533813477,0.2986376881599426,81.61709824947575,144.63066885758542,185.66150990398486,37.947048965666454,13.323130658814707,2.3796883836075975,0.42022308756409704,158.31177623786684,142.0573829904628,116.78572029669654,data/tiles/train/H371/H371__Samsung_A52_H371_03__x849_y695__t256.png
7.76833963394165,6.7332305908203125,8.36742115020752,8.743456840515137,7.9128570556640625,0.29266151785850525,105.09868280419641,161.10811181561817,197.50343534004153,33.519313703110534,12.22515131992511,2.337378297619218,0.4278297616686907,177.35953326242455,159.6355552429423,131.64216712125858,data/tiles/train/H371/H371__Samsung_A52_H371_03__x1105_y695__t256.png
5.746732234954834,5.181373596191406,6.515168190002441,6.834163665771484,6.374781131744385,0.2572839558124542,139.61837757082856,186.70872842382892,215.59116543504538,28.11683173899759,9.044487161835217,2.6033323871781873,0.3841230589398242,203.34867912844325,185.50258661078362,156.5733511112349,data/tiles/train/H371/H371__Samsung_A52_H371_04__x73_y203__t256.png
5.789975643157959,5.275528430938721,6.724274158477783,7.482862949371338,7.852577209472656,0.26950976252555847,124.15252460161976,166.2545095513132,205.9480904838774,29.68333725082004,9.37908881124468,2.5591653718342715,0.39075239568565046,186.5615315365393,169.33396346516278,141.84612334412813,data/tiles/train/H371/H371__Samsung_A52_H371_04__x329_y203__t256.png
7.365284442901611,6.511492729187012,8.174537658691406,9.33813762664795,8.486120223999023,0.3020753860473633,103.61869016827241,157.7603698500143,197.90197614640763,34.78823475553157,12.01010718813825,2.606045477444434,0.3837231578094446,175.81061844948516,157.9904093585671,129.19110882612307,data/tiles/train/H371/H371__Samsung_A52_H371_04__x585_y203__t256.png
7.789242744445801,6.67470645904541,8.339606285095215,8.67354965209961,8.213871002197266,0.3087957501411438,104.00427740412526,160.3809601127509,196.589204230556,33.83513147341607,12.214531253545069,2.5370677543178144,0.3941558116838261,177.36684584525813,158.9988421195835,129.42238536930336,data/tiles/train/H371/H371__Samsung_A52_H371_04__x841_y203__t256.png
6.6635518074035645,5.772963047027588,7.091250419616699,7.360585689544678,6.5675201416015625,0.2826833426952362,125.89307437041491,172.48291440495936,207.79512809704488,30.04931361752592,10.804025005290024,2.6068043423505958,0.3836114524415302,191.56261997888782,173.69844926857118,143.61258530781677,data/tiles/train/H371/H371__Samsung_A52_H371_04__x1097_y203__t256.png
6.501771926879883,6.0230512619018555,7.765872955322266,8.268373489379883,8.045363426208496,0.2616657614707947,111.9500557217926,170.95079611880047,211.92251439096754,36.18426004276788,9.970565623452677,2.1430876060743627,0.46661648229666497,186.02412946152904,169.3198259823792,142.5931022988479,data/tiles/train/H371/H371__Samsung_A52_H371_04__x73_y459__t256.png
7.254090785980225,6.490827560424805,8.309617042541504,9.285514831542969,9.535481452941895,0.32114842534065247,78.3908944866313,138.8009824843078,180.02093946981026,37.71665525747583,11.108839915194057,2.3651141890637777,0.42281256635471226,153.77210822665938,136.76869822295342,110.80818737286597,data/tiles/train/H371/H371__Samsung_A52_H371_04__x329_y459__t256.png
8.660825729370117,7.045006275177002,8.597641944885254,9.343491554260254,9.937000274658203,0.30388885736465454,75.41213857122928,137.54910499292282,179.8795690095604,38.67797507241716,12.44456518666565,2.3318514458665427,0.428843784955773,151.81135540562184,135.63504683541896,111.40880283405433,data/tiles/train/H371/H371__Samsung_A52_H371_04__x585_y459__t256.png
8.225046157836914,7.1565728187561035,8.809345245361328,9.769026756286621,9.790085792541504,0.3640272617340088,67.02945598217339,123.1966531226123,172.83653495126055,38.606979731280255,12.680570743065116,2.1519031364679035,0.46470493167335714,142.0837354623947,124.56943119094159,97.85360215044471,data/tiles/train/H371/H371__Samsung_A52_H371_04__x841_y459__t256.png
8.698493003845215,7.5902099609375,9.118437767028809,9.058429718017578,7.280271530151367,0.3284584879875183,93.63349531532775,146.33348290914842,187.78686207274032,34.343361066150706,14.329008909148301,2.3040171213093505,0.43402455248757427,165.42138808183063,146.70316237742682,118.29625936047387,data/tiles/train/H371/H371__Samsung_A52_H371_04__x1097_y459__t256.png
6.277710914611816,5.519331455230713,6.868967056274414,7.3267951011657715,6.85541296005249,0.26589450240135193,127.55999988568901,174.43300676877365,204.71293270235662,28.46582057125755,10.00781047504204,2.6350544148973047,0.3794988044066531,191.1457023676922,174.01746118855425,145.85352960972395,data/tiles/train/H371/H371__Samsung_A52_H371_04__x73_y715__t256.png
7.553585529327393,6.6703338623046875,8.504478454589844,9.842190742492676,9.914334297180176,0.2881886065006256,79.66858988077945,150.25817785873286,189.09468362971666,39.39506603438077,10.969318061133029,2.4780734238129054,0.4035392940300142,161.20091657796726,145.09349501802285,120.22912374311385,data/tiles/train/H371/H371__Samsung_A52_H371_04__x329_y715__t256.png
7.2184953689575195,6.153700828552246,7.6673688888549805,8.779191017150879,8.88949966430664,0.31616705656051636,68.52592698150973,133.40730823527855,175.35323566325602,40.06209394283871,10.346763096499101,2.12589927322517,0.47038917252317175,146.4708941247652,130.4525087017338,106.10400904828987,data/tiles/train/H371/H371__Samsung_A52_H371_04__x585_y715__t256.png
7.401011943817139,6.317870140075684,7.67492151260376,8.522241592407227,7.881002426147461,0.3192865550518036,91.26608448917824,144.95145745807463,187.03177976032376,35.14928612629143,11.491386924319269,2.3052800111897906,0.4337867830137843,163.34625842266092,145.45141788050321,117.93010802176106,data/tiles/train/H371/H371__Samsung_A52_H371_04__x841_y715__t256.png
7.942692279815674,6.832042217254639,8.322074890136719,8.6519775390625,8.554990768432617,0.3286271393299103,92.6923783289705,148.36572448917227,195.77799119579723,37.768256017810074,12.296376378789166,2.120816402742444,0.47151653424921286,168.7741234417759,149.56957867100706,120.6821839733993,data/tiles/train/H371/H371__Samsung_A52_H371_04__x1097_y715__t256.png
7.688444137573242,6.775386810302734,8.085384368896484,8.238602638244629,7.544804096221924,0.10972936451435089,83.36489565531535,145.6797444801592,180.8731035210012,35.35849458000609,11.483592961179106,2.6688489689454706,0.37469336468115133,144.8995768085123,138.49307401896925,130.8317216774308,data/tiles/train/H372/H372__Motorola_Edge_H372_01__x30_y211__t256.png
7.569746494293213,6.947511672973633,9.221532821655273,10.9785795211792,10.641684532165527,0.11729081720113754,55.091524044704364,116.15257659738775,162.87322179355286,40.019566647826466,11.414838346150084,2.371888894501152,0.4216049083573608,119.06377122374154,112.18032019794454,106.30145180441943,data/tiles/train/H372/H372__Motorola_Edge_H372_01__x286_y211__t256.png
8.704561233520508,7.285205841064453,9.050490379333496,10.272096633911133,10.561772346496582,0.10115320235490799,53.432686704801824,119.13156902920524,165.41705831401086,41.447303197942084,12.603380198729221,2.5031202740890204,0.39950137848008027,119.62671460391017,113.07833675113274,108.78460793570295,data/tiles/train/H372/H372__Motorola_Edge_H372_01__x542_y211__t256.png
7.9473958015441895,7.013185024261475,8.919281005859375,10.531657218933105,11.340840339660645,0.11883442103862762,50.39461175066888,107.97139146745037,162.7374559440402,41.433508630277665,11.76681475141021,2.4044964055865212,0.41588750046647427,114.09041410741132,106.65913561622338,101.67042146229812,data/tiles/train/H372/H372__Motorola_Edge_H372_01__x798_y211__t256.png
7.4743452072143555,6.185758590698242,7.151033401489258,7.226462364196777,6.220826625823975,0.12042616307735443,102.70823633413357,154.9407036386561,182.93790111457676,29.690542969770735,11.693880098443929,2.3928415635563427,0.41791316869043243,157.45296247558517,149.70911745716293,139.79290980818556,data/tiles/train/H372/H372__Motorola_Edge_H372_02__x47_y18__t256.png
9.345983505249023,7.603105545043945,8.87527084350586,9.535210609436035,9.374346733093262,0.1043597012758255,77.14791399306289,144.54122255478222,180.2282607159318,37.66623781868682,13.564921713025624,2.6473909547982726,0.3777303832618853,143.3830299402846,136.80442618819785,129.58703197441272,data/tiles/train/H372/H372__Motorola_Edge_H372_02__x303_y18__t256.png
8.258177757263184,6.553988456726074,7.681585788726807,8.511236190795898,8.963207244873047,0.08183012902736664,78.46748328096668,152.8032603001661,179.55237750529045,37.35130445262908,11.147814140286329,2.699961580247636,0.3703756406445908,145.26590973632278,140.08594735059268,136.15951679091447,data/tiles/train/H372/H372__Motorola_Edge_H372_02__x559_y18__t256.png
9.796863555908203,7.837677478790283,9.101982116699219,9.383835792541504,8.142838478088379,0.10380936414003372,75.50382386111694,143.30162269751432,180.20507439057656,38.320830501066396,14.392859529615917,2.551567820651853,0.3919159004539132,141.92260262037692,135.09812524746533,128.5480826790893,data/tiles/train/H372/H372__Motorola_Edge_H372_02__x815_y18__t256.png
9.82865047454834,7.528225898742676,8.207704544067383,8.133621215820312,7.178128242492676,0.11035953462123871,95.747090060513,153.18192748986053,183.3567915871918,32.51597607842503,15.117047726931858,2.742367943325379,0.3646483698272107,154.09899040447675,146.3695758809099,138.0095375642964,data/tiles/train/H372/H372__Motorola_Edge_H372_02__x1071_y18__t256.png
8.840720176696777,6.969463348388672,7.675326824188232,7.466560363769531,6.587038040161133,0.12555846571922302,99.69519040489047,150.6601200312632,184.38164318723534,31.17906553620958,13.708329562963462,2.6136167819860083,0.382611562219971,154.9648951765992,147.26097584387207,136.89720744747677,data/tiles/train/H372/H372__Motorola_Edge_H372_02__x47_y274__t256.png
9.803958892822266,8.061885833740234,9.495426177978516,9.481671333312988,8.767982482910156,0.10896730422973633,75.63962638078216,141.8225309435549,181.21272723272241,38.65269612890428,14.687990516877285,2.554775731058365,0.39142379029322105,142.38231518962522,135.31374530349566,128.01425878996113,data/tiles/train/H372/H372__Motorola_Edge_H372_02__x303_y274__t256.png
10.166507720947266,8.060858726501465,9.382108688354492,10.16818618774414,9.02660083770752,0.10230730473995209,67.9415992182994,138.70732516037188,176.8312133600874,40.431708567937754,14.738822212624802,2.455276150739546,0.40728616196544454,136.4920205061091,129.46844252790652,123.59205128521687,data/tiles/train/H372/H372__Motorola_Edge_H372_02__x559_y274__t256.png
9.487425804138184,7.320276737213135,8.419898986816406,9.162038803100586,9.267176628112793,0.09777717292308807,76.03934971368331,141.64880352906468,179.34520074599752,37.676100865306225,13.304524232996325,2.589066089854606,0.38623965758099166,140.87272832055095,134.1876074834533,128.2683063528991,data/tiles/train/H372/H372__Motorola_Edge_H372_02__x815_y274__t256.png
9.469511985778809,7.576674938201904,8.280174255371094,8.139397621154785,7.513676643371582,0.10815770924091339,93.06122189730779,149.14640501531298,182.33906090242988,33.05636267241501,14.713141938904963,2.530049445321297,0.39524919240185347,150.82423313542876,143.34435237706396,135.48862151371918,data/tiles/train/H372/H372__Motorola_Edge_H372_02__x1071_y274__t256.png
9.21365737915039,7.217090606689453,7.877626419067383,7.584959983825684,6.4645915031433105,0.1151558980345726,101.07382946150396,154.57885534049322,184.17421064495366,30.812026255703557,14.587697134306753,2.7173955852414258,0.36799942026517846,157.1131338448631,149.09143151153003,140.05647611909214,data/tiles/train/H372/H372__Motorola_Edge_H372_03__x42_y16__t256.png
10.025894165039062,7.709381580352783,8.768689155578613,9.123676300048828,8.852279663085938,0.10760575532913208,80.99140365798075,148.34383985014645,182.83973251651022,37.06275181073415,14.46702020501871,2.538058460565756,0.39400195682533296,147.6107520158451,139.94351798416997,132.75081629470273,data/tiles/train/H372/H372__Motorola_Edge_H372_03__x298_y16__t256.png
10.831059455871582,8.803927421569824,9.823783874511719,10.242959976196289,9.071192741394043,0.0880393236875534,70.21390725827554,139.59632794701778,178.50755784806847,40.06561348060904,16.225314412926494,2.4564161722686157,0.4070971406593749,137.34099932488095,130.85367113098104,126.03614003840434,data/tiles/train/H372/H372__Motorola_Edge_H372_03__x554_y16__t256.png
10.539484977722168,8.158407211303711,9.06802749633789,8.94006633758545,8.362645149230957,0.09087292104959488,72.46166430024415,136.84161683876775,178.5069212627409,39.06983731601591,15.637564865631331,2.485790470267258,0.4022865209119921,136.95475180273849,130.58272806052838,125.57977471894823,data/tiles/train/H372/H372__Motorola_Edge_H372_03__x810_y16__t256.png
10.253161430358887,7.976369857788086,8.892212867736816,8.78819465637207,8.136749267578125,0.08173505961894989,83.96887468144273,154.27499784412524,187.02008126087705,37.78261499071337,14.770090301267752,2.3690290671116343,0.4221138583239163,150.04298126813958,144.55501969889903,139.57301635532502,data/tiles/train/H372/H372__Motorola_Edge_H372_03__x1066_y16__t256.png
9.295681953430176,7.163676738739014,7.927589416503906,8.220443725585938,6.92893648147583,0.1193375512957573,98.02633167588014,154.99674276294417,184.8717465650387,32.29371439399724,13.833687449635205,2.5492754518643257,0.39226832050207994,156.82582002462058,148.34824067903446,139.18811592869778,data/tiles/train/H372/H372__Motorola_Edge_H372_03__x42_y272__t256.png
10.173103332519531,7.867940902709961,9.072134017944336,9.517498016357422,8.373483657836914,0.11048168689012527,73.42295473756893,136.3529754417705,177.5233087923771,37.80946069069772,15.166933941866649,2.480167567690369,0.40319856328547987,138.53202173655427,130.92668583161665,124.1210867559364,data/tiles/train/H372/H372__Motorola_Edge_H372_03__x298_y272__t256.png
10.033279418945312,7.755080223083496,8.844071388244629,9.732065200805664,9.157062530517578,0.09249007701873779,70.43619451522811,139.12521729410582,175.28377406214076,38.43845551095436,14.534969558031325,2.578349773843113,0.38784497361250875,136.8909924980465,130.23585974705432,125.34564141153173,data/tiles/train/H372/H372__Motorola_Edge_H372_03__x554_y272__t256.png
8.537148475646973,6.478072643280029,7.8246026039123535,9.009121894836426,9.72258472442627,0.10326690971851349,61.1893521259438,127.67621841852385,177.68717433803718,43.84934464313691,11.13444534260607,2.445490226314682,0.40891596672090785,129.68087471465284,122.84552168909839,117.54360344025051,data/tiles/train/H372/H372__Motorola_Edge_H372_03__x810_y272__t256.png
9.149618148803711,7.31741189956665,8.619985580444336,9.5625638961792,9.753060340881348,0.09161079674959183,75.51336483455766,143.53664689299936,183.6526426534656,39.62259601691015,12.809425732217257,2.5914150431191145,0.3858895558452753,142.7641031782987,136.58002322410044,130.94182985325887,data/tiles/train/H372/H372__Motorola_Edge_H372_03__x1066_y272__t256.png
9.177056312561035,7.265761375427246,8.213281631469727,8.198627471923828,6.792876720428467,0.11016447842121124,96.3550765329855,152.01405475705857,184.11028058086853,32.33723554116955,14.41052415357881,2.1593138640416916,0.4631100724413689,153.93078627593977,146.22952049777027,138.145324576963,data/tiles/train/H372/H372__Motorola_Edge_H372_04__x38_y17__t256.png
9.787742614746094,7.81418514251709,8.763294219970703,8.98694896697998,8.722006797790527,0.09781214594841003,75.61149697540311,135.9263482538602,178.15284485347763,37.83214232114992,14.763839878781207,2.371156445490676,0.4217351418974233,138.02653493551924,130.93290846056203,125.53232256976816,data/tiles/train/H372/H372__Motorola_Edge_H372_04__x294_y17__t256.png
8.876431465148926,6.855557918548584,7.845516204833984,8.859926223754883,8.741480827331543,0.08515279740095139,71.75486785749445,138.8617580010027,180.38725986516866,39.85418223172881,12.263873252033708,2.576658374938493,0.38809956714726335,137.49864390187793,131.13207381020655,127.30661439937407,data/tiles/train/H372/H372__Motorola_Edge_H372_04__x550_y17__t256.png
9.09271240234375,7.4606404304504395,8.840232849121094,9.775900840759277,9.796049118041992,0.08640170842409134,61.38119475967712,132.84093893841393,172.36294293941026,41.0247220632659,12.89915586881915,2.554538456374004,0.391460147137277,129.719238988731,123.42470447141004,119.99366935458804,data/tiles/train/H372/H372__Motorola_Edge_H372_04__x806_y17__t256.png
9.159772872924805,7.3102216720581055,8.369669914245605,8.972770690917969,8.593951225280762,0.08468367159366608,84.52423726726033,152.41035947569753,183.79525070402545,36.133075261072804,13.001457685382997,2.718395960418196,0.3678639957389286,149.8679234851599,143.04637123201843,138.21699211345546,data/tiles/train/H372/H372__Motorola_Edge_H372_04__x1062_y17__t256.png
9.706441879272461,7.240148544311523,8.076668739318848,7.645411491394043,6.602596282958984,0.07660520821809769,98.0167529580869,154.85330870004776,185.64323935845718,32.149967717405254,14.3600139505603,2.528099654984394,0.39555402732182765,154.11241593910677,148.83156615894788,143.56059464749063,data/tiles/train/H372/H372__Motorola_Edge_H372_04__x38_y273__t256.png
10.660956382751465,8.651500701904297,9.575746536254883,9.319243431091309,8.035379409790039,0.09086956083774567,75.58261647817965,138.5616070133767,178.1110079779413,37.643999759473814,16.556927421643596,2.5730202623463665,0.38864831911121,139.1628540499743,132.35383164074722,127.44060999454845,data/tiles/train/H372/H372__Motorola_Edge_H372_04__x294_y273__t256.png
9.971266746520996,8.051822662353516,9.176934242248535,9.604304313659668,9.69696044921875,0.09470752626657486,65.87923207213602,131.03610488310548,174.58945889088213,39.797783887020714,14.728009366815497,2.40038414906663,0.4165999847936181,131.40609754992923,124.2374336636954,120.00171426780832,data/tiles/train/H372/H372__Motorola_Edge_H372_04__x550_y273__t256.png
10.308494567871094,7.812968730926514,8.887346267700195,9.664766311645508,9.896671295166016,0.08253398537635803,69.22557920460395,138.04988353335688,176.20065695548055,40.03072654372963,14.446506431974974,2.6923193371675183,0.37142696492016436,135.69368892275176,129.19404456626063,125.79869124717875,data/tiles/train/H372/H372__Motorola_Edge_H372_04__x806_y273__t256.png
9.378241539001465,7.514491081237793,8.616581916809082,9.385810852050781,9.798773765563965,0.09634927660226822,69.16779205128137,134.10831812157053,179.4212055105968,40.542518315852824,13.650373125548956,2.572061120215718,0.38879324917291636,135.5395334297056,128.5570972150523,123.69889533261876,data/tiles/train/H372/H372__Motorola_Edge_H372_04__x1062_y273__t256.png
6.588351726531982,5.464282989501953,6.554074764251709,6.979077339172363,6.124435901641846,0.24805641174316406,139.30087819336097,182.485145282026,217.0903890529348,28.543338520088543,10.83300283896272,2.4974825467743984,0.4004031985294717,200.67624737049434,184.5673552473449,155.92941875560942,data/tiles/train/H372/H372__Samsung_A52_H372_01__x111_y202__t256.png
7.46748685836792,6.389548301696777,7.186727523803711,6.639622211456299,5.863749980926514,0.26969513297080994,121.23621074546564,166.18583639927976,202.1047639797839,29.296565783239377,12.489743545924608,2.3396274444127982,0.4274184774110396,183.68532776069765,167.78506485084833,139.54414915137545,data/tiles/train/H372/H372__Samsung_A52_H372_01__x367_y202__t256.png
7.932397365570068,6.660510063171387,7.611438751220703,7.390172481536865,7.173824787139893,0.2796441316604614,111.81677971737527,158.65051800770414,194.3704806382118,30.40286764813288,13.000601644833047,2.5718339404740287,0.38882759273939926,175.64133268083424,159.93072901109915,132.05208018979323,data/tiles/train/H372/H372__Samsung_A52_H372_01__x623_y202__t256.png
8.080399513244629,6.590322494506836,7.603883743286133,7.69432258605957,7.174535274505615,0.29455044865608215,109.00317700821381,156.92901155104227,194.1040120954452,31.489256323361612,13.134263599871495,2.5660070326419158,0.38971054532551985,175.02941633926463,158.33692193262075,129.5761274715507,data/tiles/train/H372/H372__Samsung_A52_H372_01__x879_y202__t256.png
8.011994361877441,6.648261070251465,7.848912239074707,8.05722713470459,7.52337121963501,0.2532828152179718,120.8853086807013,174.08539927782348,208.71089038314315,31.96724450934012,12.673375367131387,2.331226686763536,0.42895871331513863,189.06859684752376,173.35062401609096,146.13277130580875,data/tiles/train/H372/H372__Samsung_A52_H372_01__x1135_y202__t256.png
7.664966106414795,6.466283321380615,7.3121490478515625,6.9715895652771,5.713176250457764,0.2681112587451935,124.3705737371996,168.09878455303007,201.0664294200443,28.025324788541734,12.874561308055815,2.4238684198240796,0.4125636490088758,185.58085086773687,169.35543843762457,141.23765798100757,data/tiles/train/H372/H372__Samsung_A52_H372_01__x111_y458__t256.png
8.255681037902832,6.832038879394531,8.11120891571045,8.918591499328613,8.89920711517334,0.29081201553344727,87.7183613061797,144.82599401546463,186.38545276646218,35.97590018135985,12.528243398133043,2.236046611709041,0.44721786869893837,159.8550922681413,144.63930060186098,118.82010900791656,data/tiles/train/H372/H372__Samsung_A52_H372_01__x367_y458__t256.png
8.095654487609863,6.664528846740723,8.1875,9.075658798217773,8.753240585327148,0.2883540987968445,80.91884022327626,141.98522948664166,178.28293281645483,35.74611535163129,11.849106763390035,2.3806719031750583,0.4200494821089451,153.30792516918035,139.00297700576536,114.23184014893741,data/tiles/train/H372/H372__Samsung_A52_H372_01__x623_y458__t256.png
8.307955741882324,6.945671081542969,8.493392944335938,9.384521484375,10.247222900390625,0.3044372797012329,71.80769729771386,134.59191498866525,181.86050368139414,40.60608590683757,12.085860849378522,2.2902056575352643,0.4366420092928279,149.00531674516702,133.90601769093823,109.21324619481027,data/tiles/train/H372/H372__Samsung_A52_H372_01__x879_y458__t256.png
8.194058418273926,7.174077033996582,8.64124584197998,8.800372123718262,8.064617156982422,0.29839804768562317,97.5255891843583,151.49872187855428,191.125389109469,33.859247908401585,12.965556481557103,2.2119553377371703,0.45208869407960095,168.37768534436523,151.7141485519742,124.18705054564778,data/tiles/train/H372/H372__Samsung_A52_H372_01__x1135_y458__t256.png
7.4340996742248535,6.054596900939941,6.934470176696777,6.971632480621338,6.286154747009277,0.26921409368515015,127.53124590310331,173.01768136056887,201.9238982860038,27.4234464862429,12.08930194641067,2.1594644735614383,0.4630777733290407,189.61056193750832,173.00298053699615,144.1358703989798,data/tiles/train/H372/H372__Samsung_A52_H372_01__x111_y714__t256.png
8.69135570526123,6.962968826293945,8.155107498168945,8.296675682067871,7.0883917808532715,0.27542349696159363,106.32095038841489,161.52684326671852,194.50464579239903,32.571634836116864,13.577688612363781,2.2599717606821237,0.4424834050573143,175.4962950340757,159.36452172063738,132.5821209632417,data/tiles/train/H372/H372__Samsung_A52_H372_01__x367_y714__t256.png
7.949408054351807,6.763999938964844,8.33871078491211,8.852152824401855,8.33177661895752,0.27120572328567505,83.16613958717527,145.6804450005453,184.03381306358997,37.16606099433959,11.807959462890459,2.3437743461103238,0.42666223463857683,156.360948238344,142.35502629882785,118.63255431621904,data/tiles/train/H372/H372__Samsung_A52_H372_01__x623_y714__t256.png
7.177350997924805,6.2257161140441895,7.83305025100708,8.80046272277832,7.830307960510254,0.2605176270008087,95.95077804053683,151.28963834778094,187.15116396132973,33.42670551172195,10.904303348597633,2.093383872625025,0.47769547338015816,163.69201551845606,149.61230367707606,125.58370245650393,data/tiles/train/H372/H372__Samsung_A52_H372_01__x879_y714__t256.png
7.788875102996826,6.4996137619018555,7.752775192260742,8.135201454162598,7.8507080078125,0.2851024270057678,100.98182201461229,157.9569310698772,193.32878958366328,34.27819197603078,11.914342590230973,2.391061117312472,0.4182243576960466,172.60630203296523,155.8982025106723,129.11667985422906,data/tiles/train/H372/H372__Samsung_A52_H372_01__x1135_y714__t256.png
5.320624351501465,4.719058036804199,5.781176567077637,6.192576885223389,6.143680572509766,0.24572639167308807,145.61070744364636,185.27063966724117,211.0980286003843,24.15611420569113,8.873378284398063,2.387049729056775,0.41892717517667405,201.77385155221822,186.6451488003043,157.09172709942078,data/tiles/train/H372/H372__Samsung_A52_H372_02__x130_y198__t256.png
7.231258869171143,6.472536087036133,8.013995170593262,8.310505867004395,8.093252182006836,0.2699037194252014,106.13508064763045,161.96492199879353,197.88304539677674,33.56997862314649,11.512389243277452,2.709407356664931,0.36908440421115635,176.23033414882482,161.37765159416563,133.81719560567674,data/tiles/train/H372/H372__Samsung_A52_H372_02__x386_y198__t256.png
7.546796798706055,6.127556324005127,7.497224807739258,8.028162956237793,7.793598651885986,0.2584749758243561,110.48216815535487,162.231695994177,197.22246947149645,31.9030665547563,11.33249514805384,1.9704481160873808,0.5074987724039389,176.5210995815284,162.6164231697423,135.61705634762072,data/tiles/train/H372/H372__Samsung_A52_H372_02__x642_y198__t256.png
7.370915412902832,6.1778082847595215,7.337545871734619,7.430861949920654,6.479977130889893,0.28670820593833923,106.59177698540914,153.7497941164216,190.6221687010026,30.63509956943399,11.770426620299622,1.9324559864446957,0.5174762100738891,171.29234335004472,155.9971142619216,127.79973541110199,data/tiles/train/H372/H372__Samsung_A52_H372_02__x898_y198__t256.png
6.029260635375977,5.115933895111084,6.557104110717773,7.460315227508545,6.937963962554932,0.2341245710849762,126.09577825226505,175.4085473159092,209.08095405723193,30.065734381329396,9.061677005205159,2.4561393026031575,0.4071430309103977,189.35730668300917,175.65667261141107,149.22553002893542,data/tiles/train/H372/H372__Samsung_A52_H372_02__x1154_y198__t256.png
6.360580921173096,5.62689208984375,7.0830979347229,7.885733604431152,7.390529632568359,0.2855839431285858,116.1645480572093,163.33872727227694,198.58960299457297,30.212474250345664,10.279522176437416,2.525521951878479,0.3959577541015637,180.8985376157595,165.060556409711,135.10391420561353,data/tiles/train/H372/H372__Samsung_A52_H372_02__x130_y454__t256.png
9.151673316955566,7.974290370941162,9.506294250488281,9.494428634643555,7.633274555206299,0.31297755241394043,80.07377133715403,135.73935494921724,176.77970525996088,35.61560208064241,15.012226607934831,1.9784879759224807,0.5054364808730993,151.01866805057261,136.01424328284926,109.63586220954504,data/tiles/train/H372/H372__Samsung_A52_H372_02__x386_y454__t256.png
8.684789657592773,7.154097080230713,8.583789825439453,8.951014518737793,8.834067344665527,0.3078767657279968,72.66925103214632,132.8434468615914,175.8984697450106,37.38467667572955,13.151922215424799,2.6502001580791066,0.37732999032224446,146.27642075703747,131.83156054990084,106.77734072898961,data/tiles/train/H372/H372__Samsung_A52_H372_02__x642_y454__t256.png
8.699509620666504,7.132086277008057,8.856475830078125,9.747218132019043,8.434769630432129,0.30945467948913574,68.85503529937368,129.4020354596446,170.94951909351803,37.66386532283016,13.099736576259223,2.260239796189938,0.44243093218944707,142.21925243274964,127.94328142286038,103.6589807484752,data/tiles/train/H372/H372__Samsung_A52_H372_02__x898_y454__t256.png
8.477710723876953,7.273825645446777,8.828462600708008,9.234481811523438,8.104991912841797,0.273505836725235,86.67175001895741,145.91413807574506,182.07187308798552,34.912095430493295,13.24916835253666,2.4528454280735588,0.4076897747223274,157.26910810451162,143.2245201267194,119.02243603815235,data/tiles/train/H372/H372__Samsung_A52_H372_02__x1154_y454__t256.png
6.8121562004089355,5.781822204589844,7.138900279998779,7.627911567687988,7.10137939453125,0.2739141285419464,126.020955611484,174.32316090305937,204.2348139864288,28.668739674904806,10.888803401175807,2.4281532405058828,0.4118356219526159,190.42604059071581,174.36905735833412,143.97310722710947,data/tiles/train/H372/H372__Samsung_A52_H372_02__x130_y710__t256.png
8.929966926574707,7.538510799407959,9.274538040161133,10.080425262451172,9.176228523254395,0.30154234170913696,85.60358253043235,148.5404307006379,188.69714787155021,38.06175865370399,13.775728174633603,2.4091865923744975,0.41507785373087214,162.31673202130128,146.64022413260625,119.27352356525373,data/tiles/train/H372/H372__Samsung_A52_H372_02__x386_y710__t256.png
8.15343189239502,6.585343837738037,8.123722076416016,8.976957321166992,8.788874626159668,0.28814801573753357,78.02099553096342,146.69144056364283,182.91269708670822,38.33934293887737,11.130823147841781,2.515954345979624,0.3974634919739115,157.3072526211033,142.79751999279748,117.22318258304405,data/tiles/train/H372/H372__Samsung_A52_H372_02__x642_y710__t256.png
8.421721458435059,7.0591020584106445,8.770256042480469,9.597430229187012,9.139711380004883,0.2730577886104584,81.8648568457812,145.57671235309897,185.69867896910478,37.72909532711332,12.455515277169448,2.429594992544206,0.4115912335466361,156.426381502485,142.7218841259627,118.4197515573607,data/tiles/train/H372/H372__Samsung_A52_H372_02__x898_y710__t256.png
8.495039939880371,7.1221160888671875,8.758559226989746,9.634075164794922,8.56753921508789,0.2534005343914032,93.6018790030037,154.57521854778668,192.27628031122003,36.07619608223189,12.913131698138772,2.381865130809343,0.4198390526252031,165.83421662495354,152.10058895705737,128.1544636566278,data/tiles/train/H372/H372__Samsung_A52_H372_02__x1154_y710__t256.png
7.915829181671143,5.938996315002441,6.71085786819458,6.997433185577393,6.295091152191162,0.3211502134799957,93.44485636306183,141.53253241737156,178.5210649235252,31.423965809835952,12.25506693732615,2.6670563757887624,0.3749452051624733,151.05302001837515,155.3117060925663,110.6995997585649,data/tiles/train/H374/H374__Motorola_Edge_60_fusion_H374_01__x67_y37__t256.png
7.233754634857178,5.574923515319824,6.526123046875,7.248542785644531,7.1865763664245605,0.3100112974643707,96.17712412997753,155.53933635003503,182.97127341460137,32.155079898519666,10.07152382614606,2.275687864875951,0.43942757503543245,159.44574003069494,164.15347516883003,118.48905839534532,data/tiles/train/H374/H374__Motorola_Edge_60_fusion_H374_01__x323_y37__t256.png
8.697610855102539,6.381060600280762,6.668420314788818,6.6429243087768555,5.6887736320495605,0.3304527699947357,105.41269014699039,150.40787781391097,178.88910197216478,26.975471253133318,13.905560973216556,2.463256740302655,0.4059666147009638,160.65032522025348,163.09251368453283,114.91245514987597,data/tiles/train/H374/H374__Motorola_Edge_60_fusion_H374_01__x579_y37__t256.png
9.283831596374512,7.01595401763916,7.620662212371826,6.814598560333252,4.997232437133789,0.3266375660896301,102.80942614196124,148.37741599040743,179.50588225772898,28.256690181781014,15.482830399403591,2.238428140409326,0.4467420606216722,158.82034170525617,161.26536977882543,114.07963870635591,data/tiles/train/H374/H374__Motorola_Edge_60_fusion_H374_01__x835_y37__t256.png
7.761591911315918,6.134640216827393,7.116962432861328,7.121811866760254,5.796792507171631,0.3303675949573517,91.31099064176551,136.71972254701984,166.23316923067281,27.605119448876383,12.225889894775493,2.3100670868059043,0.4328878610112944,145.4021270304603,148.74445121367597,104.83276268305386,data/tiles/train/H374/H374__Motorola_Edge_60_fusion_H374_01__x1091_y37__t256.png
7.499880790710449,5.797481060028076,6.701951503753662,7.178238868713379,6.258357524871826,0.3425728380680084,94.87228991311638,145.53235543006465,172.3723817339143,28.848063753262046,11.386371582090925,2.536814838988902,0.3941951082242052,153.5927115670615,156.21407383601945,108.4924429019968,data/tiles/train/H374/H374__Motorola_Edge_60_fusion_H374_01__x67_y293__t256.png
8.665112495422363,6.435078144073486,6.2698211669921875,5.2317728996276855,3.510237455368042,0.33653944730758667,114.57772350303946,148.76492390386906,176.8557264944609,22.971924567056305,14.846127847745167,2.158247528104061,0.4633388835053884,162.06674620401702,164.74741507670342,115.24025485473707,data/tiles/train/H374/H374__Motorola_Edge_60_fusion_H374_01__x323_y293__t256.png
7.70995569229126,5.307764053344727,5.218891620635986,4.999577522277832,4.690734386444092,0.3189442455768585,121.75339199629771,160.26139355887994,186.56428964980446,23.99187653959317,11.995570693835393,2.6432672048055887,0.3783196788360826,171.60431072751092,175.0748308484842,125.09226068881132,data/tiles/train/H374/H374__Motorola_Edge_60_fusion_H374_01__x579_y293__t256.png
8.166678428649902,5.967704772949219,6.467741966247559,6.457533359527588,5.800442218780518,0.31957754492759705,107.56755148129032,153.9277087117815,181.46828133004104,27.06954345785725,12.692789983537761,2.5544616241160374,0.39147192134704567,163.15898893257057,166.15935786667785,118.53685605855603,data/tiles/train/H374/H374__Motorola_Edge_60_fusion_H374_01__x835_y293__t256.png
5.963218688964844,4.599099636077881,5.352987766265869,5.63243293762207,5.1989850997924805,0.31122535467147827,94.49647559707451,147.9818082599644,171.25256719647987,28.404345146840722,8.115090235180922,2.5909073735741694,0.3859651681103887,152.49582987251932,156.4076554269358,112.71219660305123,data/tiles/train/H374/H374__Motorola_Edge_60_fusion_H374_01__x1091_y293__t256.png
7.2945685386657715,5.795501708984375,6.342336654663086,6.394550800323486,5.203777313232422,0.35440418124198914,94.15776123417061,134.31998370054228,162.1043945508051,25.089861849582963,11.840404709173475,2.310626731777548,0.43278301347734666,145.4863800767447,147.52805413541728,101.09157378474535,data/tiles/train/H374/H374__Motorola_Edge_60_fusion_H374_01__x67_y549__t256.png
7.5597028732299805,5.584610462188721,5.4617767333984375,4.931563854217529,3.6142959594726562,0.3486412763595581,112.44763696563037,143.7194858612505,169.9375574861148,21.434504493405328,12.753217651050251,2.527327709913753,0.395674845045768,157.83070409708625,159.8785639976112,110.27418368946066,data/tiles/train/H374/H374__Motorola_Edge_60_fusion_H374_01__x323_y549__t256.png
8.001924514770508,5.950497627258301,6.054738998413086,5.612242221832275,4.698558330535889,0.3359355330467224,110.24683891714373,145.9138815456827,178.96268844916244,25.070876777588712,13.447942423098972,2.464071099788524,0.4058324453729537,159.92269015505914,162.4214142456922,113.7091526929498,data/tiles/train/H374/H374__Motorola_Edge_60_fusion_H374_01__x579_y549__t256.png
7.851814270019531,6.008744716644287,6.614910125732422,6.857410907745361,5.8375654220581055,0.32994580268859863,95.82297622731119,143.11563343565538,170.07428539460298,27.284653474574284,12.088845041813688,2.4092427202006728,0.41506818371405396,151.31209326061278,154.36468078686949,108.86016470574619,data/tiles/train/H374/H374__Motorola_Edge_60_fusion_H374_01__x835_y549__t256.png
5.775763034820557,4.2622222900390625,5.09547233581543,5.6157073974609375,5.426364421844482,0.3356553018093109,90.73974580884885,138.0673310130584,162.96737258649367,26.762449592962916,7.820810006243964,2.70041697528807,0.37031318094618476,145.50443296240826,147.63156197248185,103.36285497452036,data/tiles/train/H374/H374__Motorola_Edge_60_fusion_H374_01__x1091_y549__t256.png
6.402650356292725,4.917911529541016,5.551547050476074,5.872527122497559,5.910085678100586,0.3291930556297302,92.52245958648359,140.5265985891203,179.21560670642285,31.607353703097974,9.51742580774059,2.4215218799068587,0.4129634377032612,151.3597461935973,155.29552884712433,109.63678251745931,data/tiles/train/H374/H374__Motorola_Edge_60_fusion_H374_02__x80_y24__t256.png
7.971365451812744,6.109755992889404,7.025466442108154,7.6133880615234375,7.239552021026611,0.3283633291721344,98.00786625273344,147.7318090144701,178.75905623282685,29.75143862130146,12.375397219205793,2.4715293411163324,0.40460778003481973,156.6212351174654,160.00972524656942,113.04083794697895,data/tiles/train/H374/H374__Motorola_Edge_60_fusion_H374_02__x336_y24__t256.png
8.838898658752441,6.3349223136901855,6.949326992034912,7.2943291664123535,6.544369220733643,0.3174562156200409,104.9257099153848,156.21229132586396,189.74478077690776,31.11896355919578,13.594547675293558,2.3602663622353384,0.4236809946538956,165.59175492660512,168.56653319712575,120.54314518976392,data/tiles/train/H374/H374__Motorola_Edge_60_fusion_H374_02__x592_y24__t256.png
8.333843231201172,6.192380905151367,6.819878578186035,7.184142112731934,6.314422130584717,0.31624990701675415,104.30339642723597,156.52810304407842,185.98196375954242,30.154681946184684,12.359740011138307,2.5872676990915044,0.38650812992839545,164.2349852213589,167.84733668687568,120.2587005392502,data/tiles/train/H374/H374__Motorola_Edge_60_fusion_H374_02__x848_y24__t256.png
6.190366268157959,4.860926151275635,6.027355670928955,7.264259338378906,7.5930495262146,0.3277267515659332,92.93199871206998,147.49636447342388,178.6742586722984,31.501292152293406,8.630306850650019,2.1814449072531255,0.4584117603314583,154.7641672639843,158.12601969967582,111.79271038888827,data/tiles/train/H374/H374__Motorola_Edge_60_fusion_H374_02__x1104_y24__t256.png
7.221385955810547,5.532687664031982,6.151751518249512,6.297144412994385,5.70359468460083,0.3321515917778015,101.4246300531618,144.62556797941872,183.3236175853675,29.749737253219717,11.053508802590425,2.546510714344755,0.39269420480616785,157.66740152014535,160.5744788984531,112.92415874379193,data/tiles/train/H374/H374__Motorola_Edge_60_fusion_H374_02__x80_y280__t256.png
9.095819473266602,6.632411479949951,6.9867167472839355,6.633502960205078,5.303319931030273,0.31968870759010315,115.57356299711323,160.75425649813914,189.77495411564155,27.11241770687372,14.96513080779025,2.440780645414586,0.4097049859349987,171.64247201971696,174.31604336957804,124.30937056652283,data/tiles/train/H374/H374__Motorola_Edge_60_fusion_H374_02__x336_y280__t256.png
9.114274978637695,6.541578769683838,6.655453681945801,6.072014331817627,4.872912406921387,0.32737576961517334,121.74086515249262,159.6766728882455,191.94733356129805,25.711755466787572,15.42732445937975,2.578577454649821,0.3878107280418316,174.0482990670077,176.44997554783777,124.75731067986638,data/tiles/train/H374/H374__Motorola_Edge_60_fusion_H374_02__x592_y280__t256.png
8.64645767211914,6.544369220733643,6.841185569763184,6.468848705291748,5.345658302307129,0.3341146409511566,113.79469849168909,156.36843896713023,185.21026835654501,26.247081527004603,14.245019872078734,2.689520402401617,0.3718135021794393,168.3240063095858,170.7073681014791,119.74567737528929,data/tiles/train/H374/H374__Motorola_Edge_60_fusion_H374_02__x848_y280__t256.png
7.112645626068115,5.7234392166137695,6.980708599090576,7.675642013549805,6.838736534118652,0.346908837556839,92.82511483147327,145.06673181321267,172.8399400744046,29.814700111152185,10.641157442204019,2.8197198216803208,0.3546451644986779,153.6039096196914,155.6610967904095,107.60375165274924,data/tiles/train/H374/H374__Motorola_Edge_60_fusion_H374_02__x1104_y280__t256.png
7.472696304321289,6.05074405670166,6.938094615936279,7.264369487762451,6.443187713623047,0.35210683941841125,81.91042505960161,125.5798716849938,167.06103725952025,30.69506040598246,11.790522505816506,2.2996606980719663,0.43484675841022946,137.95119054003743,140.4212407238277,96.50786626130764,data/tiles/train/H374/H374__Motorola_Edge_60_fusion_H374_02__x80_y536__t256.png
8.374913215637207,6.619390964508057,7.125298500061035,7.014980792999268,6.041377544403076,0.3469921052455902,97.86713646566578,142.19202029737698,175.17519620707003,28.487259221880105,13.73730001741483,2.4227512786939744,0.41275388389808926,154.16305084172149,156.25408794986487,108.00345831216164,data/tiles/train/H374/H374__Motorola_Edge_60_fusion_H374_02__x336_y536__t256.png
8.37144947052002,6.397934913635254,6.718319416046143,6.405381202697754,5.380821228027344,0.33875375986099243,108.86866321658988,149.95029897819276,183.94421724006244,27.326883658202874,13.902080354772732,2.5657716828851043,0.38974629218588197,163.158084743699,165.78931896280866,115.68497982531383,data/tiles/train/H374/H374__Motorola_Edge_60_fusion_H374_02__x592_y536__t256.png
7.358616352081299,5.6341729164123535,6.5352888107299805,7.514242172241211,7.220860481262207,0.3387520909309387,94.99613456128026,145.29678868182225,179.97387253616375,31.049649783105252,11.283843964959999,2.5329178798527243,0.39480158751066363,155.23954735881222,157.89209025957788,110.20239861968473,data/tiles/train/H374/H374__Motorola_Edge_60_fusion_H374_02__x848_y536__t256.png
7.453991889953613,5.990016460418701,7.025060653686523,7.500700950622559,5.936283111572266,0.36926352977752686,85.44225134130481,130.09613739136344,159.90623390242231,27.46457031760809,11.737149969973581,2.265732329972602,0.441358401772063,141.13970456112244,142.39985959425528,95.90873487393793,data/tiles/train/H374/H374__Motorola_Edge_60_fusion_H374_02__x1104_y536__t256.png
6.8079962730407715,5.31339168548584,6.405009746551514,7.151641368865967,6.68026065826416,0.3425886929035187,97.41127169674958,146.0396455365429,172.64631639660578,27.668748295921883,10.322507497895918,2.560170559744842,0.39059897638213,155.26076530068002,157.08897476398656,109.12964987341013,data/tiles/train/H374/H374__Motorola_Edge_60_fusion_H374_03__x216_y59__t256.png
8.58891773223877,6.569750785827637,7.463625431060791,7.673454761505127,6.608555793762207,0.3234567940235138,101.01243228900444,151.33779122166982,183.04562216838872,29.92978973429209,13.524551158157122,2.576897303562168,0.38806358275033015,160.43640138055991,163.01229227340616,115.76635542249903,data/tiles/train/H374/H374__Motorola_Edge_60_fusion_H374_03__x472_y59__t256.png
8.386004447937012,6.027984142303467,6.557118892669678,6.630287170410156,6.029120445251465,0.3163260817527771,103.54163556847023,154.2874586456215,187.40254533369776,30.731652596405,12.439037276134407,2.508235176698557,0.3986866978383747,163.78169671523645,166.81116604596153,119.49182829182882,data/tiles/train/H374/H374__Motorola_Edge_60_fusion_H374_03__x728_y59__t256.png
8.087449073791504,6.321152687072754,7.1547770500183105,7.46481466293335,6.743066310882568,0.3307190537452698,96.93078688495673,145.3200662635588,179.2519130380167,30.46779041976374,12.733893058216466,2.3035566063333017,0.43411132040369316,155.8599182187,157.98920426850447,111.29662076465232,data/tiles/train/H374/H374__Motorola_Edge_60_fusion_H374_03__x984_y59__t256.png
8.311727523803711,6.556648254394531,7.664769172668457,7.780303955078125,6.924781322479248,0.32312941551208496,93.83433265808138,146.26468645673523,178.44825345884817,31.830591186073235,13.128376954273937,2.401389161242428,0.41642563235465807,154.76662455102564,157.7051899002068,112.13184364949001,data/tiles/train/H374/H374__Motorola_Edge_60_fusion_H374_03__x216_y315__t256.png
9.410971641540527,7.003451824188232,7.492013931274414,7.480345726013184,6.417433261871338,0.31833747029304504,108.39724781279081,156.34672757269792,190.2071518214569,30.304524664952513,15.077551835577363,2.2445804122387267,0.4455175651304058,167.2562844321038,170.14066187695408,121.59182851894982,data/tiles/train/H374/H374__Motorola_Edge_60_fusion_H374_03__x472_y315__t256.png
6.9727277755737305,5.106102466583252,5.507874965667725,5.560331344604492,5.081444263458252,0.31406351923942566,120.7470107017704,166.02930884395963,192.7408595118734,26.43008873979738,10.467505403551161,2.204115419250682,0.45369674893883877,176.2351091699736,179.4206862649414,128.94351812093777,data/tiles/train/H374/H374__Motorola_Edge_60_fusion_H374_03__x728_y315__t256.png
8.558320999145508,6.646644592285156,7.512291431427002,8.181293487548828,7.407907009124756,0.32077959179878235,99.82934622107547,148.8901014652113,185.34646091040872,31.249285675746172,13.568068238280016,2.732945562609665,0.3659055685855334,159.68400615944063,162.09143538450553,115.52624057615455,data/tiles/train/H374/H374__Motorola_Edge_60_fusion_H374_03__x984_y315__t256.png
7.235400676727295,5.153213977813721,4.442124843597412,3.1177573204040527,1.672842264175415,0.19410540163516998,121.56168549050953,143.97869276643118,167.45969511035798,16.809870230642037,12.788356143463904,2.5122748938466968,0.3980456129419975,157.95393029515,144.8296997311057,129.95496506525524,data/tiles/train/H405/H405__Motorola_Edge_H405_01__x31_y15__t256.png
9.596871376037598,6.897768974304199,6.092892169952393,4.693875789642334,2.5418741703033447,0.2030298113822937,102.66375013648364,134.89702842735764,164.79136077494664,22.69397028919793,16.67381521547886,2.452149918598374,0.4078054088028968,148.06844443167756,134.79847684099974,120.7529222048773,data/tiles/train/H405/H405__Motorola_Edge_H405_01__x287_y15__t256.png
9.844976425170898,6.849615573883057,6.133234977722168,5.102550029754639,3.8576154708862305,0.2021801471710205,96.90036614401176,132.16660241244577,163.42354790941855,24.23991954577738,16.539628329694413,2.621443409451893,0.38146923042259606,144.64861611462288,131.27944342945207,118.09413093896691,data/tiles/train/H405/H405__Motorola_Edge_H405_01__x543_y15__t256.png
9.726034164428711,6.7283101081848145,5.751866340637207,4.177431106567383,2.382439613342285,0.1988874226808548,102.53400406378775,135.75613357001632,162.86504063921655,21.985072398483258,16.54773857548322,2.16912051386079,0.4610163398529263,147.7817854938261,134.40294029587247,121.04907171298515,data/tiles/train/H405/H405__Motorola_Edge_H405_01__x799_y15__t256.png
7.233161449432373,5.236853122711182,4.6663312911987305,3.522474527359009,2.321943521499634,0.19508269429206848,118.07912556669451,144.1701734349349,166.188359037583,17.668278440386494,12.78440351618255,2.508735013854256,0.39860726401058416,156.92636102550267,143.59771835571826,128.9964287531201,data/tiles/train/H405/H405__Motorola_Edge_H405_01__x1055_y15__t256.png
8.009302139282227,5.73240327835083,5.017427921295166,3.39969801902771,1.7955645322799683,0.19605208933353424,117.9744228620544,142.63261954386707,168.47048090307862,18.442358723605754,14.187961655896155,2.5888513173177965,0.3862717002365587,156.80507803085032,143.55475133623594,128.76168669353237,data/tiles/train/H405/H405__Motorola_Edge_H405_01__x31_y271__t256.png
9.182060241699219,6.44704008102417,5.581316947937012,3.770434856414795,1.8057976961135864,0.20279939472675323,105.7636174198825,134.39927858491944,162.32248073173173,20.599492008097634,16.118297952758855,2.43955170502734,0.40991137754499574,147.79862492378092,134.68308933915657,120.55356069894702,data/tiles/train/H405/H405__Motorola_Edge_H405_01__x287_y271__t256.png
10.098443984985352,6.859857082366943,6.095200061798096,4.829488277435303,2.835212469100952,0.20565001666545868,95.36050784670226,128.5944582358355,159.83454480563861,23.343554247370257,17.191400932297334,2.5860839460622302,0.3866850500049222,141.35922407839263,128.0983108744393,115.00435628468705,data/tiles/train/H405/H405__Motorola_Edge_H405_01__x543_y271__t256.png
9.452595710754395,6.44934606552124,5.544405460357666,4.101929187774658,2.5727217197418213,0.20802046358585358,100.46936704786322,131.07290938842442,159.00122753327113,21.28960745889529,16.305957202405082,2.181801956344043,0.45833674183501943,144.1280011251166,130.62916016701502,116.96605144772217,data/tiles/train/H405/H405__Motorola_Edge_H405_01__x799_y271__t256.png
7.761655807495117,5.525756359100342,4.668821811676025,3.3018949031829834,2.1424036026000977,0.20117619633674622,114.53280713252575,139.97745112022093,163.13665554377974,17.867472715100224,13.69391071494925,2.1360470708194197,0.4681544773338656,153.2829877228327,139.8157602629454,125.23036849239462,data/tiles/train/H405/H405__Motorola_Edge_H405_01__x1055_y271__t256.png
8.304099082946777,5.804551124572754,5.125472068786621,3.894657611846924,2.684314727783203,0.18131379783153534,103.41768288130292,131.82213464390418,157.12941452870936,19.60704612346091,14.271138476345243,2.466882495164724,0.4053699363306017,142.90056393643326,131.24121176849252,119.15234725776712,data/tiles/train/H405/H405__Motorola_Edge_H405_02__x45_y14__t256.png
9.9171724319458,6.951858997344971,6.246898174285889,4.594514846801758,2.9939019680023193,0.17622216045856476,90.38880674729639,125.36823757851114,154.26368932671355,23.26104535777802,17.12047432898648,2.729682815400496,0.3663429297932116,134.87393640575456,123.81937610243835,113.03816467742567,data/tiles/train/H405/H405__Motorola_Edge_H405_02__x301_y14__t256.png
10.131035804748535,7.128878116607666,6.679213047027588,5.5435028076171875,3.6507365703582764,0.17992819845676422,82.03196950680704,120.41369013616895,151.4215360588788,25.271664745671455,17.08043404179478,2.639649270369134,0.3788382082518705,129.52644922812794,118.21455654365008,108.18003404357731,data/tiles/train/H405/H405__Motorola_Edge_H405_02__x557_y14__t256.png
8.992685317993164,6.087573528289795,5.383548736572266,4.253519058227539,2.685667037963867,0.18117547035217285,94.00962381101203,125.68993955570465,151.52230633461332,20.938338672502574,15.213042788768075,2.36221578183533,0.42333135172903097,135.67181888511593,124.19488406395224,113.14496423544492,data/tiles/train/H405/H405__Motorola_Edge_H405_02__x813_y14__t256.png
7.700404644012451,5.4628682136535645,4.842221736907959,3.50980281829834,2.17262864112854,0.1764110028743744,105.17722253076936,132.43998671849477,155.32742971420882,18.30043233738159,13.418331806445208,2.5104088870710086,0.39834148339346376,143.07268413570833,131.57919189468151,119.87345871158398,data/tiles/train/H405/H405__Motorola_Edge_H405_02__x1069_y14__t256.png
8.280251502990723,5.820039749145508,5.204700469970703,4.091048240661621,2.640346050262451,0.17847411334514618,104.13933144138623,132.67423112551168,158.19652054858008,19.599800739442234,14.156118710178236,2.7185208531203378,0.3678470955454297,143.69600042532124,132.19412447286078,120.1366051566653,data/tiles/train/H405/H405__Motorola_Edge_H405_02__x45_y270__t256.png
9.932690620422363,6.9042439460754395,6.445627689361572,5.192272663116455,3.2692410945892334,0.17839415371418,87.5646748824263,123.79809913297937,153.92118208712347,24.23214450516592,16.78929936384576,2.639204390475346,0.3789020674597659,133.37788379280278,122.1475755718865,111.54985524977074,data/tiles/train/H405/H405__Motorola_Edge_H405_02__x301_y270__t256.png
10.188633918762207,6.937301158905029,6.299225330352783,4.969751358032227,3.1138710975646973,0.17879831790924072,84.84159125792947,120.45711430902388,150.29266140277198,23.916088385431145,16.963911484674586,2.4835262889407628,0.4026532775002375,130.0065845959154,118.66562440750931,108.70701285681065,data/tiles/train/H405/H405__Motorola_Edge_H405_02__x557_y270__t256.png
9.754504203796387,6.690171718597412,5.9491963386535645,4.617774963378906,3.0793633460998535,0.18227499723434448,87.13344423687408,121.44534527842859,149.21651045557877,22.637559290896842,16.484936324354315,2.5476729385242565,0.3925150614424046,130.89964837815464,119.72147587451771,109.04682550321537,data/tiles/train/H405/H405__Motorola_Edge_H405_02__x813_y270__t256.png
7.723728179931641,5.371710777282715,4.784750461578369,3.4832887649536133,2.209717273712158,0.17873485386371613,104.88461735321084,131.59819253164952,154.13765476552913,18.014337474808798,13.366062318053746,2.5305239973185922,0.39517507087845266,142.33889896423693,130.73664153997464,118.9808522294842,data/tiles/train/H405/H405__Motorola_Edge_H405_02__x1069_y270__t256.png
3.9380505084991455,3.3228611946105957,3.2886321544647217,2.66489839553833,1.741064429283142,0.17559269070625305,127.00047103791633,143.03764415523165,157.72240925991434,11.265843941876428,7.203429390839779,2.3930038076058486,0.41788483445852914,154.77967446685807,143.71023324638824,129.71637752562918,data/tiles/train/H405/H405__Motorola_Edge_H405_03__x127_y15__t256.png
6.064605236053467,4.687601566314697,4.531801700592041,3.690889835357666,2.5348212718963623,0.18283316493034363,110.81179941700287,134.6814827304854,154.99644189960904,16.21056106508847,10.707109151488178,2.6225434592747,0.3813092196674459,145.61424710545728,134.8280282663831,121.14005724348361,data/tiles/train/H405/H405__Motorola_Edge_H405_03__x383_y15__t256.png
7.1923065185546875,5.2233757972717285,4.845871448516846,3.9595000743865967,2.518552780151367,0.18378476798534393,104.25583384549402,132.13588934090185,153.59772376304807,18.153369005253325,12.343469074203377,2.48674128778273,0.4021327047220247,142.21385392729385,131.3528490232879,118.21284718365592,data/tiles/train/H405/H405__Motorola_Edge_H405_03__x639_y15__t256.png
6.827456951141357,5.124142646789551,4.619284629821777,3.266854763031006,2.0729737281799316,0.18410106003284454,109.08032142067759,133.47872958556596,154.2227740601037,16.536395836289095,12.109368647882983,2.647330388192179,0.3777390251176335,144.37771096206617,133.4253614063384,119.96770375772451,data/tiles/train/H405/H405__Motorola_Edge_H405_03__x895_y15__t256.png
6.738592147827148,5.270979881286621,5.081694602966309,3.899012565612793,2.160905122756958,0.17397412657737732,111.2239682317584,139.2663341941193,160.93442315028656,18.253922916093824,11.964220005383112,2.4835226420904313,0.4026538687637169,149.20353177614638,138.69172341847832,125.24496672592167,data/tiles/train/H405/H405__Motorola_Edge_H405_03__x1151_y15__t256.png
5.3078413009643555,4.314925670623779,4.508976936340332,3.785393238067627,2.637122392654419,0.19275595247745514,110.74536833590379,133.41998815921332,154.40106391940438,15.985560426829169,9.425533747654606,2.740864688512668,0.36484836489416433,145.29497954934547,134.1570893228388,119.65176642552898,data/tiles/train/H405/H405__Motorola_Edge_H405_03__x127_y271__t256.png
8.968602180480957,6.449454307556152,5.828452110290527,4.112875461578369,2.332019805908203,0.19411703944206238,90.00014246473064,121.8776004181725,148.24513810613485,21.263355116159993,15.593625578290519,2.5289638079441246,0.395418865568081,131.81310913381304,121.36473892043733,108.41593774723607,data/tiles/train/H405/H405__Motorola_Edge_H405_03__x383_y271__t256.png
9.615921020507812,6.657862663269043,5.841789722442627,4.342523574829102,2.891862154006958,0.19391511380672455,85.73105303440148,118.44177655489545,147.01699427997164,22.25422561837865,16.189037357946923,2.7647424380493844,0.3616973451984672,128.6777014370294,117.791589856882,105.90105549916078,data/tiles/train/H405/H405__Motorola_Edge_H405_03__x639_y271__t256.png
8.22996711730957,5.876761436462402,5.065561771392822,3.4933724403381348,2.152052402496338,0.19192512333393097,91.5945243807089,121.18465385369124,145.2717995268288,19.558084134867503,13.94978909156069,2.6150615122421703,0.3824001826796776,131.11014234775493,120.42449656633649,108.10234841430297,data/tiles/train/H405/H405__Motorola_Edge_H405_03__x895_y271__t256.png
8.108743667602539,6.2999186515808105,5.791385650634766,4.415947437286377,2.8276612758636475,0.19046832621097565,93.65514455323084,126.70956949491455,151.8997448354868,21.287555563742682,13.987077860747956,2.5445515835579853,0.39299655250129534,136.24995651519674,125.73295526509601,112.4758173333949,data/tiles/train/H405/H405__Motorola_Edge_H405_03__x1151_y271__t256.png
2.9008893966674805,2.8521006107330322,3.031635046005249,2.4060351848602295,1.831400752067566,0.22573445737361908,158.19929975038914,175.63113869612857,188.55919971101517,11.256702430301274,5.459624755151545,2.315245346816589,0.4319196673367589,193.08432136272066,176.8991953453021,153.6900322373088,data/tiles/train/H405/H405__Samsung_A52_H405_01__x128_y216__t256.png
3.9465599060058594,3.4844696521759033,3.5284249782562256,2.8925647735595703,1.8436644077301025,0.23948799073696136,145.40059003301414,162.69328242211805,177.99637519418107,12.285179566268962,7.258762576831335,2.5766360142476974,0.3881029351722272,180.6425281364828,164.67567299782,141.7594464714529,data/tiles/train/H405/H405__Samsung_A52_H405_01__x384_y216__t256.png
4.8720808029174805,3.932999849319458,3.7938716411590576,3.1592795848846436,2.1356041431427,0.2549858093261719,134.57882477448086,154.1284647178455,172.12476195559012,13.90314957322354,8.674818211584054,2.3017370138714024,0.4344544984824534,172.29192489419438,156.34811454224283,133.050414106466,data/tiles/train/H405/H405__Samsung_A52_H405_01__x640_y216__t256.png
4.909768581390381,4.179147243499756,4.1294074058532715,3.332015037536621,2.350536823272705,0.2497454732656479,135.8262228960509,156.3805372280349,175.10532941631763,14.537628350386246,8.937527620415334,2.639090019743265,0.37891848800871203,174.55458944838566,158.14744226139197,135.5715203602559,data/tiles/train/H405/H405__Samsung_A52_H405_01__x896_y216__t256.png
4.749453067779541,3.972869873046875,3.9033989906311035,2.8218274116516113,1.7498762607574463,0.22429752349853516,152.07057198537953,171.8345194718852,189.6653996495072,14.004123589936002,8.741098778421732,2.496871885920956,0.4005011252834688,189.7293025502503,173.6868616982392,151.2498602679439,data/tiles/train/H405/H405__Samsung_A52_H405_01__x1152_y216__t256.png
3.9208288192749023,3.6515402793884277,3.7721171379089355,3.0524816513061523,2.3159477710723877,0.24123458564281464,147.30599114471667,165.2042534126916,181.89531904130754,12.886525535228213,7.52629419037915,2.198006898692872,0.4549576257447999,183.89201450962105,167.33984270127527,144.0644723865106,data/tiles/train/H405/H405__Samsung_A52_H405_01__x128_y472__t256.png
6.030791282653809,4.783202171325684,4.415722846984863,3.241851329803467,2.121394157409668,0.2628023326396942,125.3054357928677,147.05126020596973,168.3051138990953,15.965137505557808,10.835186492007638,2.496032270136647,0.4006358459240811,165.3766843847795,149.09012805517375,126.72769877819837,data/tiles/train/H405/H405__Samsung_A52_H405_01__x384_y472__t256.png
7.166632175445557,5.530556678771973,5.250699043273926,4.216253757476807,2.693316698074341,0.27739349007606506,109.95055617536589,133.9387984191076,161.73311733822996,18.88812954873458,12.739086452578112,2.474362089712073,0.40414456888012057,152.89076061210108,136.72697543935337,115.43752774978287,data/tiles/train/H405/H405__Samsung_A52_H405_01__x640_y472__t256.png
7.180269718170166,5.7459330558776855,5.627518177032471,4.48435640335083,2.6431469917297363,0.2804233133792877,110.48793344154588,135.85356339561963,164.28924096697952,19.782266469423398,12.957866213934981,2.2711689594329556,0.44030189645145146,155.11755960432976,138.66168580953286,116.74412164543352,data/tiles/train/H405/H405__Samsung_A52_H405_01__x896_y472__t256.png
6.87528133392334,5.55469274520874,5.391221046447754,4.028719902038574,2.2274298667907715,0.25508296489715576,127.058427058996,151.6205508800281,178.5698853751629,19.008439090160817,12.60564448114543,2.5212215624634604,0.39663313010178686,170.99437471852437,154.29152588652354,132.1043978557419,data/tiles/train/H405/H405__Samsung_A52_H405_01__x1152_y472__t256.png
4.239870071411133,3.7974820137023926,4.006252765655518,3.3299596309661865,2.098925828933716,0.24079276621341705,147.92573745887844,166.9931960123252,184.85816283381405,13.614065250587949,8.04663343665125,2.2699427802615304,0.4405397390170273,185.7342638210081,169.12674719516613,145.56772304409446,data/tiles/train/H405/H405__Samsung_A52_H405_01__x128_y728__t256.png
5.9245100021362305,4.7988972663879395,4.622375965118408,3.653150796890259,2.4849867820739746,0.25136855244636536,130.41079457997662,153.47707377698234,175.99198331125777,16.937536457350905,10.821720255062315,2.627338759496537,0.3806132712751608,171.84035314887194,155.3416478925572,133.26013252918617,data/tiles/train/H405/H405__Samsung_A52_H405_01__x384_y728__t256.png
6.9355034828186035,5.586045742034912,5.481806755065918,4.3020100593566895,2.6437442302703857,0.2683110237121582,115.70307989510836,143.29963765687432,169.0378010669033,19.727631263110435,12.39091185903055,2.5047475143807287,0.3992418374541192,161.24813164349368,144.7420472430845,122.89033796675572,data/tiles/train/H405/H405__Samsung_A52_H405_01__x640_y728__t256.png
7.050590515136719,5.801639080047607,5.948905944824219,5.273825168609619,3.636347532272339,0.2715693414211273,113.41229896729259,143.3818368771433,173.23294144287956,22.003067225571215,12.528296061230366,2.3674873309595386,0.42238874393245507,162.07858957756656,145.30222979180618,123.1092805278853,data/tiles/train/H405/H405__Samsung_A52_H405_01__x896_y728__t256.png
6.276182651519775,5.162895202636719,5.038139820098877,3.7692363262176514,2.370603322982788,0.24525372684001923,134.76296589673868,159.1426590077725,184.17424030338984,18.265380700727295,11.596729799611474,2.3643286423146836,0.4229530455719546,178.12137054935945,161.20850354576632,139.0160307978007,data/tiles/train/H405/H405__Samsung_A52_H405_01__x1152_y728__t256.png
2.7702109813690186,2.9063527584075928,3.2916181087493896,2.93264102935791,2.123490333557129,0.22259736061096191,160.743991518644,177.00153036905422,192.42736886961907,11.817875212157542,5.501546390089722,2.1120765401324144,0.4734676897350065,195.50623893090986,179.19254125512055,156.12010912985127,data/tiles/train/H405/H405__Samsung_A52_H405_02__x89_y217__t256.png
3.4883534908294678,3.317593812942505,3.533957004547119,3.0606789588928223,2.2066538333892822,0.2352863848209381,151.96903679580265,169.35525507465508,184.0911905981205,11.997663881197774,6.532039813190722,2.7323048747680425,0.3659913683991412,187.57301910126887,170.99685135149085,147.85475063996182,data/tiles/train/H405/H405__Samsung_A52_H405_02__x345_y217__t256.png
5.009429454803467,4.3386688232421875,4.5473504066467285,3.9770710468292236,2.5442516803741455,0.2584632933139801,134.03843360636725,156.97507748288595,177.45065103753657,16.0855705752868,9.110614047216156,2.5953209950362686,0.3853087929826674,175.48428216540344,158.87289997554245,135.0433456548621,data/tiles/train/H405/H405__Samsung_A52_H405_02__x601_y217__t256.png
5.379500389099121,4.474816799163818,4.667311668395996,4.049228668212891,2.870277166366577,0.26024922728538513,135.07307756966625,158.34210126927974,180.34269671360937,16.608775616449083,9.739421573301268,2.468391882361103,0.4051220582703688,177.41812521700635,160.66585543167858,136.26819987270738,data/tiles/train/H405/H405__Samsung_A52_H405_02__x857_y217__t256.png
5.141407489776611,4.4549880027771,4.573791980743408,3.5541977882385254,2.3715567588806152,0.23890666663646698,148.38511432763744,171.22797002073239,191.15687770381703,15.855537498589635,9.527635564773682,2.3594991605074385,0.4238187564283507,189.74833967154743,173.15290027662067,148.9840718953091,data/tiles/train/H405/H405__Samsung_A52_H405_02__x1113_y217__t256.png
3.532860279083252,3.4411587715148926,3.7774291038513184,3.0397143363952637,2.1267123222351074,0.24193939566612244,149.87650373459792,166.07608014739495,182.7699738870059,12.375172888165476,6.848438980668717,2.226511445371016,0.4491331055490552,185.3133815788336,168.70419392387774,145.06658226243857,data/tiles/train/H405/H405__Samsung_A52_H405_02__x89_y473__t256.png
6.104775905609131,5.211682319641113,5.458151817321777,4.533127307891846,3.1941404342651367,0.2646784484386444,121.18217034758204,149.75451816098794,173.72065366232695,19.407043941401056,11.095863859974777,2.318580696321892,0.4312983376366248,167.46281420508942,150.69160810523923,128.09219519754626,data/tiles/train/H405/H405__Samsung_A52_H405_02__x345_y473__t256.png
7.513535976409912,6.016208648681641,5.886903285980225,4.8880181312561035,2.9628875255584717,0.28306451439857483,107.93557065877273,135.66519576364877,163.97413727304308,20.696259882091073,13.342738971303739,2.1642797485376684,0.4620474782318074,154.4393147392528,137.70232299503778,115.93528790918302,data/tiles/train/H405/H405__Samsung_A52_H405_02__x601_y473__t256.png
7.803576469421387,6.293968677520752,6.5785908699035645,5.5845208168029785,3.821197509765625,0.2905651032924652,104.84430819856016,135.7651107707302,168.0825498363436,23.10343195513835,13.817959609865174,2.438842687971074,0.41003054642770814,155.25350197877722,138.155488471471,115.63548637045595,data/tiles/train/H405/H405__Samsung_A52_H405_02__x857_y473__t256.png
7.458296775817871,6.052423477172852,6.202591896057129,5.227621078491211,3.667832136154175,0.2674045264720917,119.06069104015815,150.746790950834,180.39943729190932,22.537959328408157,13.350560888025257,2.075333519357783,0.4818502619807598,169.4729646268013,152.4101424535761,129.260360603413,data/tiles/train/H405/H405__Samsung_A52_H405_02__x1113_y473__t256.png
3.941030740737915,3.727620840072632,4.080939769744873,3.4349424839019775,2.3890955448150635,0.23292459547519684,150.50278528308687,170.8887922263419,188.08679777543023,14.011001312771398,7.589965335134251,2.315913304361913,0.4317950927249942,188.8974886996489,172.54777189529796,149.2465876235955,data/tiles/train/H405/H405__Samsung_A52_H405_02__x89_y729__t256.png
5.697605609893799,4.76495885848999,4.756377696990967,3.542898654937744,2.2061142921447754,0.2477061152458191,134.11886990794494,157.05808209168217,179.11391577245217,16.630223566837998,10.491658442440407,2.2327968849976294,0.44786877244369755,175.52840085122943,158.7439124671403,136.6453418011084,data/tiles/train/H405/H405__Samsung_A52_H405_02__x345_y729__t256.png
6.647823333740234,5.404229164123535,5.560940742492676,4.747609615325928,3.2401797771453857,0.26825881004333496,116.43297985523334,145.22462465509034,170.84144235879918,20.176665868682555,11.877512674199172,2.205969844671555,0.4533153535237419,163.2484286039018,146.19255911763034,124.45006625208252,data/tiles/train/H405/H405__Samsung_A52_H405_02__x601_y729__t256.png
6.940112113952637,5.668785572052002,5.576050758361816,4.251084327697754,2.8339991569519043,0.2648964822292328,117.69162116693121,148.56489923527266,173.50521655396525,20.549549979587034,12.365981242644486,2.245061031443524,0.4454221894168384,165.84349774329286,148.75262173276664,126.86316214150068,data/tiles/train/H405/H405__Samsung_A52_H405_02__x857_y729__t256.png
6.993546962738037,5.714114665985107,5.80724573135376,4.59239387512207,3.0255634784698486,0.2496216595172882,128.14284425423588,157.8511268029459,183.87907372881628,20.546097398178865,12.710674384276258,2.2900929986651466,0.4366634894665333,175.88461184492442,158.77476632229428,136.66686374058966,data/tiles/train/H405/H405__Samsung_A52_H405_02__x1113_y729__t256.png
2.9368598461151123,2.9642930030822754,3.389939069747925,2.900947093963623,1.8294060230255127,0.2273855358362198,163.56198620630917,178.73854248541807,193.09260121091305,10.922526282880693,5.867758001947188,1.886641364242274,0.530042444183146,197.72179750027308,180.9337479929293,157.11311710319626,data/tiles/train/H405/H405__Samsung_A52_H405_03__x91_y215__t256.png
3.999488353729248,3.834440231323242,4.299375057220459,3.8026952743530273,2.769627571105957,0.24134567379951477,147.13217582012064,167.5893310426178,186.2626598714415,14.594742236203825,7.7030052040231,2.6506581324901997,0.37726479614349034,186.36521617582434,169.42771094181853,145.99694524931448,data/tiles/train/H405/H405__Samsung_A52_H405_03__x347_y215__t256.png
5.115688323974609,4.371232509613037,4.603453636169434,3.9852969646453857,2.7266125679016113,0.2576969563961029,136.81542356450873,158.96320454852244,179.011754452554,15.825679919150552,9.303157598878999,2.2440714947662053,0.4456186009814198,177.85484245256745,160.84028286343306,136.99416638568675,data/tiles/train/H405/H405__Samsung_A52_H405_03__x603_y215__t256.png
5.4211320877075195,4.58201789855957,4.577702045440674,3.4402527809143066,2.326843738555908,0.25826576352119446,140.14015020499855,161.7113896916751,182.06551193060264,15.427581776922116,10.025731034086244,2.0616504270726885,0.48504828309806497,181.09542754328388,163.92893094388648,139.39265327114495,data/tiles/train/H405/H405__Samsung_A52_H405_03__x859_y215__t256.png
5.5310187339782715,4.774175643920898,4.961947441101074,4.100123405456543,2.4805288314819336,0.23881332576274872,147.90064227632593,172.6874472714012,195.32920562822014,17.49423714059465,10.179456180354068,2.5164157699798717,0.3973906108560108,191.65013680657034,174.66961632567657,150.50832459904896,data/tiles/train/H405/H405__Samsung_A52_H405_03__x1115_y215__t256.png
3.766688346862793,3.634693145751953,4.197854995727539,3.752721071243286,2.8938841819763184,0.24891681969165802,147.65209275398036,168.23702282355393,187.6311224378378,14.791660595674099,7.2802729451692,2.1898256998520074,0.4566573495176269,187.75018651725293,170.31079739963215,145.9326872492761,data/tiles/train/H405/H405__Samsung_A52_H405_03__x91_y471__t256.png
6.784150123596191,5.678167343139648,5.7327117919921875,4.3734002113342285,2.51889967918396,0.27090638875961304,120.50369335799637,148.87970173457686,174.53993928552185,19.92026692191416,12.394248554597196,1.9982202991273055,0.5004453214876937,167.4591455095451,150.16189990954337,127.28336302750691,data/tiles/train/H405/H405__Samsung_A52_H405_03__x347_y471__t256.png
7.584835052490234,5.942581653594971,5.705488204956055,4.274666786193848,2.8311851024627686,0.2923581004142761,109.64605568998824,136.6647183337382,164.96637258945063,20.24813406141144,13.357407574967537,1.8585850061880675,0.5380437250222879,156.2740621681631,138.7909843164769,116.1955999543766,data/tiles/train/H405/H405__Samsung_A52_H405_03__x603_y471__t256.png
6.9430084228515625,5.54103946685791,5.2889485359191895,4.045142650604248,2.7990365028381348,0.2922099530696869,113.13277463914295,140.04459285865212,166.39742172763366,19.709497067666863,12.231964005619758,2.242427010182981,0.4459453955285709,159.61393194822065,142.12370331213523,118.66529219951732,data/tiles/train/H405/H405__Samsung_A52_H405_03__x859_y471__t256.png
7.430689334869385,6.043824672698975,5.899543762207031,4.5447468757629395,3.051845073699951,0.26934027671813965,122.9817271520953,153.25477783393208,181.12260238610233,21.44162732216722,13.362804040365077,2.3368236865511722,0.42793130083162645,172.4731337308387,154.95305708381858,131.28961185014717,data/tiles/train/H405/H405__Samsung_A52_H405_03__x1115_y471__t256.png
3.7288930416107178,3.4239273071289062,3.665226459503174,3.1049792766571045,2.447438955307007,0.23601296544075012,154.8673354935568,174.80883852270037,190.43401427259082,13.142338955808022,7.015681891401954,2.3877853558059656,0.4187981124720748,193.12328637064346,176.1001327034674,152.1095067887297,data/tiles/train/H405/H405__Samsung_A52_H405_03__x91_y727__t256.png
5.656087398529053,4.74099588394165,4.80092716217041,3.6057941913604736,2.0159809589385986,0.2529180347919464,134.4425553998457,158.72813051895864,180.7151920257959,17.033534503360723,10.409771368543286,2.627019109481585,0.3806595834764748,177.46729639241096,159.90531405573623,137.43791837550322,data/tiles/train/H405/H405__Samsung_A52_H405_03__x347_y727__t256.png
6.328293323516846,5.167840480804443,5.234562873840332,4.384658336639404,2.7419943809509277,0.2714453339576721,122.65272721254655,148.82230237938975,173.315983294238,18.73787910562005,11.390147226240506,2.569755825924887,0.3891420305040412,167.84229353567522,150.24681577209887,127.52256090772084,data/tiles/train/H405/H405__Samsung_A52_H405_03__x603_y727__t256.png
6.51490592956543,5.166121482849121,4.934051990509033,3.841900587081909,2.6302707195281982,0.27282842993736267,124.25543771200756,149.6297388741325,174.0097833358698,18.48447096898254,11.638435421524289,2.2338987055370625,0.447647871195478,169.08242095297268,151.49529659531285,128.263534565336,data/tiles/train/H405/H405__Samsung_A52_H405_03__x859_y727__t256.png
6.899497032165527,5.5369768142700195,5.271917819976807,4.035544395446777,2.5164196491241455,0.2512281537055969,133.1388120221261,162.27434256764693,186.48576235741325,19.59723009219748,12.553302577911303,2.3122632144412814,0.43247671534731946,180.3823875591196,162.9972185027806,139.91037655642774,data/tiles/train/H405/H405__Samsung_A52_H405_03__x1115_y727__t256.png
5.250694751739502,4.011780738830566,3.0738563537597656,1.9538291692733765,1.416752576828003,0.08587195724248886,152.4356605885154,168.77360210698092,184.367106475045,12.051528914375535,9.506462133048583,2.3832819563017944,0.41958946458510016,175.7544035258741,169.3245859178075,161.2625978523706,data/tiles/train/H493/H493__Motorola_Edge_H493_01__x127_y14__t256.png
7.734373092651367,5.469554901123047,4.034429550170898,2.3324954509735107,1.3503785133361816,0.09122485667467117,137.23127451182003,159.51215697915046,180.75880890363192,16.30987405777768,13.800204062114675,2.651620297474541,0.3771279021179696,166.5285265848646,159.95866990543988,151.9798390210994,data/tiles/train/H493/H493__Motorola_Edge_H493_01__x383_y14__t256.png
8.429411888122559,5.794222354888916,4.154649257659912,2.382298469543457,1.3095240592956543,0.1009899154305458,132.66641009906357,156.44756102558696,178.06659557719047,17.01433552595115,14.823396239047662,2.5417776658641413,0.3934254413475715,163.71486647204202,156.71206733273846,147.94810044259754,data/tiles/train/H493/H493__Motorola_Edge_H493_01__x639_y14__t256.png
7.944643497467041,5.57135534286499,4.070498466491699,2.2553112506866455,1.3180924654006958,0.10476066917181015,132.90472399091044,156.03267710247255,177.58299841568774,16.668228477612136,14.109903578941667,2.523274235419137,0.3963104707221376,163.71825784878718,156.53580921200245,147.38851834981392,data/tiles/train/H493/H493__Motorola_Edge_H493_01__x895_y14__t256.png
6.648591995239258,5.007639408111572,3.8067445755004883,2.233119249343872,1.41899836063385,0.0994156077504158,143.06805504853702,164.95261403534846,183.09620194573122,14.956898500030354,11.967613792728994,2.5254254197911647,0.3959728892262014,171.94579961623145,165.06288873483166,155.62167891455172,data/tiles/train/H493/H493__Motorola_Edge_H493_01__x1151_y14__t256.png
6.143678665161133,4.742306232452393,3.626838445663452,2.1730289459228516,1.3404641151428223,0.09394526481628418,141.9235503093296,160.9711392272441,179.112678732374,13.945533892543981,11.142309290757716,2.435230633127057,0.4106387240685739,168.16940200361933,161.53424374203038,153.05350588917673,data/tiles/train/H493/H493__Motorola_Edge_H493_01__x127_y270__t256.png
9.858545303344727,7.0076751708984375,5.082587718963623,2.729335069656372,1.5848346948623657,0.10401111841201782,116.09358853810613,142.09270216108413,171.6470695262732,20.566118065103957,17.583969308142958,2.366292127988393,0.4226020904908767,150.36564151179635,143.72259353718275,135.47300125572633,data/tiles/train/H493/H493__Motorola_Edge_H493_01__x383_y270__t256.png
10.929801940917969,7.253937721252441,5.227416038513184,2.7827541828155518,1.5230777263641357,0.11158257722854614,108.59295534457692,136.35041716688986,167.2079104571893,21.708890692206367,19.145807827799366,2.7016019070503274,0.37015076032864647,144.92111330412789,137.5630944171498,129.5942016388367,data/tiles/train/H493/H493__Motorola_Edge_H493_01__x639_y270__t256.png
10.36538314819336,7.123147487640381,5.092381477355957,2.6192259788513184,1.3148491382598877,0.11035960912704468,113.09113823006065,139.75717994261143,169.2197328151209,20.89351888572229,18.442092032701,2.471780440870782,0.4045666773088109,148.1918647413123,141.12487696213387,132.66882142178656,data/tiles/train/H493/H493__Motorola_Edge_H493_01__x895_y270__t256.png
8.800822257995605,6.249518871307373,4.521440505981445,2.472410202026367,1.4715999364852905,0.10727682709693909,127.44008315751809,152.06337789222394,177.338437954778,18.45756776115986,15.7030856403034,2.5933329776285983,0.3856041660004734,160.23095035711424,153.14066824774085,143.8806757734883,data/tiles/train/H493/H493__Motorola_Edge_H493_01__x1151_y270__t256.png
5.845134735107422,4.480995178222656,3.411520481109619,2.0276854038238525,1.3037338256835938,0.0914757177233696,136.7608710681416,154.33184027831774,172.6036696650759,13.403187267761478,10.685630568468852,2.425099918839128,0.41235414352687394,161.8965774893648,154.4282167414422,147.74634987480653,data/tiles/train/H493/H493__Motorola_Edge_H493_02__x55_y15__t256.png
7.993937015533447,5.964237213134766,4.407303810119629,2.3990581035614014,1.2336446046829224,0.09467724710702896,123.29567179047058,146.1010947629849,170.44407295338314,17.50513592574041,14.527092329558638,2.227139409743142,0.44900646794954385,153.8205436053276,146.17393071260963,139.93752704556414,data/tiles/train/H493/H493__Motorola_Edge_H493_02__x311_y15__t256.png
7.667938232421875,5.829567909240723,4.43009090423584,2.4029316902160645,1.2592395544052124,0.09357710927724838,119.05846325775697,140.77611249091515,165.01612973773044,17.1590472841923,13.998906010047286,2.282416268205184,0.4381321733157671,148.5464714825424,140.98926154183147,135.29554409800812,data/tiles/train/H493/H493__Motorola_Edge_H493_02__x567_y15__t256.png
8.0598726272583,6.037023544311523,4.604071617126465,2.531980514526367,1.2878493070602417,0.09286853671073914,118.88825156959759,141.5230968985305,166.70291792891396,17.850684797450374,14.587053506164875,2.628739337433109,0.38041048260664456,149.2589496342926,141.8225717027199,136.03750600038373,data/tiles/train/H493/H493__Motorola_Edge_H493_02__x823_y15__t256.png
7.179712295532227,5.244750022888184,3.974780559539795,2.2080013751983643,1.2090542316436768,0.08695539087057114,130.72346618267167,152.20326938680432,173.7958615552843,15.87161010550486,13.000481538845209,2.410196583302993,0.41490391569204504,159.29990722435053,151.87542250230393,146.04805587803455,data/tiles/train/H493/H493__Motorola_Edge_H493_02__x1079_y15__t256.png
6.4568634033203125,4.765085697174072,3.579530715942383,2.088801860809326,1.2310609817504883,0.08576205372810364,135.62419924432106,154.44652258856055,174.57583815346277,14.536708468033027,11.670993321165463,2.3132196100104605,0.4322979087988442,161.79044960577897,154.59724580474165,148.5017935053113,data/tiles/train/H493/H493__Motorola_Edge_H493_02__x55_y271__t256.png
7.925026893615723,5.694986820220947,4.107967376708984,2.237154245376587,1.1970386505126953,0.09345995634794235,123.55376253436907,144.88187681034015,168.55978894530548,16.65356395421816,14.328243201828554,2.6697811643105323,0.37456253470057305,152.62937613088386,145.132450417511,139.022490856989,data/tiles/train/H493/H493__Motorola_Edge_H493_02__x311_y271__t256.png
8.108308792114258,5.942112445831299,4.496657371520996,2.491865873336792,1.2681834697723389,0.09743998944759369,116.62712598352685,138.05064260676605,163.66505715982078,17.635879803992857,14.661218686734049,2.491141353054113,0.4014224238114833,146.4857184609884,138.74197137955412,132.9049956699698,data/tiles/train/H493/H493__Motorola_Edge_H493_02__x567_y271__t256.png
8.063039779663086,5.909951210021973,4.363473892211914,2.3438503742218018,1.2727171182632446,0.09472131729125977,118.45001424841625,140.6754689016637,165.18368828123678,17.402308293551823,14.488585095463012,2.267800800877425,0.44095583686763595,148.43341578302068,140.9772521733649,135.0324654325391,data/tiles/train/H493/H493__Motorola_Edge_H493_02__x823_y271__t256.png
7.9224958419799805,5.864887237548828,4.417348384857178,2.433166265487671,1.3793680667877197,0.08543430268764496,125.48504214202346,149.17787476420713,174.14751920246044,17.976014913252566,14.260734786052964,2.580390923967958,0.3875381790842237,156.43271327912373,149.04712173493022,143.64321216042728,data/tiles/train/H493/H493__Motorola_Edge_H493_02__x1079_y271__t256.png
6.548762798309326,4.54970121383667,3.3854451179504395,2.0331497192382812,1.2214467525482178,0.07865483313798904,152.36722030947286,171.4408655736132,189.04273748842945,13.706115345393945,11.590303473886754,2.449848475929536,0.4081885103610639,178.20161981547406,170.73525097244132,164.73691674327947,data/tiles/train/H493/H493__Motorola_Edge_H493_03__x129_y14__t256.png
8.663236618041992,5.975045680999756,4.457727909088135,2.612236261367798,1.3764934539794922,0.09044915437698364,132.74495314735506,158.23907472060276,181.98467872953242,18.353742876538032,15.313042787092545,2.1988238311555293,0.45478859462537224,165.38981632445825,157.59642322234004,151.09873995252252,data/tiles/train/H493/H493__Motorola_Edge_H493_03__x385_y14__t256.png
8.607612609863281,5.951204299926758,4.374378681182861,2.4320459365844727,1.2412716150283813,0.096763476729393,129.32542496622588,154.48299229225697,177.56547589829142,17.964919859188498,15.225741344100243,2.5716554502252618,0.38885457999920087,161.88294437934647,153.8262593515869,146.9601212003623,data/tiles/train/H493/H493__Motorola_Edge_H493_03__x641_y14__t256.png
8.589056968688965,5.959014892578125,4.417202949523926,2.5416271686553955,1.2819656133651733,0.09547342360019684,130.00214399922456,155.23618671975973,178.90939773091864,18.076570537526038,15.214725761839915,2.306769263525058,0.4335067298720045,162.65030185228937,154.55060155652833,147.85216545166992,data/tiles/train/H493/H493__Motorola_Edge_H493_03__x897_y14__t256.png
7.602315425872803,5.3391618728637695,3.9276278018951416,2.2705183029174805,1.242097020149231,0.08848096430301666,142.65332996914188,166.10412455910355,186.60219755022737,16.297177366977692,13.49589577909571,2.457995077540548,0.4068356398014404,172.97428167178563,165.19068147996887,158.33100366449256,data/tiles/train/H493/H493__Motorola_Edge_H493_03__x1153_y14__t256.png
7.245172023773193,5.048486709594727,3.701539993286133,2.0970447063446045,1.1950979232788086,0.09010818600654602,140.55900122094047,160.83450187205918,180.5860934709243,14.959277724194349,12.919147884581713,2.377889148297214,0.42054105033285144,168.33689373072423,160.53162604027415,153.83863694856947,data/tiles/train/H493/H493__Motorola_Edge_H493_03__x129_y270__t256.png
10.07852840423584,7.0358991622924805,5.149505138397217,2.68060302734375,1.230638027191162,0.1054631769657135,114.58009683584082,140.63664431961044,170.25092727740233,20.646761564494707,17.933581252091116,2.2303888413632316,0.4483523148317008,149.45513892190328,141.3464968469089,134.50385727909097,data/tiles/train/H493/H493__Motorola_Edge_H493_03__x385_y270__t256.png
9.824064254760742,7.156412124633789,5.378471851348877,3.0470359325408936,1.5089161396026611,0.10958458483219147,108.95622436121629,135.17664918045423,165.6287071902386,21.099031035924774,17.62394350484619,2.441616646448333,0.4095647043751268,144.34423413142338,135.9132563682169,129.38122498907484,data/tiles/train/H493/H493__Motorola_Edge_H493_03__x641_y270__t256.png
9.821763038635254,6.739318370819092,4.904752731323242,2.6398966312408447,1.1887120008468628,0.10720951110124588,113.79906856548907,138.750978118063,167.34084098980162,19.916069846053265,17.358768287380645,2.566408372200687,0.3896496016892678,147.7115788109772,139.41595931023622,132.7082726301562,data/tiles/train/H493/H493__Motorola_Edge_H493_03__x897_y270__t256.png
8.88667106628418,6.053743839263916,4.374371528625488,2.4211783409118652,1.2105177640914917,0.09728784114122391,127.32708404527024,151.56507500985546,176.54733229816188,18.19179553310693,15.742131451442265,2.4378942662735312,0.4101900619047603,159.48775305398283,151.6171370086406,144.70634541540983,data/tiles/train/H493/H493__Motorola_Edge_H493_03__x1153_y270__t256.png
3.166321277618408,3.0755701065063477,2.8154757022857666,2.0159101486206055,1.4875510931015015,0.18735487759113312,167.39356085194416,180.45137457482448,194.0357289028516,10.115654218113317,5.984834127846769,2.2509571857586956,0.4442554511150977,196.47636327341343,183.27136588125472,162.60569515238723,data/tiles/train/H493/H493__Samsung_A52_H493_01__x95_y210__t256.png
4.209318161010742,3.931643486022949,3.526524066925049,2.230532169342041,1.3949650526046753,0.20085421204566956,151.358679099263,167.06681234007968,183.6332016209924,12.217534444886798,7.84024875984648,2.5779184406217457,0.38790986721783904,183.13767844968925,169.8214799656334,149.49750135111594,data/tiles/train/H493/H493__Samsung_A52_H493_01__x351_y210__t256.png
4.9141716957092285,4.207045555114746,3.5127358436584473,2.203681707382202,1.2200889587402344,0.2174849957227707,143.3716285102075,158.88726994251695,175.32480504837176,12.209585449315414,9.02722019885873,2.458585263964129,0.4067379784045554,175.41014266013218,161.89924131957622,140.75301639590523,data/tiles/train/H493/H493__Samsung_A52_H493_01__x607_y210__t256.png
4.934152603149414,4.236855983734131,3.564405679702759,2.127535581588745,1.2646311521530151,0.23186397552490234,141.98984153832566,157.86963863422216,175.39008839072957,12.725962459040087,9.072399078646258,2.387759910446176,0.41880257542859084,175.63808784082372,161.1839232060218,138.8726090825029,data/tiles/train/H493/H493__Samsung_A52_H493_01__x863_y210__t256.png
4.256840705871582,3.8226113319396973,3.2936947345733643,2.073413133621216,1.3637125492095947,0.21378645300865173,156.12065131859313,172.61995337942653,189.41834074155986,12.537242055668377,7.97475454018204,2.514603074002864,0.3976770768867918,189.92837747772361,175.705452184446,152.97144857991313,data/tiles/train/H493/H493__Samsung_A52_H493_01__x1119_y210__t256.png
3.7415671348571777,3.570075273513794,3.126739978790283,2.017871141433716,1.2199256420135498,0.21146149933338165,155.59734006607457,168.95857506473033,183.12696484992702,10.513411277286853,7.0679847341630495,2.291178683922267,0.43645657452089276,185.97164704937992,172.06888930405063,150.15068326084517,data/tiles/train/H493/H493__Samsung_A52_H493_01__x95_y466__t256.png
5.962887287139893,5.096500873565674,4.230970859527588,2.407686948776245,1.4702682495117188,0.23998787999153137,128.39015922694065,146.7017702903888,168.48026863475977,15.12106764276097,11.125938681126344,2.530045311056121,0.39524983826576937,164.3884946016579,150.25431661978362,128.90635368205167,data/tiles/train/H493/H493__Samsung_A52_H493_01__x351_y466__t256.png
6.898865699768066,5.272670269012451,4.167348861694336,2.332968235015869,1.3647279739379883,0.2582242786884308,117.81044096704312,136.3469073374174,158.89669072806834,15.656905061394063,12.422795481205553,2.4683113073875167,0.40513528297952384,154.34942537843594,139.76436935076413,118.80734083485592,data/tiles/train/H493/H493__Samsung_A52_H493_01__x607_y466__t256.png
6.53852653503418,5.160104274749756,4.101768970489502,2.3257405757904053,1.1968823671340942,0.25796011090278625,123.4337448150123,141.57557115116686,163.50759578871384,15.225614197649758,11.982495912344367,2.262697595364844,0.44195035255639503,160.07114441331257,145.24115607362404,123.2228222314432,data/tiles/train/H493/H493__Samsung_A52_H493_01__x863_y466__t256.png
5.840657711029053,4.691110134124756,3.718926429748535,2.195807456970215,1.311946988105774,0.2311452031135559,140.77118582768477,158.88884256056508,179.38458915241836,14.43428430783724,10.74708235888511,2.565779474650122,0.3897451086034443,176.87952953384425,162.25377725347676,139.9657501138556,data/tiles/train/H493/H493__Samsung_A52_H493_01__x1119_y466__t256.png
3.6417272090911865,3.2881274223327637,2.8702828884124756,1.8225514888763428,1.1783665418624878,0.20807534456253052,160.968269306323,174.09556145712747,188.35543831642022,10.392370231295793,6.900492447966329,2.465953160319427,0.4055227066318101,191.34960424754925,177.424043415513,155.02008235514265,data/tiles/train/H493/H493__Samsung_A52_H493_01__x95_y722__t256.png
5.102356433868408,4.316389083862305,3.5840582847595215,2.2535240650177,1.4852350950241089,0.22207802534103394,142.573830387671,159.8042562534971,177.9218456610379,13.319906742429483,9.458230502340534,2.484204824738724,0.40254329676908784,176.93177962655852,162.39189961720155,141.3494665578834,data/tiles/train/H493/H493__Samsung_A52_H493_01__x351_y722__t256.png
5.843326091766357,4.613261699676514,3.765413284301758,2.359623908996582,1.764294981956482,0.23947960138320923,129.42574758797045,149.15838215482464,169.43734690105057,14.945325536298146,10.524422620902136,2.593834200775568,0.38552965324498983,166.31028049523707,151.68278031777,130.50799617123164,data/tiles/train/H493/H493__Samsung_A52_H493_01__x607_y722__t256.png
5.599171161651611,4.583404064178467,3.7445642948150635,2.236142158508301,1.4389374256134033,0.23968401551246643,133.84871844402008,152.20316210645166,172.4646943762995,14.56216704852803,10.239705142784192,2.4346607066933754,0.41073484993239406,170.04124350172745,155.24057706500167,133.39538117448748,data/tiles/train/H493/H493__Samsung_A52_H493_01__x863_y722__t256.png
5.1716156005859375,4.215341091156006,3.473188877105713,2.1110308170318604,1.3595050573349,0.21211877465248108,148.9669182549505,166.96444725557978,185.1107873898534,13.507261986072008,9.483371379887638,2.3830157780050083,0.41963633192440336,183.7877942057662,169.47017989922415,148.32289087670432,data/tiles/train/H493/H493__Samsung_A52_H493_01__x1119_y722__t256.png
3.022351026535034,2.999432325363159,2.8889284133911133,2.000293254852295,1.2828364372253418,0.13522228598594666,168.5382443742391,181.12775322557275,194.707057917036,9.834841910652253,5.622857375562962,2.3631015179808887,0.42317267895220717,193.05696508092413,183.1667606659611,168.5051011490238,data/tiles/train/H493/H493__Samsung_A52_H493_02__x96_y219__t256.png
3.994075298309326,3.8297643661499023,3.5915515422821045,2.3524789810180664,1.3017762899398804,0.1531398594379425,151.12648856795366,166.6809750547326,182.6506749232602,11.953133451725538,7.535213604846865,2.3058317638948655,0.4336829840139174,178.90903013263272,168.70989446257144,153.33703595673086,data/tiles/train/H493/H493__Samsung_A52_H493_02__x352_y219__t256.png
4.909633159637451,4.157961845397949,3.5301434993743896,2.211761474609375,1.2024098634719849,0.17607341706752777,140.96075227485542,156.58220722063527,174.13149102639946,12.588270250492053,9.008365641922136,2.418247193325007,0.413522655070276,170.2269519665679,159.34866104377323,142.5191835559672,data/tiles/train/H493/H493__Samsung_A52_H493_02__x608_y219__t256.png
5.076662540435791,4.298394680023193,3.719639539718628,2.326960563659668,1.246035099029541,0.1721680909395218,141.69336237840093,158.3641819410439,176.99674639809734,13.298034112916463,9.338581396056602,2.19011978485646,0.4565960304612014,171.80055726392422,160.91686945728694,144.41806474350986,data/tiles/train/H493/H493__Samsung_A52_H493_02__x864_y219__t256.png
4.451973915100098,3.9191694259643555,3.3958773612976074,2.1914939880371094,1.2962665557861328,0.15174782276153564,154.97306355582714,172.06802119614827,190.018198504306,13.10659329989724,8.233993236672951,2.5439846099882137,0.3930841389817342,184.53996039217543,174.48871014496572,158.3686540837127,data/tiles/train/H493/H493__Samsung_A52_H493_02__x1120_y219__t256.png
3.482234001159668,3.435051202774048,3.2215118408203125,2.1003055572509766,1.2315864562988281,0.15501585602760315,157.70737413679058,170.84802904982897,185.01736984038394,10.398872852521214,6.622729241228662,2.3290657730643773,0.42935670240187723,183.68422799092482,173.09467805977124,157.129575844285,data/tiles/train/H493/H493__Samsung_A52_H493_02__x96_y475__t256.png
5.90885066986084,5.080275535583496,4.346493244171143,2.5546109676361084,1.3087373971939087,0.18212467432022095,127.19761744692649,145.57208131103266,167.4931955638842,15.235344618772888,11.050587334105161,2.7159040840842366,0.3682015156058744,159.20951482636133,148.40743354187265,132.4914215094063,data/tiles/train/H493/H493__Samsung_A52_H493_02__x352_y475__t256.png
6.940465450286865,5.599102973937988,4.662349700927734,2.7518043518066406,1.4090420007705688,0.19718438386917114,115.7027367492834,135.10683002172564,159.66684144449786,16.79389789004721,12.621373980730176,2.4106026966304324,0.4148340169857983,149.45870260418675,138.32512927293433,122.49234473496777,data/tiles/train/H493/H493__Samsung_A52_H493_02__x608_y475__t256.png
6.511941432952881,5.123425483703613,4.142460823059082,2.391087055206299,1.1001992225646973,0.1913234293460846,122.37985329741205,140.33627006638622,162.6998649759881,15.28950296848479,11.792295995883926,2.492487484778979,0.4012056253468711,154.4797795668088,143.40345389353067,127.36013209407645,data/tiles/train/H493/H493__Samsung_A52_H493_02__x864_y475__t256.png
5.726665496826172,4.62203311920166,3.75976824760437,2.1778724193573,1.1635866165161133,0.16763854026794434,139.02160858918052,157.5955929418529,177.9237018094916,14.574861796730145,10.485296061839719,2.632855777886471,0.37981571508742173,170.7388092155107,159.91441600803492,144.20403543811702,data/tiles/train/H493/H493__Samsung_A52_H493_02__x1120_y475__t256.png
3.401883840560913,3.218247652053833,2.92913818359375,1.9430402517318726,1.087694764137268,0.15031032264232635,162.23674247422196,175.10896309089443,189.01807528088725,10.06941169036008,6.571956661992075,2.320587803674622,0.4309253019500113,187.82123388344067,177.3821279388156,161.4348739537819,data/tiles/train/H493/H493__Samsung_A52_H493_02__x96_y731__t256.png
5.064814567565918,4.402607440948486,3.8600013256073,2.3697330951690674,1.282066822052002,0.16422881186008453,140.43398132336074,158.1416277155632,177.6887210259113,14.028548548759643,9.482133575334888,2.187766707368287,0.4570871275406335,171.19684215523264,160.11119525760907,145.11599000458628,data/tiles/train/H493/H493__Samsung_A52_H493_02__x352_y731__t256.png
5.6055169105529785,4.625516891479492,3.9232702255249023,2.392958402633667,1.306736946105957,0.1795189082622528,128.5626273717913,147.79730532817413,168.8364610862927,15.111874253297652,10.272518694023844,2.4981848700271794,0.4002906318094547,161.13505829418932,149.9340981289392,134.47424251312003,data/tiles/train/H493/H493__Samsung_A52_H493_02__x608_y731__t256.png
5.835808277130127,4.773473262786865,3.944129705429077,2.323002338409424,1.2191988229751587,0.1746698021888733,131.1321701606938,149.42787295269807,170.78822937994178,14.987273260096252,10.71295281508857,2.2872187674385653,0.4372122222133961,162.95055191016075,151.8018506377897,136.6674159242165,data/tiles/train/H493/H493__Samsung_A52_H493_02__x864_y731__t256.png
5.076171398162842,4.17819881439209,3.513465642929077,2.1895833015441895,1.2526696920394897,0.15076501667499542,147.7307929506295,164.96989127701303,183.26381549650628,13.351708551344423,9.403937181403528,2.3681637980478167,0.42226808839166646,177.33043673463143,166.6099360845586,152.38747678834252,data/tiles/train/H493/H493__Samsung_A52_H493_02__x1120_y731__t256.png
10.044418334960938,7.941349029541016,8.407251358032227,7.394679069519043,5.488876819610596,0.1058950200676918,100.3290314727859,145.5069727795278,185.36764084090558,30.917447546654564,16.792074348917772,2.6681473684936385,0.37479189186037054,151.76586362483073,144.67721100464814,136.70245491521362,data/tiles/train/H516/H516__Motorola_Edge_H516_01__x40_y17__t256.png
12.16174030303955,9.344637870788574,9.909893035888672,9.311949729919434,6.74075174331665,0.08710633218288422,86.71007189803466,138.7036529577713,186.80814927517358,36.65501766382939,20.07446394040208,2.1734964193609327,0.46008817456162515,144.36923749428226,138.04438269525662,132.57669230751753,data/tiles/train/H516/H516__Motorola_Edge_H516_01__x296_y17__t256.png
12.603671073913574,9.93839168548584,10.554476737976074,9.76185131072998,6.6121649742126465,0.08322952687740326,74.92544951739676,129.12327652748704,180.4803918174783,38.6434065670852,20.630487430692956,2.8300071081980254,0.35335600292422537,134.3126179831843,128.3742509016934,123.99099235793832,data/tiles/train/H516/H516__Motorola_Edge_H516_01__x552_y17__t256.png
12.554800033569336,9.98613166809082,10.813139915466309,10.298851013183594,7.708059787750244,0.07809356600046158,73.71970461723858,130.1504661692678,183.358442583062,40.192917010468186,20.265664757916298,2.3862786826186975,0.41906253753337896,134.86823920453585,129.38876829926696,125.66882824753871,data/tiles/train/H516/H516__Motorola_Edge_H516_01__x808_y17__t256.png
11.52611255645752,9.049946784973145,9.38224983215332,8.417956352233887,6.607290267944336,0.07960072159767151,92.82354146215023,143.27579653088702,188.0645577606559,34.85022733712996,19.193228489332878,2.5146592939084558,0.3976681860729258,147.91939496833072,141.89296377076755,136.94575373155982,data/tiles/train/H516/H516__Motorola_Edge_H516_01__x1064_y17__t256.png
10.381068229675293,8.263954162597656,8.775482177734375,7.978417873382568,5.626788139343262,0.1013156995177269,98.4677162353584,145.9613344737348,187.0219556985775,32.37786650631027,17.483369507410956,2.5097730315679074,0.39844240392338554,151.5477741643242,144.48810727469302,137.16331880351404,data/tiles/train/H516/H516__Motorola_Edge_H516_01__x40_y273__t256.png
12.417245864868164,9.723341941833496,10.31863021850586,9.518710136413574,6.391047954559326,0.09087814390659332,78.5244444278669,131.52046150794,180.7430247314774,37.38739841741115,20.637537990379773,2.4536528234493167,0.4075556209269295,136.94072566189547,130.59251731472122,125.33565242814757,data/tiles/train/H516/H516__Motorola_Edge_H516_01__x296_y273__t256.png
12.507282257080078,9.793068885803223,10.192814826965332,9.331332206726074,7.366849422454834,0.09136248379945755,76.56080088588338,127.54404394970163,181.40448926962486,38.35655344540866,20.75748299226613,2.5806883592743,0.38749351366129464,134.58322251997964,127.91151704204276,123.1472596820418,data/tiles/train/H516/H516__Motorola_Edge_H516_01__x552_y273__t256.png
12.575112342834473,9.843182563781738,10.590880393981934,9.952457427978516,6.984276294708252,0.08921471983194351,72.01472786418293,127.40960071531663,177.1203940843624,38.66227441975088,20.42437197433568,2.376448906952048,0.4207959182604796,131.9599535896717,125.71917713659677,121.22957526106592,data/tiles/train/H516/H516__Motorola_Edge_H516_01__x808_y273__t256.png
12.29185676574707,9.509090423583984,9.965747833251953,8.87477970123291,6.429858684539795,0.0704268291592598,83.31420294025038,134.80997997499819,184.349784148373,36.65487459677422,20.321356926601442,2.2478909909309404,0.4448614296843018,139.19944561437626,134.10935659515224,130.17626751182118,data/tiles/train/H516/H516__Motorola_Edge_H516_01__x1064_y273__t256.png
8.333727836608887,6.745688438415527,7.0466437339782715,6.36191987991333,4.390652656555176,0.08050913363695145,112.00874757478375,146.8350926966155,182.08490028275438,25.766125323300315,14.364688026985265,2.530425188835243,0.39519050174342474,152.8299157262916,147.7034688898591,141.2281796122287,data/tiles/train/H516/H516__Motorola_Edge_H516_02__x41_y16__t256.png
10.460030555725098,8.476762771606445,9.267305374145508,8.865373611450195,6.962553024291992,0.07414285838603973,89.43093262709245,137.1740434140382,183.76473747324272,34.40358062116428,17.232316742518048,2.3411746411902215,0.4271360121565359,142.14206172052317,137.3280599276664,132.1825887656194,data/tiles/train/H516/H516__Motorola_Edge_H516_02__x297_y16__t256.png
10.566027641296387,8.126873016357422,8.570769309997559,7.719454288482666,5.75809383392334,0.07253746688365936,92.05359846792571,135.60009251251827,178.7536351673613,31.652809505703765,17.407334447235346,2.461578557493666,0.4062433827089319,140.7701669754521,135.88903943513208,131.14247647657453,data/tiles/train/H516/H516__Motorola_Edge_H516_02__x553_y16__t256.png
10.849578857421875,8.5967435836792,9.510643005371094,9.257314682006836,6.646562099456787,0.06728724390268326,85.12333108919236,135.80870104461243,181.9058273245818,35.307611258557245,17.639893907558044,2.3658165517121903,0.42268704193327217,139.33045415897706,135.12087523946184,130.67175098188727,data/tiles/train/H516/H516__Motorola_Edge_H516_02__x809_y16__t256.png
9.541321754455566,7.873139381408691,8.9224271774292,8.344308853149414,6.304874420166016,0.06923208385705948,96.76862783518861,143.29845900916038,184.13364604748168,32.11507081868837,15.98507389006479,2.7195544659496216,0.36770728901390737,147.01175537553536,142.4559223081475,137.41134976277814,data/tiles/train/H516/H516__Motorola_Edge_H516_02__x1065_y16__t256.png
8.480775833129883,7.047996997833252,7.575318336486816,6.793390274047852,5.363645076751709,0.06887779384851456,111.18387958865458,148.6000977514407,186.6097554215556,27.72176214109642,14.647082743854645,2.188182682498254,0.45700023494304287,153.77128423975856,149.5058173565155,143.68848313824023,data/tiles/train/H516/H516__Motorola_Edge_H516_02__x41_y272__t256.png
11.12163257598877,9.075471878051758,9.810412406921387,9.25391960144043,7.072299003601074,0.07650147378444672,77.9599178893729,124.04724927724048,177.0183247251476,36.29969844746577,18.520540102451523,2.3789385588472545,0.42035553893605515,130.6780465672751,126.05100738463058,121.52891027499736,data/tiles/train/H516/H516__Motorola_Edge_H516_02__x297_y272__t256.png
12.365327835083008,9.560774803161621,9.949993133544922,8.878806114196777,6.580249309539795,0.07503659278154373,79.0185871861059,128.45857473609564,178.54030146963626,36.61881911066236,20.204203864826013,2.6355102888645994,0.3794331610941305,134.0252625288961,129.0740242077409,124.4821493350269,data/tiles/train/H516/H516__Motorola_Edge_H516_02__x553_y272__t256.png
11.630223274230957,8.95305347442627,9.41678237915039,8.645994186401367,6.200325012207031,0.07749547064304352,78.39552154179363,128.29650267490013,174.30774413209164,34.876429423181285,18.608676853477164,2.5336036937521724,0.3946947198040422,132.33772746793605,127.44929596780007,122.64404951424181,data/tiles/train/H516/H516__Motorola_Edge_H516_02__x809_y272__t256.png
10.87232780456543,8.616704940795898,9.209668159484863,8.588132858276367,6.265480041503906,0.06807071715593338,88.36074586827522,135.85135560266164,181.5990794353364,34.04376796078668,17.97980578728383,2.47503054963597,0.4040354169151896,140.35574554761777,135.84506580604028,131.37058427949898,data/tiles/train/H516/H516__Motorola_Edge_H516_02__x1065_y272__t256.png
9.764945030212402,7.647143840789795,8.201554298400879,7.762275695800781,5.8926239013671875,0.08607518672943115,97.58517810148355,141.16149888183386,181.4981317625004,30.837204592339358,16.250506767602594,2.4937283744384815,0.4010059837512064,146.8526082730694,140.3288708458137,135.12315492989399,data/tiles/train/H516/H516__Motorola_Edge_H516_03__x40_y18__t256.png
11.199952125549316,9.105592727661133,9.870566368103027,9.56204605102539,7.459136962890625,0.0677204504609108,77.87581569339811,131.7686578785895,180.24143411813142,37.40662444091168,18.08546764518164,2.4437853444870203,0.4092012427588692,135.09190514407481,129.88470845859868,126.66418274868892,data/tiles/train/H516/H516__Motorola_Edge_H516_03__x296_y18__t256.png
10.561460494995117,8.385642051696777,8.964982032775879,8.322099685668945,6.78670597076416,0.068511463701725,85.99522137416494,134.76720044690762,179.30053728376708,33.910094275603946,17.215565333578787,2.5438982494189193,0.39309748345022105,138.78901768683758,133.2492603340873,130.18200842793863,data/tiles/train/H516/H516__Motorola_Edge_H516_03__x552_y18__t256.png
11.283080101013184,9.055248260498047,9.819872856140137,9.085990905761719,6.659958362579346,0.07459142804145813,80.069685543925,131.89735448302358,178.08747130623132,35.913783364501924,18.456988647818307,2.452860129868397,0.40768733113765143,135.70928615244134,130.00975311113777,126.37856304377702,data/tiles/train/H516/H516__Motorola_Edge_H516_03__x808_y18__t256.png
10.072685241699219,8.167625427246094,8.95970344543457,8.459456443786621,6.233397006988525,0.07212993502616882,94.54747876410102,142.4085839735063,184.51026138013086,32.98303703523781,16.658076505395556,2.488770540273828,0.4018048204194729,146.68642434398689,140.72978895780548,136.8579222835074,data/tiles/train/H516/H516__Motorola_Edge_H516_03__x1064_y18__t256.png
10.060285568237305,7.703037738800049,7.771090030670166,6.510541915893555,4.250038146972656,0.07997141033411026,107.54635657393437,147.51961900426787,183.01607847945078,27.882346898290653,17.12946126829514,2.3925552772594956,0.4179631749806132,152.7936080333077,146.29238161321376,141.37513434336137,data/tiles/train/H516/H516__Motorola_Edge_H516_03__x40_y274__t256.png
11.157981872558594,9.093976974487305,9.929756164550781,9.349849700927734,6.598445415496826,0.07414814084768295,76.83148674677774,128.7236120206093,176.69231354620183,36.51003333863883,18.456933079075007,2.6682135454815925,0.37478259627810545,132.62680136222875,127.13725595516358,123.91907955160603,data/tiles/train/H516/H516__Motorola_Edge_H516_03__x296_y274__t256.png
11.931130409240723,9.691293716430664,10.973836898803711,10.411974906921387,7.784001350402832,0.06535355746746063,65.83298314673017,122.21309527863394,174.83478569419256,39.937925369189664,19.111139190599925,2.330877378176098,0.4290229976758777,125.38331410863279,120.51783982139881,118.09134007453058,data/tiles/train/H516/H516__Motorola_Edge_H516_03__x552_y274__t256.png
11.544615745544434,9.15675163269043,9.671780586242676,8.610602378845215,6.00082540512085,0.08058612048625946,78.14784228706007,128.81559510314074,174.0228977735959,34.95808017428576,18.921636159676503,2.072510427130299,0.4825066194647087,132.83805775284947,126.66555856655131,122.84561561426057,data/tiles/train/H516/H516__Motorola_Edge_H516_03__x808_y274__t256.png
10.535635948181152,8.61933708190918,9.363663673400879,8.769975662231445,6.685873031616211,0.06685745716094971,86.48030900211414,135.19207936053394,180.99639403545473,34.76028938598269,17.509682736453296,2.2503934504329592,0.4443667394284352,139.7068303533368,134.28771490009066,131.20902229273355,data/tiles/train/H516/H516__Motorola_Edge_H516_03__x1064_y274__t256.png
6.886377334594727,6.483482360839844,7.742956161499023,7.3600239753723145,5.475436687469482,0.11867181211709976,139.34385775557823,176.8492024840331,214.63445925895758,27.69102534178475,12.422638858989348,2.1742080212185697,0.4599375911783887,187.75348841760967,177.28915828557092,166.75395210629733,data/tiles/train/H516/H516__Samsung_A52_H516_01__x84_y216__t256.png
7.100131034851074,6.791294574737549,8.066278457641602,7.601785182952881,5.534917831420898,0.12109539657831192,123.20024439655738,160.20914668980092,199.73506447027194,28.174444688953557,13.057582599183354,2.427850944126593,0.41188690039608045,170.52046349619235,161.1618552894477,151.282076401672,data/tiles/train/H516/H516__Samsung_A52_H516_01__x340_y216__t256.png
8.063424110412598,7.31431245803833,8.107110977172852,7.475376605987549,5.367870330810547,0.1378626823425293,116.26484995934231,154.1595989118675,194.81853329100545,28.727614584264508,14.608804420419391,2.4618286986534015,0.406202105185869,165.4371413479564,155.39748358708462,144.20669383219624,data/tiles/train/H516/H516__Samsung_A52_H516_01__x596_y216__t256.png
8.406986236572266,7.603858947753906,8.815321922302246,7.874997138977051,5.532471656799316,0.14017555117607117,114.4223902077171,152.84597434932016,198.32398609132346,30.69903174519317,14.96217615495072,2.5024209551861727,0.3996130219128552,165.35299267937572,155.00332573365807,143.77193301009927,data/tiles/train/H516/H516__Samsung_A52_H516_01__x852_y216__t256.png
8.023294448852539,7.103262424468994,8.32583236694336,8.22438907623291,6.119622707366943,0.1323837786912918,127.73541935663089,170.45939567543442,210.92905138076298,30.368962774888875,13.987067225652194,2.617490146228452,0.3820453732904792,181.080909993279,170.57243291405402,158.64465156459153,data/tiles/train/H516/H516__Samsung_A52_H516_01__x1108_y216__t256.png
7.6194281578063965,7.237303733825684,8.6895170211792,8.090219497680664,5.834687232971191,0.12776224315166473,123.33449618264989,160.37226728076152,205.65489385980325,30.144957194787146,13.922720434028118,2.261825752646865,0.4421207066148956,173.0964441266231,162.95168324040097,152.31753126553136,data/tiles/train/H516/H516__Samsung_A52_H516_01__x84_y472__t256.png
9.270822525024414,8.216553688049316,9.411035537719727,9.266718864440918,7.042535781860352,0.13600869476795197,97.73120970277061,142.61343055610755,191.40531677084513,34.078175159013156,16.089306148137464,2.500248157804158,0.39996029869221045,153.14413589699743,143.6913573820171,133.73509624073773,data/tiles/train/H516/H516__Samsung_A52_H516_01__x340_y472__t256.png
10.369854927062988,8.819518089294434,9.8768892288208,9.499115943908691,6.892794609069824,0.14673404395580292,85.66668520953927,128.01808013697487,183.34823016361761,35.70718600285424,17.55439496462817,2.6307920378732343,0.3801136637194678,141.4193384390251,131.70486914155842,122.16069664224092,data/tiles/train/H516/H516__Samsung_A52_H516_01__x596_y472__t256.png
9.987186431884766,8.433812141418457,9.436630249023438,8.854598999023438,6.753002166748047,0.14235763251781464,95.86435115899242,138.17625289265763,189.8201003925491,34.40439499038859,17.09767495918543,2.5985916473590556,0.3848238337163511,150.96272672515929,140.85166212409248,130.9544599897852,data/tiles/train/H516/H516__Samsung_A52_H516_01__x852_y472__t256.png
9.81313419342041,8.486851692199707,9.6749849319458,9.235980033874512,6.676469326019287,0.13159367442131042,102.24233361399956,149.03844138233853,200.76505595318713,35.81709969793111,16.870600631311245,2.2003716612606516,0.4544686779991855,160.21040248593366,150.3293201241696,140.75993336028586,data/tiles/train/H516/H516__Samsung_A52_H516_01__x1108_y472__t256.png
6.88596773147583,6.413681983947754,7.373954772949219,6.578522682189941,5.013373374938965,0.13332797586917877,137.86130488942263,172.44985440245944,207.6089404791585,25.82981276171145,12.60403984451743,2.7255388364020314,0.36689992695906487,184.0620459820967,173.21789381076613,161.08506412133724,data/tiles/train/H516/H516__Samsung_A52_H516_01__x84_y728__t256.png
8.937548637390137,8.060239791870117,9.323171615600586,8.982276916503906,7.080713748931885,0.12605473399162292,107.02411859765347,153.18569957737773,201.6851248211382,34.297827091504345,15.433765108687952,2.4218664253786266,0.41290468769088423,163.40131211786203,153.8191526128256,144.20357423680693,data/tiles/train/H516/H516__Samsung_A52_H516_01__x340_y728__t256.png
9.912443161010742,8.484392166137695,9.968605995178223,10.042902946472168,7.646415710449219,0.1244041919708252,91.43331900107567,137.31109118147086,192.12828428999418,36.44793251141086,16.43715291226452,2.3833838596782853,0.41957152472073145,148.66516627777636,139.85863479665812,131.51073252220638,data/tiles/train/H516/H516__Samsung_A52_H516_01__x596_y728__t256.png
9.700453758239746,8.50239086151123,9.774690628051758,9.15613079071045,6.638326644897461,0.12923340499401093,98.50595975485663,143.13860366073018,193.19684900285765,34.866539876504646,16.641136962269517,2.588334225665572,0.3863488687373274,154.31155661283668,144.76304065882718,135.87547724790514,data/tiles/train/H516/H516__Samsung_A52_H516_01__x852_y728__t256.png
9.080707550048828,7.812958240509033,8.81891918182373,8.189276695251465,6.170322418212891,0.12446920573711395,114.51848100155156,157.7856176093877,201.7013671551897,31.83815580795131,15.671595184182541,2.3317718264480383,0.42885842802350377,168.02683518059305,157.7333927622343,148.54242481230295,data/tiles/train/H516/H516__Samsung_A52_H516_01__x1108_y728__t256.png
8.227436065673828,5.701736927032471,4.76591157913208,3.583249568939209,2.179699182510376,0.16391552984714508,127.90310035662712,154.22807260337575,178.92832318964966,18.840798640044905,14.173649193838438,2.610189047137516,0.3831140127940762,166.58888912700252,153.91807425804166,141.35352350763546,data/tiles/train/H549/H549__Motorola_Edge_H549_01__x42_y14__t256.png
9.289445877075195,6.437860488891602,5.413019180297852,3.9160454273223877,2.272907257080078,0.16447174549102783,117.85514648422013,147.5232473746031,175.2292670519324,21.071331796034542,16.113582094013488,2.499899117683797,0.4000161418219622,159.38257886292732,146.82910619131235,135.18356431435308,data/tiles/train/H549/H549__Motorola_Edge_H549_01__x298_y14__t256.png
11.634076118469238,8.253518104553223,7.539146900177002,5.782135963439941,3.573603391647339,0.17246030271053314,93.84573376732897,131.90664436116654,170.97100235872153,28.098257978035353,19.709190191917482,2.6375179680231784,0.37914433650266305,144.23012734312263,131.5254224837799,121.39899372771731,data/tiles/train/H549/H549__Motorola_Edge_H549_01__x554_y14__t256.png
10.909307479858398,7.679833889007568,6.979351997375488,5.313200950622559,3.141753911972046,0.17144101858139038,100.42547235245236,135.33948750874194,171.67812864040215,26.01422905022909,18.620531433113676,2.5789611442209726,0.387753030804995,147.92906890974098,135.11889048994325,124.63141521826236,data/tiles/train/H549/H549__Motorola_Edge_H549_01__x810_y14__t256.png
8.947993278503418,6.566238880157471,5.734435081481934,3.9996469020843506,2.363478183746338,0.15773212909698486,118.35074626284116,149.63756524584952,176.94920140914144,21.52014125604772,15.536741606277435,2.5645722825494497,0.389928568909704,160.75992449650144,148.33162103643605,137.29033637136965,data/tiles/train/H549/H549__Motorola_Edge_H549_01__x1066_y14__t256.png
8.43967342376709,6.0006842613220215,5.2563300132751465,3.8683462142944336,2.362589120864868,0.160941019654274,127.88402385066514,157.2534517081211,183.88542506258946,20.53600225892698,14.659894430092107,2.5542919751322635,0.3914979218255654,169.26099028332328,156.8126632685501,144.0407582519996,data/tiles/train/H549/H549__Motorola_Edge_H549_01__x42_y270__t256.png
10.378561973571777,7.444065093994141,6.783160209655762,4.986293315887451,2.8202953338623047,0.16563117504119873,110.82152768216805,146.1276022582467,179.70327525628218,25.31477351862421,17.954373763455017,2.4444434546079337,0.40909107474543355,158.12066032026135,145.48357418305488,133.9624508837711,data/tiles/train/H549/H549__Motorola_Edge_H549_01__x298_y270__t256.png
11.334301948547363,7.93083381652832,7.073770523071289,5.572585582733154,4.029365062713623,0.16871711611747742,98.14405692547597,138.10962645880778,173.88065833383294,27.73082706911894,19.09045626384559,2.38818934509313,0.4187272680261472,149.17782165700672,136.34242037289215,126.0327876554408,data/tiles/train/H549/H549__Motorola_Edge_H549_01__x554_y270__t256.png
11.540385246276855,7.999244689941406,7.030510425567627,4.933528423309326,2.9362165927886963,0.16544124484062195,101.37345762549212,139.2539913215748,174.2602535234524,26.648212439920464,19.66193072556055,2.2151517572077397,0.4514363391790943,150.59904964165474,137.8955748173459,127.64993050933577,data/tiles/train/H549/H549__Motorola_Edge_H549_01__x810_y270__t256.png
8.693602561950684,6.11038064956665,5.165681838989258,3.6215672492980957,2.171100616455078,0.1523008495569229,125.07519357207553,155.0047808777302,179.84284125856234,20.246929016774153,14.97982957632407,2.440983228316227,0.40967098356091247,165.88126375798493,153.4578378591869,142.43826936065565,data/tiles/train/H549/H549__Motorola_Edge_H549_01__x1066_y270__t256.png
6.915491104125977,4.744029998779297,3.8046152591705322,2.701012372970581,1.602265477180481,0.18915776908397675,109.11366845673142,129.5721314919558,150.62631386264044,15.404745519532769,11.831311877013489,2.1963177294972014,0.455307529766619,141.8214010960979,130.17196480402487,117.27690482630136,data/tiles/train/H549/H549__Motorola_Edge_H549_02__x37_y14__t256.png
8.115866661071777,5.435619831085205,4.43492317199707,2.9320600032806396,1.6979992389678955,0.18933390080928802,101.91225685554502,126.6009169432528,149.1136980394166,17.320125246246647,13.985117077961231,2.686477729290617,0.37223461378332623,138.05246095386514,126.25722969931573,114.1663444714713,data/tiles/train/H549/H549__Motorola_Edge_H549_02__x293_y14__t256.png
9.121115684509277,6.034276962280273,5.1560235023498535,3.6183085441589355,2.1580140590667725,0.1901601254940033,93.93712132889986,121.46319687275604,148.06338297242755,19.777540483548915,15.493337129911623,2.641314926986799,0.3785993066494331,132.9428961525041,120.99950475610211,109.88131150703624,data/tiles/train/H549/H549__Motorola_Edge_H549_02__x549_y14__t256.png
9.680607795715332,6.628312110900879,5.874992847442627,4.29369592666626,2.4829299449920654,0.19342361390590668,87.84363445092156,118.24372054540929,148.68107752206063,22.135692671099,16.541470432153375,2.368435859372902,0.4222195826171848,129.90796658982777,117.98861493498207,107.02459545677019,data/tiles/train/H549/H549__Motorola_Edge_H549_02__x805_y14__t256.png
7.7334089279174805,5.4219183921813965,4.562754154205322,2.975379705429077,1.643195390701294,0.1840544492006302,103.8896099220516,128.794379428768,151.237736894794,17.344818447609136,13.512251881313249,2.7103070160350144,0.3689618903259633,140.09141358429966,128.29386012465585,116.47939259949874,data/tiles/train/H549/H549__Motorola_Edge_H549_02__x1061_y14__t256.png
7.252647876739502,5.0610551834106445,4.501177787780762,3.2991700172424316,1.9368674755096436,0.18286390602588654,106.43952409707964,130.17399739246596,152.978331966201,17.083247167950542,12.418284432595193,2.506952405147066,0.39889070009741034,141.6726492496372,130.4558225589758,117.89868698432387,data/tiles/train/H549/H549__Motorola_Edge_H549_02__x37_y270__t256.png
8.867916107177734,6.031062602996826,5.086254596710205,3.5862858295440674,2.0329532623291016,0.19038279354572296,96.26724990482023,123.98096621552666,149.9207239318197,19.61831014147348,15.270565865306269,2.3865847131138365,0.41900880136589624,135.38570565439306,123.55157382036828,111.85488874867276,data/tiles/train/H549/H549__Motorola_Edge_H549_02__x293_y270__t256.png
9.861215591430664,6.446996212005615,5.435922622680664,3.8450233936309814,2.4189531803131104,0.18890586495399475,88.41123257536259,117.36307010405808,146.7144256131552,21.2339472623691,16.58835636083069,2.708626125728885,0.3691908567598647,128.8029303494739,117.04683446815426,106.60908341646056,data/tiles/train/H549/H549__Motorola_Edge_H549_02__x549_y270__t256.png
10.165328025817871,6.831450462341309,5.929173469543457,4.160707473754883,2.2784640789031982,0.19169384241104126,87.0223417431277,117.79454935065752,148.68769302074273,22.417581815894714,17.26025881830559,2.5358404878407406,0.3943465706123718,129.41064888859282,117.50386077789919,106.80847640691566,data/tiles/train/H549/H549__Motorola_Edge_H549_02__x805_y270__t256.png
7.686570644378662,5.1765336990356445,4.243090629577637,2.860025405883789,1.688936710357666,0.18451027572155,104.83373927460866,128.770870050774,150.35254547058005,16.783485355150646,13.16387969415067,2.5110781227680703,0.39823532009336954,140.18793175684573,128.22583404545242,116.51358083427112,data/tiles/train/H549/H549__Motorola_Edge_H549_02__x1061_y270__t256.png
5.102255821228027,4.102227687835693,3.7744312286376953,2.790672779083252,1.5907949209213257,0.16453702747821808,125.2770667029882,143.60014433954086,160.95196871123628,13.194924023663251,9.197594469699466,2.3949164066191955,0.4175511083544075,155.10838273541663,143.75001158685257,131.50482074297597,data/tiles/train/H549/H549__Motorola_Edge_H549_03__x129_y15__t256.png
7.028477191925049,5.179846286773682,4.537818431854248,3.074308156967163,1.7178239822387695,0.16710171103477478,112.31598599038493,134.3085747522342,156.63793451918949,16.354876091794143,12.314979854144143,2.475963226666867,0.4038832197625957,145.67456883704287,134.57692988924342,123.20197686973243,data/tiles/train/H549/H549__Motorola_Edge_H549_03__x385_y15__t256.png
7.729791164398193,5.382968902587891,4.603250026702881,3.3265488147735596,1.956439733505249,0.1700388789176941,106.71021379988663,131.26777992972796,154.44037165171807,17.446980518225462,13.182556399661813,2.275034412878972,0.43955379063235217,142.11872889437328,131.1366312105195,119.83832552336618,data/tiles/train/H549/H549__Motorola_Edge_H549_03__x641_y15__t256.png
6.957319259643555,5.010483264923096,4.409663200378418,3.2125885486602783,1.6703795194625854,0.17059391736984253,109.87703424640902,133.03415376897058,154.2846449342498,16.23693795538759,12.005291506336766,2.519251092271248,0.39694336267943947,143.7336801752508,132.87582053298553,121.1170989842206,data/tiles/train/H549/H549__Motorola_Edge_H549_03__x897_y15__t256.png
6.8773627281188965,4.987030982971191,4.3243865966796875,3.056863307952881,1.8262708187103271,0.16559918224811554,113.42448025179094,135.6320793604377,157.76147536313792,16.326694046667214,12.063173587754303,2.2476225337351203,0.444914564163134,146.66675642603641,136.22610492853016,124.19558724131721,data/tiles/train/H549/H549__Motorola_Edge_H549_03__x1153_y15__t256.png
6.103477954864502,4.557636737823486,4.022644996643066,2.9549155235290527,1.6832890510559082,0.17370760440826416,114.22444609758963,133.86211827009797,153.4132277534131,14.553832578315449,10.88031183109917,2.8878583382109952,0.346277373362951,145.4386344188235,134.27513558643614,122.16862374486206,data/tiles/train/H549/H549__Motorola_Edge_H549_03__x129_y271__t256.png
9.459918975830078,6.5969743728637695,5.888978958129883,4.489940166473389,3.291536808013916,0.1826275736093521,86.60367299699095,116.2376433969742,148.56648747982118,22.567466622733313,16.186089913579448,2.3885153216792676,0.41867012152844,127.68178147061535,117.06530144825841,106.31082995975382,data/tiles/train/H549/H549__Motorola_Edge_H549_03__x385_y271__t256.png
10.680924415588379,7.366698265075684,6.396728992462158,4.467370986938477,2.4803264141082764,0.1778808981180191,82.59377702589673,114.21740136887281,149.02603889942375,23.939950997337565,18.11799021352539,2.5440566887922764,0.39307300203075407,125.33358096360894,114.84682784872712,104.87404619715123,data/tiles/train/H549/H549__Motorola_Edge_H549_03__x641_y271__t256.png
10.058101654052734,6.955848217010498,5.961821556091309,4.068272113800049,2.311246871948242,0.17787574231624603,86.6102414423351,116.41560410989412,148.32348011063675,22.365889974318275,17.325943530130733,2.6721426160837125,0.3742315226668546,127.41799237701716,117.06554273678027,106.6014906824649,data/tiles/train/H549/H549__Motorola_Edge_H549_03__x897_y271__t256.png
8.00565242767334,5.576855182647705,4.519476413726807,3.142787218093872,1.9294962882995605,0.17273566126823425,99.82367013333364,127.70207335561638,150.43549352572475,18.66033137853404,13.818962962423404,2.5370407101916252,0.3941600132717102,137.31966979883322,126.89415903502842,115.45867798367189,data/tiles/train/H549/H549__Motorola_Edge_H549_03__x1153_y271__t256.png
3.072693347930908,3.027324676513672,3.304489850997925,2.728058338165283,1.7391564846038818,0.23383519053459167,163.30862207828542,177.26960100733393,192.28511127859966,10.846738957724243,5.946634388239324,2.4106311268434424,0.41482912456599363,197.61133387757633,179.30923470990822,156.06754292844195,data/tiles/train/H549/H549__Samsung_A52_H549_01__x91_y215__t256.png
4.14544677734375,3.946856737136841,4.121270656585693,3.118129253387451,1.89628267288208,0.2478567212820053,145.89408594462375,163.39795823770706,181.8265759759819,13.409845155231611,7.8095995222601555,2.675227444452613,0.37379999299633876,183.41809580078913,165.2242653769374,142.81446410345296,data/tiles/train/H549/H549__Samsung_A52_H549_01__x347_y215__t256.png
4.792545795440674,4.130286693572998,4.094374179840088,3.1667516231536865,2.018592596054077,0.26800599694252014,137.04216098621768,155.01987859848214,173.94343269318293,13.693380973591712,8.640014360274716,2.3974618319046495,0.4171077873659227,175.45484499049763,157.0489415680447,133.7976480020605,data/tiles/train/H549/H549__Samsung_A52_H549_01__x603_y215__t256.png
4.789417266845703,4.142560958862305,4.160400867462158,3.185375452041626,1.8251152038574219,0.26815065741539,135.84618652330286,155.59035796340459,174.3301446106765,14.310038754452773,8.732194769377449,2.126078778292884,0.4703494575130189,175.44109474229623,157.16670005951556,133.75585768698326,data/tiles/train/H549/H549__Samsung_A52_H549_01__x859_y215__t256.png
4.670112133026123,4.060547828674316,3.994873046875,2.8589558601379395,1.856095790863037,0.24780301749706268,147.32328724482022,165.8470016350376,185.03516568268046,14.101844825399741,8.681749855725363,2.259485481055729,0.44257863499647576,185.89492502931657,167.9071439158686,144.7167684680529,data/tiles/train/H549/H549__Samsung_A52_H549_01__x1115_y215__t256.png
3.99735951423645,3.7059271335601807,3.895785331726074,3.1919963359832764,1.9144800901412964,0.2515190839767456,148.53718335883988,165.78625111538688,182.88745813800122,12.926690116458836,7.61651177330678,2.178636971411459,0.459002584240612,185.99872969634188,167.32488237558817,144.279811771673,data/tiles/train/H549/H549__Samsung_A52_H549_01__x91_y471__t256.png
6.196070194244385,5.277774333953857,5.341755390167236,4.20588493347168,3.106072425842285,0.2867574691772461,116.19736739802015,139.80896415989267,167.79961703750632,19.156874942612784,11.26708646240103,2.4635582673496303,0.40591692644470306,160.8212725211006,142.25689848938708,120.34775761182695,data/tiles/train/H549/H549__Samsung_A52_H549_01__x347_y471__t256.png
7.377292156219482,5.964203357696533,5.878701210021973,4.434863567352295,2.541754722595215,0.2989242374897003,105.98643607397383,129.6728956369067,161.4534468930948,20.143605306021573,13.187265760108076,2.462521643489147,0.40608780135759537,150.98089175348252,132.4725795313549,111.61564803933898,data/tiles/train/H549/H549__Samsung_A52_H549_01__x603_y471__t256.png
7.321807384490967,5.77205228805542,5.460437297821045,3.909900665283203,2.024523973464966,0.292967826128006,110.33317748073277,133.40042622865488,161.69598510776723,18.857574830065737,13.101892351107422,2.301194197934979,0.43455697954452055,154.1022524939716,135.94494417154377,114.58729299881409,data/tiles/train/H549/H549__Samsung_A52_H549_01__x859_y471__t256.png
5.999759674072266,4.688783645629883,4.280048370361328,3.2570958137512207,2.174899101257324,0.26257532835006714,128.27376706734188,153.8472420003242,176.57096700820435,17.87317353567126,10.680688290080864,2.4564258879738716,0.4070955305005468,172.79788495411142,154.535133685837,132.54684783417719,data/tiles/train/H549/H549__Samsung_A52_H549_01__x1115_y471__t256.png
4.026486873626709,3.638937473297119,3.713808298110962,2.898142099380493,1.8449000120162964,0.2490723580121994,151.8876347705162,169.87662273163207,185.80213384544209,12.642611158618575,7.551311533990196,2.3273106108707564,0.4296805056140972,189.84132765835878,171.08606812768912,147.61965879636222,data/tiles/train/H549/H549__Samsung_A52_H549_01__x91_y727__t256.png
6.186220169067383,5.238718509674072,5.2592949867248535,3.9615752696990967,2.3753650188446045,0.268947571516037,125.13202557765452,150.8719679840878,176.56450798248696,18.902870985868223,11.245739135200402,2.5600368548926977,0.39061937647062284,170.81153713858887,151.86969330683266,130.21018728156105,data/tiles/train/H549/H549__Samsung_A52_H549_01__x347_y727__t256.png
6.641298294067383,5.436861991882324,5.299312591552734,3.8515658378601074,2.0552315711975098,0.27315038442611694,117.82745498464628,143.3523901354364,169.5828316412641,19.0864793735224,11.991938886352534,2.4363657207474407,0.4104474100436838,162.89228515297393,144.4898982980191,123.64702165515776,data/tiles/train/H549/H549__Samsung_A52_H549_01__x603_y727__t256.png
6.355936527252197,5.137143135070801,4.990468978881836,3.792437791824341,2.4572415351867676,0.26787737011909485,121.2252110480196,144.51895371951684,169.6809562012802,17.97627983019535,11.499176695363664,2.306970437533904,0.43346892692260763,164.2197383243325,145.88169944229392,125.33825784901941,data/tiles/train/H549/H549__Samsung_A52_H549_01__x859_y727__t256.png
5.899923324584961,4.756443023681641,4.39968204498291,3.1460752487182617,2.121157169342041,0.24127846956253052,135.15503309208714,160.98039248879232,182.09620882798058,17.293983402415215,10.535021237523768,2.5575826988583388,0.3909941995018902,178.81756981333618,160.67776972433074,140.2347221032038,data/tiles/train/H549/H549__Samsung_A52_H549_01__x1115_y727__t256.png
4.052616119384766,3.8696680068969727,4.205410003662109,3.242903709411621,2.013216495513916,0.19859687983989716,152.81152744749468,170.79150732466965,187.9034069990623,13.215871168441561,7.8163382362357945,2.3212683164412007,0.43079897007905016,187.2883868341495,171.56312821635433,153.37924435697434,data/tiles/train/H549/H549__Samsung_A52_H549_02__x85_y225__t256.png
5.540604591369629,5.114513874053955,5.630616664886475,4.619199275970459,2.6147336959838867,0.21257875859737396,129.07570806321039,153.16432136739422,179.1609374355613,18.416506968851518,10.600132027074718,2.505997057344395,0.3990427670572367,169.65531422277678,154.62930066796156,136.97095758332654,data/tiles/train/H549/H549__Samsung_A52_H549_02__x341_y225__t256.png
6.399491310119629,5.589158058166504,5.893165111541748,4.695796966552734,2.9237422943115234,0.22764834761619568,118.08058888551494,144.02782634508569,171.04071015644573,19.556795336546468,11.823916204936673,2.578964393436778,0.3877525422781742,160.42568713293795,145.5568358810835,127.5295833218023,data/tiles/train/H549/H549__Samsung_A52_H549_02__x597_y225__t256.png
6.631279945373535,5.645714282989502,5.84833288192749,4.667691707611084,3.0459823608398438,0.2356514036655426,116.02697658441673,143.19233149814352,170.6796150321426,20.117764512028913,12.060682644901405,2.2303838748918627,0.4483533131929963,159.71635013298913,144.5058163649187,125.92786276645586,data/tiles/train/H549/H549__Samsung_A52_H549_02__x853_y225__t256.png
5.769557476043701,5.035621166229248,5.192882061004639,4.057960033416748,2.440558433532715,0.21170449256896973,134.36213691677844,158.35583988546873,182.11633836366317,17.703766905171943,10.849714585412537,2.287246124160425,0.4372069929147078,174.65182344463813,159.48962038193022,141.1139224890986,data/tiles/train/H549/H549__Samsung_A52_H549_02__x1109_y225__t256.png
4.849095344543457,4.604936599731445,5.009519100189209,4.0355987548828125,2.400641441345215,0.21165858209133148,135.50348500816827,158.73592564823346,179.60237416161502,16.312679904932384,9.30472870260162,2.2263236535434276,0.4491709902144709,174.6564199981553,159.1275924277719,141.14856609346617,data/tiles/train/H549/H549__Samsung_A52_H549_02__x85_y481__t256.png
7.548044204711914,6.383583068847656,6.883765697479248,5.999930381774902,3.899739980697632,0.24045313894748688,99.30057712666935,130.67929903259687,164.74906571972846,24.186756486346965,13.52235987485122,2.284950686039151,0.43764620659426595,147.16280522451902,132.27801016318554,115.50730064049924,data/tiles/train/H549/H549__Samsung_A52_H549_02__x341_y481__t256.png
9.049324035644531,7.335031986236572,7.583837985992432,5.774089813232422,3.293773651123047,0.2515188455581665,86.62710250637777,118.55071944623917,156.66581303732292,25.474608477694915,15.96082341116172,2.522089394483384,0.39649665162040637,135.26423119441023,120.6963736892429,105.00132032782386,data/tiles/train/H549/H549__Samsung_A52_H549_02__x597_y481__t256.png
8.470495223999023,7.076201915740967,7.376049995422363,5.858316421508789,3.468946695327759,0.2499527931213379,91.28539343075325,121.709135523368,159.9430818871928,25.005339209670595,15.125754437545943,2.5403984144639233,0.393639042721187,139.28109099747496,124.51708787813037,108.28039874781328,data/tiles/train/H549/H549__Samsung_A52_H549_02__x853_y481__t256.png
7.874068737030029,6.604819297790527,6.797430038452148,5.535168170928955,3.072110176086426,0.22263751924037933,108.96514558164351,142.11515664638748,172.76272301518566,23.55562851737277,14.270145693887361,2.315835626191878,0.43180957607271264,157.16634337414553,142.19074338155806,125.62719803222944,data/tiles/train/H549/H549__Samsung_A52_H549_02__x1109_y481__t256.png
4.7818684577941895,4.3292622566223145,4.419244766235352,3.4511876106262207,1.9641109704971313,0.20119993388652802,142.24419487973256,163.41032359393492,182.49825923025097,14.997036047300135,9.119785976875248,2.3856041021535033,0.41918103640804955,179.0220378573089,163.69925395026354,146.22973428331625,data/tiles/train/H549/H549__Samsung_A52_H549_02__x85_y737__t256.png
7.005223751068115,5.8886847496032715,5.8972673416137695,4.844170093536377,3.229837417602539,0.2211267352104187,113.37284962932456,143.54150273404795,171.86768447098476,21.665146136762335,12.66025568589766,2.685326284349118,0.3723942248017673,158.90294976050563,143.65958149356575,127.22386354845732,data/tiles/train/H549/H549__Samsung_A52_H549_02__x341_y737__t256.png
7.392583847045898,6.073579788208008,6.258594036102295,5.0832343101501465,2.7693161964416504,0.23403336107730865,105.3219254604324,133.41840522598815,164.16150813321826,21.678406983803633,13.341295948446401,2.3719203726875664,0.42159931316198607,149.88720409945884,134.53944975756485,118.4577414130262,data/tiles/train/H549/H549__Samsung_A52_H549_02__x597_y737__t256.png
7.612030029296875,6.3374714851379395,6.385625839233398,4.7427978515625,2.427046060562134,0.22787325084209442,106.7209813452342,136.831372697642,165.8688866010614,21.69528802822514,13.870637939997549,2.4887658731437283,0.4018055739155698,152.40089977269406,136.98243254526307,121.21293236664573,data/tiles/train/H549/H549__Samsung_A52_H549_02__x853_y737__t256.png
7.387009620666504,5.954959392547607,5.840583801269531,4.530155181884766,2.645073413848877,0.205971360206604,119.02240172451407,150.2092354404513,177.25463819923957,21.481925025964657,13.231929002344863,2.497545978074347,0.4003930293091213,164.68542514731453,149.46678142580834,133.9219437242932,data/tiles/train/H549/H549__Samsung_A52_H549_02__x1109_y737__t256.png
5.594091415405273,4.577229976654053,6.025147438049316,7.059174060821533,7.043176651000977,0.09106095880270004,95.1124513343603,145.08188846211186,171.97090374246093,28.04615233077925,7.7703466187323516,2.542810753626914,0.393265601293238,145.60667761460348,140.02258921024566,133.07804251767786,data/tiles/train/H615/H615__Motorola_Edge_H615_01__x54_y19__t256.png
6.448044776916504,5.81808614730835,7.660550594329834,8.230820655822754,7.772400379180908,0.09729351103305817,81.21959622490256,134.15334809185103,165.78628107980634,31.244106170854693,10.026701594281361,2.5568462956616096,0.3911068106427727,135.31531410192954,128.78360191162932,122.77880670823053,data/tiles/train/H615/H615__Motorola_Edge_H615_01__x310_y19__t256.png
8.111626625061035,6.694581508636475,8.3773193359375,8.827921867370605,7.787256240844727,0.09678219258785248,73.53287477199494,136.92017928990194,163.4806177546098,33.26537011386124,11.880854443948934,2.6626599739009533,0.3755642890199537,133.52644347024363,126.88312668981715,121.21644498417028,data/tiles/train/H615/H615__Motorola_Edge_H615_01__x566_y19__t256.png
8.007895469665527,6.787904262542725,8.367341041564941,9.150308609008789,8.301506996154785,0.09550526738166809,68.1571171959258,131.1594414674444,164.1116126711437,35.257245067125254,11.765150767259083,2.455618490353229,0.4072293818964341,129.16924285623134,123.01390881270781,117.45303080122486,data/tiles/train/H615/H615__Motorola_Edge_H615_01__x822_y19__t256.png
6.414335250854492,5.685572147369385,7.416971683502197,8.097785949707031,7.157015800476074,0.10262248665094376,85.45136124527272,137.70571809359595,166.73438495949253,29.80157742652887,9.805849477709506,2.3917443080885143,0.4181048938292244,138.7973918126158,131.74262445248053,125.26182867517664,data/tiles/train/H615/H615__Motorola_Edge_H615_01__x1078_y19__t256.png
5.576946258544922,4.796593189239502,6.27691650390625,6.7037482261657715,6.002716541290283,0.09380567818880081,104.82253683115425,144.30318308482452,173.65183166296893,25.132109960756754,8.963702612695746,1.8965600851659157,0.5272704027789964,148.33300062392343,142.20180902903596,135.02805343751277,data/tiles/train/H615/H615__Motorola_Edge_H615_01__x54_y275__t256.png
7.0043439865112305,6.3371052742004395,8.197915077209473,8.698283195495605,7.871910572052002,0.09982620924711227,80.64127859269044,136.255063967251,169.43190724259873,32.462484872474484,10.880679125562855,2.2734846950771375,0.4398534118858763,137.18090204559147,130.49674832897412,124.15360957732837,data/tiles/train/H615/H615__Motorola_Edge_H615_01__x310_y275__t256.png
9.775835037231445,7.818557262420654,8.817200660705566,9.176740646362305,8.216331481933594,0.106046162545681,67.707159065179,130.49336727932234,163.4767255247163,35.547777964062554,14.622574085614009,2.2715061155830454,0.44023654311990357,129.53303168215854,122.16809311633779,116.52566176491068,data/tiles/train/H615/H615__Motorola_Edge_H615_01__x566_y275__t256.png
8.717747688293457,7.1716437339782715,8.654467582702637,9.323919296264648,8.040007591247559,0.09476462006568909,72.95564883930575,137.45067955262468,169.3868201471927,35.64899262973363,12.747657216823884,2.367590541248336,0.42237033075522423,134.99577373827944,128.64054770455684,122.80463182757322,data/tiles/train/H615/H615__Motorola_Edge_H615_01__x822_y275__t256.png
5.918145179748535,5.1390814781188965,6.876988887786865,8.114899635314941,8.175137519836426,0.09470795094966888,86.7296176307472,140.55706810961635,169.66859680644757,30.38695235189535,8.699112086602568,2.222962319289041,0.4498501802404933,140.37036467294425,133.7094785369255,127.68754534160388,data/tiles/train/H615/H615__Motorola_Edge_H615_01__x1078_y275__t256.png
7.343985080718994,6.06675910949707,7.71747350692749,9.10704231262207,9.218893051147461,0.08990927785634995,93.91280264931065,157.47841827757588,190.62574205621206,35.47836962263784,10.40849395412123,2.6688461394321172,0.37469376193143233,156.13079948438016,150.0439373035593,142.81297717790537,data/tiles/train/H615/H615__Motorola_Edge_H615_02__x40_y17__t256.png
7.085226535797119,6.035645484924316,7.710461139678955,9.134315490722656,9.776998519897461,0.08951883763074875,81.00991171662737,144.6333607409487,179.14689269390746,36.17974408874419,10.110723974580319,2.463025174819682,0.40600478233975423,143.5716452772147,137.59763199606357,131.3010442424045,data/tiles/train/H615/H615__Motorola_Edge_H615_02__x296_y17__t256.png
9.208638191223145,7.879004955291748,9.274271965026855,9.335870742797852,8.29987907409668,0.0889526978135109,79.66283082458757,140.80838791995885,178.85277459185465,36.58693615279693,14.289333255515047,2.6434105515990187,0.37829916332712393,141.29095991069153,135.22420639481052,129.34104466875064,data/tiles/train/H615/H615__Motorola_Edge_H615_02__x552_y17__t256.png
8.191625595092773,6.962957859039307,8.221550941467285,8.737427711486816,7.756048202514648,0.0809241384267807,84.860912145684,148.64150316261353,180.49510732838698,35.09242882961215,12.261213426549993,2.405056524051956,0.4157906435875505,146.27837972136922,140.56010821580702,134.95888107525786,data/tiles/train/H615/H615__Motorola_Edge_H615_02__x808_y17__t256.png
6.841673374176025,6.202103614807129,8.229446411132812,9.094414710998535,7.666273593902588,0.07450372725725174,92.18809327997307,152.29748345940422,181.20530753964476,32.986090595981565,10.405013086095906,2.666003665696461,0.37509325769766416,149.1972650877675,143.92801923527279,138.58568005178012,data/tiles/train/H615/H615__Motorola_Edge_H615_02__x1064_y17__t256.png
6.151671886444092,5.4755377769470215,6.961520671844482,7.365830421447754,7.088103771209717,0.09817681461572647,107.09176474905716,157.47550124835246,187.97328740255375,29.722014196606253,9.62627805740262,2.5290001115231124,0.3954131893642904,159.82963310076107,153.123179547414,144.91281238651612,data/tiles/train/H615/H615__Motorola_Edge_H615_02__x40_y273__t256.png
7.150975704193115,6.394519805908203,8.498214721679688,9.642827033996582,9.601066589355469,0.08804202824831009,76.69741897550536,143.94514342309336,178.1070601885709,37.43804223455939,10.273466066187899,2.6465809592599485,0.3778459889923887,141.0800212909855,135.20062101147965,129.30360463235033,data/tiles/train/H615/H615__Motorola_Edge_H615_02__x296_y273__t256.png
8.67516040802002,7.447508335113525,9.26712417602539,9.70925235748291,8.613828659057617,0.08545519411563873,69.86400341796298,133.38698503043176,174.12059038193357,38.721197837670395,12.890076693284525,2.399647070286558,0.41672794819805864,133.48294406196175,127.91241612846517,122.78424573816598,data/tiles/train/H615/H615__Motorola_Edge_H615_02__x552_y273__t256.png
8.583327293395996,7.693351745605469,9.899850845336914,10.598249435424805,8.905807495117188,0.08639540523290634,73.87617639509195,140.16619827649822,176.99499338107978,37.99638034707806,13.239225522716152,2.313616854926451,0.4322236838267629,138.49742399834813,132.52564373289627,127.13625997165438,data/tiles/train/H615/H615__Motorola_Edge_H615_02__x808_y273__t256.png
6.678154468536377,6.101893901824951,8.376571655273438,9.790488243103027,9.050344467163086,0.0771382749080658,89.00402496785411,152.71010494631938,184.74432456040162,35.24832671661329,10.017018914238527,2.4605737768009814,0.40640927308430913,150.54668052310993,144.7979860288888,139.44106186206676,data/tiles/train/H615/H615__Motorola_Edge_H615_02__x1064_y273__t256.png
5.524800777435303,4.759029865264893,5.910458564758301,6.098621845245361,5.705332279205322,0.13551065325737,153.31144236995198,192.29967243561188,217.03911500381426,23.5501854315714,8.773180142139742,2.681035973032475,0.37299014636827743,201.37704454315983,189.49085166482405,175.789176387544,data/tiles/train/H615/H615__Samsung_A52_H615_01__x87_y201__t256.png
6.218557834625244,5.973270416259766,7.379314422607422,7.0947699546813965,5.88910436630249,0.14334090054035187,131.13111717256552,174.24187601114718,201.83757928422142,26.035683184819206,10.93856606007327,2.685058449028721,0.3724313712283376,182.06550847650607,170.75872946503463,157.67428218300387,data/tiles/train/H615/H615__Samsung_A52_H615_01__x343_y201__t256.png
7.033084869384766,5.918995380401611,7.076605319976807,7.16539192199707,6.300500869750977,0.14688149094581604,124.28385710772818,170.99861832220085,200.98047647594072,28.17337081454837,11.12921541802846,2.5235152510939822,0.39627261993621193,178.57056089398952,167.5582418061315,154.08015220177623,data/tiles/train/H615/H615__Samsung_A52_H615_01__x599_y201__t256.png
7.8407769203186035,6.650480270385742,8.169171333312988,8.551484107971191,7.783301830291748,0.15306012332439423,112.74029663305237,167.35516096723958,199.38866827297497,31.87943009925786,12.430271147663053,2.360769156670644,0.423590759466836,173.70488034926785,162.53805192758537,148.95310095474667,data/tiles/train/H615/H615__Samsung_A52_H615_01__x855_y201__t256.png
7.0202741622924805,5.916921138763428,7.226776123046875,7.317754745483398,6.479811668395996,0.14495734870433807,134.0026704555629,180.9234922081679,211.16942001463545,28.22745107192505,11.264508617463294,2.4092084708853823,0.4150740843246748,189.13581245631173,177.81990967266378,163.5077393606154,data/tiles/train/H615/H615__Samsung_A52_H615_01__x1111_y201__t256.png
5.851863384246826,5.053524017333984,6.440078258514404,6.944162368774414,6.213443756103516,0.1529187262058258,134.65445235825243,181.54551278135045,208.75396384554406,27.055965707835917,9.075883326668245,2.3911841915307295,0.41820283169396694,189.40590825224297,177.33763930953907,162.43369199707308,data/tiles/train/H615/H615__Samsung_A52_H615_01__x87_y457__t256.png
7.93750524520874,6.676552772521973,8.573062896728516,10.011301040649414,9.063679695129395,0.1777268648147583,91.52343797701946,152.1467895987216,188.93384466653052,35.9572003992173,11.685912518610547,2.4909149562030577,0.40145890870731143,158.6929851061386,146.89059571716209,132.7279181681465,data/tiles/train/H615/H615__Samsung_A52_H615_01__x343_y457__t256.png
8.562850952148438,7.317338466644287,8.76355266571045,9.281781196594238,8.446551322937012,0.18178880214691162,83.88450660042507,140.00591289281226,179.66162032180387,35.41240541980058,13.319549001602171,2.117920516943303,0.4721612506229714,147.9089688470107,136.54286215821637,123.2080068848913,data/tiles/train/H615/H615__Samsung_A52_H615_01__x599_y457__t256.png
8.918344497680664,7.283488750457764,9.118401527404785,10.096177101135254,8.641963958740234,0.1787988543510437,83.2661409526434,143.51012513676088,181.86879448413893,36.44592379325889,13.370886586074716,2.436950300766948,0.41034895118102477,150.11453688696355,138.7665051738949,125.42850317699035,data/tiles/train/H615/H615__Samsung_A52_H615_01__x855_y457__t256.png
8.429239273071289,7.175517559051514,8.890564918518066,9.215620994567871,8.211132049560547,0.1655529886484146,98.37877472050785,156.30786446454508,194.41318766147018,35.26224296895438,13.274632050229934,2.420828238984862,0.4130817642887936,163.2192667347207,151.72039348696916,138.21352495459257,data/tiles/train/H615/H615__Samsung_A52_H615_01__x1111_y457__t256.png
6.5840911865234375,5.722137451171875,7.0616230964660645,7.013313293457031,6.093874454498291,0.1515490859746933,135.18699677668437,181.113359397947,207.80452420011116,26.76023604706695,10.66466587953576,1.9585166823389832,0.5105904938250193,189.1870544322299,177.3510293712584,162.46420570745244,data/tiles/train/H615/H615__Samsung_A52_H615_01__x87_y713__t256.png
7.8725199699401855,6.730379104614258,8.318647384643555,8.910577774047852,7.335580348968506,0.16549131274223328,105.87424210973893,162.3377519767773,195.73666283309447,33.09636403912895,12.241181734518296,2.2452327294595804,0.4453881269763498,168.71255533271685,156.92821863308166,142.86965114628487,data/tiles/train/H615/H615__Samsung_A52_H615_01__x343_y713__t256.png
8.139557838439941,6.749989032745361,8.449024200439453,9.418691635131836,8.805987358093262,0.16890478134155273,92.51797219519717,155.49715924895168,189.2245952004373,35.5129765520852,11.998185559538964,2.5391868677188647,0.3938268635180728,159.82291165863955,148.71432827855762,134.86177435913598,data/tiles/train/H615/H615__Samsung_A52_H615_01__x599_y713__t256.png
8.295063972473145,6.882473468780518,8.39431381225586,8.682741165161133,7.4523797035217285,0.16884322464466095,98.81187368837294,155.32728066502693,188.11008250280437,32.828490540823815,12.790357182558285,2.4693867063978585,0.4049588496646275,161.24337701164544,149.93540184063548,136.07223532463115,data/tiles/train/H615/H615__Samsung_A52_H615_01__x855_y713__t256.png
7.706714153289795,6.398277282714844,8.041918754577637,8.674386978149414,8.279233932495117,0.15257881581783295,110.17935626710727,168.17995158347105,201.8164350029566,33.136326785766244,11.483149099380917,2.617979202652683,0.3819740046012375,173.8242234235574,162.49591702918298,149.1407025965265,data/tiles/train/H615/H615__Samsung_A52_H615_01__x1111_y713__t256.png
5.034488677978516,4.540253639221191,5.892870903015137,6.1982102394104,5.9095330238342285,0.1372658908367157,152.59589420094846,192.40616996463686,217.30062029439873,23.91039789900149,8.01361620919561,2.108367910412242,0.47430052177396,201.29096467735906,189.6089104670981,175.38269287918172,data/tiles/train/H615/H615__Samsung_A52_H615_02__x87_y198__t256.png
5.913762092590332,5.71754264831543,7.258872032165527,7.079558849334717,6.5279107093811035,0.15150651335716248,126.51607329563522,172.02553290057133,200.6807111433246,27.178843824936187,10.183284721945665,2.4598501772052606,0.40652882409941815,179.9109089132387,168.45125995987684,154.51464176684865,data/tiles/train/H615/H615__Samsung_A52_H615_02__x343_y198__t256.png
6.5604166984558105,5.80644416809082,7.27977180480957,7.563259601593018,6.621705055236816,0.15168899297714233,116.70622678839585,171.2004591240575,205.6811035534895,32.404183632422296,10.164612822653888,2.525663174637535,0.3959356140762962,177.61881531756435,166.58929489634508,152.50483515570943,data/tiles/train/H615/H615__Samsung_A52_H615_02__x599_y198__t256.png
7.225894927978516,6.3314924240112305,7.756982803344727,7.962427616119385,7.417644500732422,0.16174058616161346,115.76593648662958,165.26066070588084,198.54434101893239,30.33953549473755,11.698733417835808,2.392668431466874,0.41794340864309804,173.91533121906926,162.34021391105375,147.81836224223,data/tiles/train/H615/H615__Samsung_A52_H615_02__x855_y198__t256.png
6.2004780769348145,5.394992828369141,6.60353946685791,6.756399154663086,6.145391941070557,0.14547424018383026,136.56456177802713,180.44880841863912,210.00550822486846,26.85703379650003,10.10271557500331,2.442328758093398,0.40944528728419394,189.17587468004078,177.9667117510052,163.44874432291257,data/tiles/train/H615/H615__Samsung_A52_H615_02__x1111_y198__t256.png
5.945303916931152,5.2163543701171875,6.851737976074219,7.511439800262451,7.205669403076172,0.15303218364715576,129.86811145223464,181.0110449234653,209.80799328532134,29.321828389626365,9.013427175028044,2.157393707566394,0.4635222567363611,188.11531115633022,176.06949131625294,161.3094688006205,data/tiles/train/H615/H615__Samsung_A52_H615_02__x87_y454__t256.png
7.746177673339844,6.620294094085693,8.757769584655762,10.245100975036621,9.454668045043945,0.17702814936637878,90.85632605341023,151.0760801756432,190.25618620215053,36.300942076457346,11.515538167571888,2.266950648946871,0.4411212041446767,158.45526685819016,146.75045826001127,132.62192384545284,data/tiles/train/H615/H615__Samsung_A52_H615_02__x343_y454__t256.png
8.696682929992676,7.567190647125244,9.494585990905762,9.8081693649292,8.096508979797363,0.19053152203559875,76.6147049519557,132.3117023312729,175.37662359832606,36.10161855759998,13.828507366660938,2.4626525438777405,0.4060662160750378,140.9789447207073,129.42272563256125,116.41300440897636,data/tiles/train/H615/H615__Samsung_A52_H615_02__x599_y454__t256.png
8.350715637207031,6.935084819793701,8.602557182312012,9.532100677490234,9.2960786819458,0.1858987957239151,78.11955324112068,139.1587493405642,180.435071734762,38.21868092202926,12.39050952860434,2.2041262963623383,0.45369450999717537,146.75440115337,135.2171599469264,121.7397289256473,data/tiles/train/H615/H615__Samsung_A52_H615_02__x855_y454__t256.png
7.527002334594727,6.341470718383789,8.063453674316406,9.105239868164062,9.069111824035645,0.17609454691410065,95.35745279896706,152.21746935284315,191.60229161198944,35.383531886534705,11.35336937642439,2.2255960293772477,0.4493178397158687,160.54828109868123,148.6979847555771,134.50204668320507,data/tiles/train/H615/H615__Samsung_A52_H615_02__x1111_y454__t256.png
5.831482887268066,5.3639302253723145,6.885797023773193,7.142911911010742,5.8085761070251465,0.14772967994213104,137.10965954487776,181.09646698503335,209.38391607540385,26.489857414664268,9.45465627613064,2.1387146563115524,0.4675705555432109,190.11755542797496,178.35890892401332,163.90209464505912,data/tiles/train/H615/H615__Samsung_A52_H615_02__x87_y710__t256.png
7.213603973388672,6.273123264312744,7.642389297485352,8.012521743774414,6.936309337615967,0.16155894100666046,111.82087332116164,163.03654155319126,195.11903879591816,30.458777322117577,11.512828213250037,2.3421569597584266,0.42695686804147465,170.5085040253992,158.61051763280506,144.97736076235773,data/tiles/train/H615/H615__Samsung_A52_H615_02__x343_y710__t256.png
7.839128017425537,6.667488098144531,7.9773759841918945,8.639877319335938,7.927323341369629,0.17173568904399872,98.9290424300159,154.58861568533362,189.1602859640193,32.87860528111933,12.24023047991491,2.0968967050387346,0.4768952126239941,161.75450957037881,149.8018940995358,136.12800802306938,data/tiles/train/H615/H615__Samsung_A52_H615_02__x599_y710__t256.png
7.783958911895752,6.580533504486084,8.024199485778809,8.598854064941406,7.924099922180176,0.17455622553825378,95.24830089234554,149.48688901767477,188.16668696192838,34.36574841324146,12.039643883490509,2.522579800923899,0.39641957001072803,158.12568002110393,146.10257251217806,132.70466873379755,data/tiles/train/H615/H615__Samsung_A52_H615_02__x855_y710__t256.png
6.904590129852295,5.876552104949951,7.676003456115723,9.17878532409668,9.138136863708496,0.16209417581558228,104.6777805652606,160.52715118244035,200.42355927341666,34.81679147311338,10.414405073774786,2.3936742803110893,0.41776778412392723,168.52788776090085,156.8565281763939,143.21311042682763,data/tiles/train/H615/H615__Samsung_A52_H615_02__x1111_y710__t256.png
5.080596446990967,4.543989658355713,5.933915138244629,6.442514896392822,6.0569868087768555,0.1297374665737152,152.08901117928622,193.1779896904042,217.99736266047557,24.25335276585779,8.068424864280562,2.482671004532151,0.40279199224322754,200.92751613474155,189.88278498374882,176.39863653200766,data/tiles/train/H615/H615__Samsung_A52_H615_03__x59_y199__t256.png
5.789389133453369,5.588688850402832,7.4465789794921875,8.090439796447754,7.067922592163086,0.1461004763841629,124.34030860981726,171.89503724557736,202.62296670973305,28.56746171336199,9.80614793814819,2.5487958547710794,0.3923421321201949,179.74435295498586,168.69862603955204,155.21707914189147,data/tiles/train/H615/H615__Samsung_A52_H615_03__x315_y199__t256.png
6.4012370109558105,5.4824371337890625,7.015758991241455,7.715836524963379,7.24880313873291,0.14930026233196259,120.21275149687813,170.57851680328034,200.04154155717086,29.465202913657684,9.892563151496674,2.4445188406943754,0.40907845885775457,176.9126790572637,166.09584170447883,152.26508573866644,data/tiles/train/H615/H615__Samsung_A52_H615_03__x571_y199__t256.png
7.282776832580566,6.14031982421875,7.653560161590576,8.008617401123047,7.33966588973999,0.1555393636226654,114.5246622452026,167.53582552304985,203.53583296668708,32.22480461363768,11.275803626365898,2.4928893559212373,0.40114094820323626,175.41611716461006,164.12616677749108,150.0339960653488,data/tiles/train/H615/H615__Samsung_A52_H615_03__x827_y199__t256.png
6.1243133544921875,5.327558517456055,6.549963474273682,6.829375743865967,6.736369609832764,0.14787672460079193,133.32345858417696,177.5510543740314,212.22692993704132,28.61168663031308,9.568426279488419,2.484813416954959,0.40244470396713355,187.84088386758074,176.67205748573997,161.8940686957279,data/tiles/train/H615/H615__Samsung_A52_H615_03__x1083_y199__t256.png
5.567149639129639,4.970544338226318,6.517972469329834,7.471965312957764,7.674447059631348,0.1445193737745285,128.30514602988134,177.9398137340761,211.41802209994725,30.475814941889762,8.54003512893916,2.069712367211865,0.48315892383979536,186.14636132908268,174.7801717860535,161.0036029199897,data/tiles/train/H615/H615__Samsung_A52_H615_03__x59_y455__t256.png
6.986749172210693,6.090505599975586,7.874722003936768,8.901670455932617,8.550884246826172,0.17176544666290283,90.83461636002674,150.42336949413541,182.71441498430067,33.777240872572314,10.602169108519526,2.227658623312231,0.4489018153567594,155.32879176290217,144.46893239937432,130.68297964808235,data/tiles/train/H615/H615__Samsung_A52_H615_03__x315_y455__t256.png
8.245097160339355,6.783370494842529,8.557172775268555,9.413450241088867,8.77629280090332,0.17740944027900696,83.6483740051611,141.78537337653881,180.53065909284598,35.78556772768461,12.321821828034855,2.271738334273373,0.4401915418308311,148.6542314674673,137.5255179058629,124.37669796608202,data/tiles/train/H615/H615__Samsung_A52_H615_03__x571_y455__t256.png
8.189765930175781,6.9174604415893555,8.828038215637207,10.795645713806152,10.11929702758789,0.19029076397418976,76.48319312179639,137.37290147437218,180.70816680211908,37.86725299803774,12.170945586246388,2.2655096234781253,0.44140178864689583,145.17958327915312,133.52037282215264,119.89652286061491,data/tiles/train/H615/H615__Samsung_A52_H615_03__x827_y455__t256.png
7.712830543518066,6.466963291168213,8.31163501739502,9.340810775756836,9.383283615112305,0.18737684190273285,89.83076443740374,148.32740876590495,187.5529704502305,35.85288468887995,11.471041663218864,2.319410977750261,0.43114394542098844,156.61441798530694,144.46097834420496,129.70849861784836,data/tiles/train/H615/H615__Samsung_A52_H615_03__x1083_y455__t256.png
5.399263858795166,4.761989116668701,6.099431037902832,7.0598978996276855,6.935070037841797,0.13958020508289337,135.07577464861768,181.9070537813939,211.78426650995732,27.865477906025824,8.426908299866954,2.3590891684123743,0.42389241296588315,189.99282535232592,178.82195184594002,165.14960389924806,data/tiles/train/H615/H615__Samsung_A52_H615_03__x59_y711__t256.png
7.337317943572998,6.483519077301025,8.367531776428223,9.027509689331055,7.908502101898193,0.16744279861450195,99.55294671925918,152.31388658440304,189.88796453236696,32.91453039099567,11.616464962170276,2.6690280785815514,0.3746682202502147,160.86140505133645,149.49644014043452,135.9520388030238,data/tiles/train/H615/H615__Samsung_A52_H615_03__x315_y711__t256.png
7.593082427978516,6.700373649597168,8.485509872436523,9.395244598388672,9.061979293823242,0.17958766222000122,89.02009566683013,144.77883245645958,185.0812219973133,35.34386932598733,11.84391358561384,2.530937462150893,0.3951105133787698,153.22120913239317,141.6413424677213,127.91308543546266,data/tiles/train/H615/H615__Samsung_A52_H615_03__x571_y711__t256.png
7.521237373352051,6.51798152923584,8.047744750976562,8.689239501953125,7.994385242462158,0.1750672310590744,94.2223225345241,149.89619706948102,186.0844925006645,33.91912580718843,11.40186385781299,2.4388691522813266,0.41002609716252986,157.42790629656804,145.71238060122843,132.04537418165808,data/tiles/train/H615/H615__Samsung_A52_H615_03__x827_y711__t256.png
7.718589782714844,6.371204853057861,8.15427017211914,9.14083194732666,8.70279598236084,0.1666293442249298,103.81274843477554,160.22697238445338,198.0857790391377,34.560011362690325,11.420701052175486,2.365525496675563,0.4227390494862005,168.12666455112873,156.17602806674333,142.21764595320434,data/tiles/train/H615/H615__Samsung_A52_H615_03__x1083_y711__t256.png
7.875270366668701,5.791771411895752,5.042140960693359,3.603834390640259,2.121626853942871,0.1354416459798813,118.35702910040045,144.99591230958336,169.61561747283946,18.834847817629964,13.809829182032054,2.270729979205112,0.4403870161392146,154.41139106113337,144.51737880489864,134.82845861432713,data/tiles/train/H616/H616__Motorola_Edge_H616_01__x42_y15__t256.png
9.101346015930176,6.553431034088135,5.738801002502441,4.030875205993652,2.454932928085327,0.13793633878231049,108.51441928169929,137.98072387058932,166.57511427016289,21.307877498488793,16.035821011200415,2.721529072526901,0.36744049883380975,147.5199533034025,137.6708058510716,128.49928821687828,data/tiles/train/H616/H616__Motorola_Edge_H616_01__x298_y15__t256.png
10.79697322845459,7.633537292480469,6.8319830894470215,5.482031345367432,3.2492668628692627,0.13911625742912292,93.9573691487203,132.38335042849047,165.06287887964564,25.890874678667736,18.45763302527784,2.49627936980444,0.40059618810948255,140.46299535296853,130.71712634241746,122.22204792725923,data/tiles/train/H616/H616__Motorola_Edge_H616_01__x554_y15__t256.png
10.91182804107666,7.694998264312744,7.0208940505981445,5.225947380065918,2.9064202308654785,0.1382788121700287,95.9228462423866,133.53242119168172,166.82073443198786,25.79197306555359,18.749302595315402,2.172585129838446,0.460281158268979,141.94847651530802,132.26200683831584,123.61168364154238,data/tiles/train/H616/H616__Motorola_Edge_H616_01__x810_y15__t256.png
8.38937759399414,6.203026294708252,5.621231555938721,3.960952043533325,2.348909616470337,0.13432611525058746,112.75491419247835,142.7955198195511,168.39768204499867,20.415430461247567,14.759921698768832,2.205717558119882,0.45336720303046596,151.35645798837066,141.54416846202398,132.31717270130736,data/tiles/train/H616/H616__Motorola_Edge_H616_01__x1066_y15__t256.png
8.276900291442871,6.037906646728516,5.257925987243652,4.0342206954956055,2.449570655822754,0.13229340314865112,117.22343894636897,144.86058965336042,171.1367342096925,19.837473567450818,14.520615211711181,2.5540421348799263,0.3915362187425358,154.24490182049155,144.4917908356235,135.11308200619177,data/tiles/train/H616/H616__Motorola_Edge_H616_01__x42_y271__t256.png
10.378532409667969,7.525304794311523,6.6307196617126465,4.723623275756836,2.877472400665283,0.13791194558143616,99.92726892516764,134.75980198655188,167.24761315151946,24.545986440872365,18.092569829035757,2.560727334155035,0.3905140491382971,143.7297303681192,134.10368211810822,125.2019886156499,data/tiles/train/H616/H616__Motorola_Edge_H616_01__x298_y271__t256.png
12.644294738769531,9.03341293334961,8.306997299194336,6.409869194030762,3.742669105529785,0.13574054837226868,82.69773416561573,126.03313368930743,166.44579708069423,30.543293372599802,21.48397081574958,2.5233505218511345,0.39629848938561185,134.40531353722184,125.10097842571007,117.35540965339943,data/tiles/train/H616/H616__Motorola_Edge_H616_01__x554_y271__t256.png
12.38687801361084,8.74800968170166,8.12253189086914,6.519050121307373,3.592783212661743,0.13873405754566193,84.07455233900473,126.48174418867534,166.32447397912634,30.023621020901828,20.991269739251585,2.4174503783155874,0.4136589561340954,134.97689430395977,125.64813651137925,117.49103490591999,data/tiles/train/H616/H616__Motorola_Edge_H616_01__x810_y271__t256.png
9.712140083312988,7.172733306884766,6.458191871643066,4.489221096038818,2.6985769271850586,0.13464321196079254,104.76248356520239,139.22496918124455,169.45594337247576,23.578520176384654,16.99517398959642,2.693086409306551,0.3713211713312579,147.7102905867793,138.04703240556034,129.1029889581685,data/tiles/train/H616/H616__Motorola_Edge_H616_01__x1066_y271__t256.png
7.719770908355713,5.567148685455322,4.646251201629639,3.166341543197632,2.0203857421875,0.12339704483747482,126.40504557497337,151.10139852580267,175.3370371567964,17.989651348731147,13.62769363302379,2.479083977979332,0.4033747984669267,160.28763250902017,151.44156727028397,141.639512525373,data/tiles/train/H616/H616__Motorola_Edge_H616_02__x39_y15__t256.png
9.541693687438965,6.580093860626221,5.452059745788574,3.8194739818573,2.1656150817871094,0.1266985684633255,115.98300885838619,145.58485154263278,173.57477513777246,21.0506560434854,16.669502256885906,2.7193130348283723,0.36773993548819744,154.3474978140203,145.50748557089682,135.9425266776234,data/tiles/train/H616/H616__Motorola_Edge_H616_02__x295_y15__t256.png
11.382786750793457,7.928581237792969,6.692508697509766,4.646630764007568,2.524179220199585,0.13127867877483368,102.511734072386,138.1855113758325,172.5324032904836,25.450810944092126,19.74876520470095,2.6329471512938,0.37980253401919273,147.03380943089937,137.976367747702,128.92039112241517,data/tiles/train/H616/H616__Motorola_Edge_H616_02__x551_y15__t256.png
10.862041473388672,7.406857013702393,6.364194869995117,4.472016334533691,2.285909414291382,0.12880393862724304,106.16282380564034,141.19010960206512,172.65819982677306,24.205947968840693,18.714286433415108,2.5592952832280758,0.39073256085506697,149.3689452657363,140.44687734180775,131.28896210654503,data/tiles/train/H616/H616__Motorola_Edge_H616_02__x807_y15__t256.png
9.314741134643555,6.581302165985107,5.548927307128906,3.8537726402282715,2.1638243198394775,0.12199131399393082,118.6765121534155,149.63269479552002,176.00102734941757,21.095412393701576,16.454520067209312,2.4757516961090853,0.4039177279254658,157.64042411851526,148.85456572482002,139.5044046141719,data/tiles/train/H616/H616__Motorola_Edge_H616_02__x1063_y15__t256.png
7.94546365737915,5.7806220054626465,5.13496732711792,3.5909571647644043,2.094623565673828,0.12235695868730545,124.13255349424924,150.4635584017107,176.13071704593423,18.997744549507665,14.049521768821032,2.604578799960365,0.38393923808917485,159.44597526615203,150.7589042478099,141.041593079114,data/tiles/train/H616/H616__Motorola_Edge_H616_02__x39_y271__t256.png
10.307106018066406,7.115649223327637,6.050950050354004,4.4640021324157715,2.7216482162475586,0.1304042935371399,107.53648282238696,140.10929896790003,171.83493406526827,23.411206814009883,17.746268927427852,2.458835889803992,0.40669652014869356,149.0135455421776,140.15650511720972,130.7599851938229,data/tiles/train/H616/H616__Motorola_Edge_H616_02__x295_y271__t256.png
12.117737770080566,8.372716903686523,7.581361770629883,5.4212470054626465,2.8422982692718506,0.1323353797197342,93.27707424025073,130.69590479603113,169.774675309935,27.798847490030667,20.70830020070219,2.7233235085078893,0.36719838714567576,139.981656100666,131.15233623500365,122.61277941769609,data/tiles/train/H616/H616__Motorola_Edge_H616_02__x551_y271__t256.png
11.75889778137207,8.109423637390137,7.032062530517578,4.995403289794922,2.4856786727905273,0.13294586539268494,97.23487419459804,133.28394921059348,169.55202407605907,26.272261159709476,20.283115966890342,2.6213150340830205,0.38148791236373336,142.3443882451112,133.4186752811193,124.60209167672903,data/tiles/train/H616/H616__Motorola_Edge_H616_02__x807_y271__t256.png
10.135279655456543,7.13226318359375,6.011998653411865,4.209839344024658,2.412041664123535,0.1252431869506836,112.08604300761677,145.45478094090015,175.08900043517926,23.0986349062156,17.61150291826068,2.5222606985109066,0.3964697228127055,153.62081918409208,144.68536538472947,135.50998005077417,data/tiles/train/H616/H616__Motorola_Edge_H616_02__x1063_y271__t256.png
7.232100009918213,5.492330551147461,4.829110622406006,3.6131155490875244,2.175485134124756,0.12933026254177094,121.18474618919943,146.62659552765547,170.41333024751646,18.22660590351339,12.83511608214344,2.3266451840180205,0.42980339540773516,155.52895384620203,146.96786976662452,136.5994726714496,data/tiles/train/H616/H616__Motorola_Edge_H616_03__x39_y15__t256.png
10.979584693908691,8.03237247467041,7.2003068923950195,5.21306037902832,2.837334156036377,0.1396724432706833,98.76227657912567,138.30276328788446,170.50730224774375,26.25885829863698,19.129085554111573,2.6782524951086812,0.3733777908641212,145.93395570361545,136.75929525294174,126.8659110143415,data/tiles/train/H616/H616__Motorola_Edge_H616_03__x295_y15__t256.png
11.277732849121094,8.180684089660645,7.355810165405273,5.407164573669434,2.9729721546173096,0.14355364441871643,94.79725069562501,134.39787114556566,168.76427491298972,27.046954506655396,19.455042243509883,2.484513549592915,0.40249327686856406,142.90851011122382,133.45193819105396,123.76221760491785,data/tiles/train/H616/H616__Motorola_Edge_H616_03__x551_y15__t256.png
10.804946899414062,7.909355163574219,7.217863082885742,5.478978157043457,2.9515910148620605,0.14318104088306427,96.76361584969739,135.1611448746539,168.8097275104851,26.244866124500085,18.756361765745726,2.680940232727393,0.3730034663930844,143.6587598575718,134.29997395996602,124.4528577021086,data/tiles/train/H616/H616__Motorola_Edge_H616_03__x807_y15__t256.png
10.081473350524902,7.2632222175598145,6.398155212402344,4.892099380493164,2.957646608352661,0.1341656744480133,106.19717426979814,143.97128137560958,172.93847026414483,24.37298612636436,17.420551766548673,2.154754366733044,0.46409002132162364,151.11777798190346,142.01208062051268,132.10072508767743,data/tiles/train/H616/H616__Motorola_Edge_H616_03__x1063_y15__t256.png
8.44674015045166,6.273603916168213,5.632743835449219,4.239804744720459,2.5198211669921875,0.13151390850543976,115.37206987758789,144.94679517919784,172.65733474852354,21.00753060420925,14.807903955875597,2.465897462924799,0.4055318662009169,153.89205095494745,145.17052705316217,134.86940753344825,data/tiles/train/H616/H616__Motorola_Edge_H616_03__x39_y271__t256.png
11.672075271606445,8.686256408691406,8.28846263885498,6.243549346923828,3.546724319458008,0.14190997183322906,89.29764257871147,133.21480718597644,170.33367117155265,29.607461676858026,20.050313032626306,2.480303658583072,0.4031764403279847,141.22152602194646,132.05412439342456,122.5000240677839,data/tiles/train/H616/H616__Motorola_Edge_H616_03__x295_y271__t256.png
11.482122421264648,8.69935417175293,8.209075927734375,6.225211143493652,3.6163723468780518,0.14863991737365723,85.78622307256298,126.93711325807585,166.1386766625375,29.28134658116437,19.951401486011452,2.279106062118817,0.43876852272084693,136.18450096070052,126.80776233366424,117.34029743486654,data/tiles/train/H616/H616__Motorola_Edge_H616_03__x551_y271__t256.png
11.645673751831055,8.59786319732666,8.09679889678955,6.230156898498535,3.876110792160034,0.14687258005142212,85.64963695962551,128.3776791706844,166.66534337130875,29.41331068383033,19.956586333367035,2.4452360962537734,0.4089584648010272,136.86993665272124,127.65841656170907,118.13565296842008,data/tiles/train/H616/H616__Motorola_Edge_H616_03__x807_y271__t256.png
10.822247505187988,7.842022895812988,7.198558330535889,5.5147786140441895,3.554471969604492,0.138020321726799,98.31184088892303,139.29644895823864,172.14490191236345,26.964804339344848,18.444829333967476,2.6529625204726686,0.37693710042380607,146.74413164994021,137.54790329312388,127.78576135167059,data/tiles/train/H616/H616__Motorola_Edge_H616_03__x1063_y271__t256.png
3.323368787765503,3.351334810256958,3.6649487018585205,2.82970929145813,1.7808929681777954,0.20898309350013733,151.13449150498337,167.10752205861388,181.49861551982053,11.466500436472284,6.518498412756558,2.3445064127648547,0.426529010351782,183.79817046462,167.97191992975672,148.91960910535633,data/tiles/train/H616/H616__Samsung_A52_H616_01__x84_y178__t256.png
4.146908760070801,4.170928478240967,4.490471363067627,3.4380910396575928,2.002765655517578,0.2256399244070053,133.16514048991968,152.64086411919132,171.17381388535577,14.352009156498838,8.137769295688557,2.4869969672861187,0.4020913628580851,169.23363575530863,153.6823773649546,134.8067920488941,data/tiles/train/H616/H616__Samsung_A52_H616_01__x340_y178__t256.png
5.595581531524658,5.040618419647217,5.248753547668457,4.040368556976318,2.458641290664673,0.2357356697320938,119.1094899166469,142.34732898711215,165.699727890063,17.16988723426916,10.53319440154693,2.2665664893711917,0.4411959696260345,158.5676348317071,143.6009897805853,125.00124371684757,data/tiles/train/H616/H616__Samsung_A52_H616_01__x596_y178__t256.png
6.153947830200195,5.275960445404053,5.315113067626953,4.003377914428711,2.4748191833496094,0.24086894094944,117.70451092946699,141.0675088104588,165.85354206798547,17.96117258188345,11.470709182547811,2.5154706100988293,0.3975399259229315,158.26173453342494,142.75953214196517,124.12675220786862,data/tiles/train/H616/H616__Samsung_A52_H616_01__x852_y178__t256.png
5.411171913146973,4.647719860076904,4.7047119140625,3.825927734375,2.4671449661254883,0.21850527822971344,131.74255950091083,155.41250487820122,177.1125665078258,16.830255562512868,9.993851962098905,2.339368375099011,0.4274658111327491,171.50005374147028,156.15471117342148,137.61232433314976,data/tiles/train/H616/H616__Samsung_A52_H616_01__x1108_y178__t256.png
3.958131790161133,3.9698169231414795,4.359371185302734,3.5067999362945557,2.27868390083313,0.22688758373260498,134.83883569795123,154.04317026916263,172.9179814666428,14.292482195660419,7.825184595109756,2.2797398655247663,0.43864653819606436,171.17290291620895,155.27093548789708,136.18483942518333,data/tiles/train/H616/H616__Samsung_A52_H616_01__x84_y434__t256.png
6.887754917144775,5.898045063018799,6.122231483459473,4.820015907287598,2.798293113708496,0.2533368766307831,103.04789989528564,131.36299530418802,159.77190262375154,20.947257236401143,12.56892466681811,2.356531477529384,0.42435248989265023,147.84799140397033,132.56791107104354,114.49914103103187,data/tiles/train/H616/H616__Samsung_A52_H616_01__x340_y434__t256.png
8.967162132263184,7.263782024383545,7.755456924438477,6.440537929534912,3.61132550239563,0.26273423433303833,83.04333627195892,114.88114185825634,154.7845222902035,26.366094541092224,15.750465388409069,2.4995335705907986,0.40007464263167963,132.45626281572802,118.11334497846507,101.61293526263653,data/tiles/train/H616/H616__Samsung_A52_H616_01__x596_y434__t256.png
8.394107818603516,6.663364410400391,6.587668418884277,5.215550899505615,2.9945781230926514,0.2639756202697754,91.99232618265198,121.0728171173442,154.8661005237765,23.02371155896692,14.838475296999938,2.143254320341404,0.46658018626585934,138.33237249707642,123.30647652028735,105.98792385697884,data/tiles/train/H616/H616__Samsung_A52_H616_01__x852_y434__t256.png
7.477505207061768,6.088017463684082,5.910311698913574,4.472722053527832,2.8364384174346924,0.24038206040859222,111.03564587771456,138.7303028051955,167.80611737516702,21.068565614815377,13.616004952370256,2.4632233571254916,0.40597211661997645,155.63599487935505,140.09751769275564,122.15193823080118,data/tiles/train/H616/H616__Samsung_A52_H616_01__x1108_y434__t256.png
3.7823221683502197,3.5778098106384277,3.7719216346740723,2.7951602935791016,1.6800496578216553,0.23088321089744568,142.41350889293997,158.54726268810137,174.89358957453456,12.180792591821723,7.360097101220386,2.3196322306873767,0.4311028217191438,176.38365068528623,160.1882239529823,139.72716670071972,data/tiles/train/H616/H616__Samsung_A52_H616_01__x84_y690__t256.png
6.376765727996826,5.508800983428955,5.544827938079834,4.0023274421691895,2.444689989089966,0.2426685094833374,112.45522121345498,138.06926216110307,164.69647537116683,19.224736957126026,11.845404093856628,2.5486128003703556,0.3923703121379142,154.89325436026334,139.21013289894432,121.29211835530651,data/tiles/train/H616/H616__Samsung_A52_H616_01__x340_y690__t256.png
7.189970016479492,5.761812686920166,5.838718891143799,4.569687366485596,2.7637557983398438,0.2555937170982361,100.74791772760267,129.73763607998214,157.4138635122416,20.878682591951115,12.78917385968814,2.360356821306048,0.4236647573677752,145.8139986299332,130.32386918286835,112.68693865802558,data/tiles/train/H616/H616__Samsung_A52_H616_01__x596_y690__t256.png
6.751410961151123,5.478637218475342,5.340670108795166,4.15131139755249,2.4248528480529785,0.2542637586593628,107.13251065273113,131.69822725236742,158.56565033200596,19.031077587315927,12.27246360389903,2.427678431605672,0.4119161693662195,148.9626034612704,133.1953118195625,115.27807684367933,data/tiles/train/H616/H616__Samsung_A52_H616_01__x852_y690__t256.png
6.5076775550842285,5.220031261444092,4.7457756996154785,3.3588759899139404,2.1541872024536133,0.232455775141716,123.62903328547418,147.10218154200197,170.932654304553,17.66105954984193,11.901950635909719,2.5845237443354687,0.38691848050988575,164.1850422103741,148.19336064492524,129.9139076794233,data/tiles/train/H616/H616__Samsung_A52_H616_01__x1108_y690__t256.png
3.483889579772949,3.357393503189087,3.478539228439331,2.716718912124634,1.7270065546035767,0.2061108946800232,153.11956633386868,168.22835557795625,182.96412438388566,11.40824128142877,6.694498621378803,2.20626577123145,0.4532545503082522,185.26213848062523,169.22490977642963,150.563345600428,data/tiles/train/H616/H616__Samsung_A52_H616_02__x82_y200__t256.png
4.412288188934326,4.062695503234863,4.211935997009277,3.2386350631713867,2.055769920349121,0.2167058289051056,133.80290055732556,151.78871265526675,171.8025096297414,14.199832421790653,8.352687212625193,2.339559754105583,0.4274308438778481,168.61037939151285,153.21085497335548,135.5705578861806,data/tiles/train/H616/H616__Samsung_A52_H616_02__x338_y200__t256.png
5.6527180671691895,4.783874988555908,4.869450092315674,3.8864288330078125,2.37141489982605,0.23246854543685913,121.00277392203373,141.89336062586145,165.22610735227428,16.565115613313523,10.348128956391168,2.3317737397265565,0.42885807613446597,158.753145136852,143.6467468454188,125.58862934265227,data/tiles/train/H616/H616__Samsung_A52_H616_02__x594_y200__t256.png
5.745363712310791,4.707239627838135,4.656922817230225,3.5825328826904297,2.2718639373779297,0.23866118490695953,120.61087716736499,141.6987250606592,164.35959156035156,16.33666367617597,10.493982115800991,2.5880589321236482,0.38638996492226074,158.76321739331127,143.41587947867887,124.79578754259944,data/tiles/train/H616/H616__Samsung_A52_H616_02__x850_y200__t256.png
5.5642828941345215,4.808672904968262,4.942289352416992,3.8944380283355713,2.1750521659851074,0.21620140969753265,133.0360208883566,156.18178921801277,178.393950421212,16.923523765254284,10.399053518003461,2.3025491071755653,0.4343012693556211,172.50411825137218,157.1698519086675,138.74640801453438,data/tiles/train/H616/H616__Samsung_A52_H616_02__x1106_y200__t256.png
4.341939926147461,4.072189807891846,4.340104579925537,3.413762092590332,2.0302815437316895,0.21800293028354645,137.38499114370777,156.5136731862802,176.00543085314493,14.390551308536626,8.439057536549399,2.151166923183544,0.4648639718391007,173.466604003432,157.65506813850806,139.28337847511602,data/tiles/train/H616/H616__Samsung_A52_H616_02__x82_y456__t256.png
7.09535551071167,5.885558128356934,5.860806941986084,4.649138450622559,2.647495985031128,0.23953455686569214,105.62302293666119,131.89583657311772,160.49794857966887,20.3309597716135,12.927932368850595,2.391244780458225,0.418192235346301,148.2796701036995,133.34086918377733,116.49239998465579,data/tiles/train/H616/H616__Samsung_A52_H616_02__x338_y456__t256.png
8.314593315124512,6.5497965812683105,6.453934669494629,4.65064001083374,2.239520311355591,0.2566930055618286,92.55102331916207,118.54310765405893,152.31791024626116,21.853763997102728,14.842785547708557,2.461371162795413,0.40627761270441076,135.88094729990792,121.26469669758724,104.90253622486195,data/tiles/train/H616/H616__Samsung_A52_H616_02__x594_y456__t256.png
7.851742744445801,6.144786357879639,6.024097442626953,4.481390953063965,2.6703975200653076,0.25883153080940247,96.72771500533332,122.18105553291184,153.73558627689061,20.879503457870456,13.962783391211978,2.4516717508840946,0.40788494611458126,139.47011730937368,124.47589619992218,107.42893552439672,data/tiles/train/H616/H616__Samsung_A52_H616_02__x850_y456__t256.png
6.978106498718262,5.425333023071289,5.078433990478516,3.820823907852173,2.2471437454223633,0.23650459945201874,115.653878561226,140.29297130620083,166.30221991769966,18.602997264479768,12.538492133481187,2.305402748334486,0.4337636886754124,157.04787852178595,141.6667531514775,123.7434498019166,data/tiles/train/H616/H616__Samsung_A52_H616_02__x1106_y456__t256.png
4.226609230041504,4.0112996101379395,4.1503729820251465,3.038811445236206,1.6393903493881226,0.2170286923646927,139.8723442563864,158.52524160465842,176.15953095302794,13.578491327919739,8.27858850771849,2.4994679737909524,0.4000851423126243,175.14614205239084,159.40327806414751,140.7608251948737,data/tiles/train/H616/H616__Samsung_A52_H616_02__x82_y712__t256.png
6.249688625335693,5.188999652862549,4.986785888671875,3.63729190826416,1.9635409116744995,0.22726061940193176,119.76981255254155,143.45874888845222,166.40152566484133,17.43578887014869,11.54483279873582,2.380051498540141,0.42015897580929357,159.44999275908756,143.99028234197183,126.85370037432442,data/tiles/train/H616/H616__Samsung_A52_H616_02__x338_y712__t256.png
6.734299659729004,5.42949914932251,5.250347137451172,3.964437484741211,2.262714385986328,0.242746040225029,108.87421152159418,132.70843569803432,158.80038341690332,18.466799742958845,12.17980906711943,2.5079678545801207,0.3987291935077127,149.3829748976478,133.93016478837382,116.99213449532982,data/tiles/train/H616/H616__Samsung_A52_H616_02__x594_y712__t256.png
6.85789680480957,5.449070453643799,5.032602310180664,3.5896596908569336,1.7779666185379028,0.24173380434513092,111.56512342940282,136.10899310947104,160.90420945229266,18.297142833797555,12.350471020481297,2.348235016280133,0.42585175379256196,152.54522870262613,136.97483609961404,119.58073082990573,data/tiles/train/H616/H616__Samsung_A52_H616_02__x850_y712__t256.png
6.257752895355225,4.988728046417236,4.563617706298828,3.162505865097046,1.8270905017852783,0.2238190919160843,126.63444552156706,149.17573527693682,171.78127665524198,16.820198185899134,11.459451042468634,2.5609134350112583,0.39048567059261174,165.79104032093937,150.10235654297972,132.3492827212102,data/tiles/train/H616/H616__Samsung_A52_H616_02__x1106_y712__t256.png
5.495625019073486,4.306597709655762,3.8928277492523193,2.8327574729919434,2.0324487686157227,0.12225104868412018,126.6938007530545,147.2246812489863,165.21172928112983,14.323222262681025,9.77030661689776,2.494121570239768,0.4009427655540731,155.58119189394966,146.88845177540006,137.64631221074683,data/tiles/train/H617/H617__Motorola_Edge_H617_01__x34_y14__t256.png
6.231956481933594,5.144043922424316,4.762043476104736,3.367479085922241,1.9224066734313965,0.12465278059244156,116.24743940168423,140.01879280420678,160.90021667074032,16.448892099181364,11.305857641196894,2.669590421063544,0.3745892973355845,148.08455335761988,139.27258923458842,130.71333724671183,data/tiles/train/H617/H617__Motorola_Edge_H617_01__x290_y14__t256.png
8.375804901123047,6.225528717041016,5.754744052886963,4.478350639343262,2.8890957832336426,0.1271638572216034,102.01472726340278,135.1318867403464,161.1705930340175,21.587751896360228,14.282388657431701,2.653606409134479,0.376845637905347,142.00065321167136,133.2473426590148,125.0389689854865,data/tiles/train/H617/H617__Motorola_Edge_H617_01__x546_y14__t256.png
6.301056861877441,5.013920307159424,4.715126991271973,3.579442024230957,2.0587902069091797,0.12818650901317596,114.34978444462693,138.83936571288743,159.72892193046104,16.87620054446243,11.06154899792259,2.5085867017571357,0.39863083037933333,146.8490082372919,137.96547530650963,129.16036719420975,data/tiles/train/H617/H617__Motorola_Edge_H617_01__x802_y14__t256.png
3.7592673301696777,3.477130889892578,3.5890519618988037,2.7862274646759033,1.612269401550293,0.12231221795082092,129.83608653260833,147.19907666655612,162.1077613271622,12.00471313210774,7.0903327036433526,2.607912929897255,0.38344838454380353,155.66772670733005,146.68943321234244,137.72524102668675,data/tiles/train/H617/H617__Motorola_Edge_H617_01__x1058_y14__t256.png
4.9910759925842285,4.331387996673584,4.138173580169678,3.0704190731048584,1.9989458322525024,0.12521056830883026,125.12210827583908,145.60717368740035,163.3504438862376,14.211808663867771,9.129135857433702,2.497804984676565,0.40035151108063294,153.99520756977395,145.35021721228117,135.83226156981047,data/tiles/train/H617/H617__Motorola_Edge_H617_01__x34_y270__t256.png
7.2792439460754395,6.168898105621338,6.076040267944336,4.433905601501465,2.8364665508270264,0.13001827895641327,101.98119186431904,131.66757503450833,158.63332541659952,20.645444239178776,13.151946720833925,2.37826259799435,0.42047501434169876,139.61903109592282,130.99803435280086,122.57817347153515,data/tiles/train/H617/H617__Motorola_Edge_H617_01__x290_y270__t256.png
8.711496353149414,6.4586076736450195,5.7274675369262695,4.339841842651367,2.798893928527832,0.13182730972766876,97.6540224069167,127.87514217573066,156.3806431027017,21.277990790752927,15.04544819308815,2.5190749843617377,0.39697111289181086,135.9612752930989,127.27591672827354,119.15790119784067,data/tiles/train/H617/H617__Motorola_Edge_H617_01__x546_y270__t256.png
8.80357551574707,6.457695960998535,5.7647504806518555,4.393000602722168,3.0486044883728027,0.1358102262020111,98.51969214613202,128.31629808723105,157.6089420084948,21.639149382644057,15.31288604098509,2.460995864930393,0.4063395693792781,137.10202280487306,128.31116682186592,119.67065467094774,data/tiles/train/H617/H617__Motorola_Edge_H617_01__x802_y270__t256.png
4.734821319580078,4.065680503845215,3.9672024250030518,3.0531978607177734,1.955822229385376,0.12646737694740295,122.76566882664203,142.219475526091,159.6858054153106,13.732551846507087,8.735708664318274,2.7356172817099664,0.3655482097901227,150.77605831275503,141.82064462707106,132.84137919632627,data/tiles/train/H617/H617__Motorola_Edge_H617_01__x1058_y270__t256.png
5.8054280281066895,4.384249210357666,3.7165372371673584,2.7202308177948,1.966308355331421,0.11732525378465652,114.77296607374775,134.7936215241127,153.26855758783475,14.257129257217002,10.209976955878615,2.7257917848319364,0.36686587932528264,142.25792949550006,134.54229336124516,126.4860409962467,data/tiles/train/H617/H617__Motorola_Edge_H617_02__x35_y14__t256.png
8.596563339233398,6.090563774108887,5.194887161254883,3.608164072036743,2.065356969833374,0.12023337930440903,96.90952250258555,126.12638048301282,150.81432741971335,19.71026665814323,15.030985378604823,2.4939582758383643,0.40096901768087595,132.4980698149293,124.91636835692033,117.4733935666319,data/tiles/train/H617/H617__Motorola_Edge_H617_02__x291_y14__t256.png
9.071532249450684,6.212718486785889,5.1855926513671875,3.529958486557007,2.0135602951049805,0.1242038831114769,94.46932639108128,123.96441140491265,149.51558471318143,20.06525063787658,15.605592567095975,2.456476668477073,0.40708711498569367,130.80549366918115,122.64002100116886,115.52945234595362,data/tiles/train/H617/H617__Motorola_Edge_H617_02__x547_y14__t256.png
8.312285423278809,5.650056838989258,4.7211432456970215,3.2277345657348633,2.0545670986175537,0.12616369128227234,99.45716961740244,125.39894687394896,149.26508659840917,18.288124748810244,14.344236906757732,2.3260577048652853,0.4299119484045283,133.0233106235477,124.65405846386889,117.2558101770121,data/tiles/train/H617/H617__Motorola_Edge_H617_02__x803_y14__t256.png
6.426312446594238,4.658499240875244,3.860363006591797,2.461028575897217,1.3559465408325195,0.12058384716510773,112.08074866830445,132.7051311550418,151.66034237847722,14.619007048290452,11.397620732652294,2.5064034098157837,0.39897807195909385,140.50807943473993,132.13179080726007,124.54344777783092,data/tiles/train/H617/H617__Motorola_Edge_H617_02__x1059_y14__t256.png
5.9159345626831055,4.250275611877441,3.6452925205230713,2.675447702407837,1.7928967475891113,0.11934422701597214,116.13362634957389,135.42785134561004,153.69299566066667,13.90045423119018,10.321718333181932,2.5957770265102442,0.3852411011374106,143.28505198325584,135.30904870125227,127.14421197756523,data/tiles/train/H617/H617__Motorola_Edge_H617_02__x35_y270__t256.png
9.348546981811523,6.467115879058838,5.555241584777832,3.9973042011260986,2.4448153972625732,0.12276176363229752,91.90140719051067,123.28862035663735,150.09015717800256,21.259087979191236,15.952277798243191,2.475259595324751,0.4039980298990826,129.79537140774733,122.12327037920058,114.78945969768382,data/tiles/train/H617/H617__Motorola_Edge_H617_02__x291_y270__t256.png
10.127750396728516,6.880707263946533,5.695183753967285,3.8418350219726562,2.2336955070495605,0.12613703310489655,87.444301327893,118.38222576139799,148.21132690549928,22.109767477893325,17.411173564305,2.4426791117895132,0.40938656050789957,125.70007676211613,117.79579360121642,110.80332671218665,data/tiles/train/H617/H617__Motorola_Edge_H617_02__x547_y270__t256.png
9.434224128723145,6.180069923400879,5.096776485443115,3.582242965698242,2.2388336658477783,0.12970596551895142,91.7850070572734,120.56967854142376,147.20436182356747,20.25362595205876,16.011835912876574,2.7016825268194737,0.37013971481587776,128.0134121257659,119.84545294172088,112.43595166004481,data/tiles/train/H617/H617__Motorola_Edge_H617_02__x803_y270__t256.png
7.147685527801514,4.924464225769043,4.0593109130859375,2.7279903888702393,1.6789100170135498,0.1236775740981102,108.39597459343268,130.72598695070675,151.26302233090468,15.753205608069262,12.46287554477385,2.8485897774921587,0.3510508982028223,138.61846962805254,130.05762691766412,122.49222202216441,data/tiles/train/H617/H617__Motorola_Edge_H617_02__x1059_y270__t256.png
4.20390510559082,3.1390042304992676,2.6574087142944336,1.8267004489898682,1.1393017768859863,0.12551449239253998,127.40076997393277,140.95545683729674,153.1145502734604,9.72381308954465,7.291268530185233,2.3918437096807015,0.41808751798983335,149.51796838238639,140.88425703448397,131.85164220474175,data/tiles/train/H617/H617__Motorola_Edge_H617_03__x138_y15__t256.png
7.232142448425293,5.065998077392578,4.447509288787842,3.288893699645996,2.1165945529937744,0.12465288490056992,104.91343507629325,130.77529305640488,150.91208732388455,16.961523010041798,12.358411595426421,2.4429384699935066,0.4093430973734914,137.5350803280372,129.5612932054602,121.39297500837678,data/tiles/train/H617/H617__Motorola_Edge_H617_03__x394_y15__t256.png
7.170711040496826,4.734621047973633,3.711322546005249,2.4257709980010986,1.4382754564285278,0.12013886868953705,108.61534408284787,130.1999498842088,148.88076923243824,14.924699588108146,12.125036852516395,2.611652817445249,0.38289928635239207,137.3220332684922,129.77142600265407,121.7502846217183,data/tiles/train/H617/H617__Motorola_Edge_H617_03__x650_y15__t256.png
7.237919330596924,4.825253009796143,3.721808910369873,2.387691020965576,1.4086257219314575,0.11968273669481277,109.31171509153513,130.12660171966562,149.77410867499165,14.995675750122796,12.435506890319752,2.135842827444554,0.46819924535198965,137.66203382886434,130.03058577405957,122.11122701614754,data/tiles/train/H617/H617__Motorola_Edge_H617_03__x906_y15__t256.png
6.474175453186035,4.338351249694824,3.2781307697296143,2.1094486713409424,1.3592356443405151,0.11261919140815735,119.14756123907704,138.0178965839922,155.92305433114376,13.698680530493816,11.222687159492661,2.5202701447633533,0.3967828615824425,145.498888986716,138.26103359132628,129.96766669435428,data/tiles/train/H617/H617__Motorola_Edge_H617_03__x1162_y15__t256.png
5.451148986816406,3.9427993297576904,3.2568929195404053,2.1448636054992676,1.4604432582855225,0.12642398476600647,115.00849734672738,132.58198296747057,148.08338010956612,12.372228996737034,9.521339380449183,2.5384365093397414,0.3939432782032057,140.471031975857,132.26397142533918,123.76211925475558,data/tiles/train/H617/H617__Motorola_Edge_H617_03__x138_y271__t256.png
8.236942291259766,5.243721008300781,4.108952045440674,2.7554070949554443,1.610135555267334,0.1290731579065323,98.81256754955125,121.78436398392485,143.97820016154063,16.620420718820462,14.059792928143693,2.1901505329838993,0.45658962018358734,129.53096365510225,121.70211774760632,113.82458230414477,data/tiles/train/H617/H617__Motorola_Edge_H617_03__x394_y271__t256.png
9.781764030456543,6.36553430557251,5.21318244934082,3.393983840942383,1.7340490818023682,0.1305200606584549,87.68288634898947,113.96475568342834,143.46490484149442,20.278054119416456,16.700988242289363,2.7419273656167644,0.36470696216821985,122.29152292645908,114.80823618209106,107.3075043317473,data/tiles/train/H617/H617__Motorola_Edge_H617_03__x650_y271__t256.png
9.759596824645996,6.308089256286621,5.129098892211914,3.5990500450134277,2.086729049682617,0.1270965188741684,87.83472211193403,116.87916843326411,143.89586250951723,20.462317675199795,16.47460556310924,2.570927121658249,0.38896474021986266,123.93107010573182,116.6008674924433,109.11797557000249,data/tiles/train/H617/H617__Motorola_Edge_H617_03__x906_y271__t256.png
7.812649726867676,5.030749320983887,3.8538408279418945,2.6329047679901123,1.772578239440918,0.11908866465091705,105.32205251014261,127.68956419628074,148.1924931597038,16.034919322611422,13.408989230764407,2.5996753893736186,0.3846634099347865,134.87608562958943,127.77515136352534,119.73849954393874,data/tiles/train/H617/H617__Motorola_Edge_H617_03__x1162_y271__t256.png
2.69161319732666,2.7591757774353027,3.023179054260254,2.451380491256714,1.7119206190109253,0.19846142828464508,159.110248557965,173.8747082026473,186.68345166549054,10.311926942028839,5.256377774314421,2.2904828491687543,0.4365891673726843,189.12096926841312,176.79425046822536,154.6815124868404,data/tiles/train/H617/H617__Samsung_A52_H617_01__x97_y219__t256.png
3.880194664001465,3.716003894805908,4.076600074768066,3.3621816635131836,2.2054061889648438,0.20772896707057953,141.52043274272714,160.75118608443702,178.0683846617267,13.617855349448892,7.373791698027497,2.6747446232369745,0.3738674680612314,175.54411772425115,163.56686917265182,142.21562307405696,data/tiles/train/H617/H617__Samsung_A52_H617_01__x353_y219__t256.png
5.130533695220947,4.270114421844482,4.183176040649414,3.2738683223724365,2.0678062438964844,0.22477194666862488,132.86400223885605,151.758405412358,171.55437998499858,14.432709923710835,9.291170035707053,2.5790210397759,0.38774402557293347,167.61528631654105,155.56796605227214,133.40581952472604,data/tiles/train/H617/H617__Samsung_A52_H617_01__x609_y219__t256.png
5.5667595863342285,4.657773017883301,4.581447601318359,3.5213351249694824,2.3209359645843506,0.22186972200870514,131.803082297557,152.04463513474244,174.10354671388157,15.761979815879705,10.140875326128787,2.4794331009411064,0.40331800023982695,167.99741733526358,156.02026415772932,134.11545857224604,data/tiles/train/H617/H617__Samsung_A52_H617_01__x865_y219__t256.png
5.364758014678955,4.544604778289795,4.5779643058776855,3.828474998474121,2.577693462371826,0.19655586779117584,144.00078090669953,168.56273542835004,188.9814543726446,16.786285429331386,9.862837447895142,2.4046743636753787,0.4158567226838852,182.42805848989332,171.0175939666333,149.48417671049043,data/tiles/train/H617/H617__Samsung_A52_H617_01__x1121_y219__t256.png
3.421396493911743,3.2636659145355225,3.357041835784912,2.723884344100952,1.7780998945236206,0.20093773305416107,151.36836981577798,166.1652556082527,181.22113068335452,11.110457020876213,6.59483157029521,2.4225157503855543,0.4127940137606311,181.44458281712525,169.47921484169035,148.02534574513982,data/tiles/train/H617/H617__Samsung_A52_H617_01__x97_y475__t256.png
5.8649797439575195,5.041324138641357,5.0097270011901855,3.9942588806152344,2.747469902038574,0.2226753979921341,120.85249516664811,146.87185599063875,169.05905912778027,18.05021272352674,10.825875872921568,2.3239892640166473,0.43029458676227206,160.9158097362055,149.13338222387281,128.3741548844487,data/tiles/train/H617/H617__Samsung_A52_H617_01__x353_y475__t256.png
7.170543193817139,5.478768348693848,5.181736469268799,4.107602119445801,2.710101842880249,0.2396223396062851,107.34580792765843,132.012284441202,157.83096013638877,18.64623010985949,12.579213065855724,2.423484537081896,0.4126289995660935,146.91327218076648,135.33647397653618,115.16974473798474,data/tiles/train/H617/H617__Samsung_A52_H617_01__x609_y475__t256.png
7.389456272125244,5.700745105743408,5.450160503387451,4.152096271514893,2.6525044441223145,0.24225309491157532,108.61494960648862,132.7622971821506,161.15612522097,19.2780783608285,13.104253390812795,2.663650266843994,0.3754246615809824,148.6845472798677,136.9906835017272,116.23026439394441,data/tiles/train/H617/H617__Samsung_A52_H617_01__x865_y475__t256.png
6.880016326904297,5.476706027984619,5.057033538818359,3.4800758361816406,2.1378414630889893,0.21419242024421692,126.24849510022251,153.49213012004648,177.1225734436864,18.842845896276675,12.368611299932795,2.354257244625118,0.42476241807603987,167.56996381512005,155.844687893829,134.85096383613205,data/tiles/train/H617/H617__Samsung_A52_H617_01__x1121_y475__t256.png
3.340277671813965,3.015221118927002,2.954926013946533,2.2874915599823,1.620551586151123,0.1963459700345993,155.24532936647373,168.695415864892,182.691088466814,10.418221418672665,6.371534190626809,2.675654591387457,0.3737403188060427,184.03924494977434,172.19606298396872,150.85111622487872,data/tiles/train/H617/H617__Samsung_A52_H617_01__x97_y731__t256.png
5.464423656463623,4.486411094665527,4.323107719421387,3.306823968887329,1.992479920387268,0.20819781720638275,133.1675545327346,154.14509298350924,174.61261157316503,15.52521993984797,9.974961426354263,2.5087419627343155,0.3986061599217183,168.8706541977145,156.87952126195628,136.77204285786058,data/tiles/train/H617/H617__Samsung_A52_H617_01__x353_y731__t256.png
6.399543762207031,5.138375759124756,5.031026840209961,4.00585412979126,2.350902795791626,0.22472670674324036,117.37930338084452,142.6742136531428,167.02226275666706,18.344353701631874,11.362183325628806,2.367448044321201,0.42239575326634965,157.24530348521245,145.41931120444175,125.19482539817457,data/tiles/train/H617/H617__Samsung_A52_H617_01__x609_y731__t256.png
6.672208309173584,5.337372303009033,5.055637359619141,3.6476871967315674,2.3945038318634033,0.22301910817623138,118.02381169912432,144.3337836654315,168.7272801618275,18.820493096214868,11.92870663554599,2.4707213702488167,0.4047400941447695,158.735708373671,146.88873536891458,126.60398369745832,data/tiles/train/H617/H617__Samsung_A52_H617_01__x865_y731__t256.png
5.393447399139404,4.240489482879639,3.885119676589966,2.7896838188171387,1.8244001865386963,0.1945187896490097,142.5695525914607,163.41999538138944,182.22894327731365,14.80231331002863,9.811218574124394,2.3349215735125473,0.42827990941710586,177.59870379110302,165.78849478212084,145.87512902165642,data/tiles/train/H617/H617__Samsung_A52_H617_01__x1121_y731__t256.png
2.9492363929748535,2.9293174743652344,3.039140462875366,2.3770925998687744,1.6845325231552124,0.19237039983272552,160.72789266997924,174.96072585481298,187.78923241452765,10.18480470822458,5.72190051895232,2.2369540519359834,0.44703645080887777,189.8470454337573,178.1276883925106,156.23302810994153,data/tiles/train/H617/H617__Samsung_A52_H617_02__x68_y204__t256.png
3.8751578330993652,3.6898791790008545,3.9080424308776855,3.209813356399536,2.0311625003814697,0.1968970000743866,144.42587109975833,161.9178707503743,179.25355044630874,12.957475327560953,7.405377980022689,2.2155365663162314,0.45135793071684577,176.36650907161163,165.33245044174012,144.45883944447903,data/tiles/train/H617/H617__Samsung_A52_H617_02__x324_y204__t256.png
5.016566753387451,4.254995822906494,4.218188285827637,3.247091054916382,2.164153575897217,0.21488648653030396,134.62976849931925,153.95229459602638,173.41529326674492,14.29275739594516,9.142328085890666,2.285856395088361,0.4374728010686535,168.81168561878252,157.5982303462225,135.71053859265882,data/tiles/train/H617/H617__Samsung_A52_H617_02__x580_y204__t256.png
5.175764083862305,4.333703994750977,4.390588760375977,3.4958276748657227,2.3510820865631104,0.2229616343975067,133.75562614425274,152.39685499421898,174.04696211923388,15.134919292676237,9.524513007337724,2.325800665643081,0.42995946074488767,168.6619330326762,156.9220828717039,134.47043998480024,data/tiles/train/H617/H617__Samsung_A52_H617_02__x836_y204__t256.png
5.135928153991699,4.387719631195068,4.437514305114746,3.4959208965301514,2.3355658054351807,0.1946999877691269,146.4482836735589,169.78655039170937,189.8431683920021,16.14388768762329,9.422678778728871,2.54461129801038,0.39298733004207576,183.7327751869337,172.52985618185576,150.82681698562493,data/tiles/train/H617/H617__Samsung_A52_H617_02__x1092_y204__t256.png
3.591848373413086,3.3400561809539795,3.373967409133911,2.512627601623535,1.5339539051055908,0.20713308453559875,152.61837902822484,167.8374730583885,182.076588993883,10.98418284966016,6.778007528105962,2.370904321520546,0.4217799895689861,183.33184410344907,171.27813388063888,148.5888056577969,data/tiles/train/H617/H617__Samsung_A52_H617_02__x68_y460__t256.png
5.6121931076049805,4.728203773498535,4.524228096008301,3.332223892211914,2.212952136993408,0.22147639095783234,125.71473075326719,147.82099205609063,169.51879025969993,16.269768319715517,10.299121205049929,2.641420491058929,0.3785841759708263,162.63506300212453,151.14898647700886,129.88126360043415,data/tiles/train/H617/H617__Samsung_A52_H617_02__x324_y460__t256.png
7.522575378417969,5.755367755889893,5.3110432624816895,3.828798294067383,2.4278955459594727,0.2412380576133728,106.58205767766778,131.1899021505536,159.00341459451292,19.312674991193365,13.313519802041997,2.5878986945100775,0.3864138894313685,146.56025677006207,135.3479398715896,114.6703101179973,data/tiles/train/H617/H617__Samsung_A52_H617_02__x580_y460__t256.png
7.643723964691162,6.013497829437256,5.728084087371826,4.165217876434326,2.524550437927246,0.24641813337802887,106.82109039254074,132.15892163529907,161.36516526487844,20.044856687739777,13.722644233500693,2.091342196673325,0.47816182430148874,148.12437690052187,136.62649875036362,115.26714525523131,data/tiles/train/H617/H617__Samsung_A52_H617_02__x836_y460__t256.png
6.692975044250488,5.2574381828308105,4.92041015625,3.725687265396118,2.640324354171753,0.22008390724658966,124.08238405477267,152.81471099536367,177.73224386768848,19.709618397233722,11.951511323919906,2.5620069373553056,0.3903190055497174,167.04120663337804,155.3625064639717,133.58898631120198,data/tiles/train/H617/H617__Samsung_A52_H617_02__x1092_y460__t256.png
3.3618242740631104,3.0485031604766846,3.016669273376465,2.2307071685791016,1.4835206270217896,0.20056839287281036,157.69678179777682,171.41928299623873,184.84073758574164,10.127890975468606,6.383470073760359,2.0989479284829264,0.47642916073805514,186.79858161269297,175.06044755356734,152.4161318135546,data/tiles/train/H617/H617__Samsung_A52_H617_02__x68_y716__t256.png
5.335439205169678,4.388437747955322,4.181241512298584,2.92349910736084,1.676069736480713,0.20913048088550568,134.56390813651433,155.49961833503482,175.2751557339684,15.16172995174544,9.704717982857298,2.599454039478964,0.38469616496871806,170.07744080437737,158.43897802810102,137.58540352404322,data/tiles/train/H617/H617__Samsung_A52_H617_02__x324_y716__t256.png
6.354147434234619,5.009280681610107,4.693328857421875,3.3678574562072754,2.0881693363189697,0.22638171911239624,120.73229758292052,144.14139990955604,167.89605903621236,17.37051208514145,11.361528665582602,2.2826793005509294,0.43808168749707765,159.07472165617088,147.47809022476463,126.40358105955578,data/tiles/train/H617/H617__Samsung_A52_H617_02__x580_y716__t256.png
6.244578838348389,5.063307285308838,4.772830486297607,3.502859354019165,2.324517250061035,0.22834526002407074,120.86370805283781,146.0851702587021,169.52037655981505,18.071760652668427,11.289095460536227,2.438827704222483,0.4100330655866515,160.7459208543982,149.1092351648687,127.45966878821237,data/tiles/train/H617/H617__Samsung_A52_H617_02__x836_y716__t256.png
6.297237396240234,4.976362228393555,4.715277671813965,3.631979465484619,2.3157081604003906,0.20898428559303284,134.6295685057191,159.95132255638035,182.81610069689168,17.866022007699943,11.439380786321104,2.434000922381794,0.41084618777442733,174.56906456125895,162.80002928487582,141.2292230819942,data/tiles/train/H617/H617__Samsung_A52_H617_02__x1092_y716__t256.png
2.4222285747528076,2.5199220180511475,2.6402783393859863,2.049018144607544,1.438596487045288,0.19205793738365173,160.6479310528515,174.99191249251317,185.83172472164793,9.42879065650818,4.682137887619108,2.034961803224365,0.49140971511873877,189.13985193867993,177.79237706667897,155.68256091777178,data/tiles/train/H617/H617__Samsung_A52_H617_03__x98_y236__t256.png
3.923143148422241,3.7555718421936035,4.090295314788818,3.383946180343628,2.376798152923584,0.1978471726179123,138.73484832164976,158.8737546665548,176.5021635375371,14.034526984767584,7.413560035320556,2.4298046287898702,0.41155572269118434,172.3592011014625,161.84775316558085,141.01853030370327,data/tiles/train/H617/H617__Samsung_A52_H617_03__x354_y236__t256.png
4.5294013023376465,3.7436587810516357,3.4941372871398926,2.538372755050659,1.6447912454605103,0.21049785614013672,137.170714730105,153.80443183031514,168.769173019843,11.90203006706041,7.903578925295195,2.321932066212351,0.4306758214641692,167.92373086255208,157.16800220383564,135.59894070556084,data/tiles/train/H617/H617__Samsung_A52_H617_03__x610_y236__t256.png
5.083217144012451,4.054912090301514,3.672400951385498,2.6224865913391113,1.6576400995254517,0.21703341603279114,135.3542765365962,152.84904649557188,170.6859186687444,13.281147426372655,9.092895702371253,1.9759314932923613,0.506090420338292,167.87833060958732,156.917751913387,134.6410340824644,data/tiles/train/H617/H617__Samsung_A52_H617_03__x866_y236__t256.png
4.504738807678223,3.723376512527466,3.2974228858947754,2.309283971786499,1.5837631225585938,0.19265656173229218,152.6960427842345,171.03935798333865,187.82538829026248,13.034801341062513,8.200068243878555,2.569591152332514,0.3891669688745085,185.35726550836696,174.4874640605067,152.45779053891115,data/tiles/train/H617/H617__Samsung_A52_H617_03__x1122_y236__t256.png
3.169759511947632,3.065250873565674,3.074509382247925,2.3512394428253174,1.5331814289093018,0.19938072562217712,153.02723648067953,167.59046878736694,179.4259719067263,10.063806781677533,6.040054644512099,1.8760919622251049,0.5330229115282644,181.92644259225963,170.6841332032854,148.61487701040468,data/tiles/train/H617/H617__Samsung_A52_H617_03__x98_y492__t256.png
5.356363296508789,4.264330863952637,3.9337873458862305,2.921048879623413,1.7578709125518799,0.21978449821472168,127.05568949766673,146.16997039196062,165.88009757856912,14.491015004582918,9.677544542788175,2.4079696248362112,0.41528763057715873,160.84907076674443,149.8616219927913,128.66011139124424,data/tiles/train/H617/H617__Samsung_A52_H617_03__x354_y492__t256.png
7.040348052978516,5.307175636291504,4.857417583465576,3.467860460281372,1.8163844347000122,0.23678763210773468,109.42928413261438,130.35091789013214,156.50358038811123,17.292291432506122,12.456536630694881,2.240573052801402,0.44631439209254703,145.66218897700182,135.04234580284717,114.47134615249551,data/tiles/train/H617/H617__Samsung_A52_H617_03__x610_y492__t256.png
7.069563388824463,5.40056037902832,4.931924343109131,3.6512694358825684,2.1297903060913086,0.2394261509180069,110.17423691432118,133.24585819578564,158.46169166462684,17.78316177823182,12.55796141043971,2.040886390669459,0.4899831781777801,148.2733819763237,137.37157737481976,116.20245588259742,data/tiles/train/H617/H617__Samsung_A52_H617_03__x866_y492__t256.png
5.892920017242432,4.440247535705566,3.8362324237823486,2.7040374279022217,1.9162893295288086,0.21350792050361633,132.97596890804087,153.33537810528838,173.51624526474984,15.203841781484416,10.513826538209855,2.6704219024269666,0.3744726625748416,168.1173250504869,157.0812264615978,135.34297135633156,data/tiles/train/H617/H617__Samsung_A52_H617_03__x1122_y492__t256.png
3.4671413898468018,3.078988790512085,3.032217025756836,2.359740734100342,1.6964112520217896,0.20031923055648804,152.821216398167,168.7539081606166,182.57667710120472,11.027024246170294,6.541559442042547,2.6097607538048564,0.38317688644143605,183.42919044416388,171.99338594239492,149.70056676348554,data/tiles/train/H617/H617__Samsung_A52_H617_03__x98_y748__t256.png
5.051714897155762,4.0067458152771,3.762928009033203,2.6391942501068115,1.7900128364562988,0.20665782690048218,134.99724205853215,155.2543932606841,174.48413423089792,14.574254573161916,9.072853866795628,2.431902053515759,0.4112007712458309,169.54061399417074,158.39423062849391,137.48016491208293,data/tiles/train/H617/H617__Samsung_A52_H617_03__x354_y748__t256.png
5.557961463928223,4.337384223937988,3.9353156089782715,2.7646310329437256,1.7157632112503052,0.2208901196718216,125.54808934152656,145.4860650620714,165.16977608126902,14.799626649963468,10.00917901400268,2.4784276413395734,0.4034816200885763,160.0713028738841,148.96514736823508,127.89967511947013,data/tiles/train/H617/H617__Samsung_A52_H617_03__x610_y748__t256.png
6.333977222442627,5.054814338684082,4.880987167358398,3.628690242767334,2.21401309967041,0.2207595258951187,121.60734273020519,145.1655245759999,168.57401001977948,17.37400429521678,11.442282668619624,2.2306657201065194,0.448296663631092,159.70438718252822,148.65796182824616,127.62184286828922,data/tiles/train/H617/H617__Samsung_A52_H617_03__x866_y748__t256.png
5.4653096199035645,4.275229454040527,3.996194839477539,3.060882329940796,1.851944923400879,0.20046980679035187,140.08360306806574,161.23819277231277,182.45390059217036,15.628950535746908,9.888952736929266,2.3957906408075935,0.41739874218012285,175.88499107112216,164.6596943914331,143.5373064738174,data/tiles/train/H617/H617__Samsung_A52_H617_03__x1122_y748__t256.png
5.434778690338135,5.528836727142334,6.709509372711182,6.219719409942627,4.432881832122803,0.14400869607925415,143.6646768007303,175.66973493296078,205.76490423245318,23.02930640217181,10.430413828481885,2.441577795744353,0.40957122142206176,187.87172356678983,175.6194782550346,162.6350330223781,data/tiles/train/H637/H637__Samsung_A52_H637_01__x81_y203__t256.png
6.821524620056152,6.675534725189209,8.159543991088867,7.823642253875732,6.654005527496338,0.11537086218595505,120.94740438740403,162.6989672438389,201.80752920916393,29.62127550343054,12.370777410308248,2.1057118794872958,0.4748987787652519,171.320935270932,162.33294178904652,153.33938023803182,data/tiles/train/H637/H637__Samsung_A52_H637_01__x337_y203__t256.png
8.104843139648438,7.476434707641602,8.471099853515625,7.685864448547363,5.856723785400391,0.1194334328174591,112.35143698498221,154.70031886072005,195.80930840541131,30.352471470701403,14.483154854356593,2.5339144459394802,0.3946463155464736,163.48242477499667,154.9931836567636,145.58139996768676,data/tiles/train/H637/H637__Samsung_A52_H637_01__x593_y203__t256.png
8.707859992980957,7.643911361694336,8.644268989562988,7.917381763458252,5.65956449508667,0.13989220559597015,114.47485128476497,157.68331406147487,196.2129644199898,30.669791411045356,15.253081401508629,2.364997801865444,0.4228333739723682,167.6518313167423,157.18050908653183,145.9020126969236,data/tiles/train/H637/H637__Samsung_A52_H637_01__x849_y203__t256.png
8.1525297164917,7.237846374511719,8.554437637329102,8.360238075256348,6.776788234710693,0.1239887997508049,123.2655817563757,166.45749854387108,209.72208296446908,31.572032225757134,14.345312139523639,2.5182450416377913,0.3971019434032638,176.75291934979603,166.7875737365113,156.38437145967671,data/tiles/train/H637/H637__Samsung_A52_H637_01__x1105_y203__t256.png
6.320596694946289,6.045292377471924,7.355387210845947,7.166781425476074,5.832887649536133,0.1329093724489212,128.84614889728076,168.1942987975295,204.49447287790235,27.63829133561091,11.26557219995935,1.879589975513179,0.5320309285683293,178.69535141872367,167.9361804373911,156.52620519088518,data/tiles/train/H637/H637__Samsung_A52_H637_01__x81_y459__t256.png
9.54526138305664,8.446081161499023,10.050128936767578,9.567585945129395,7.269749641418457,0.11537293344736099,93.78031846237822,144.25935772545787,193.95978546704177,36.600006047543125,16.004476007511034,2.1755295826794163,0.45965819447436995,152.43586551437372,144.25088686450405,136.3552010342746,data/tiles/train/H637/H637__Samsung_A52_H637_01__x337_y459__t256.png
11.353996276855469,9.434173583984375,10.47241497039795,9.75657844543457,7.055586338043213,0.10822638124227524,83.47272413253228,136.5040756539703,186.5310272017921,37.840033887274615,18.7619475513016,1.9752056997240308,0.5062763843480791,143.09912003625035,135.50434531330944,128.65820460780776,data/tiles/train/H637/H637__Samsung_A52_H637_01__x593_y459__t256.png
9.575322151184082,8.231222152709961,9.215804100036621,8.328458786010742,6.085690021514893,0.14729933440685272,78.99628949261096,127.20176135075911,170.45793467173317,33.68740367044921,15.80946697830609,2.5457427829937447,0.39281266225334016,135.20521631494563,125.89632764779044,116.89254071711468,data/tiles/train/H637/H637__Samsung_A52_H637_01__x849_y459__t256.png
10.120506286621094,8.720656394958496,10.230903625488281,9.417141914367676,6.6352219581604,0.11372829973697662,94.88079372704063,148.033019859431,196.28534965646455,37.25118923062433,16.77258789797523,2.4453098113688165,0.408946136538923,155.46975112284923,146.5901291377555,138.96161494168499,data/tiles/train/H637/H637__Samsung_A52_H637_01__x1105_y459__t256.png
6.3071746826171875,5.969605922698975,7.074047565460205,6.8736443519592285,5.576317310333252,0.12848706543445587,133.26342827005345,170.56011048491996,204.8307800476703,26.223980435514516,11.289643793424396,2.629284273594057,0.38033164007521575,180.6516918695403,170.13769223955532,158.84246380025112,data/tiles/train/H637/H637__Samsung_A52_H637_01__x81_y715__t256.png
9.350109100341797,8.045546531677246,9.423775672912598,8.761310577392578,6.741490840911865,0.1293926239013672,98.87438366279311,147.81876952010148,193.5549116942469,34.673789130521065,15.52096861610299,2.3723213681462076,0.42152804987859865,156.9070087304093,147.1036559560078,137.96757171869163,data/tiles/train/H637/H637__Samsung_A52_H637_01__x337_y715__t256.png
9.51952838897705,8.349157333374023,9.487918853759766,8.808981895446777,6.98542594909668,0.1189354956150055,90.3675271517658,139.43755215653405,187.5219681050293,35.99861922428467,15.93093574721044,2.621797990189748,0.3814176392467319,148.03136182613198,139.56693698104394,131.8273895622096,data/tiles/train/H637/H637__Samsung_A52_H637_01__x593_y715__t256.png
9.834759712219238,8.83391284942627,10.028922080993652,9.299280166625977,7.3016533851623535,0.11529453843832016,85.46197680978725,136.15056137620095,187.07283013498295,37.2109067690066,16.65942848953845,2.2808164737540415,0.4384394849420217,144.12818396045523,136.02083766358302,129.38352087143065,data/tiles/train/H637/H637__Samsung_A52_H637_01__x849_y715__t256.png
9.32715129852295,8.113370895385742,9.297957420349121,8.801206588745117,7.109580993652344,0.12509140372276306,101.08350100146357,147.7802907214645,195.51580282354675,35.00526317802629,15.814732514222266,2.2869228199031806,0.4372688012454815,157.78454260573506,148.05554561698833,139.65705397152877,data/tiles/train/H637/H637__Samsung_A52_H637_01__x1105_y715__t256.png
5.486374855041504,5.343042850494385,6.375613689422607,5.937971591949463,4.643614768981934,0.12442465871572495,143.46862280365272,176.94483917544474,206.2244851818964,23.206953721889086,10.240180415332492,2.2055799308027875,0.45339549296498166,187.07841161006027,176.0614128553344,165.20094773274926,data/tiles/train/H637/H637__Samsung_A52_H637_02__x95_y199__t256.png
6.459920883178711,6.233547687530518,7.379695415496826,7.0555620193481445,6.060319423675537,0.1099328026175499,120.66720712466788,158.28773205798893,195.17479065953464,27.36586047783272,11.567750611727734,2.4872500984135995,0.40205044142437185,166.9009571190911,158.26077865657325,150.07591293985783,data/tiles/train/H637/H637__Samsung_A52_H637_02__x351_y199__t256.png
7.921446323394775,7.294830322265625,8.171706199645996,6.962324142456055,5.343505859375,0.11472739279270172,111.45778668141224,153.05539412828966,189.884222414104,28.86812715100464,14.190637928147126,2.3515433669653256,0.42525262942120573,160.41870644137612,152.19582272299937,143.5947433321646,data/tiles/train/H637/H637__Samsung_A52_H637_02__x607_y199__t256.png
8.259421348571777,7.195375919342041,8.21987247467041,7.81889533996582,6.379575252532959,0.1396171599626541,111.99779926175609,155.05706335135497,194.34111899536458,30.636353384406675,14.26994774499136,2.31279173663358,0.43237788520274006,164.94366672534792,154.4216708038697,143.50760242014402,data/tiles/train/H637/H637__Samsung_A52_H637_02__x863_y199__t256.png
6.8548502922058105,6.4398512840271,7.717949390411377,7.705504417419434,6.696934223175049,0.12797461450099945,119.89362230842046,170.99033771940972,206.63349608518752,31.814575276776605,11.800374231232059,2.7200515709664663,0.3676400883990182,177.5663277157154,167.13715994833274,156.2326107900538,data/tiles/train/H637/H637__Samsung_A52_H637_02__x1119_y199__t256.png
6.8863983154296875,6.487699508666992,7.564293384552002,6.888858318328857,5.277887344360352,0.1253821849822998,128.35407073047756,165.93269035800049,199.97269219739405,26.281153949878348,12.601645843163503,2.040588269804127,0.4900547625396222,175.4372624553809,165.0739238505945,154.77485192375016,data/tiles/train/H637/H637__Samsung_A52_H637_02__x95_y455__t256.png
8.024652481079102,6.8795599937438965,7.809761047363281,7.6773762702941895,6.884700298309326,0.11561764776706696,98.65787379756854,142.3048354916032,185.97735206307402,32.07975262970235,13.377559769601266,2.1401162634892588,0.4672643337468002,150.41435484181685,142.28577570095632,134.4789613628764,data/tiles/train/H637/H637__Samsung_A52_H637_02__x351_y455__t256.png
9.336047172546387,7.784266471862793,8.689007759094238,8.108031272888184,6.632684230804443,0.12015586346387863,86.86494160061561,131.4916975038322,174.64510638557212,32.66034720225067,15.521879292529048,2.610284018711351,0.3831000737205913,139.15966606620998,130.8788951110738,123.58894954633848,data/tiles/train/H637/H637__Samsung_A52_H637_02__x607_y455__t256.png
9.391759872436523,8.126762390136719,9.332181930541992,9.211385726928711,7.646775722503662,0.15064971148967743,78.47868207863611,129.20978388180694,176.06609534681112,35.77111006441772,15.539668742029466,2.589591495591127,0.38616129289215545,137.8180309208914,128.1193344449949,118.67319123939427,data/tiles/train/H637/H637__Samsung_A52_H637_02__x863_y455__t256.png
9.512900352478027,8.317748069763184,9.562552452087402,9.122966766357422,6.47695779800415,0.12563861906528473,99.99700999093551,150.18388041151476,195.81576846566486,35.405968270582086,16.18938090694806,2.5243842153925105,0.39613621171550245,158.85792448925912,149.31103919143735,140.31479681710334,data/tiles/train/H637/H637__Samsung_A52_H637_02__x1119_y455__t256.png
6.975864887237549,6.555198669433594,7.8265156745910645,7.337125301361084,4.813689231872559,0.1316244751214981,128.86582831693897,165.12585933668836,202.9559078247912,27.30864132027667,12.755528033930743,2.3302824825715183,0.4291325225500034,176.58345370074514,165.54881396399242,154.8561713097413,data/tiles/train/H637/H637__Samsung_A52_H637_02__x95_y711__t256.png
8.920717239379883,7.980447292327881,8.830476760864258,7.84312105178833,5.830005168914795,0.13356353342533112,103.0285378003166,146.24102238499293,190.08003000423074,32.03432288421641,15.405835861992577,2.4926581384388364,0.4011781577983673,156.7234939168703,146.22152702834194,137.2148642158398,data/tiles/train/H637/H637__Samsung_A52_H637_02__x351_y711__t256.png
9.307724952697754,8.163192749023438,8.879753112792969,8.022699356079102,5.957819938659668,0.14083079993724823,96.34892056845463,138.26833865716432,183.48453428759368,32.15602118520629,16.176037207475204,2.4010889822171437,0.41647769299936943,149.3733475140427,139.0573408112848,129.98152695437412,data/tiles/train/H637/H637__Samsung_A52_H637_02__x607_y711__t256.png
9.011664390563965,7.869792461395264,8.929759979248047,9.106224060058594,8.347726821899414,0.12756234407424927,87.84521990984406,142.2021259860895,188.90936411349958,37.12423842611072,14.885353081028219,2.6465336177438594,0.37785274794751667,149.43690463184743,140.12257412409244,131.98397729657134,data/tiles/train/H637/H637__Samsung_A52_H637_02__x863_y711__t256.png
9.56592845916748,8.529474258422852,9.80037784576416,9.021150588989258,6.462252140045166,0.11644803732633591,101.03743375171503,151.78271708195965,197.26488352255342,35.382957409099625,16.292423490189268,2.5715307818281117,0.388873431757677,159.67121440691662,150.19755726487944,142.3206614823017,data/tiles/train/H637/H637__Samsung_A52_H637_02__x1119_y711__t256.png
4.0080742835998535,4.452603816986084,6.779699802398682,7.7975850105285645,6.722380638122559,0.1411619931459427,132.34778600255302,169.74699972147792,203.391638153093,26.493684787399445,7.760494159201397,2.276042415946472,0.43935912309620073,180.73056734028972,169.50976753960154,156.8746221326024,data/tiles/train/H637/H637__Samsung_A52_H637_03__x96_y231__t256.png
4.749622821807861,4.983094215393066,6.954344272613525,8.09885311126709,7.505826950073242,0.11112326383590698,116.18466107627732,157.22755418622936,196.47161351973693,29.561321679473316,8.634749319535578,2.2961776859950396,0.4355063661228177,165.72213562065295,157.5815092735725,148.41519436012484,data/tiles/train/H637/H637__Samsung_A52_H637_03__x352_y231__t256.png
6.059746265411377,6.310457706451416,8.332292556762695,8.350491523742676,6.421855926513672,0.10949304699897766,107.43273663936816,146.65475566995207,188.35329263142998,29.69590827978467,11.40086696643869,2.210376374940183,0.4524116396362868,155.04129552716512,148.10352491719672,139.29167624473828,data/tiles/train/H637/H637__Samsung_A52_H637_03__x608_y231__t256.png
6.288933753967285,6.320694446563721,8.230172157287598,7.982504844665527,6.520133972167969,0.12417010962963104,107.34507095707109,150.72473169315222,187.52454757865158,29.946882746455707,11.269263616591457,2.4058852510236015,0.4156474210790156,158.23925037605613,150.0753193285622,139.85833946713578,data/tiles/train/H637/H637__Samsung_A52_H637_03__x864_y231__t256.png
6.170891761779785,6.388852119445801,8.816126823425293,9.265600204467773,7.506381034851074,0.10487312823534012,114.51163848324036,160.90169226544666,205.57157252642244,33.438834757219034,11.288099776112412,2.596275404667332,0.38516715068143276,168.6637466660418,161.29313705653695,152.0356283932883,data/tiles/train/H637/H637__Samsung_A52_H637_03__x1120_y231__t256.png
4.801894664764404,5.2262115478515625,7.127534866333008,7.245959281921387,6.19234037399292,0.13665974140167236,126.04785972783067,161.14872095870552,196.36678441108052,25.881309205408094,9.253520945318902,1.9806121758105963,0.5048944019496066,172.12729412195173,161.448292401545,150.10047028673878,data/tiles/train/H637/H637__Samsung_A52_H637_03__x96_y487__t256.png
6.403071880340576,6.697755336761475,8.93419361114502,9.474344253540039,8.149015426635742,0.1115027666091919,86.77670331800573,131.37150138747646,176.526736020042,33.29685625366691,11.609784283762812,2.228506328626208,0.4487310568314442,138.75272083021792,132.0295412706313,124.37184361331713,data/tiles/train/H637/H637__Samsung_A52_H637_03__x352_y487__t256.png
7.842864513397217,7.226511001586914,8.723915100097656,8.957779884338379,7.217179775238037,0.10023270547389984,77.07730844934987,122.80611422559285,167.5913786088359,33.57903476630018,13.35614977643721,2.3451686368207176,0.42640856793807086,128.67223356485115,122.90949257887189,116.80502015135008,data/tiles/train/H637/H637__Samsung_A52_H637_03__x608_y487__t256.png
8.05716323852539,7.7402567863464355,9.655370712280273,9.705975532531738,7.740774631500244,0.11329339444637299,79.47540724082172,125.8436687810965,176.99477829722062,35.67617387665077,13.637972336147529,2.400803319557453,0.41652724813140163,134.26800073480152,127.36417115069241,120.16238893003155,data/tiles/train/H637/H637__Samsung_A52_H637_03__x864_y487__t256.png
7.037193298339844,6.994628429412842,8.687984466552734,8.7472562789917,7.583615779876709,0.11395213752985,92.38067490746236,132.8174667751666,184.86195334487502,34.10086481602933,12.515548852651534,2.2016085517440063,0.45421335196388524,143.46710368432016,136.24725662052282,128.3202293188248,data/tiles/train/H637/H637__Samsung_A52_H637_03__x1120_y487__t256.png
4.871031284332275,5.153968811035156,6.875127792358398,7.352190017700195,5.935257434844971,0.13380247354507446,126.66837038847605,164.3963314438499,200.93236009210565,27.168398837537122,9.05896416933059,2.250490407538012,0.44434759492886644,175.0794581847136,164.35942659558373,153.12753006294417,data/tiles/train/H637/H637__Samsung_A52_H637_03__x96_y743__t256.png
6.972414493560791,6.757442474365234,8.570789337158203,8.561299324035645,6.79708194732666,0.12116964161396027,97.29184177465879,139.85811967603118,185.5619970776198,32.415657256982264,12.232242085447359,2.0565933322324437,0.4862410007497663,149.451055917554,141.0507885167964,132.48939132157264,data/tiles/train/H637/H637__Samsung_A52_H637_03__x352_y743__t256.png
7.507366180419922,7.0546698570251465,8.484330177307129,8.23489761352539,6.790727615356445,0.10820197314023972,86.62322546974768,130.2149282126779,175.88191865818158,32.90495611152751,12.890085312306564,2.7394093373355,0.36504219591098236,138.06864700449503,131.02415049775644,124.1385466256727,data/tiles/train/H637/H637__Samsung_A52_H637_03__x608_y743__t256.png
7.485382556915283,7.1719841957092285,8.45177936553955,7.995253086090088,6.305893421173096,0.10644945502281189,93.78960497030596,133.30454519214175,178.22393898901896,31.36323333530869,13.395843631547473,2.390912103080152,0.4182504236403024,142.1737605424978,134.94983717440743,128.11448637120185,data/tiles/train/H637/H637__Samsung_A52_H637_03__x864_y743__t256.png
7.123972415924072,6.933731555938721,8.486042976379395,8.302177429199219,7.224938869476318,0.1072317585349083,98.41092005424763,141.48781437669922,188.52164753417105,32.79629324750133,12.400224268883942,2.373689879488841,0.4212850249061784,150.2081804768154,142.2650206125888,135.18453739409657,data/tiles/train/H637/H637__Samsung_A52_H637_03__x1120_y743__t256.png
3.709174871444702,2.675698757171631,2.110208749771118,1.5350173711776733,1.2889140844345093,0.11575425416231155,150.72369429797178,163.51006407304445,175.06077293269448,9.106150064326604,6.136033904340575,2.4713380681884933,0.40463909526267544,172.48558707458062,163.80692759105742,153.5838302184221,data/tiles/train/H666/H666__Motorola_Edge_H666_01__x36_y15__t256.png
5.096118450164795,3.3938353061676025,2.5928421020507812,1.627737283706665,1.1378005743026733,0.12048524618148804,141.46504751691475,156.0642879378789,169.81890573889112,10.59961881616739,8.338016176402588,2.566489261251205,0.3896373209496633,165.19536054481944,156.3639393484103,146.4012477666664,data/tiles/train/H666/H666__Motorola_Edge_H666_01__x292_y15__t256.png
6.403768539428711,4.342094421386719,3.6317079067230225,2.844057559967041,2.129124641418457,0.13022446632385254,122.99889241759514,143.90512385972698,164.1274303782773,15.270093523896449,10.665944286117705,2.544845883086242,0.3929511042874069,153.11563223332863,143.99386347626154,134.38524126189105,data/tiles/train/H666/H666__Motorola_Edge_H666_01__x548_y15__t256.png
6.03627872467041,4.027009963989258,3.296365737915039,2.4751524925231934,1.740598201751709,0.12879548966884613,128.10001160522313,147.41003048226526,165.63467352915723,13.989173338697281,10.059675347436302,2.6078380706939535,0.38345939160781445,156.6486079148315,147.6158833751978,137.6753205981646,data/tiles/train/H666/H666__Motorola_Edge_H666_01__x804_y15__t256.png
4.514050483703613,3.3096494674682617,2.949117422103882,2.090895891189575,1.5073091983795166,0.11885833740234375,141.9339572293025,159.25202057550666,174.27417851071337,11.944837839010319,7.735088995802131,2.5969027110167007,0.38507410992246793,168.03038274582542,159.17842059813563,149.1570350410505,data/tiles/train/H666/H666__Motorola_Edge_H666_01__x1060_y15__t256.png
3.8952441215515137,2.770758867263794,2.3464748859405518,1.7895386219024658,1.6083271503448486,0.11298827826976776,151.17943065191335,164.66824443233293,177.15987865049684,9.764922549603716,6.564077445042146,2.619124877254635,0.3818069190531302,173.64260260960626,164.9953953034427,155.04898662093316,data/tiles/train/H666/H666__Motorola_Edge_H666_01__x36_y271__t256.png
5.502193450927734,3.901170492172241,3.3404128551483154,2.4172511100769043,1.5722523927688599,0.12393800914287567,133.43572778088947,151.66963858684835,168.47928168410192,13.077276672759078,9.370586192178136,2.5630686316431,0.3901573245656448,160.6810130399805,151.7311418874514,141.91168062301264,data/tiles/train/H666/H666__Motorola_Edge_H666_01__x292_y271__t256.png
6.542729377746582,4.181149482727051,3.428166627883911,2.3960065841674805,1.3564176559448242,0.13110099732875824,125.465051360219,143.05494098698122,162.41514373864763,13.82302769558354,10.999499789737,2.2809353835574093,0.4384166281994243,153.003304717049,143.90142842499995,134.16539821259738,data/tiles/train/H666/H666__Motorola_Edge_H666_01__x548_y271__t256.png
6.7732625007629395,4.476709842681885,3.5435807704925537,2.1897871494293213,1.3372584581375122,0.13168472051620483,125.82355543625721,143.0231866077017,162.56443610065216,13.917652915218405,11.481801950041469,2.4687059220850345,0.4050705234082373,153.1952832862609,144.1422217004629,134.25082834952727,data/tiles/train/H666/H666__Motorola_Edge_H666_01__x804_y271__t256.png
4.815555572509766,3.4591588973999023,3.0939700603485107,2.3859305381774902,1.8129135370254517,0.11950976401567459,139.11569459818875,157.28964941642832,173.7801080579883,12.893049506709772,8.260556861612669,2.62785823966542,0.3805380308974811,166.3034196708643,157.28851201749063,147.53531568207063,data/tiles/train/H666/H666__Motorola_Edge_H666_01__x1060_y271__t256.png
3.744724988937378,2.7351205348968506,2.3187215328216553,1.7379944324493408,1.3087854385375977,0.11914914101362228,141.10575743000254,153.8928464900723,166.0959486405171,9.354862261189744,6.2161841882316775,2.510229861723339,0.3983698924342624,162.8669828531506,154.10679544756738,144.53752503934138,data/tiles/train/H666/H666__Motorola_Edge_H666_02__x37_y15__t256.png
4.6593241691589355,3.2346692085266113,2.6173083782196045,1.7816429138183594,1.2308603525161743,0.12292506545782089,133.70780374640276,147.7446371148527,161.96928963837055,10.576237630929613,7.944522472086863,2.4456192815564624,0.408894388240009,156.95954113701163,148.04488614653943,138.77564505784932,data/tiles/train/H666/H666__Motorola_Edge_H666_02__x293_y15__t256.png
6.18326997756958,4.195334434509277,3.5617382526397705,2.8745696544647217,2.091240644454956,0.1303374171257019,118.76519779536561,138.91913575732877,158.3472535050764,14.704320432267139,10.298437474142332,2.798384913210592,0.35734898200716003,147.8873994669021,138.91765631314325,129.78817235001875,data/tiles/train/H666/H666__Motorola_Edge_H666_02__x549_y15__t256.png
5.888762474060059,3.9436357021331787,3.1960062980651855,2.1455647945404053,1.3895902633666992,0.1290608048439026,124.43044565488363,141.43811237751225,158.60948461634223,12.821125745953328,9.951737900166716,2.3869104508077155,0.4189516199326231,150.67549973402393,141.87803807717415,132.3941373919789,data/tiles/train/H666/H666__Motorola_Edge_H666_02__x805_y15__t256.png
4.509335517883301,3.3594329357147217,3.084784984588623,2.299373149871826,1.7354902029037476,0.12233562022447586,133.16050213612084,150.25268600006714,166.31898468526927,12.220598757591958,7.815233075957624,2.882258694608414,0.34695012001199316,159.17494778348882,150.25697216546467,140.81455777966653,data/tiles/train/H666/H666__Motorola_Edge_H666_02__x1061_y15__t256.png
4.201995372772217,2.9099302291870117,2.3997583389282227,1.8517770767211914,1.5796351432800293,0.11668787896633148,141.32223199116092,154.27529461477272,166.83144988856895,9.626111268261361,7.12170637442948,2.557426657848778,0.39101805595518685,163.26788165934946,154.44493681790203,145.26010500460987,data/tiles/train/H666/H666__Motorola_Edge_H666_02__x37_y271__t256.png
5.186067581176758,3.587606906890869,3.0584099292755127,2.152552366256714,1.502298355102539,0.12641549110412598,127.2396377286392,143.53675292506523,159.31500975874386,12.052695360294472,8.825645879675353,2.6133400504619164,0.3826520776824458,152.63146970440718,143.67737355842146,134.4787298631667,data/tiles/train/H666/H666__Motorola_Edge_H666_02__x293_y271__t256.png
6.8531413078308105,4.340071201324463,3.5699894428253174,2.4816415309906006,1.3294678926467896,0.13434559106826782,117.27497077817627,134.6870361841417,154.6260460944607,14.06509744568343,11.518265215317626,2.3026801426984385,0.4342765551572141,144.526854082021,135.59712181491486,126.32529805509486,data/tiles/train/H666/H666__Motorola_Edge_H666_02__x549_y271__t256.png
6.715085983276367,4.212231636047363,3.4293243885040283,2.3187053203582764,1.3342090845108032,0.13444176316261292,119.87309172113812,136.46902590462665,156.05867600796975,13.721897287242228,11.342323494516998,2.446830503833541,0.4086919786365515,146.47864376551053,137.73504885528288,128.00548785883294,data/tiles/train/H666/H666__Motorola_Edge_H666_02__x805_y271__t256.png
4.742408275604248,3.488260269165039,3.190873146057129,2.4554178714752197,1.7576138973236084,0.12314304709434509,130.27396822348268,147.6976240935706,164.33908901140245,12.655880716471579,8.196629437442649,2.476481932673982,0.4037986253024062,156.70531625068557,147.6767585098377,138.5250073864223,data/tiles/train/H666/H666__Motorola_Edge_H666_02__x1061_y271__t256.png
4.6747565269470215,3.2126412391662598,2.669487714767456,1.8736940622329712,1.371992826461792,0.10263382643461227,155.72989672271942,171.3379601043289,185.15107141569536,10.976938763982357,7.690358515407238,2.5746408008780075,0.3884036948606496,179.59853580200047,171.38077719324846,162.04723999284042,data/tiles/train/H666/H666__Motorola_Edge_H666_03__x41_y14__t256.png
6.1168904304504395,3.885784864425659,2.952881336212158,2.099658727645874,1.6526234149932861,0.10744082182645798,144.2556298024859,161.93812277939682,179.3507712490141,13.033339755787921,10.156448569550406,2.5899737699398937,0.38610429634706583,170.5783657951964,162.38831417637002,153.16825140357295,data/tiles/train/H666/H666__Motorola_Edge_H666_03__x297_y14__t256.png
7.30164098739624,5.092322826385498,4.239151954650879,2.700108528137207,1.5468072891235352,0.10934776067733765,129.1993647422053,151.54892611688354,173.58803799745962,16.413509835925588,12.512028506765258,2.1529932364074362,0.4644696430485015,159.82261609812363,151.75955090239117,143.2445224174303,data/tiles/train/H666/H666__Motorola_Edge_H666_03__x553_y14__t256.png
6.51676607131958,4.353665828704834,3.488363027572632,2.352257013320923,1.4870493412017822,0.10367029905319214,135.8022625178456,155.64032035275895,174.82646822873687,14.471265891234845,11.068099323404375,2.3638846096211985,0.42303249318089403,163.58810539000538,155.87387137095473,147.45303310496078,data/tiles/train/H666/H666__Motorola_Edge_H666_03__x809_y14__t256.png
5.383336067199707,3.682973861694336,2.9952542781829834,2.166546106338501,1.3817270994186401,0.10033375769853592,149.77239954823833,167.24334274814595,183.8942496055879,12.703985831464161,9.157373373080947,2.5585232864624916,0.39085045865759416,175.34666130063155,167.47458413071877,158.57758383069608,data/tiles/train/H666/H666__Motorola_Edge_H666_03__x1065_y14__t256.png
4.755823135375977,3.22739577293396,2.667170524597168,2.113189220428467,1.6946905851364136,0.09856344759464264,159.03953393088977,174.2722172330324,190.17434067058014,11.593982896962643,8.016842386947191,2.64952359329935,0.37742634280706233,182.95424289233395,175.05955704330339,165.7463714785807,data/tiles/train/H666/H666__Motorola_Edge_H666_03__x41_y270__t256.png
5.6991286277771,3.664832353591919,2.89968204498291,1.9917430877685547,1.5255166292190552,0.1077415719628334,145.2777736691779,161.7601008405327,179.21700843339943,12.777075533647833,9.43658918677537,2.5290477085010483,0.39540574764115227,170.83108051517289,162.41999965689115,153.35517490501564,data/tiles/train/H666/H666__Motorola_Edge_H666_03__x297_y270__t256.png
6.431489944458008,4.291423797607422,3.461751699447632,2.4011390209198,1.6436264514923096,0.11396820098161697,132.28350432326502,151.82256664493994,170.75909163284066,14.395625802395093,10.755883379745084,2.585320969894806,0.3867991679349156,160.51031103247084,151.92328273290923,143.20142218542452,data/tiles/train/H666/H666__Motorola_Edge_H666_03__x553_y270__t256.png
6.193042278289795,4.036526679992676,3.2773122787475586,2.217216968536377,1.4738986492156982,0.11218038946390152,137.6968324896388,154.089517948196,173.03479600971983,13.440391359882947,10.511114240910928,2.4999569471743177,0.40000688857073813,163.52164726062102,155.20991253877932,146.13854627126054,data/tiles/train/H666/H666__Motorola_Edge_H666_03__x809_y270__t256.png
5.771541118621826,3.8417811393737793,3.2230539321899414,2.3660216331481934,1.834025263786316,0.10166789591312408,146.73965805255298,164.78235166026502,184.09245852627922,13.861285685323823,9.773683585573067,2.4614318106547852,0.40626760232451126,173.51819517212672,165.48244058196096,156.71861755870373,data/tiles/train/H666/H666__Motorola_Edge_H666_03__x1065_y270__t256.png
2.0107648372650146,2.004842519760132,2.173480987548828,1.8743836879730225,1.8556748628616333,0.2164844572544098,164.28444974351316,175.95213586732993,185.5986534333462,8.429178769858687,3.5768517923275263,2.2099187419526185,0.4525053256557432,190.26093990549634,184.6375833316624,152.23747501795063,data/tiles/train/H666/H666__Samsung_A52_H666_01__x86_y227__t256.png
3.0037972927093506,2.8188130855560303,3.025775671005249,2.4079134464263916,1.7526906728744507,0.23235563933849335,144.54506840647966,158.52669378395976,172.25992735530983,10.47594598382459,5.383422693540807,2.3099847064520014,0.4329032989728925,172.65335678554766,167.4444785663064,135.7978397504509,data/tiles/train/H666/H666__Samsung_A52_H666_01__x342_y227__t256.png
3.6200709342956543,2.940030336380005,2.7926137447357178,2.1758227348327637,1.501603603363037,0.24881722033023834,137.8298449486046,151.1733214557021,165.13570592433257,10.325733194412056,6.2724017114549335,2.2467527590066823,0.4450868018259885,165.75348725449408,160.6024635441577,128.06501800346967,data/tiles/train/H666/H666__Samsung_A52_H666_01__x598_y227__t256.png
3.5883617401123047,2.887451171875,2.8282649517059326,2.2379462718963623,1.6664572954177856,0.26090309023857117,137.99856199112415,152.06304828993316,165.84698867305613,10.456272944569179,6.177518015663506,2.026608525801595,0.49343520826473614,167.29825119264407,161.52188695336412,127.60545142564999,data/tiles/train/H666/H666__Samsung_A52_H666_01__x854_y227__t256.png
2.991816759109497,2.533660411834717,2.451063871383667,1.8644754886627197,1.6375049352645874,0.22773250937461853,155.30318091631872,169.6562108606681,182.1160118053305,9.946910845389752,5.233482451441509,2.6619239361072182,0.3756681347786346,183.86003612673744,178.51464539245688,145.32114314538745,data/tiles/train/H666/H666__Samsung_A52_H666_01__x1110_y227__t256.png
2.4055559635162354,2.235511302947998,2.305433511734009,1.8475955724716187,1.358254075050354,0.23063580691814423,155.00515830424925,166.45424098950363,176.03422201432443,7.911087757042394,4.148082124786,2.2580037532759687,0.4428690601373779,180.79360761257655,175.03875535695192,142.4840604248866,data/tiles/train/H666/H666__Samsung_A52_H666_01__x86_y483__t256.png
4.191048622131348,3.4426355361938477,3.3616526126861572,2.676854372024536,1.9417229890823364,0.25793641805648804,125.33876292029117,142.21426283103696,160.0336603857282,13.041712034464606,7.453344038989599,2.471373565703599,0.40463328323870795,156.69823001940358,151.41033181040345,119.89934703757874,data/tiles/train/H666/H666__Samsung_A52_H666_01__x342_y483__t256.png
4.68182897567749,3.460129737854004,3.12835693359375,2.2640559673309326,1.2999612092971802,0.2724173367023468,118.6964990549883,132.12998685166775,148.05442332334417,11.262795035200638,7.979897121122395,2.429251867540579,0.41164936965240206,146.79184237706454,141.60958708186934,110.56354888316295,data/tiles/train/H666/H666__Samsung_A52_H666_01__x598_y483__t256.png
5.079673767089844,3.7259559631347656,3.2643978595733643,2.393815755844116,1.6092497110366821,0.2776356637477875,116.72113983769295,132.91162284933262,149.48395063042702,12.4089439499823,8.817592794501575,2.245209927079872,0.4453926503436601,147.34448674337577,141.94494831846077,110.35918343700041,data/tiles/train/H666/H666__Samsung_A52_H666_01__x854_y483__t256.png
3.925393581390381,2.985527515411377,2.6503498554229736,1.8445169925689697,1.3089631795883179,0.24632003903388977,139.32346209220023,153.00172757885608,166.91420892935955,10.452698370598801,7.008761135794465,2.5684684019038673,0.3893370848007139,167.6414799958675,162.28340441742304,129.88902155485806,data/tiles/train/H666/H666__Samsung_A52_H666_01__x1110_y483__t256.png
2.128413677215576,1.9906494617462158,1.9912612438201904,1.5552080869674683,1.1915756464004517,0.22561651468276978,158.1738564958728,169.42907338217142,178.4711713486577,7.550921000936859,3.8866512733017884,2.5368333172007054,0.3941922369197911,183.57750661148603,177.8836828570555,145.45505078103037,data/tiles/train/H666/H666__Samsung_A52_H666_01__x86_y739__t256.png
3.799546957015991,3.0267579555511475,2.852989435195923,2.0825157165527344,1.549687147140503,0.24051830172538757,136.28418490372212,152.19101171151104,166.99452456973,11.467177993154571,6.640934572320266,2.4713024645896438,0.4046449248234973,166.0643422903913,160.55626979303835,129.49785158403654,data/tiles/train/H666/H666__Samsung_A52_H666_01__x342_y739__t256.png
4.361289978027344,3.332465648651123,3.05971097946167,2.4100959300994873,1.8993717432022095,0.25906994938850403,121.60833632685728,140.39257051902152,157.9080278051754,13.55702629117114,7.453575999299114,2.334964755480992,0.4282719889679897,154.1661297278409,148.76545526822025,117.83929226752657,data/tiles/train/H666/H666__Samsung_A52_H666_01__x598_y739__t256.png
4.0288543701171875,2.985037326812744,2.635924816131592,1.8917864561080933,1.4831175804138184,0.250569224357605,129.20629356686806,146.3018253144387,161.6004960656992,12.046126982856974,6.8805290610771435,2.481929760715823,0.4029122885861146,159.9605466538594,154.61264922087986,123.38156999746765,data/tiles/train/H666/H666__Samsung_A52_H666_01__x854_y739__t256.png
3.4509997367858887,2.543271541595459,2.1363186836242676,1.5514025688171387,1.082061767578125,0.22650977969169617,148.4044414084087,161.5894557587619,175.10287921100735,9.931228385183712,6.073420038889113,2.2598744655323895,0.44250245544697386,175.8142212467994,170.38987418877156,139.167145130003,data/tiles/train/H666/H666__Samsung_A52_H666_01__x1110_y739__t256.png
7.792189121246338,5.233741283416748,4.060044288635254,2.5436770915985107,1.5293726921081543,0.11652735620737076,129.5220713715784,152.51334319378637,174.5146639865046,16.628201560706685,13.660823789119462,2.532149130817772,0.3949214474887758,161.35312850723295,152.28206308836556,143.5932537783687,data/tiles/train/H668/H668__Motorola_Edge_H668_01__x54_y15__t256.png
9.652520179748535,6.73762845993042,5.695662021636963,3.8453009128570557,2.1219589710235596,0.11659213900566101,112.50103665814053,143.08489811626754,171.3605631363674,21.57906391548912,16.900760617065252,2.5162895245476258,0.3974105484462398,151.1291113182267,142.36317611081972,134.49576220275628,data/tiles/train/H668/H668__Motorola_Edge_H668_01__x310_y15__t256.png
10.374932289123535,7.144150257110596,6.057900428771973,4.144484996795654,1.9027588367462158,0.11530221253633499,107.00673330019781,138.79131024176732,169.89427904090476,22.90819921537066,18.046367624832527,2.6738432979145736,0.37399349497404577,147.0418496963108,138.34827164700025,131.03686716854472,data/tiles/train/H668/H668__Motorola_Edge_H668_01__x566_y15__t256.png
10.348237037658691,7.257205486297607,6.32973051071167,4.540981769561768,2.503176689147949,0.11895523965358734,104.56660289042759,139.16875182789238,169.64322071249347,23.756875097621464,17.872593505978557,2.6608353130681968,0.3758218312455064,146.62670538730487,137.85942865909774,130.18429645000631,data/tiles/train/H668/H668__Motorola_Edge_H668_01__x822_y15__t256.png
8.374735832214355,6.089701175689697,5.274232387542725,3.547532081604004,2.063586711883545,0.11731225252151489,120.42079025005485,149.07913320709886,173.85088662566739,19.68059030205356,14.824360364658556,2.587678439316797,0.3864467797876855,156.98218972619784,147.9221801785954,139.60024246110513,data/tiles/train/H668/H668__Motorola_Edge_H668_01__x1078_y15__t256.png
8.242693901062012,5.597694396972656,4.3698039054870605,2.7589125633239746,1.6153860092163086,0.11161651462316513,127.62516155114099,151.70214254495426,174.35743920079267,17.264498680040955,14.56552869588755,2.58931254684995,0.3862028943615009,160.06923598802663,151.26162087362007,143.15968566951642,data/tiles/train/H668/H668__Motorola_Edge_H668_01__x54_y271__t256.png
10.037095069885254,7.001301288604736,6.0551652908325195,4.316372871398926,2.619330883026123,0.11599655449390411,106.68778148381777,138.68990329575135,169.2592627246859,22.832957717405865,17.417916560467184,2.4062745379208272,0.41558017767335187,146.63539575611455,138.0431816518497,130.57923837478594,data/tiles/train/H668/H668__Motorola_Edge_H668_01__x310_y271__t256.png
11.060162544250488,7.582857131958008,6.456778526306152,4.3513264656066895,2.552333116531372,0.11727070808410645,97.05236764228344,130.18225133710231,163.9108248633278,24.39143098014532,19.018771467750007,2.410750438615054,0.4148085940303666,138.43841453162509,130.0310314084185,123.13067050272693,data/tiles/train/H668/H668__Motorola_Edge_H668_01__x566_y271__t256.png
11.856380462646484,8.179636001586914,7.16435432434082,5.328193187713623,2.8010456562042236,0.12175992876291275,91.79279846698846,128.52295072713724,165.37229424305804,26.890846908856858,20.24729697793833,2.4670971499164924,0.40533466630361453,136.745640640603,128.26855848583557,121.07555547474361,data/tiles/train/H668/H668__Motorola_Edge_H668_01__x822_y271__t256.png
9.598797798156738,6.972143173217773,6.176922798156738,4.169116973876953,2.2030999660491943,0.11605901271104813,110.68705516056184,143.95747019155374,172.4992196387515,22.564585819607604,16.807870735847118,2.5291723413809546,0.3953862627858683,151.30496719020164,142.58797817227693,134.72337271124132,data/tiles/train/H668/H668__Motorola_Edge_H668_01__x1078_y271__t256.png
8.287537574768066,5.603663444519043,4.5198798179626465,3.02866792678833,1.7193137407302856,0.1097741350531578,129.8733483012464,155.05162738644373,178.64483005680526,17.934948574848942,14.5190544263146,2.43436858065598,0.41078413841939,163.43380936720496,154.6025277780875,146.43805024662535,data/tiles/train/H668/H668__Motorola_Edge_H668_02__x65_y15__t256.png
10.791180610656738,7.235835552215576,6.023014545440674,4.200057029724121,2.418877363204956,0.11358197033405304,109.96903372728009,143.442768195232,173.85327413103855,23.419155889806518,18.690096938480536,2.4918422191693743,0.4013095180373571,151.1325838907302,142.42201039620826,134.9106122201933,data/tiles/train/H668/H668__Motorola_Edge_H668_02__x321_y15__t256.png
11.48784065246582,7.910475730895996,6.771268844604492,4.7722554206848145,2.828883171081543,0.11997374147176743,100.79256260482295,138.1375559337281,171.8700425840988,25.908126207454558,19.72665890583041,2.6295084228259453,0.3802992191693743,145.80063232007637,136.88459725098602,129.32387346005476,data/tiles/train/H668/H668__Motorola_Edge_H668_02__x577_y15__t256.png
11.221575736999512,7.810795307159424,6.689302444458008,4.819450378417969,2.6976239681243896,0.12298576533794403,102.50266786242355,140.6956519401513,172.07017062020782,25.397733063076288,19.314994113103953,2.2482954198823206,0.44478140690796836,147.7449184139517,138.72165670758713,130.6453097272889,data/tiles/train/H668/H668__Motorola_Edge_H668_02__x833_y15__t256.png
10.797492027282715,7.673215389251709,6.593152046203613,4.884811878204346,2.8214519023895264,0.11842215061187744,110.0382421329665,147.748227619222,178.57733290212232,25.264127968737743,18.746682901936733,2.562317663581447,0.39027167248352135,155.00305292758995,145.88834949814176,137.69044952170614,data/tiles/train/H668/H668__Motorola_Edge_H668_02__x1089_y15__t256.png
8.336538314819336,5.580722332000732,4.3109049797058105,2.8229713439941406,1.6496399641036987,0.10482116788625717,133.15680828670233,158.3062888304335,180.28835405068813,17.462262718998566,14.557515967404914,2.709506815555484,0.36907085609046053,166.09621745078957,157.36758512361132,149.56829203835267,data/tiles/train/H668/H668__Motorola_Edge_H668_02__x65_y271__t256.png
10.829713821411133,7.385622978210449,6.375507831573486,4.4893479347229,2.6064414978027344,0.11314843595027924,106.97570108361909,141.37141329491854,172.9168135285366,24.183475794423646,18.68013109151723,2.7785702300486093,0.35989732747640707,149.12635101891112,140.38981995459255,133.18373749185915,data/tiles/train/H668/H668__Motorola_Edge_H668_02__x321_y271__t256.png
11.76537036895752,8.182333946228027,7.208207130432129,5.232752799987793,3.3086063861846924,0.12136129289865494,94.41724837906123,132.7088268814891,168.8772274594012,27.14688631610076,20.156722778448085,2.344951381084056,0.42644807396292644,140.6604482498012,131.75359618030132,124.5997464520483,data/tiles/train/H668/H668__Motorola_Edge_H668_02__x577_y271__t256.png
12.444116592407227,8.89626693725586,8.140852928161621,6.309414386749268,3.576563835144043,0.12461496144533157,88.91749799129111,131.89089021036656,170.9865147012467,30.06307496679416,21.327424327687556,2.6175248433678826,0.38204030900938196,139.6580901966535,130.70567869925685,123.30571916834681,data/tiles/train/H668/H668__Motorola_Edge_H668_02__x833_y271__t256.png
11.080434799194336,7.787302494049072,6.729194641113281,4.5410075187683105,2.6255977153778076,0.11823411285877228,107.97826749863275,146.16688425826345,177.14846580635881,25.429669775512995,19.243501695934466,2.7287173546933667,0.36647254736002977,153.176802257604,144.12924984007282,136.09583974293366,data/tiles/train/H668/H668__Motorola_Edge_H668_02__x1089_y271__t256.png
8.982645034790039,5.962906837463379,4.893622398376465,3.3427295684814453,2.140272378921509,0.10506931692361832,125.60267093828598,151.86700230068348,177.86720422422272,19.308793515737165,15.502538209371487,2.3277404218262787,0.429601166274128,160.18109789716135,151.69610120480894,144.20767818606774,data/tiles/train/H668/H668__Motorola_Edge_H668_03__x52_y14__t256.png
13.119162559509277,9.506972312927246,8.779618263244629,6.328615188598633,3.4862570762634277,0.10201418399810791,92.09816970230509,138.4541621865986,178.58609099246038,31.955225162719657,22.41361671504944,2.5946127804963712,0.38541396524250976,144.4404416296469,136.64972560354255,130.4465178109911,data/tiles/train/H668/H668__Motorola_Edge_H668_03__x308_y14__t256.png
11.803057670593262,8.011368751525879,6.884786605834961,5.173937797546387,2.9807357788085938,0.10833809524774551,98.64537787819366,135.2537256823803,171.7160072694165,26.611858069835858,20.189274161489507,2.6457226251334567,0.3779685710438212,143.1505447803898,134.63541278499846,128.47921169046023,data/tiles/train/H668/H668__Motorola_Edge_H668_03__x564_y14__t256.png
10.995230674743652,7.476208209991455,6.4149651527404785,4.364265441894531,2.453498125076294,0.11058410257101059,103.57285824899901,137.7646889570217,170.25204149196492,24.385439331201646,18.951976938705236,2.6851440674575424,0.37241949589202517,145.31713448056908,136.6873012272262,130.12546320132796,data/tiles/train/H668/H668__Motorola_Edge_H668_03__x820_y14__t256.png
8.89561653137207,6.029776573181152,4.722198009490967,2.9202475547790527,1.6951361894607544,0.10340184718370438,123.49606940409076,150.09877496362512,174.41778150476853,18.787113970319187,15.538891831949147,2.515448955896575,0.39754334813904924,157.72635947226132,149.11429388004845,142.24751036391018,data/tiles/train/H668/H668__Motorola_Edge_H668_03__x1076_y14__t256.png
9.369269371032715,6.330086708068848,5.268998622894287,3.8341166973114014,2.1859781742095947,0.10181045532226562,125.04732812334287,155.8395750975265,181.16686663591727,20.73268344996608,16.176290320284874,2.615699959097923,0.38230684544754523,162.71104402116597,154.32068570480408,146.96456255962576,data/tiles/train/H668/H668__Motorola_Edge_H668_03__x52_y270__t256.png
11.921463966369629,8.449444770812988,7.426836013793945,5.3310465812683105,2.7208285331726074,0.10428695380687714,100.99788274556711,140.6218872005667,176.4605303119035,27.600821997527326,20.64196652457303,2.721080385557139,0.3675010871813149,147.45650162841935,139.352924741208,132.8675561004964,data/tiles/train/H668/H668__Motorola_Edge_H668_03__x308_y270__t256.png
12.161121368408203,8.423776626586914,7.167092800140381,5.31896448135376,3.167703866958618,0.11059969663619995,94.05407946399276,133.46128441801466,170.729437708266,27.978121889491064,20.71693214672916,2.5681892791029886,0.389379399772776,140.7587235004395,132.20569546057902,126.04848712216777,data/tiles/train/H668/H668__Motorola_Edge_H668_03__x564_y270__t256.png
11.316374778747559,7.675204277038574,6.518868923187256,4.429682731628418,2.636970043182373,0.11054925620555878,101.83227406343974,137.4674324633796,170.59513562983892,25.235668712858054,19.341454580991563,2.8716074458996053,0.34823701318504,144.94390597096674,136.33429472067786,129.79592801264312,data/tiles/train/H668/H668__Motorola_Edge_H668_03__x820_y270__t256.png
10.089654922485352,6.9012956619262695,5.666674613952637,3.953890562057495,2.4578771591186523,0.1023305281996727,116.28957302790381,148.7749050003211,176.96349135051378,22.336575196300096,17.55239146956387,2.417569225314708,0.4136386207802693,155.68357671178873,147.2310107391147,140.5566925860085,data/tiles/train/H668/H668__Motorola_Edge_H668_03__x1076_y270__t256.png
3.613210439682007,3.592350721359253,3.825216293334961,2.9991843700408936,2.0404927730560303,0.18884502351284027,143.96270993999897,160.4890691897266,176.47818832653945,12.335608359379776,6.984077288898077,2.221840109098805,0.4500773912149815,175.58447587239917,160.86887632677286,145.26165184797333,data/tiles/train/H668/H668__Samsung_A52_H668_01__x83_y226__t256.png
4.582132339477539,4.327931880950928,4.565801620483398,3.5442585945129395,2.3262779712677,0.1968773901462555,124.40102489456422,145.25235639242746,165.7172695485175,15.490693437322902,8.804767937190586,2.5311340396026774,0.39507982760050675,159.52059074337507,145.78556556021596,130.89456836373546,data/tiles/train/H668/H668__Samsung_A52_H668_01__x339_y226__t256.png
5.400013446807861,4.6345391273498535,4.5702362060546875,3.4448814392089844,2.0666720867156982,0.21437381207942963,115.72275519510755,135.8249481788139,157.20173849331886,15.419474406436198,10.011097586816883,2.295041706989192,0.4357219291286323,150.58517498135788,136.9478932715141,121.36608433683216,data/tiles/train/H668/H668__Samsung_A52_H668_01__x595_y226__t256.png
5.288083076477051,4.291844844818115,4.045323371887207,2.955061674118042,1.8192816972732544,0.2236892133951187,118.37622620731395,137.63759958392166,156.5104812609437,14.189144658153708,9.608422330264736,2.148382738716467,0.46546640967588554,152.85352153220848,138.40458926201936,122.03697007831039,data/tiles/train/H668/H668__Samsung_A52_H668_01__x851_y226__t256.png
5.150944709777832,4.4672322273254395,4.346495151519775,3.2522740364074707,1.9588168859481812,0.21248690783977509,128.78608120578485,149.29358527010967,170.39205547156857,15.522888519168736,9.558854662680526,2.510154217285256,0.39838189746027036,165.21142873445243,150.1782094826964,133.42252212057332,data/tiles/train/H668/H668__Samsung_A52_H668_01__x1107_y226__t256.png
3.7003822326660156,3.532801628112793,3.472147226333618,2.4385464191436768,1.427882432937622,0.2003757655620575,133.52014052658865,148.71870286365996,164.45965381872645,11.542840502975952,7.215564921991533,1.954737193711871,0.5115777216583727,163.7963950953794,149.33672130684002,133.93580184008775,data/tiles/train/H668/H668__Samsung_A52_H668_01__x83_y482__t256.png
6.481945037841797,5.373083114624023,5.296222686767578,4.016700267791748,2.602969169616699,0.2153250277042389,100.86892777520579,126.25036721879913,151.33061099240214,18.874459866626555,11.5846312720045,2.2036532768702446,0.4537918966182637,139.9178359850666,126.57571755300184,112.701134221867,data/tiles/train/H668/H668__Samsung_A52_H668_01__x339_y482__t256.png
7.956876277923584,6.100929260253906,5.699070930480957,4.209356784820557,2.271536350250244,0.22759795188903809,87.74898441017518,111.8820754278778,142.17622271817595,20.20942151496199,14.013202543342727,2.450669115083725,0.408051823008279,126.64939027894876,113.75655676216991,100.76604324549994,data/tiles/train/H668/H668__Samsung_A52_H668_01__x595_y482__t256.png
8.316289901733398,6.660705089569092,6.429161071777344,4.9457502365112305,2.909442186355591,0.2326054573059082,84.95087908774518,112.0759123913712,145.97746404671375,22.73075085803544,14.849789220888788,2.67739444001813,0.3734974514973701,127.26364381161733,114.06460288087857,100.74123384683435,data/tiles/train/H668/H668__Samsung_A52_H668_01__x851_y482__t256.png
7.942367076873779,6.414330959320068,6.3331427574157715,4.690988540649414,2.4872899055480957,0.214781254529953,102.48634429282613,131.40556914696936,162.10788630401137,21.992866072237288,14.354494602483799,2.4572165512804545,0.40696453858692283,146.23480392984752,132.05379209266167,117.87216849950482,data/tiles/train/H668/H668__Samsung_A52_H668_01__x1107_y482__t256.png
4.231267929077148,3.877267837524414,3.8853654861450195,2.828768730163574,1.7657941579818726,0.18478548526763916,136.3335776034842,153.64431308358775,171.25706977600944,13.263483330470184,8.108518808437303,2.385359779097529,0.41922397147919443,168.00341698185295,154.4292773854345,139.54766616912056,data/tiles/train/H668/H668__Samsung_A52_H668_01__x83_y738__t256.png
5.474234104156494,4.557551860809326,4.322910785675049,3.168130397796631,1.9296966791152954,0.19784870743751526,115.92238367862576,137.819980388897,159.20319956323692,16.165008589366128,10.030664265796453,2.470297390111801,0.40480956017799213,151.53729136316355,137.7986505613559,124.26076641085048,data/tiles/train/H668/H668__Samsung_A52_H668_01__x339_y738__t256.png
7.103504180908203,5.657279014587402,5.43630313873291,4.117218971252441,2.347137451171875,0.2103794515132904,99.64888315713443,124.84228747898949,152.60543221622788,19.466078597550148,12.707814477308817,2.2734742167018163,0.4398554391572226,138.81310476410385,125.49372971562998,112.3962417996578,data/tiles/train/H668/H668__Samsung_A52_H668_01__x595_y738__t256.png
7.899411201477051,6.43457555770874,6.499509334564209,5.013326168060303,3.1377787590026855,0.21120978891849518,94.11909097539677,124.07543860545412,156.22214760588778,22.96236304879115,14.22528885721008,2.011033883143737,0.49725666403827856,138.19854125669144,124.50873277920184,111.82990255152377,data/tiles/train/H668/H668__Samsung_A52_H668_01__x851_y738__t256.png
8.22188949584961,6.857761859893799,7.015356063842773,5.354773998260498,3.0529401302337646,0.19320860505104065,102.97753617052881,138.1608326801385,169.2474851020302,24.314988223567504,14.788208169923417,2.524664018501953,0.3960923087870381,150.8765225862796,136.6264309049811,124.35189134943397,data/tiles/train/H668/H668__Samsung_A52_H668_01__x1107_y738__t256.png
3.4963855743408203,3.4337263107299805,3.735718011856079,2.842053174972534,1.789631724357605,0.19868087768554688,142.94635259742225,159.175642470468,175.134908734697,12.04670123452852,6.819939933034916,2.3114485304889683,0.4326291443696815,175.22211485143166,158.97753348393374,143.58020436106557,data/tiles/train/H668/H668__Samsung_A52_H668_02__x79_y181__t256.png
4.293507099151611,4.2339630126953125,4.684906482696533,3.6816868782043457,2.2526049613952637,0.21187222003936768,125.19096211381809,146.40383467338242,166.20202548052973,15.350623953921872,8.340919546960068,2.5483712991800282,0.3924074958471566,161.78509189526477,145.90881747185009,130.81575330638367,data/tiles/train/H668/H668__Samsung_A52_H668_02__x335_y181__t256.png
5.457025527954102,4.789342880249023,4.999223232269287,4.083740711212158,2.5915682315826416,0.22355234622955322,115.02818749619593,137.47353541155329,159.79353898725626,16.921004340775294,10.014770677533237,2.5208812376803897,0.3966866764894321,153.15647952569444,137.56252005043493,122.37385573302966,data/tiles/train/H668/H668__Samsung_A52_H668_02__x591_y181__t256.png
5.857741355895996,5.049201011657715,5.153820037841797,3.800135612487793,2.22836971282959,0.2247679978609085,114.76234583993282,136.59758575643676,160.57924235598804,17.150073614873953,10.831921618296072,2.180839926339781,0.45853892709968536,152.83029704917183,137.3047561007415,121.95538272289664,data/tiles/train/H668/H668__Samsung_A52_H668_02__x847_y181__t256.png
5.307051658630371,4.530864715576172,4.3463544845581055,3.08243989944458,1.9996657371520996,0.20698122680187225,128.54114877739363,150.05041607433418,171.20453968931187,15.913698120932413,9.795747379596367,2.317394412130787,0.4315191211152204,165.71409070969997,149.97211787627978,134.6441176483169,data/tiles/train/H668/H668__Samsung_A52_H668_02__x1103_y181__t256.png
4.345057010650635,4.320194244384766,4.606156826019287,3.562821865081787,2.173368215560913,0.21572516858577728,127.12918752468367,146.81263464313417,166.16233671906082,14.574897699259122,8.55838442955118,2.05933037454884,0.48559474106678047,162.8849992181902,146.5486711361319,131.19975929155808,data/tiles/train/H668/H668__Samsung_A52_H668_02__x79_y437__t256.png
7.718013286590576,6.5860066413879395,6.730225086212158,5.341475486755371,3.2137022018432617,0.23267477750778198,91.83830713744307,122.82173621237878,154.69637913740698,23.079107922232165,14.016508974427909,2.4101371040096202,0.41491415502311124,137.68579195975664,122.92067383805492,109.01833618415343,data/tiles/train/H668/H668__Samsung_A52_H668_02__x335_y437__t256.png
8.77932071685791,6.937618732452393,6.966601848602295,5.873176574707031,3.7113237380981445,0.242665097117424,79.33716180510966,109.3875628539268,146.56141870832812,24.704451414279166,15.325276636345583,2.24432999319178,0.44556727532649837,125.14851831819644,111.130538806941,98.10105765875693,data/tiles/train/H668/H668__Samsung_A52_H668_02__x591_y437__t256.png
8.115131378173828,6.445064544677734,6.30067777633667,4.632655143737793,2.7466819286346436,0.24295884370803833,88.05423566335662,114.66570191242488,146.93785587428695,21.625252063337722,14.517552286957157,2.497843662771008,0.4003453118001148,130.4877914287782,115.99728252002203,102.24540667698456,data/tiles/train/H668/H668__Samsung_A52_H668_02__x847_y437__t256.png
6.866025924682617,5.341311931610107,4.904151439666748,3.46842622756958,2.042741298675537,0.22614137828350067,109.72338943880061,133.82330498708205,158.21723260540696,18.090535464867802,12.365103465678517,2.603385549920978,0.3841152149094296,149.44491032444094,133.89198060935001,119.10840017660219,data/tiles/train/H668/H668__Samsung_A52_H668_02__x1103_y437__t256.png
4.374594211578369,4.165184497833252,4.317623138427734,3.395631790161133,2.0489308834075928,0.2089705467224121,132.74090171080357,152.24072936906023,170.46140045500596,14.350257826764626,8.44585415904191,2.649283140905525,0.3774605985142834,168.19268867868155,151.885624645484,136.39611286524226,data/tiles/train/H668/H668__Samsung_A52_H668_02__x79_y693__t256.png
7.0131449699401855,5.81201696395874,5.73149299621582,4.3258233070373535,2.728844165802002,0.22311115264892578,104.36525800944008,133.4665083761374,160.00804880279648,20.446387471738813,12.68929410678923,2.504895525578689,0.3992182467446329,148.03302965462277,132.55065223866475,118.36320031038348,data/tiles/train/H668/H668__Samsung_A52_H668_02__x335_y693__t256.png
7.310764789581299,5.790627479553223,5.484798431396484,3.829296112060547,1.827681541442871,0.23489083349704742,98.4628220059116,124.49035528679262,151.63772310282724,19.527563343710565,13.118845090864232,2.293049748343869,0.43610043817071104,139.69032565587145,124.52795120178251,110.36197691920073,data/tiles/train/H668/H668__Samsung_A52_H668_02__x591_y693__t256.png
7.525166988372803,5.791654109954834,5.456713676452637,3.9751243591308594,2.6161978244781494,0.23600715398788452,98.60347096395698,126.22509993635288,153.70411367706058,20.242453827383258,13.267494943575588,2.4185972383838594,0.4134628056832704,141.40637079017876,125.9986035555567,111.59110512153153,data/tiles/train/H668/H668__Samsung_A52_H668_02__x847_y693__t256.png
6.856320381164551,5.323483467102051,5.088085651397705,3.6250691413879395,2.231689929962158,0.22071397304534912,113.04781490670966,139.23261977290304,164.00672268917558,18.898057062950507,12.329432103699634,2.3557571284270624,0.42449197666981037,154.5958431857712,138.62598695653492,123.90711357499106,data/tiles/train/H668/H668__Samsung_A52_H668_02__x1103_y693__t256.png
3.3796393871307373,3.33221697807312,3.5437707901000977,2.7180228233337402,1.7642494440078735,0.19183781743049622,146.86118404001647,161.7981991255517,176.6932712202639,11.534909572304013,6.46427555827433,2.297842546279831,0.43519082785675783,177.82982166878116,161.602537483305,146.74104774100917,data/tiles/train/H668/H668__Samsung_A52_H668_03__x75_y199__t256.png
4.227544784545898,4.046911716461182,4.29254150390625,3.4458649158477783,2.3626365661621094,0.20737291872501373,127.35626868548513,145.78824208824906,165.359189392471,14.366435950843197,7.980082562339915,2.3691700518267504,0.4220887391468372,161.71092926367143,145.97337673949986,131.36214666176798,data/tiles/train/H668/H668__Samsung_A52_H668_03__x331_y199__t256.png
5.417801856994629,4.6972761154174805,4.793740272521973,3.8967859745025635,2.441582441329956,0.22417229413986206,114.41982940187233,136.35344657433325,157.8815771399901,16.415068632448055,9.9148406427708,2.4112521063277486,0.4147222919477153,151.83757817660376,136.38038585692087,121.24111603713217,data/tiles/train/H668/H668__Samsung_A52_H668_03__x587_y199__t256.png
5.795653343200684,4.849458694458008,4.71501350402832,3.444514751434326,2.0160107612609863,0.23058637976646423,115.21344099135028,136.06849023950107,158.57233499166765,16.23649811739471,10.60482152997776,2.3499718456037395,0.42553701307986797,152.55246090098882,136.57561800059307,121.02706781774752,data/tiles/train/H668/H668__Samsung_A52_H668_03__x843_y199__t256.png
5.081691265106201,4.43295955657959,4.287153244018555,3.1003353595733643,1.9531464576721191,0.21234850585460663,129.25211262437634,151.23784955125453,171.45975388958607,15.706692635363407,9.44342736868504,2.4961484588808345,0.4006171974435995,167.18783944544816,150.69211080431384,135.1230061104222,data/tiles/train/H668/H668__Samsung_A52_H668_03__x1099_y199__t256.png
4.01369571685791,3.863002061843872,4.066188335418701,2.9968814849853516,1.7732784748077393,0.20719648897647858,132.8660067742932,150.93190702781558,167.4303667243722,13.075708033830365,7.707545152008777,2.303099042068882,0.434197566728045,166.56190315753804,150.35283706867958,135.3275645457498,data/tiles/train/H668/H668__Samsung_A52_H668_03__x75_y455__t256.png
7.862242698669434,6.558122158050537,6.584279537200928,4.913938522338867,2.598154306411743,0.2260497659444809,94.25952427023908,123.88456274997883,155.63745189657882,22.633936437803236,14.259945115835412,2.3935797850170273,0.4177842770312694,138.8926874536679,124.25698925978712,110.72152394819456,data/tiles/train/H668/H668__Samsung_A52_H668_03__x331_y455__t256.png
8.41878890991211,6.6122870445251465,6.430447578430176,4.954444885253906,3.129945993423462,0.24144913256168365,83.30305632924136,111.03915940912827,144.82267424478715,22.540253936858168,14.90604466557943,2.482512115207108,0.40281777231793015,126.4725675802668,112.26015183673198,99.26914975079481,data/tiles/train/H668/H668__Samsung_A52_H668_03__x587_y455__t256.png
7.654956340789795,5.975711822509766,5.604493618011475,4.06882905960083,2.3873372077941895,0.24573832750320435,93.19617017274624,117.6026168757517,146.16976087647643,19.61218867388063,13.783126135699295,1.9923545213892864,0.5019187043592479,133.66503512867757,118.48539150714704,104.45453547968222,data/tiles/train/H668/H668__Samsung_A52_H668_03__x843_y455__t256.png
7.45543098449707,5.810854911804199,5.276549816131592,3.6593096256256104,2.1279664039611816,0.22983604669570923,106.24675862239935,132.8062167748491,158.58040770935796,19.348391401942994,13.40799668712124,2.5812792951096473,0.3874048042358478,148.20811007149982,132.30411123828688,117.70025219350379,data/tiles/train/H668/H668__Samsung_A52_H668_03__x1099_y455__t256.png
4.267088890075684,3.9596242904663086,3.981445550918579,2.902374744415283,1.5916883945465088,0.2089018076658249,134.42372411410042,151.990888590568,168.85373357567417,13.042097291864142,8.21117444358153,2.4280350869929785,0.41185566277728664,168.01863405378757,151.78679487859785,136.26093567633566,data/tiles/train/H668/H668__Samsung_A52_H668_03__x75_y711__t256.png
6.941973686218262,5.834712982177734,5.666776180267334,4.079160690307617,2.233285427093506,0.21651233732700348,106.52497811856317,133.0081003495512,160.57417099067786,19.888127247449326,12.79287260767083,2.528826093784378,0.39544039918676416,148.2483283905339,132.93931463894123,119.34180876967716,data/tiles/train/H668/H668__Samsung_A52_H668_03__x331_y711__t256.png
7.4885454177856445,5.94760799407959,5.732357501983643,4.437450408935547,2.5231008529663086,0.2284487634897232,96.56207585440329,124.17123464167715,152.20147937180602,20.63382913066943,13.341228229262658,2.4416078767051306,0.4095661754456113,139.0303184017638,123.89683115071163,110.58734365510328,data/tiles/train/H668/H668__Samsung_A52_H668_03__x587_y711__t256.png
7.264686107635498,5.7500786781311035,5.519472122192383,3.9447362422943115,1.9554014205932617,0.23372134566307068,101.89702312269374,126.09639689316559,154.39143496707072,19.447230815669908,13.065133654204564,2.335330326173229,0.42820494762239575,142.59697210447405,126.84417129255147,112.81639164666805,data/tiles/train/H668/H668__Samsung_A52_H668_03__x843_y711__t256.png
6.537406921386719,5.146775722503662,4.7573442459106445,3.409698009490967,2.0283021926879883,0.21926575899124146,114.81545583385595,139.5639565476973,162.87468307410475,17.876040121706772,11.886403665711372,2.5553879075529813,0.3913300196202274,155.0233019950288,138.77258428208663,124.45400973232542,data/tiles/train/H668/H668__Samsung_A52_H668_03__x1099_y711__t256.png
3.58318829536438,3.4506571292877197,3.6017708778381348,2.7222111225128174,1.7348594665527344,0.18844859302043915,144.24012504501624,159.75077190218136,175.3860479852632,11.796918703095669,6.874718966206206,2.321489847059551,0.4307578606327404,175.2217484564165,159.5588827777212,145.0788037605861,data/tiles/train/H668/H668__Samsung_A52_H668_04__x97_y196__t256.png
4.374955654144287,4.014801025390625,4.067497253417969,3.0409557819366455,1.9107955694198608,0.20550833642482758,126.78216490064295,145.03098688001222,163.8168020012315,13.833772053699446,8.230353609104993,2.585707653524819,0.38674132345812834,160.51534908971053,144.92342214655287,130.6425632113105,data/tiles/train/H668/H668__Samsung_A52_H668_04__x353_y196__t256.png
5.061422824859619,4.378962516784668,4.322388648986816,3.189305543899536,1.7002969980239868,0.21824072301387787,119.17019234964282,138.87674109736045,157.6976200663922,14.415772707250373,9.29477951861025,2.3637912633019864,0.4230491987702405,154.01963057986515,138.5858439309747,123.73233959531025,data/tiles/train/H668/H668__Samsung_A52_H668_04__x609_y196__t256.png
5.48537015914917,4.682861328125,4.546220302581787,3.2313897609710693,1.779196858406067,0.22358275949954987,116.73388116455318,136.79171316385444,158.07356122273748,15.409096552766375,10.143876243981607,2.188863276461406,0.4568581376250395,152.74916425252664,136.9743896819755,122.05993438353295,data/tiles/train/H668/H668__Samsung_A52_H668_04__x865_y196__t256.png
4.9588494300842285,4.331490516662598,4.20441198348999,3.05949330329895,2.0182769298553467,0.2016824185848236,129.32065189111105,150.58512446836176,170.88007396927733,15.49675802018699,9.226603168171923,2.4906820596567423,0.40149644798012346,165.93129190095144,150.17282013939365,135.5666122472545,data/tiles/train/H668/H668__Samsung_A52_H668_04__x1121_y196__t256.png
4.414724349975586,4.073645114898682,4.136837482452393,3.04752779006958,1.8317382335662842,0.20914395153522491,129.49404333264252,148.0819040057801,165.55102494301167,13.551024516187686,8.376318727565948,2.1998948886287866,0.4545671728085648,163.651210671306,147.6186805777401,132.70000690532632,data/tiles/train/H668/H668__Samsung_A52_H668_04__x97_y452__t256.png
7.878573894500732,6.46248722076416,6.354391098022461,4.553633689880371,2.3698229789733887,0.22629322111606598,95.56181207212846,123.43710109667454,154.61106379875937,21.814034942598774,14.214813734104695,2.347169032634308,0.42604515741998594,138.83343953507259,124.10491754878136,110.6530402592679,data/tiles/train/H668/H668__Samsung_A52_H668_04__x353_y452__t256.png
9.046272277832031,7.081295967102051,6.663440704345703,4.709967613220215,2.535491943359375,0.23079359531402588,85.02302661104717,114.40933068284242,148.9477450180774,23.25544767265453,16.012840806307,2.3302582163786947,0.4291369913305299,129.49114755969987,115.3599806432279,102.75056767802256,data/tiles/train/H668/H668__Samsung_A52_H668_04__x609_y452__t256.png
8.373879432678223,6.497559070587158,5.982779026031494,4.41073751449585,2.7202110290527344,0.23468425869941711,90.90718268590997,118.53896836755722,149.19996177080517,21.396794311148053,14.84240326169991,2.272215446038439,0.4400991119673442,133.67822957743562,118.98469460623642,105.64823903651984,data/tiles/train/H668/H668__Samsung_A52_H668_04__x865_y452__t256.png
7.398733139038086,5.808206558227539,5.251594066619873,3.73651385307312,2.1731247901916504,0.21903342008590698,106.97260101802874,133.3579195131299,159.1621377854323,19.305984069869957,13.391551135515247,2.3505036940673634,0.4254407268212278,148.19947913860398,132.9654165290962,118.98414178088987,data/tiles/train/H668/H668__Samsung_A52_H668_04__x1121_y452__t256.png
4.630998611450195,4.160062313079834,4.1067352294921875,2.9286773204803467,1.5668082237243652,0.20853377878665924,131.90883297572475,149.99992461767377,167.99164964601718,13.57578829242748,8.817235774084489,2.5235776311256117,0.3962628245178897,165.96542174749328,149.85495622517655,134.65248521393477,data/tiles/train/H668/H668__Samsung_A52_H668_04__x97_y708__t256.png
7.1967644691467285,5.854095458984375,5.499375820159912,3.7637929916381836,2.0488972663879395,0.21704833209514618,106.81872943236733,133.3553187047228,160.00814189506096,19.60975811694431,13.04511156901619,2.3820596547069686,0.41980476770344194,148.3475384671563,132.89559128543505,119.36384566929037,data/tiles/train/H668/H668__Samsung_A52_H668_04__x353_y708__t256.png
8.098173141479492,6.52515983581543,6.26231050491333,4.513009548187256,2.350029945373535,0.2256954163312912,95.29782333224493,123.34651256509109,155.05646423406574,21.871492243000848,14.642267248294267,2.3621278780733954,0.4233471054986331,138.82263764872684,123.78459172177422,110.73539775748456,data/tiles/train/H668/H668__Samsung_A52_H668_04__x609_y708__t256.png
7.4055304527282715,5.884926795959473,5.689087867736816,4.074924468994141,2.0839366912841797,0.22962729632854462,100.39494337292228,124.79672614377385,154.2801992470286,19.88158594216886,13.362656987459106,2.4245037389314423,0.41245554046484273,141.2457870334774,125.77009518823178,112.21828287187377,data/tiles/train/H668/H668__Samsung_A52_H668_04__x865_y708__t256.png
6.611295223236084,5.18146276473999,4.736031532287598,3.3073067665100098,2.067229747772217,0.2150995135307312,113.6892856961889,138.86770565284493,162.01112591874974,17.90934241697256,11.919473831247842,2.4365152570307727,0.4104222196493187,153.73468345531614,137.98914312675532,123.93221536428835,data/tiles/train/H668/H668__Samsung_A52_H668_04__x1121_y708__t256.png
