e1,e2,e4,e8,e16,sat,lum_p10,lum_p50,lum_p90,lum_sd,grad_mean,spec_centroid_cpm,dom_wavelength_mm,R,G,B,tile_path
15.138372421264648,6.185576915740967,4.048351764678955,2.6018569469451904,1.7339307069778442,0.03449353948235512,102.0,128.0,163.0,24.097153695235527,20.51190292817627,2.1431313281815885,0.466606962835303,132.56006524492878,130.5742941921602,129.58871401551303,data/tiles/test/Airbus_BS10_4bis7/Airbus_BS10_4bis7__iPhone16_HPC_Airbus BS10-4bis7 (2)__x28_y37__t256.png
16.559106826782227,6.027065277099609,3.9019694328308105,2.6268789768218994,1.8196263313293457,0.03929688408970833,119.66666666666667,147.0,181.66666666666666,24.17827565196689,22.58236320507564,1.7490218543652427,0.5717481445438664,151.95526480183244,149.8635212049698,146.71453113070035,data/tiles/test/Airbus_BS10_4bis7/Airbus_BS10_4bis7__iPhone16_HPC_Airbus BS10-4bis7 (2)__x284_y37__t256.png
16.73501968383789,5.524386405944824,3.4524524211883545,2.275153398513794,1.697571873664856,0.044167403131723404,130.33333333333334,157.66666666666666,191.0,23.271853261542017,22.626243454663218,1.9219515502839806,0.5203044789824404,162.57557726003157,160.6257307912496,155.80103395034956,data/tiles/test/Airbus_BS10_4bis7/Airbus_BS10_4bis7__iPhone16_HPC_Airbus BS10-4bis7 (2)__x540_y37__t256.png
15.98278522491455,5.557355880737305,3.527142286300659,2.3086094856262207,1.5490903854370117,0.04933356121182442,130.0,157.0,189.0,22.88587880574378,21.795362341136503,1.6729866192967582,0.597733411890856,162.31573824628487,159.53609107499784,154.68243677761362,data/tiles/test/Airbus_BS10_4bis7/Airbus_BS10_4bis7__iPhone16_HPC_Airbus BS10-4bis7 (2)__x796_y37__t256.png
15.717842102050781,6.377415657043457,4.517800331115723,3.309135913848877,2.5468482971191406,0.04353930428624153,115.66666666666667,145.0,180.33333333333334,25.257978515061,21.563391782988486,1.8266834594152521,0.5474402227959706,150.13375917793476,147.25868323757615,144.36893995938274,data/tiles/test/Airbus_BS10_4bis7/Airbus_BS10_4bis7__iPhone16_HPC_Airbus BS10-4bis7 (2)__x28_y293__t256.png
16.253700256347656,5.408048629760742,3.243110179901123,1.9486181735992432,1.2865431308746338,0.04022424295544624,143.33333333333334,168.33333333333334,199.33333333333334,21.759156539556542,22.468979324603886,1.915911163193083,0.5219448684318885,172.91388406803193,172.0519958347796,166.56077750780977,data/tiles/test/Airbus_BS10_4bis7/Airbus_BS10_4bis7__iPhone16_HPC_Airbus BS10-4bis7 (2)__x284_y293__t256.png
17.108619689941406,5.332573890686035,3.218775987625122,2.0582168102264404,1.1910806894302368,0.047538649290800095,150.66666666666666,177.0,208.33333333333334,22.178199974621176,23.766278801698764,2.074747206915382,0.481986430282629,181.4571993890586,181.19367883921134,173.59155442932519,data/tiles/test/Airbus_BS10_4bis7/Airbus_BS10_4bis7__iPhone16_HPC_Airbus BS10-4bis7 (2)__x540_y293__t256.png
15.268240928649902,5.00792932510376,3.1690235137939453,2.058074474334717,1.3981221914291382,0.05242510139942169,150.33333333333334,173.66666666666666,202.66666666666666,20.34464065222144,21.032384745835582,1.5692848982406111,0.6372329212631438,179.14464819059526,177.4678578870598,170.10665416406195,data/tiles/test/Airbus_BS10_4bis7/Airbus_BS10_4bis7__iPhone16_HPC_Airbus BS10-4bis7 (2)__x796_y293__t256.png
15.779637336730957,6.5592732429504395,4.59036922454834,3.192009925842285,2.244128704071045,0.043642498552799225,109.66666666666667,138.0,173.33333333333334,24.940723785824158,21.825014164408127,1.8303883400838725,0.5463321515445065,143.12052151238592,140.49072577140373,137.6400521512386,data/tiles/test/Airbus_BS10_4bis7/Airbus_BS10_4bis7__iPhone16_HPC_Airbus BS10-4bis7 (2)__x28_y549__t256.png
15.994318008422852,5.627776145935059,3.6605448722839355,2.572557210922241,2.290512800216675,0.038282521069049835,132.33333333333334,159.66666666666666,191.33333333333334,22.842853655088177,21.46411276590107,1.987502033666325,0.5031441392567081,163.65498100574163,162.3998855140592,157.86570452219465,data/tiles/test/Airbus_BS10_4bis7/Airbus_BS10_4bis7__iPhone16_HPC_Airbus BS10-4bis7 (2)__x284_y549__t256.png
16.596092224121094,5.35487174987793,3.249946355819702,2.0119998455047607,1.360396146774292,0.044201336801052094,146.66666666666666,172.33333333333334,203.66666666666666,21.98838508875354,22.768204197900697,1.6597585220772202,0.6024972830074585,176.87403732741276,176.4030909595504,169.64656906958996,data/tiles/test/Airbus_BS10_4bis7/Airbus_BS10_4bis7__iPhone16_HPC_Airbus BS10-4bis7 (2)__x540_y549__t256.png
15.054756164550781,5.354683876037598,3.5600266456604004,2.3931210041046143,1.568955659866333,0.04889731854200363,145.33333333333334,170.0,199.33333333333334,21.043103706296176,20.73731794432971,1.7061069447454302,0.5861297283150154,174.9967318557149,173.43516731855715,166.78661451542808,data/tiles/test/Airbus_BS10_4bis7/Airbus_BS10_4bis7__iPhone16_HPC_Airbus BS10-4bis7 (2)__x796_y549__t256.png
14.576658248901367,6.020461559295654,4.020799160003662,2.5332517623901367,1.7719340324401855,0.040195539593696594,101.33333333333333,125.66666666666667,161.0,23.659982205439146,19.80068404667917,2.071505698305363,0.4827406464863071,131.52935763888888,128.9842013888889,126.81690972222222,data/tiles/test/Airbus_BS10_4bis7/Airbus_BS10_4bis7__iPhone16_HPC_Airbus BS10-4bis7 (3)__x28_y49__t256.png
16.48865509033203,6.031893730163574,3.9177043437957764,2.362968921661377,1.5519505739212036,0.036554958671331406,120.33333333333333,147.66666666666666,181.33333333333334,24.01913123756025,22.538053299401483,1.9009636803505128,0.526048977335334,152.2773037690931,150.5437294733001,147.17298903504962,data/tiles/test/Airbus_BS10_4bis7/Airbus_BS10_4bis7__iPhone16_HPC_Airbus BS10-4bis7 (3)__x284_y49__t256.png
16.96898651123047,5.748813629150391,3.618081569671631,2.1643311977386475,1.3875181674957275,0.04097229614853859,131.0,158.0,191.0,23.34487151704654,23.156657036355078,2.065800285243843,0.48407389966158415,162.64512042756994,161.1815783993892,156.4106163670438,data/tiles/test/Airbus_BS10_4bis7/Airbus_BS10_4bis7__iPhone16_HPC_Airbus BS10-4bis7 (3)__x540_y49__t256.png
15.834463119506836,5.5286760330200195,3.62282395362854,2.6088578701019287,1.915109395980835,0.04382297396659851,132.0,158.66666666666666,190.33333333333334,22.71052563328117,21.65293714789013,1.8676362787568301,0.5354361614059233,163.58603045755714,161.3253373573386,156.74369514691088,data/tiles/test/Airbus_BS10_4bis7/Airbus_BS10_4bis7__iPhone16_HPC_Airbus BS10-4bis7 (3)__x796_y49__t256.png
15.049127578735352,5.886996269226074,3.863359212875366,2.5494329929351807,1.8791272640228271,0.0399952158331871,122.0,147.33333333333334,179.33333333333334,22.625509326988784,20.738496158338425,1.9232515747388432,0.5199527784792217,152.60471458847238,149.88293437098287,146.95118646423236,data/tiles/test/Airbus_BS10_4bis7/Airbus_BS10_4bis7__iPhone16_HPC_Airbus BS10-4bis7 (3)__x28_y305__t256.png
16.446243286132812,5.622282981872559,3.5992233753204346,2.2901248931884766,1.5126619338989258,0.043074339628219604,138.66666666666666,165.0,196.33333333333334,22.47528782004144,22.518324536071134,2.0886574847894828,0.4787764424193231,169.3161717433233,168.4614863338604,162.52143316362879,data/tiles/test/Airbus_BS10_4bis7/Airbus_BS10_4bis7__iPhone16_HPC_Airbus BS10-4bis7 (3)__x284_y305__t256.png
18.16870880126953,5.787411689758301,3.7824244499206543,2.7600505352020264,2.2188847064971924,0.0467723086476326,140.0,170.33333333333334,204.33333333333334,24.54837469329759,24.43515707398806,2.301691965242826,0.4344630016095577,174.30605118226515,174.3074410604771,166.9789433450894,data/tiles/test/Airbus_BS10_4bis7/Airbus_BS10_4bis7__iPhone16_HPC_Airbus BS10-4bis7 (3)__x540_y305__t256.png
15.991266250610352,5.370985507965088,3.5153470039367676,2.4213814735412598,1.9103785753250122,0.04701413959264755,146.33333333333334,173.33333333333334,204.0,22.044111941069485,21.75064821360166,2.1176697031547644,0.47221717273013164,177.66819003266838,176.56208730103566,169.78873288385347,data/tiles/test/Airbus_BS10_4bis7/Airbus_BS10_4bis7__iPhone16_HPC_Airbus BS10-4bis7 (3)__x796_y305__t256.png
14.721170425415039,5.747303009033203,3.756145477294922,2.5380659103393555,1.7501860857009888,0.04060088098049164,116.66666666666667,141.66666666666666,174.0,22.412947798614884,20.16880191519884,1.7535156592990064,0.5702829026344507,146.96903906561843,144.66076604015896,141.36434633206645,data/tiles/test/Airbus_BS10_4bis7/Airbus_BS10_4bis7__iPhone16_HPC_Airbus BS10-4bis7 (3)__x28_y561__t256.png
16.20848846435547,5.747407913208008,3.6999905109405518,2.4506795406341553,1.667589545249939,0.041914794594049454,136.33333333333334,163.33333333333334,194.66666666666666,22.689829978545443,22.163125438216984,2.0305170918475635,0.4924853890740225,167.56091079616507,166.39851674308738,161.03407669862443,data/tiles/test/Airbus_BS10_4bis7/Airbus_BS10_4bis7__iPhone16_HPC_Airbus BS10-4bis7 (3)__x284_y561__t256.png
16.81849479675293,5.617815017700195,3.6534271240234375,2.5497488975524902,1.8541686534881592,0.04620014876127243,143.33333333333334,170.33333333333334,202.33333333333334,22.882960649518335,22.981345207800345,2.2497204272617224,0.4444996755517589,174.61177062723453,174.19445312228817,167.54633968551494,data/tiles/test/Airbus_BS10_4bis7/Airbus_BS10_4bis7__iPhone16_HPC_Airbus BS10-4bis7 (3)__x540_y561__t256.png
15.664304733276367,5.468421936035156,3.526827812194824,2.4432826042175293,2.0348684787750244,0.0461110882461071,142.33333333333334,169.66666666666666,200.33333333333334,22.255953843888502,21.21584710118149,1.9470750372214862,0.5135908893511466,173.81712055507373,172.58761491760623,166.22053772766697,data/tiles/test/Airbus_BS10_4bis7/Airbus_BS10_4bis7__iPhone16_HPC_Airbus BS10-4bis7 (3)__x796_y561__t256.png
14.341282844543457,5.778385162353516,3.847736358642578,2.5390937328338623,1.8156330585479736,0.05109096318483353,101.33333333333333,127.33333333333333,162.0,23.804319190168826,18.652558539058475,1.9706682025962396,0.5074420943528488,132.7647701458373,130.26640886468866,127.19165207137532,data/tiles/test/Airbus_BS10_4bis7/Airbus_BS10_4bis7__iPhone_16_HPC_Airbus BS10-4bis7 (4)__x34_y57__t256.png
16.647811889648438,5.915340423583984,3.744736671447754,2.470853805541992,1.7310794591903687,0.05171472579240799,120.66666666666667,149.0,182.33333333333334,23.936532688147395,22.59884913550582,1.6909250416669381,0.5913922707148423,154.08919576168142,152.0914191419142,146.46701406982802,data/tiles/test/Airbus_BS10_4bis7/Airbus_BS10_4bis7__iPhone_16_HPC_Airbus BS10-4bis7 (4)__x290_y57__t256.png
17.40498161315918,5.899654865264893,3.833458423614502,2.7236087322235107,2.1194231510162354,0.05666249245405197,126.0,155.66666666666666,190.33333333333334,24.857288839160926,23.421823025296128,1.8646265285269457,0.5363004251526978,161.00933250069386,159.34984734943103,152.2634610047183,data/tiles/test/Airbus_BS10_4bis7/Airbus_BS10_4bis7__iPhone_16_HPC_Airbus BS10-4bis7 (4)__x546_y57__t256.png
16.1167049407959,5.691557884216309,3.6360056400299072,2.345782518386841,1.5379822254180908,0.05780645087361336,132.33333333333334,160.0,192.0,23.041792208939317,22.145662650132824,1.9187368941327962,0.5211761982884923,165.5514004068221,162.9792590274518,156.30988021349467,data/tiles/test/Airbus_BS10_4bis7/Airbus_BS10_4bis7__iPhone_16_HPC_Airbus BS10-4bis7 (4)__x802_y57__t256.png
14.742258071899414,5.5615458488464355,3.6254568099975586,2.2801220417022705,1.748396873474121,0.05059796944260597,125.33333333333333,149.66666666666666,181.0,21.804369585660023,20.15954467570992,1.7760507442296736,0.5630469755714834,155.51131417870334,152.72001525896897,147.98522654367014,data/tiles/test/Airbus_BS10_4bis7/Airbus_BS10_4bis7__iPhone_16_HPC_Airbus BS10-4bis7 (4)__x34_y313__t256.png
16.379043579101562,5.377872467041016,3.3104538917541504,2.075552463531494,1.45923912525177,0.05261555314064026,140.66666666666666,166.66666666666666,197.33333333333334,21.904058818692377,22.417103446068552,1.7094251206520499,0.5849919881945785,171.42008989778031,170.76194442998212,162.84923899272835,data/tiles/test/Airbus_BS10_4bis7/Airbus_BS10_4bis7__iPhone_16_HPC_Airbus BS10-4bis7 (4)__x290_y313__t256.png
17.01866912841797,5.2982964515686035,3.197538137435913,2.070962905883789,1.332305669784546,0.05929175764322281,150.33333333333334,176.33333333333334,208.33333333333334,22.184534079005072,23.59407000542717,1.6310323069100172,0.6131086403153443,181.6262535133072,181.5984073007391,171.72641313022658,data/tiles/test/Airbus_BS10_4bis7/Airbus_BS10_4bis7__iPhone_16_HPC_Airbus BS10-4bis7 (4)__x546_y313__t256.png
16.013473510742188,5.404456615447998,3.463782787322998,2.2259769439697266,1.4687238931655884,0.06229782477021217,148.0,174.0,204.33333333333334,21.632729572631565,21.957332293764274,1.7724924871281311,0.5641772855242073,179.6357941135638,178.19816395946134,168.89952103290295,data/tiles/test/Airbus_BS10_4bis7/Airbus_BS10_4bis7__iPhone_16_HPC_Airbus BS10-4bis7 (4)__x802_y313__t256.png
14.559548377990723,5.706843852996826,3.8851985931396484,2.527681827545166,1.6715244054794312,0.05271090939640999,119.66666666666667,145.66666666666666,177.66666666666666,22.520061398327407,20.146388108611465,1.6547369732341675,0.6043256518560226,151.15615610399985,148.67657224238846,143.51631727946923,data/tiles/test/Airbus_BS10_4bis7/Airbus_BS10_4bis7__iPhone_16_HPC_Airbus BS10-4bis7 (4)__x34_y569__t256.png
15.96610164642334,5.481110095977783,3.5318706035614014,2.602231740951538,1.8698067665100098,0.05415438860654831,138.33333333333334,165.33333333333334,196.0,22.24199876592301,21.944264772446473,2.1706313927291085,0.4606954471172151,169.94656395843091,168.68776349346797,161.4808549766651,data/tiles/test/Airbus_BS10_4bis7/Airbus_BS10_4bis7__iPhone_16_HPC_Airbus BS10-4bis7 (4)__x290_y569__t256.png
17.04652214050293,5.562683582305908,3.466586112976074,2.3544764518737793,1.7061105966567993,0.05940680578351021,143.33333333333334,171.33333333333334,203.33333333333334,22.866676918489826,23.267650542219833,1.9086392904020333,0.52393346664752,176.4582653663277,175.71882483601152,166.61777669801825,data/tiles/test/Airbus_BS10_4bis7/Airbus_BS10_4bis7__iPhone_16_HPC_Airbus BS10-4bis7 (4)__x546_y569__t256.png
15.294205665588379,5.331554889678955,3.5197150707244873,2.4131007194519043,1.87900710105896,0.06002121418714523,145.33333333333334,171.33333333333334,201.0,21.340467392802527,20.949159613865703,1.724807000858824,0.5797750122199615,176.5633727081924,175.01873341312378,166.38877035957745,data/tiles/test/Airbus_BS10_4bis7/Airbus_BS10_4bis7__iPhone_16_HPC_Airbus BS10-4bis7 (4)__x802_y569__t256.png
13.741098403930664,5.390629291534424,3.778815984725952,2.6340036392211914,1.9635930061340332,0.06906747817993164,99.33333333333333,124.0,157.66666666666666,22.3666332744564,19.23672581393322,1.5345918043273534,0.6516390855080337,130.94234540689703,126.93660077405022,122.33473333449037,data/tiles/test/Airbus_BS12_5bis8/Airbus_BS12_5bis8__iPhone16_HPC_Airbus BS12-5bis8 (2)__x27_y38__t256.png
15.03182315826416,5.215928077697754,3.7878317832946777,2.8404088020324707,2.1325793266296387,0.0548069141805172,123.33333333333333,153.0,184.0,22.865641376450302,20.485001040087585,1.9303242072344935,0.5180476918085508,157.45544605989105,154.48837572434851,149.18820916756306,data/tiles/test/Airbus_BS12_5bis8/Airbus_BS12_5bis8__iPhone16_HPC_Airbus BS12-5bis8 (2)__x283_y38__t256.png
15.706280708312988,5.1904215812683105,3.6991634368896484,2.729984998703003,2.280414342880249,0.06290006637573242,131.66666666666666,161.66666666666666,192.33333333333334,22.8555051406369,21.171878328872246,2.0945156669005427,0.4774373454459745,166.37349795096202,163.60778287143154,156.35753976522886,data/tiles/test/Airbus_BS12_5bis8/Airbus_BS12_5bis8__iPhone16_HPC_Airbus BS12-5bis8 (2)__x539_y38__t256.png
14.552014350891113,5.0090413093566895,3.6875650882720947,2.7412593364715576,2.1932878494262695,0.06380921602249146,133.66666666666666,165.0,194.0,22.63508171677088,19.417203995598996,1.89816864654011,0.526823579044334,169.33607041177697,166.0669050760364,158.93679258384833,data/tiles/test/Airbus_BS12_5bis8/Airbus_BS12_5bis8__iPhone16_HPC_Airbus BS12-5bis8 (2)__x795_y38__t256.png
12.742086410522461,4.668474197387695,3.408708333969116,2.5303618907928467,2.0791118144989014,0.04488823935389519,130.33333333333334,157.0,184.33333333333334,20.27924941560398,17.304008929037533,1.9686633785268188,0.507958857216268,160.78058478313713,157.81939090877523,153.97697676841338,data/tiles/test/Airbus_BS12_5bis8/Airbus_BS12_5bis8__iPhone16_HPC_Airbus BS12-5bis8 (2)__x27_y294__t256.png
14.707587242126465,4.803097248077393,3.4133870601654053,2.5516204833984375,2.0106515884399414,0.0635109692811966,146.0,172.0,199.66666666666666,20.335276245896576,20.101636152600328,2.045144905508701,0.4889629078636186,176.97472441628332,175.05058588664178,166.19404565575906,data/tiles/test/Airbus_BS12_5bis8/Airbus_BS12_5bis8__iPhone16_HPC_Airbus BS12-5bis8 (2)__x283_y294__t256.png
15.187821388244629,4.5348591804504395,3.0986225605010986,2.300039529800415,1.9216920137405396,0.0664302408695221,156.33333333333334,182.33333333333334,209.60000000000096,20.076083933557335,20.653644978983216,1.75970110143669,0.5682783281680964,187.11509129128086,186.2461303267724,175.3868630891371,data/tiles/test/Airbus_BS12_5bis8/Airbus_BS12_5bis8__iPhone16_HPC_Airbus BS12-5bis8 (2)__x539_y294__t256.png
13.294492721557617,4.318769454956055,2.9549243450164795,2.1221704483032227,1.7331637144088745,0.07219099998474121,159.66666666666666,182.66666666666666,207.0,17.941040957288912,18.19106718631601,1.8367550846699852,0.5444384002778861,188.44341211815987,185.9369952937499,175.33096573641527,data/tiles/test/Airbus_BS12_5bis8/Airbus_BS12_5bis8__iPhone16_HPC_Airbus BS12-5bis8 (2)__x795_y294__t256.png
12.345702171325684,4.541430473327637,3.3650524616241455,2.6813156604766846,2.316725969314575,0.04150131344795227,128.33333333333334,154.0,182.0,20.109463355177944,16.75889444649467,1.6510436890683304,0.6056774915291862,157.76190476190476,155.42235647448916,151.59488221099596,data/tiles/test/Airbus_BS12_5bis8/Airbus_BS12_5bis8__iPhone16_HPC_Airbus BS12-5bis8 (2)__x27_y550__t256.png
13.577664375305176,4.464076519012451,3.2079601287841797,2.3134384155273438,1.7789744138717651,0.046878255903720856,148.33333333333334,174.0,199.66666666666666,19.41525154774055,18.11007995629855,2.082544193841301,0.48018188663524913,177.40168744140828,176.2243672094719,169.58834762681852,data/tiles/test/Airbus_BS12_5bis8/Airbus_BS12_5bis8__iPhone16_HPC_Airbus BS12-5bis8 (2)__x283_y550__t256.png
13.950499534606934,4.32771110534668,3.0518007278442383,2.2348334789276123,1.7118226289749146,0.05939926207065582,157.33333333333334,181.66666666666666,207.0,18.81173705076553,18.740818097690507,1.8053601260685745,0.5539061074632464,186.1142971135165,185.27260269220093,175.6878469331113,data/tiles/test/Airbus_BS12_5bis8/Airbus_BS12_5bis8__iPhone16_HPC_Airbus BS12-5bis8 (2)__x539_y550__t256.png
12.594646453857422,4.1667633056640625,3.0188851356506348,2.199265241622925,1.5584415197372437,0.06864043325185776,157.33333333333334,179.66666666666666,203.0,17.415538657917715,17.04487405808273,1.5638690287928458,0.63943973669707,185.1909360940784,182.90962149768103,172.92205874689503,data/tiles/test/Airbus_BS12_5bis8/Airbus_BS12_5bis8__iPhone16_HPC_Airbus BS12-5bis8 (2)__x795_y550__t256.png
12.808162689208984,5.186004161834717,3.9019322395324707,2.7283294200897217,2.0069966316223145,0.051551394164562225,102.0,127.33333333333333,160.66666666666666,22.504546529261464,17.825328060447447,2.07069427059783,0.48292981450675,132.67250598979132,129.850602451474,126.81468106531477,data/tiles/test/Airbus_BS12_5bis8/Airbus_BS12_5bis8__iPhone16_HPC_Airbus BS12-5bis8 (3)__x28_y44__t256.png
14.891766548156738,5.247069835662842,3.838682174682617,2.9268476963043213,2.2135770320892334,0.045473363250494,122.66666666666667,151.0,183.66666666666666,23.007577612915966,20.334261101376796,1.8671341645709165,0.535580152179267,155.2686339177226,153.17340739454957,148.59942718278077,data/tiles/test/Airbus_BS12_5bis8/Airbus_BS12_5bis8__iPhone16_HPC_Airbus BS12-5bis8 (3)__x284_y44__t256.png
15.230904579162598,4.847228050231934,3.1785335540771484,2.21205997467041,1.7354052066802979,0.049832865595817566,135.66666666666666,161.66666666666666,191.33333333333334,21.240293901248492,20.66225749497232,1.9136306404376175,0.5225668835294754,166.08356507230255,164.33107967185762,158.17001529477196,data/tiles/test/Airbus_BS12_5bis8/Airbus_BS12_5bis8__iPhone16_HPC_Airbus BS12-5bis8 (3)__x540_y44__t256.png
13.921625137329102,4.6085309982299805,3.164665460586548,2.174990177154541,1.5211608409881592,0.050723060965538025,136.66666666666666,164.0,192.66666666666666,21.09502924929056,18.796914696992005,2.114011259509388,0.47303437741957743,168.25860242135798,165.87856733424815,160.0396901217627,data/tiles/test/Airbus_BS12_5bis8/Airbus_BS12_5bis8__iPhone16_HPC_Airbus BS12-5bis8 (3)__x796_y44__t256.png
13.227171897888184,5.041998386383057,3.7250921726226807,2.7833352088928223,2.0294854640960693,0.05049869045615196,126.66666666666667,152.66666666666666,181.0,20.463533057690114,18.57100913779092,1.8647704135074579,0.5362590444145314,157.18681528551835,153.98558952723232,149.65772522874454,data/tiles/test/Airbus_BS12_5bis8/Airbus_BS12_5bis8__iPhone16_HPC_Airbus BS12-5bis8 (3)__x28_y300__t256.png
14.016596794128418,4.514774322509766,3.157806634902954,2.320206880569458,1.874087929725647,0.050791364163160324,151.0,176.33333333333334,202.0,19.331598849609556,18.999200311818385,1.9507704014317824,0.5126179889063535,179.88416083855404,179.0283567325547,171.26347118338163,data/tiles/test/Airbus_BS12_5bis8/Airbus_BS12_5bis8__iPhone16_HPC_Airbus BS12-5bis8 (3)__x284_y300__t256.png
14.332365989685059,4.278700351715088,2.86470103263855,1.9400930404663086,1.5269865989685059,0.05554448068141937,162.0,185.33333333333334,211.0,18.47750110731922,19.426396903679446,1.9361987043133124,0.5164759163262934,189.3609939052977,189.48149884530568,179.76201142539634,data/tiles/test/Airbus_BS12_5bis8/Airbus_BS12_5bis8__iPhone16_HPC_Airbus BS12-5bis8 (3)__x540_y300__t256.png
12.436518669128418,3.906372547149658,2.676379442214966,1.8731926679611206,1.4698179960250854,0.05988025665283203,164.66666666666666,185.33333333333334,208.0,16.414330802670882,16.830942853666034,1.8697567640244352,0.5348289249386726,190.2006880733945,188.8522901028635,179.26786210731166,data/tiles/test/Airbus_BS12_5bis8/Airbus_BS12_5bis8__iPhone16_HPC_Airbus BS12-5bis8 (3)__x796_y300__t256.png
13.124826431274414,5.31804895401001,4.124011993408203,3.2932071685791016,2.671473264694214,0.051778655499219894,117.33333333333333,144.66666666666666,175.33333333333334,21.910138426844032,18.486621999574275,2.2042942815852826,0.45365993477096933,149.25149721388027,146.49731803426667,141.9377332615828,data/tiles/test/Airbus_BS12_5bis8/Airbus_BS12_5bis8__iPhone16_HPC_Airbus BS12-5bis8 (3)__x28_y556__t256.png
13.105352401733398,4.194540023803711,2.844568967819214,1.991851568222046,1.4533885717391968,0.05263199284672737,150.33333333333334,173.33333333333334,198.0,17.99745040434248,17.680886236783923,2.044001607248124,0.48923640590787887,177.48939720503373,176.17670166168392,168.5556907460196,data/tiles/test/Airbus_BS12_5bis8/Airbus_BS12_5bis8__iPhone16_HPC_Airbus BS12-5bis8 (3)__x284_y556__t256.png
13.128722190856934,3.968380928039551,2.6563880443573,1.7791773080825806,1.4251868724822998,0.0574009008705616,160.33333333333334,182.33333333333334,206.66666666666666,17.591564227387504,17.548567405098403,2.0546055154996243,0.48671143558028807,186.72442969577983,186.26297409524472,176.7056830620081,data/tiles/test/Airbus_BS12_5bis8/Airbus_BS12_5bis8__iPhone16_HPC_Airbus BS12-5bis8 (3)__x540_y556__t256.png
12.097445487976074,4.067422389984131,2.8501827716827393,1.9885647296905518,1.4943381547927856,0.060249555855989456,158.0,179.66666666666666,202.66666666666666,16.883091956249828,16.324075668018445,2.064918538033915,0.48428060554492236,184.46808399680145,182.94574627125127,173.77818725445886,data/tiles/test/Airbus_BS12_5bis8/Airbus_BS12_5bis8__iPhone16_HPC_Airbus BS12-5bis8 (3)__x796_y556__t256.png
12.272842407226562,4.58892822265625,3.155555009841919,2.2358224391937256,1.7547616958618164,0.05338128283619881,108.66666666666667,133.66666666666666,165.33333333333334,21.58281918421573,16.543917887564117,1.9486266706261608,0.5131819322162237,139.24515052492526,135.8497705624696,132.1305186678718,data/tiles/test/Airbus_BS12_5bis8/Airbus_BS12_5bis8__iPhone16_HPC_Airbus BS12-5bis8 (4)__x27_y45__t256.png
12.9686279296875,4.239201545715332,2.8673017024993896,1.864964485168457,1.4490855932235718,0.03974556550383568,139.33333333333334,162.0,187.33333333333334,18.285391343665413,17.43967135859911,1.8190948495098254,0.5497239466482249,165.7814716928641,163.78084573654195,159.49400125191264,data/tiles/test/Airbus_BS12_5bis8/Airbus_BS12_5bis8__iPhone16_HPC_Airbus BS12-5bis8 (4)__x283_y45__t256.png
14.410318374633789,4.712976455688477,3.33725643157959,2.508355140686035,2.084221363067627,0.054158736020326614,140.0,166.33333333333334,194.0,20.585690836395017,19.27837943841295,1.514170216781358,0.6604277305927205,170.78395918650656,168.47322482126745,161.8765010064552,data/tiles/test/Airbus_BS12_5bis8/Airbus_BS12_5bis8__iPhone16_HPC_Airbus BS12-5bis8 (4)__x539_y45__t256.png
13.428742408752441,4.46013069152832,3.23836088180542,2.3102710247039795,1.6682355403900146,0.05459092557430267,141.33333333333334,166.33333333333334,193.33333333333334,19.673466333938354,18.283806249243305,2.2305140594322626,0.448327144933815,171.0254181414394,168.1182247206607,161.99155041987646,data/tiles/test/Airbus_BS12_5bis8/Airbus_BS12_5bis8__iPhone16_HPC_Airbus BS12-5bis8 (4)__x795_y45__t256.png
12.856705665588379,4.713306903839111,3.3397979736328125,2.4169251918792725,1.794403076171875,0.057381171733140945,129.0,155.66666666666666,184.66666666666666,20.935334556354853,17.6744988759726,1.7798463658323032,0.5618462465058739,160.83680477272333,156.99209170843378,152.00600058965333,data/tiles/test/Airbus_BS12_5bis8/Airbus_BS12_5bis8__iPhone16_HPC_Airbus BS12-5bis8 (4)__x27_y301__t256.png
13.638972282409668,4.453273296356201,3.094229221343994,2.0330114364624023,1.5065457820892334,0.05869637802243233,152.33333333333334,175.33333333333334,201.0,18.58429042432569,18.730697006242664,2.0716970381835353,0.48269606104027657,180.40206615157567,178.77383453424775,170.29299418352286,data/tiles/test/Airbus_BS12_5bis8/Airbus_BS12_5bis8__iPhone16_HPC_Airbus BS12-5bis8 (4)__x283_y301__t256.png
14.74544620513916,4.548254013061523,3.1433472633361816,2.2658231258392334,1.6788686513900757,0.06281564384698868,157.66666666666666,184.0,210.66666666666666,19.884778486617765,19.827771254511305,1.949181325539285,0.5130359022515915,188.1976526147649,187.5261476491423,177.1442634905202,data/tiles/test/Airbus_BS12_5bis8/Airbus_BS12_5bis8__iPhone16_HPC_Airbus BS12-5bis8 (4)__x539_y301__t256.png
14.001192092895508,4.630209922790527,3.2860240936279297,2.347046136856079,1.6917439699172974,0.07110923528671265,155.66666666666666,180.0,206.33333333333334,19.12404757203247,19.282436100905795,2.461371357432527,0.4062775805773196,186.028910561205,183.44278624232118,173.315916426613,data/tiles/test/Airbus_BS12_5bis8/Airbus_BS12_5bis8__iPhone16_HPC_Airbus BS12-5bis8 (4)__x795_y301__t256.png
13.365095138549805,5.126297473907471,3.750664234161377,2.5808627605438232,1.9107950925827026,0.0644519031047821,119.66666666666667,147.33333333333334,177.33333333333334,21.74903205642725,18.42225357795003,1.9088629222797542,0.5238720854851644,152.70752486264692,148.91531052228945,143.27679254468322,data/tiles/test/Airbus_BS12_5bis8/Airbus_BS12_5bis8__iPhone16_HPC_Airbus BS12-5bis8 (4)__x27_y557__t256.png
15.014654159545898,5.233619213104248,3.941598653793335,3.273972749710083,2.5823981761932373,0.06502737104892731,134.66666666666666,165.0,195.0,22.581073907988877,20.846699423742425,1.820092879856354,0.5494225108330308,169.52317984361426,167.082606429192,158.94842745438748,data/tiles/test/Airbus_BS12_5bis8/Airbus_BS12_5bis8__iPhone16_HPC_Airbus BS12-5bis8 (4)__x283_y557__t256.png
15.38985824584961,5.0269012451171875,3.609689474105835,2.611189365386963,1.8234620094299316,0.07024495303630829,148.33333333333334,177.0,206.0,21.5961144748555,21.007925252432457,1.8684832305952135,0.5351934572521936,181.9703995283346,180.15306582506764,169.79272733578415,data/tiles/test/Airbus_BS12_5bis8/Airbus_BS12_5bis8__iPhone16_HPC_Airbus BS12-5bis8 (4)__x539_y557__t256.png
13.353041648864746,4.615104675292969,3.3257627487182617,2.473040819168091,2.011082887649536,0.06726976484060287,153.33333333333334,178.66666666666666,204.33333333333334,19.132832855258634,18.370168416281064,2.097875628071592,0.4766726809821512,183.8638220213783,181.45507951681586,171.9551229686278,data/tiles/test/Airbus_BS12_5bis8/Airbus_BS12_5bis8__iPhone16_HPC_Airbus BS12-5bis8 (4)__x795_y557__t256.png
13.959280967712402,5.324446678161621,3.554529905319214,2.2277631759643555,1.2531136274337769,0.037460844963788986,102.66666666666667,126.33333333333333,160.0,22.50059407975408,18.571930673311797,2.138507310683209,0.46761589030084755,131.58351112730048,129.25885067041335,127.33211913063087,data/tiles/test/Airbus_BS6_3/Airbus_BS6_3__iPhone16_HPC_Airbus BS6-3 (2)__x27_y49__t256.png
15.559327125549316,5.44242525100708,3.650836229324341,2.3514981269836426,1.4665627479553223,0.037468794733285904,124.33333333333333,151.0,182.66666666666666,22.60691038544178,21.02455742577913,1.9874528702077345,0.5031565854920006,155.3694738669908,153.57190484459107,150.03960757075882,data/tiles/test/Airbus_BS6_3/Airbus_BS6_3__iPhone16_HPC_Airbus BS6-3 (2)__x283_y49__t256.png
16.44929313659668,5.77840518951416,3.858922243118286,2.6231935024261475,1.6380192041397095,0.04363415762782097,128.66666666666666,156.33333333333334,189.33333333333334,23.517614031679646,22.429866585695436,2.1582919667841205,0.4633293434761801,161.02098726887988,159.42364796891803,154.56540743053387,data/tiles/test/Airbus_BS6_3/Airbus_BS6_3__iPhone16_HPC_Airbus BS6-3 (2)__x539_y49__t256.png
16.491104125976562,6.1496405601501465,4.222748279571533,2.819133758544922,1.7025408744812012,0.04974188655614853,125.33333333333333,154.33333333333334,188.33333333333334,24.444292871306022,22.683040024844267,1.9166200060065939,0.5217518323225515,159.50630824497162,156.9709664543672,152.14530656161602,data/tiles/test/Airbus_BS6_3/Airbus_BS6_3__iPhone16_HPC_Airbus BS6-3 (2)__x795_y49__t256.png
14.46063232421875,5.5043110847473145,3.852741003036499,2.6106321811676025,1.5234066247940063,0.04321766272187233,120.66666666666667,147.0,177.66666666666666,22.248903468604514,19.64539525966337,2.033307283565383,0.4918095794387312,151.62226816302422,148.87389249852333,145.57216566484834,data/tiles/test/Airbus_BS6_3/Airbus_BS6_3__iPhone16_HPC_Airbus BS6-3 (2)__x27_y305__t256.png
15.677760124206543,5.532853603363037,3.902940273284912,2.938279151916504,2.4318041801452637,0.04750746116042137,138.33333333333334,165.0,196.66666666666666,22.509332585490647,21.569459008260758,1.8069074787246098,0.5534317676884273,169.57903054933223,168.51240903801732,162.1724587089043,data/tiles/test/Airbus_BS6_3/Airbus_BS6_3__iPhone16_HPC_Airbus BS6-3 (2)__x283_y305__t256.png
16.853517532348633,5.707200527191162,3.910900115966797,2.717433452606201,1.7428127527236938,0.04752155393362045,147.66666666666666,176.33333333333334,208.33333333333334,23.24059227262331,23.39277549217384,1.8795064431210418,0.5320545740398929,180.08299050495583,180.25848391744344,172.8157405960874,data/tiles/test/Airbus_BS6_3/Airbus_BS6_3__iPhone16_HPC_Airbus BS6-3 (2)__x539_y305__t256.png
15.356308937072754,5.27106237411499,3.4709219932556152,2.2712361812591553,1.409980058670044,0.05236581340432167,149.33333333333334,174.66666666666666,204.0,20.960888499785135,21.22773733462849,1.8524823949081755,0.5398161962287196,179.44719494847865,178.0172952156264,170.63721680602296,data/tiles/test/Airbus_BS6_3/Airbus_BS6_3__iPhone16_HPC_Airbus BS6-3 (2)__x795_y305__t256.png
15.114346504211426,6.104092597961426,4.3248515129089355,2.8128604888916016,1.962074637413025,0.04570649936795235,109.33333333333333,137.66666666666666,171.0,24.00571881892083,20.62995468260406,2.0165046095639094,0.4959076191828099,142.30631646513888,139.82233749110907,136.38951824159048,data/tiles/test/Airbus_BS6_3/Airbus_BS6_3__iPhone16_HPC_Airbus BS6-3 (2)__x27_y561__t256.png
14.936436653137207,5.2535080909729,3.5073933601379395,2.2765274047851562,1.3404549360275269,0.04164962098002434,138.0,163.0,192.33333333333334,20.97722784232959,20.343595658791603,1.7523867488583307,0.5706502863317666,167.12288444830583,166.10498696785405,160.84045178105995,data/tiles/test/Airbus_BS6_3/Airbus_BS6_3__iPhone16_HPC_Airbus BS6-3 (2)__x283_y561__t256.png
15.750093460083008,5.373588562011719,3.7379379272460938,2.763734817504883,2.096985101699829,0.04698007181286812,144.33333333333334,170.33333333333334,201.0,22.042591393675163,21.48613502648205,1.770781213295697,0.5647225035434196,174.58514798143932,174.24539024347857,167.2635164491406,data/tiles/test/Airbus_BS6_3/Airbus_BS6_3__iPhone16_HPC_Airbus BS6-3 (2)__x539_y561__t256.png
13.979965209960938,5.039222240447998,3.809387445449829,3.187317371368408,2.652376174926758,0.04855947941541672,148.0,172.33333333333334,202.33333333333334,21.71214957318397,19.255016300584803,1.9300925186990543,0.5181098783150732,177.29466518477355,176.25744998610725,169.7252709085857,data/tiles/test/Airbus_BS6_3/Airbus_BS6_3__iPhone16_HPC_Airbus BS6-3 (2)__x795_y561__t256.png
13.162562370300293,5.279277801513672,3.6478519439697266,2.3681187629699707,1.5933729410171509,0.040513232350349426,102.66666666666667,124.66666666666667,157.0,21.72688656983489,17.640046088401984,2.268780946712028,0.44076533763615394,130.35536226841785,127.78752718100374,125.48532660694094,data/tiles/test/Airbus_BS6_3/Airbus_BS6_3__iPhone16_HPC_Airbus BS6-3 (3)__x27_y44__t256.png
15.130813598632812,5.60568380355835,3.9545979499816895,2.6395492553710938,1.5669916868209839,0.03756805136799812,122.66666666666667,150.0,182.33333333333334,23.119328158091733,20.432605209395362,1.5600228892996075,0.6410162356329034,154.14269836583713,152.4423180452564,148.96325304343296,data/tiles/test/Airbus_BS6_3/Airbus_BS6_3__iPhone16_HPC_Airbus BS6-3 (3)__x283_y44__t256.png
15.847221374511719,5.459480285644531,3.6594531536102295,2.528210163116455,1.8820955753326416,0.04551088809967041,130.0,159.33333333333334,191.33333333333334,23.242397334543504,21.151189357435054,2.0165191256919246,0.495904049338918,163.41095581213648,161.78211650316868,156.375015192291,data/tiles/test/Airbus_BS6_3/Airbus_BS6_3__iPhone16_HPC_Airbus BS6-3 (3)__x539_y44__t256.png
14.565817832946777,5.177031993865967,3.5287587642669678,2.2321815490722656,1.581307291984558,0.0440930500626564,134.33333333333334,161.66666666666666,191.33333333333334,21.72266278052522,19.635063151180812,1.8527916872537402,0.5397260830127255,165.69474634535922,163.54298760373624,158.71865342546616,data/tiles/test/Airbus_BS6_3/Airbus_BS6_3__iPhone16_HPC_Airbus BS6-3 (3)__x795_y44__t256.png
13.765571594238281,5.614587783813477,4.049384593963623,2.663895845413208,1.66006338596344,0.04040270671248436,120.33333333333333,145.66666666666666,177.33333333333334,22.237354145374397,18.853739613971353,2.185187812129464,0.4576265685032815,150.55725336478423,147.94553905924795,144.96553697793811,data/tiles/test/Airbus_BS6_3/Airbus_BS6_3__iPhone16_HPC_Airbus BS6-3 (3)__x27_y300__t256.png
14.23976993560791,4.728389263153076,3.0849733352661133,1.93253493309021,1.1741472482681274,0.0433054156601429,149.0,172.0,198.66666666666666,19.18106933235862,19.525395298856267,2.0347795553074204,0.4914537289268749,175.84319752700497,175.14282240978085,168.72623389253587,data/tiles/test/Airbus_BS6_3/Airbus_BS6_3__iPhone16_HPC_Airbus BS6-3 (3)__x283_y300__t256.png
15.630910873413086,5.019751071929932,3.4829423427581787,2.5545425415039062,2.4563074111938477,0.05386082082986832,153.0,178.66666666666666,208.0,21.23905340623818,21.088629190416462,1.6957087690908994,0.589723906739079,182.5982531992846,182.83080689691099,174.81781875640291,data/tiles/test/Airbus_BS6_3/Airbus_BS6_3__iPhone16_HPC_Airbus BS6-3 (3)__x539_y300__t256.png
13.913572311401367,4.546877861022949,2.9741873741149902,1.878426432609558,1.2948048114776611,0.051272183656692505,156.66666666666666,179.0,204.33333333333334,18.40464325106139,19.067415670645087,2.0866182523063,0.4792443461542229,183.50257924446373,182.2945896656535,174.56229266174554,data/tiles/test/Airbus_BS6_3/Airbus_BS6_3__iPhone16_HPC_Airbus BS6-3 (3)__x795_y300__t256.png
13.73523235321045,6.077315807342529,4.799100399017334,4.056180477142334,4.454105854034424,0.046137794852256775,110.66666666666667,139.66666666666666,180.0,26.91808472521575,18.657309789820335,1.96481878310406,0.5089527892339161,145.60690492713394,143.26023594725885,140.4343684941013,data/tiles/test/Airbus_BS6_3/Airbus_BS6_3__iPhone16_HPC_Airbus BS6-3 (3)__x27_y556__t256.png
15.640037536621094,5.841707706451416,4.235905170440674,2.8419675827026367,1.8537373542785645,0.045794349163770676,133.66666666666666,162.33333333333334,193.66666666666666,23.272154072811205,21.377861366121806,1.9567990282484913,0.511038683872962,166.39693252598158,165.24123392959385,159.49393618682444,data/tiles/test/Airbus_BS6_3/Airbus_BS6_3__iPhone16_HPC_Airbus BS6-3 (3)__x283_y556__t256.png
16.601816177368164,5.680234432220459,3.826249837875366,2.4230802059173584,1.6200250387191772,0.05358896031975746,141.0,169.33333333333334,201.0,22.847154449591994,22.75138268884155,1.6391632308469448,0.6100673692413822,173.83756010345607,172.98585290492804,165.22588484438197,data/tiles/test/Airbus_BS6_3/Airbus_BS6_3__iPhone16_HPC_Airbus BS6-3 (3)__x539_y556__t256.png
14.400960922241211,5.327814102172852,3.771198034286499,2.6171796321868896,1.6297448873519897,0.05258171632885933,146.0,171.33333333333334,199.33333333333334,20.653250407247285,19.711979041062584,2.137768048980928,0.4677775965810224,175.89999479410693,174.41740850642927,167.20653513110173,data/tiles/test/Airbus_BS6_3/Airbus_BS6_3__iPhone16_HPC_Airbus BS6-3 (3)__x795_y556__t256.png
13.724672317504883,6.104547500610352,4.800382137298584,3.681558132171631,3.587456464767456,0.04540878161787987,98.33333333333333,124.66666666666667,163.33333333333334,25.96947653276644,18.725773544708744,2.080690752053827,0.4806096239976609,131.00835751394368,128.2009452157142,126.46473685125015,data/tiles/test/Airbus_BS6_3/Airbus_BS6_3__iPhone16_HPC_Airbus BS6-3 (4)__x29_y50__t256.png
14.978102684020996,5.602259635925293,4.212588310241699,3.2341952323913574,3.211148738861084,0.03845600783824921,123.66666666666667,152.66666666666666,188.0,25.59443320486945,20.163190998723316,2.114141859165901,0.4730051560468762,157.18250026051618,155.44555212060163,152.65089096529925,data/tiles/test/Airbus_BS6_3/Airbus_BS6_3__iPhone16_HPC_Airbus BS6-3 (4)__x285_y50__t256.png
15.610787391662598,5.369495391845703,3.69732666015625,2.7666521072387695,2.0129895210266113,0.04357118159532547,130.0,157.0,189.66666666666666,22.986196811266613,20.981515485558837,2.016987028818087,0.49578900890898614,161.67274212044342,159.97061889703582,155.32722312958265,data/tiles/test/Airbus_BS6_3/Airbus_BS6_3__iPhone16_HPC_Airbus BS6-3 (4)__x541_y50__t256.png
14.37529182434082,4.944044589996338,3.4141671657562256,2.2989373207092285,1.4572340250015259,0.046457454562187195,135.0,159.66666666666666,188.33333333333334,20.76042999702361,19.474475824303,1.7469738659606158,0.5724184084746602,164.39055115373924,161.83500139004727,157.14376563803168,data/tiles/test/Airbus_BS6_3/Airbus_BS6_3__iPhone16_HPC_Airbus BS6-3 (4)__x797_y50__t256.png
13.282246589660645,5.082746505737305,3.3964288234710693,2.1718716621398926,1.388513207435608,0.040955305099487305,126.33333333333333,150.66666666666666,179.66666666666666,20.82838547949673,18.13325170486614,1.605510419149404,0.6228548803375551,155.4607325294506,152.47218264586303,149.49186850609863,data/tiles/test/Airbus_BS6_3/Airbus_BS6_3__iPhone16_HPC_Airbus BS6-3 (4)__x29_y306__t256.png
14.881600379943848,4.9550628662109375,3.1636741161346436,1.8852808475494385,1.181207537651062,0.04574361443519592,145.66666666666666,169.0,197.66666666666666,20.16948043138493,20.254463873105713,1.6540629532775761,0.6045719106509637,173.68059219661205,172.66632532629825,166.2234275201333,data/tiles/test/Airbus_BS6_3/Airbus_BS6_3__iPhone16_HPC_Airbus BS6-3 (4)__x285_y306__t256.png
14.792719841003418,4.473026275634766,2.8179619312286377,1.723360538482666,1.0901728868484497,0.04943159967660904,158.0,181.0,207.66666666666666,18.940162006635806,20.06699318865721,1.5568498499736845,0.6423227005590186,185.12218136404636,185.07533129813362,176.7339381114272,data/tiles/test/Airbus_BS6_3/Airbus_BS6_3__iPhone16_HPC_Airbus BS6-3 (4)__x541_y306__t256.png
14.042280197143555,4.578813076019287,3.0179409980773926,2.039621591567993,1.4598231315612793,0.054886315017938614,155.0,177.33333333333334,203.66666666666666,18.71518733154816,18.849260410536463,1.9073273031383875,0.5242938631217425,182.54105785582897,180.81593377989103,172.90103425537083,data/tiles/test/Airbus_BS6_3/Airbus_BS6_3__iPhone16_HPC_Airbus BS6-3 (4)__x797_y306__t256.png
13.864480972290039,5.644259452819824,4.239157676696777,3.2164623737335205,2.66326904296875,0.0438123419880867,115.66666666666667,144.33333333333334,176.0,23.478778364419725,18.435631650661044,2.2294043741141847,0.4485502996276002,148.79568397824613,146.01197157402743,143.04882456170833,data/tiles/test/Airbus_BS6_3/Airbus_BS6_3__iPhone16_HPC_Airbus BS6-3 (4)__x29_y562__t256.png
14.691740036010742,5.1916093826293945,3.5008654594421387,2.4665415287017822,1.6435446739196777,0.04338083788752556,141.0,164.66666666666666,193.33333333333334,20.49143995707436,20.198496950872862,2.143517384419644,0.4665229250150213,169.24122852680895,167.85158771473192,162.4848169356238,data/tiles/test/Airbus_BS6_3/Airbus_BS6_3__iPhone16_HPC_Airbus BS6-3 (4)__x285_y562__t256.png
15.435173034667969,5.202378749847412,3.5302884578704834,2.3643715381622314,1.5591500997543335,0.04950793460011482,147.33333333333334,172.33333333333334,202.0,21.120117880784303,20.997324986948122,1.8524032552602772,0.539839258628107,176.98648085800562,176.19829231890597,168.89844156745687,data/tiles/test/Airbus_BS6_3/Airbus_BS6_3__iPhone16_HPC_Airbus BS6-3 (4)__x541_y562__t256.png
14.420147895812988,5.422804355621338,3.8465464115142822,2.6750149726867676,2.0426626205444336,0.05349775776267052,145.33333333333334,170.33333333333334,199.66666666666666,21.309792430819858,20.031545517652646,2.1004185843359626,0.4760955780231516,175.6314793597889,173.7343332291775,166.87247856126098,data/tiles/test/Airbus_BS6_3/Airbus_BS6_3__iPhone16_HPC_Airbus BS6-3 (4)__x797_y562__t256.png
23.814607620239258,9.077198028564453,6.926179885864258,5.581905364990234,4.548229694366455,0.030932214111089706,90.0,136.66666666666666,189.33333333333334,37.41506847305929,34.029738104934765,1.7460985427834366,0.5727053631268204,139.96431483441182,139.6598025779366,136.5118054230349,data/tiles/test/Audorfring/Audorfring__iPhone14_HPC_Audorfring (1)__x29_y26__t256.png
24.3128662109375,9.332354545593262,7.422609806060791,6.255716800689697,5.201244354248047,0.025611208751797676,104.66666666666667,164.33333333333334,219.33333333333334,41.77637407311025,34.82946610720793,1.5884139126935284,0.6295588272103871,164.31952518959443,164.46873644204572,161.2778404456554,data/tiles/test/Audorfring/Audorfring__iPhone14_HPC_Audorfring (1)__x285_y26__t256.png
22.918943405151367,9.029767990112305,7.474681377410889,6.818235874176025,6.2782745361328125,0.027098210528492928,104.0,159.0,208.33333333333334,38.53907379786506,33.009281988932145,1.3786004117851147,0.725373350719608,159.1784152436485,159.08860891295294,155.70965222823824,data/tiles/test/Audorfring/Audorfring__iPhone14_HPC_Audorfring (1)__x541_y26__t256.png
17.770456314086914,7.420108318328857,6.3940277099609375,6.43373441696167,7.576661109924316,0.026448430493474007,98.66666666666667,154.0,199.33333333333334,37.521259870101495,24.49667566149681,1.7477362917508625,0.5721686988591461,152.5615225730304,152.77111068682416,150.8296391439432,data/tiles/test/Audorfring/Audorfring__iPhone14_HPC_Audorfring (1)__x797_y26__t256.png
24.061172485351562,9.203927040100098,6.999268531799316,5.753165245056152,4.681611061096191,0.037388771772384644,104.0,153.33333333333334,203.33333333333334,37.10991764995792,34.46743387195252,2.084607340598393,0.47970664811769625,156.0868274904547,155.38722665741062,150.70345366192294,data/tiles/test/Audorfring/Audorfring__iPhone14_HPC_Audorfring (1)__x29_y282__t256.png
24.570018768310547,9.256830215454102,7.118001461029053,6.026113986968994,4.671821117401123,0.03782041743397713,114.33333333333333,169.66666666666666,215.66666666666666,37.557526568452474,35.817265147002104,1.937546095083125,0.5161167533188922,169.5445042542108,169.52396249348845,163.84337558603923,data/tiles/test/Audorfring/Audorfring__iPhone14_HPC_Audorfring (1)__x285_y282__t256.png
26.789417266845703,9.538013458251953,6.971116065979004,5.807709217071533,4.731146812438965,0.035838838666677475,116.0,176.0,222.0,39.23311355724681,39.33695772665367,1.7599330309534613,0.5682034386605268,174.15212225286638,174.60911345856968,168.8766890426879,data/tiles/test/Audorfring/Audorfring__iPhone14_HPC_Audorfring (1)__x541_y282__t256.png
22.761932373046875,8.774359703063965,6.654273509979248,5.598498821258545,4.768082141876221,0.031139511615037918,118.66666666666667,170.0,214.33333333333334,35.47728082797288,33.3860368598587,1.3442742712197278,0.7438958115985138,170.04449380487975,170.26108006802485,165.6707909624128,data/tiles/test/Audorfring/Audorfring__iPhone14_HPC_Audorfring (1)__x797_y282__t256.png
22.99628448486328,9.090536117553711,7.12028169631958,5.908812999725342,4.89384126663208,0.03434384986758232,97.33333333333333,147.33333333333334,196.0,37.30262904207391,33.30240959177487,1.9335564253105553,0.5171817004716511,149.17220853146367,148.85849154836694,144.81828121203708,data/tiles/test/Audorfring/Audorfring__iPhone14_HPC_Audorfring (1)__x29_y538__t256.png
22.665807723999023,9.052950859069824,7.455037593841553,6.395453929901123,5.5395050048828125,0.03493952751159668,110.0,166.33333333333334,209.66666666666666,37.22037787759746,32.950203933512206,1.8166563639347986,0.5504618373912189,165.028395490026,165.06202948829142,160.0638855160451,data/tiles/test/Audorfring/Audorfring__iPhone14_HPC_Audorfring (1)__x285_y538__t256.png
21.532955169677734,8.889769554138184,7.121544361114502,6.139897346496582,5.439874649047852,0.03744635358452797,112.0,167.33333333333334,210.33333333333334,36.80492973810701,31.255343523888808,2.0297829668605485,0.4926635095114101,165.90915876818386,166.52839981946326,160.8794049230983,data/tiles/test/Audorfring/Audorfring__iPhone14_HPC_Audorfring (1)__x541_y538__t256.png
21.23941993713379,8.521740913391113,6.696795463562012,5.769925117492676,5.49421501159668,0.029974134638905525,111.33333333333333,165.33333333333334,206.0,35.49673375772452,30.375868806267036,1.859963783574438,0.5376448771912223,163.17358425114907,163.83222617292515,159.95644783626744,data/tiles/test/Audorfring/Audorfring__iPhone14_HPC_Audorfring (1)__x797_y538__t256.png
22.7087345123291,9.082674980163574,7.218502998352051,5.879319667816162,4.177468299865723,0.047607842832803726,92.33333333333333,139.33333333333334,189.66666666666666,36.49299294349699,32.97362077897984,2.178613930460931,0.4590074386371106,143.53443339753267,141.70452692034078,137.2434195686499,data/tiles/test/Audorfring/Audorfring__iPhone14_HPC_Audorfring (2)__x27_y27__t256.png
22.27501678466797,8.812983512878418,7.461679935455322,6.624892711639404,5.972341537475586,0.047349270433187485,99.0,151.0,199.0,37.195372369188576,31.29387405791232,2.0331956422013793,0.4918365843619855,153.05075103201858,151.58505914593957,146.62226384986297,data/tiles/test/Audorfring/Audorfring__iPhone14_HPC_Audorfring (2)__x283_y27__t256.png
21.409589767456055,8.255720138549805,6.566176891326904,6.306372165679932,7.113199710845947,0.04410805553197861,101.0,155.66666666666666,219.33333333333334,42.75847195263567,29.32564548914647,2.1603266495181757,0.4628929612209492,160.85485942381118,159.3872960777508,154.60539743144741,data/tiles/test/Audorfring/Audorfring__iPhone14_HPC_Audorfring (2)__x539_y27__t256.png
22.413175582885742,9.097990989685059,7.613799095153809,7.091226100921631,6.4509148597717285,0.04040491208434105,95.0,146.0,201.66666666666666,39.50390386444999,32.0300730037531,1.8610221492415489,0.5373391178646345,149.78186108653028,148.2301285721722,144.40711050960388,data/tiles/test/Audorfring/Audorfring__iPhone14_HPC_Audorfring (2)__x795_y27__t256.png
22.8785457611084,8.670650482177734,6.444942951202393,5.314024448394775,4.060781478881836,0.05315983295440674,108.0,151.66666666666666,202.0,35.13124067813633,33.17947858784608,2.3522212125721373,0.4251300832826463,157.16272209883397,154.96302401443643,149.11833703498056,data/tiles/test/Audorfring/Audorfring__iPhone14_HPC_Audorfring (2)__x27_y283__t256.png
24.3526611328125,8.97890853881836,6.682669162750244,5.151474952697754,4.3292365074157715,0.052785586565732956,112.66666666666667,165.0,211.0,36.486798961003416,35.21420411894047,1.4872275359535456,0.672392069017767,167.0782426197662,165.4963922711347,158.56653484580428,data/tiles/test/Audorfring/Audorfring__iPhone14_HPC_Audorfring (2)__x283_y283__t256.png
23.061233520507812,8.180076599121094,6.114916801452637,5.359928607940674,5.453670024871826,0.050869420170784,109.0,159.33333333333334,207.66666666666666,36.812251120024165,31.937750100613123,1.7462227306538136,0.572664633466078,162.25645561278463,161.07949638416315,154.55382134124136,data/tiles/test/Audorfring/Audorfring__iPhone14_HPC_Audorfring (2)__x539_y283__t256.png
23.103723526000977,8.862738609313965,6.683473587036133,5.729882717132568,5.2212934494018555,0.04590972885489464,109.0,161.33333333333334,208.0,36.97195788596113,32.59986022604895,1.528681362091123,0.6541585609652976,163.4102030553677,161.9402105117134,156.37541833567428,data/tiles/test/Audorfring/Audorfring__iPhone14_HPC_Audorfring (2)__x795_y283__t256.png
22.07845115661621,9.410250663757324,7.568768501281738,6.036965847015381,4.354069232940674,0.04596744105219841,92.0,139.33333333333334,190.0,36.60384793102889,32.711452209485245,1.8332482674595034,0.5454798554839436,143.0846311262183,141.6889806111477,137.21561860497383,data/tiles/test/Audorfring/Audorfring__iPhone14_HPC_Audorfring (2)__x27_y539__t256.png
22.619770050048828,9.437348365783691,7.963320255279541,7.069881439208984,5.173606872558594,0.04623022675514221,103.33333333333333,157.33333333333334,206.0,38.16030266742792,32.996301493286595,2.0406678242976364,0.4900356579808295,159.081302929335,157.94125711509093,152.32040469248923,data/tiles/test/Audorfring/Audorfring__iPhone14_HPC_Audorfring (2)__x283_y539__t256.png
20.02142906188965,8.300566673278809,7.103799819946289,6.965751647949219,6.495919704437256,0.0465628020465374,110.33333333333333,161.0,208.0,36.23500688289654,28.472519280514135,1.983318673606437,0.5042054074858353,162.6489645842728,162.2569114433383,156.01841895313746,data/tiles/test/Audorfring/Audorfring__iPhone14_HPC_Audorfring (2)__x539_y539__t256.png
21.256275177001953,8.46650218963623,6.418900012969971,5.034382343292236,3.8460912704467773,0.04653792083263397,118.0,163.0,206.33333333333334,32.93124953642495,31.043973851529085,1.9138421689063736,0.5225091265344152,165.79701896548733,164.62475056827054,158.73887317589492,data/tiles/test/Audorfring/Audorfring__iPhone14_HPC_Audorfring (2)__x795_y539__t256.png
20.99178695678711,8.996865272521973,7.932701110839844,7.371002197265625,5.896109580993652,0.05008487030863762,89.66666666666667,137.66666666666666,191.33333333333334,37.762654713161815,30.607319656799692,1.8551282053419096,0.5390463026331352,141.81249241333865,141.0096068808851,135.71729065149913,data/tiles/test/Audorfring/Audorfring__iPhone14_HPC_Audorfring (3)__x27_y81__t256.png
23.61063003540039,9.722928047180176,8.245394706726074,7.090044975280762,5.723227500915527,0.044272735714912415,95.66666666666667,147.66666666666666,202.33333333333334,39.61019339818676,34.139761281806116,1.6058876931222659,0.6227085519633931,150.9507195056328,150.50827127705742,145.1026402124668,data/tiles/test/Audorfring/Audorfring__iPhone14_HPC_Audorfring (3)__x283_y81__t256.png
23.70592498779297,9.366938591003418,7.809521198272705,6.847371578216553,5.599399566650391,0.04252612590789795,102.33333333333333,155.33333333333334,209.0,39.2035666787315,34.171558612380885,2.300375991194803,0.4347115444726083,158.00171818323815,157.6178170395182,152.03667193113384,data/tiles/test/Audorfring/Audorfring__iPhone14_HPC_Audorfring (3)__x539_y81__t256.png
22.795021057128906,9.063152313232422,7.098389625549316,5.8340044021606445,5.062449932098389,0.03714112564921379,102.66666666666667,149.0,201.33333333333334,36.83366837330494,32.35657203032153,1.8118798917983026,0.551912963175221,152.92139063422084,152.39144999479294,148.12852778838476,data/tiles/test/Audorfring/Audorfring__iPhone14_HPC_Audorfring (3)__x795_y81__t256.png
20.48054313659668,8.659814834594727,7.502186298370361,6.698886394500732,6.158990859985352,0.05862751603126526,99.0,147.0,199.0,37.26105212585136,29.53290459595212,1.758714455661168,0.568597134561029,151.47499783193132,150.30099731159484,143.27392246986383,data/tiles/test/Audorfring/Audorfring__iPhone14_HPC_Audorfring (3)__x27_y337__t256.png
24.327478408813477,9.608369827270508,7.848199844360352,6.562390327453613,4.611108779907227,0.05144956335425377,109.66666666666667,163.33333333333334,213.66666666666666,38.32422166237938,35.90755988272816,1.8166559468585566,0.5504619637687835,165.56852668495435,165.3750303829994,158.03020938227021,data/tiles/test/Audorfring/Audorfring__iPhone14_HPC_Audorfring (3)__x283_y337__t256.png
24.88104820251465,9.241606712341309,7.499032020568848,6.629167556762695,6.01617431640625,0.0525607168674469,106.0,163.0,215.0,40.0744572495815,35.46489836059422,1.7690865859283722,0.5652634573989633,164.70212655241795,164.46192673281067,156.8068757371817,data/tiles/test/Audorfring/Audorfring__iPhone14_HPC_Audorfring (3)__x539_y337__t256.png
19.500078201293945,7.676332950592041,5.916319847106934,4.979379177093506,5.255911350250244,0.040882840752601624,109.0,154.33333333333334,204.0,35.414292431977714,26.55457704865502,2.370825234494399,0.42179405949053833,157.86010057222126,157.5714409571701,152.11253684758105,data/tiles/test/Audorfring/Audorfring__iPhone14_HPC_Audorfring (3)__x795_y337__t256.png
18.622589111328125,7.633974552154541,6.615342617034912,6.563594818115234,6.5403828620910645,0.054593078792095184,97.33333333333333,145.0,190.0,34.52078122091782,26.069316541560273,1.521648691508196,0.6571819143148219,147.3940056197315,146.81260623720817,140.326464772609,data/tiles/test/Audorfring/Audorfring__iPhone14_HPC_Audorfring (3)__x27_y593__t256.png
21.170703887939453,8.71178150177002,7.3234357833862305,6.7258524894714355,6.129160404205322,0.0479629784822464,106.0,157.0,207.0,37.24169529215259,30.467909012610356,1.7030741791682296,0.5871734844153375,159.40978147762746,159.17726326742977,152.9123829344433,data/tiles/test/Audorfring/Audorfring__iPhone14_HPC_Audorfring (3)__x283_y593__t256.png
22.765989303588867,9.198460578918457,6.755250453948975,5.261894226074219,4.280584812164307,0.044451914727687836,108.0,153.33333333333334,203.66666666666666,36.015797970721216,33.18614075447578,1.7851391764239384,0.5601804123772801,157.364253236611,157.31212037069176,151.10098573461525,data/tiles/test/Audorfring/Audorfring__iPhone14_HPC_Audorfring (3)__x539_y593__t256.png
21.73952865600586,8.334901809692383,5.878079891204834,4.496854782104492,3.3317818641662598,0.04050925374031067,116.66666666666667,155.0,203.0,32.43020050039812,31.473962540962198,2.053581869746287,0.4869540458708601,159.95997570077236,159.72222511498742,154.44811247071075,data/tiles/test/Audorfring/Audorfring__iPhone14_HPC_Audorfring (3)__x795_y593__t256.png
22.570987701416016,9.482535362243652,7.87174129486084,6.636172771453857,5.1103715896606445,0.04528489336371422,88.33333333333333,137.0,191.0,38.261177013060355,32.86750601366542,1.7440312608480943,0.5733842176164412,140.86281820073523,139.74105223000623,135.3714538392176,data/tiles/test/Audorfring/Audorfring__iPhone14_HPC_Audorfring (4)__x28_y41__t256.png
24.82328987121582,10.018501281738281,8.09821605682373,6.686202049255371,5.270909786224365,0.039959732443094254,94.66666666666667,148.0,204.0,40.57602865638184,35.731055589604445,1.5894181467638624,0.6291610562242868,151.05739667557344,150.29116493736336,145.8444494569178,data/tiles/test/Audorfring/Audorfring__iPhone14_HPC_Audorfring (4)__x284_y41__t256.png
24.526958465576172,9.776925086975098,8.109682083129883,7.077019214630127,5.950541973114014,0.036500971764326096,98.0,152.0,209.33333333333334,40.69048663917554,35.15995569325847,2.2787183494685284,0.4388431770136194,154.95708757743498,154.31440767669056,150.06120182546982,data/tiles/test/Audorfring/Audorfring__iPhone14_HPC_Audorfring (4)__x540_y41__t256.png
22.626468658447266,9.208738327026367,7.389340877532959,6.207207679748535,4.898821830749512,0.03646321967244148,91.0,138.0,192.33333333333334,38.11844083199692,32.037973662940175,2.369236049628119,0.42207698137843314,142.01580664191275,141.28120553839747,138.08633792553007,data/tiles/test/Audorfring/Audorfring__iPhone14_HPC_Audorfring (4)__x796_y41__t256.png
20.966609954833984,9.044772148132324,8.216767311096191,7.296513080596924,6.428238391876221,0.054298363626003265,97.66666666666667,149.66666666666666,202.0,38.665710488794424,30.5684449755117,1.9638315177575791,0.5092086520445808,153.35932268082374,151.96054754593243,145.8232273287184,data/tiles/test/Audorfring/Audorfring__iPhone14_HPC_Audorfring (4)__x28_y297__t256.png
24.250986099243164,9.376956939697266,7.667243480682373,6.419667720794678,5.186339855194092,0.048188790678977966,107.33333333333333,161.66666666666666,211.66666666666666,38.39585219608894,35.263505011040856,2.0679589521580444,0.4835685925759975,163.668969347728,162.94419759086333,156.4449612941299,data/tiles/test/Audorfring/Audorfring__iPhone14_HPC_Audorfring (4)__x284_y297__t256.png
24.846946716308594,8.941397666931152,6.932415962219238,5.990601539611816,5.01701021194458,0.052730776369571686,110.33333333333333,162.66666666666666,212.66666666666666,37.88409589860601,35.132898630297944,1.5364942741305587,0.6508322333748106,165.41715693931033,164.68587841238437,157.2083615348571,data/tiles/test/Audorfring/Audorfring__iPhone14_HPC_Audorfring (4)__x540_y297__t256.png
23.506786346435547,8.784854888916016,6.397497177124023,5.030192852020264,3.6159908771514893,0.039775364100933075,112.0,155.66666666666666,205.33333333333334,35.06102761931975,33.20015028240211,1.8732387441103981,0.5338347838171051,159.61291777234334,159.1596683837175,154.06464089356018,data/tiles/test/Audorfring/Audorfring__iPhone14_HPC_Audorfring (4)__x796_y297__t256.png
19.90944480895996,8.598760604858398,7.459249973297119,6.700579643249512,5.823090553283691,0.0518496036529541,95.66666666666667,142.0,193.0,36.312963398991506,28.563820465871505,1.5516543095934003,0.6444734460616055,146.2764274189351,145.22921979909435,139.508093478374,data/tiles/test/Audorfring/Audorfring__iPhone14_HPC_Audorfring (4)__x28_y553__t256.png
22.55979347229004,9.249935150146484,7.479374408721924,6.560104846954346,5.786434173583984,0.04297986254096031,105.33333333333333,157.0,207.33333333333334,37.75212596042498,32.9585323566389,2.232400336841155,0.44794832875495766,159.14560258324363,158.74787333773133,153.1380507621263,data/tiles/test/Audorfring/Audorfring__iPhone14_HPC_Audorfring (4)__x284_y553__t256.png
20.451171875,8.785057067871094,7.32303524017334,6.046783924102783,5.387287139892578,0.04015703871846199,100.0,148.66666666666666,198.33333333333334,37.01477815187109,28.780300936816268,2.127374314350708,0.4700630224094852,151.63838278674302,151.48594482040605,146.40182196772514,data/tiles/test/Audorfring/Audorfring__iPhone14_HPC_Audorfring (4)__x540_y553__t256.png
21.650188446044922,8.547768592834473,6.7276716232299805,5.963099002838135,5.656060218811035,0.036517541855573654,107.33333333333333,156.0,204.33333333333334,36.418123895835855,30.720304485013877,2.139974548175282,0.46729527734462173,158.40146162792715,158.16426823129135,153.4509174232298,data/tiles/test/Audorfring/Audorfring__iPhone14_HPC_Audorfring (4)__x796_y553__t256.png
23.66703987121582,9.767435073852539,7.723056316375732,5.795676231384277,4.314898490905762,0.03174082934856415,91.33333333333333,140.33333333333334,194.66666666666666,38.54546339954599,34.72866997979259,1.8822858610467148,0.5312689324691166,142.88597420183677,143.3151334178226,140.06130101907954,data/tiles/test/Audorfring/Audorfring__iPhone14_HPC_Audorfring (5)__x29_y30__t256.png
24.534578323364258,9.836071014404297,8.128458023071289,6.8768229484558105,5.550105094909668,0.030017582699656487,97.0,149.0,205.0,40.063583716039744,35.47578283278563,1.7024476033546927,0.5873895901580104,151.313889129869,151.98582458575518,148.481981434892,data/tiles/test/Audorfring/Audorfring__iPhone14_HPC_Audorfring (5)__x285_y30__t256.png
24.32503318786621,9.275094985961914,7.330107688903809,6.4185662269592285,5.31095552444458,0.028916865587234497,97.66666666666667,148.0,201.33333333333334,38.62640210298278,34.0624851164432,1.7676282667449674,0.5657298080220616,150.1015626354949,150.54267330338715,147.0569208623112,data/tiles/test/Audorfring/Audorfring__iPhone14_HPC_Audorfring (5)__x541_y30__t256.png
20.971765518188477,8.269586563110352,6.714187145233154,5.443535327911377,5.14961576461792,0.029804158955812454,100.0,143.66666666666666,198.0,36.90283053695858,29.05763013248759,1.7864263642428913,0.5597767811850515,147.35962035639304,147.96649489008033,145.15980427879862,data/tiles/test/Audorfring/Audorfring__iPhone14_HPC_Audorfring (5)__x797_y30__t256.png
21.745248794555664,9.122721672058105,7.977987289428711,7.207579135894775,6.037085056304932,0.04003249108791351,102.66666666666667,155.66666666666666,206.0,38.2201244192997,31.700763256217535,2.161649116978587,0.462609769617807,156.77065685321483,157.02593389806972,152.0181051242883,data/tiles/test/Audorfring/Audorfring__iPhone14_HPC_Audorfring (5)__x29_y286__t256.png
23.838369369506836,8.89169979095459,7.106551170349121,6.417349815368652,6.155880451202393,0.04013337567448616,112.33333333333333,168.33333333333334,217.33333333333334,38.45326881561207,33.64424743526087,1.6887472917639306,0.5921549096641214,168.28733337961677,168.92774576506525,162.81029575118023,data/tiles/test/Audorfring/Audorfring__iPhone14_HPC_Audorfring (5)__x285_y286__t256.png
25.738483428955078,8.637506484985352,6.101601600646973,4.684776306152344,3.2634928226470947,0.038631826639175415,120.66666666666667,167.66666666666666,217.66666666666666,35.83021302073396,36.588846817701224,2.0130426046519303,0.49676047476049684,170.10839257846368,171.0293566845847,164.77874111323044,data/tiles/test/Audorfring/Audorfring__iPhone14_HPC_Audorfring (5)__x541_y286__t256.png
22.093435287475586,8.043634414672852,6.163888454437256,5.234297752380371,4.00159215927124,0.03482016175985336,119.0,161.33333333333334,208.0,33.2760224390402,31.243229757091658,1.8506091785894723,0.5403626068483008,164.00012147505424,164.7185770065076,159.75737960954447,data/tiles/test/Audorfring/Audorfring__iPhone14_HPC_Audorfring (5)__x797_y286__t256.png
19.914159774780273,8.960254669189453,8.056095123291016,7.407815456390381,6.6774091720581055,0.037214163690805435,96.0,151.33333333333334,205.0,40.03914493787896,28.54280659286738,1.6104760931783544,0.6209343958819348,152.22497787188254,153.04203474548325,148.6512435134244,data/tiles/test/Audorfring/Audorfring__iPhone14_HPC_Audorfring (5)__x29_y542__t256.png
21.796335220336914,8.596978187561035,6.5636420249938965,5.509401321411133,5.685632228851318,0.0332346186041832,111.0,164.0,212.0,37.13917342255872,30.419935911496225,1.9095748675823678,0.5236767706657439,163.84367951698533,164.75573406433256,160.27681390749157,data/tiles/test/Audorfring/Audorfring__iPhone14_HPC_Audorfring (5)__x285_y542__t256.png
22.681095123291016,8.926412582397461,6.81120491027832,5.886690139770508,4.7266740798950195,0.03694099187850952,110.0,159.33333333333334,208.33333333333334,36.44967440092812,32.3367614089829,1.9009409759736824,0.526055260336418,160.52126681127982,161.72301952277658,156.50714099783082,data/tiles/test/Audorfring/Audorfring__iPhone14_HPC_Audorfring (5)__x541_y542__t256.png
21.185047149658203,8.171682357788086,5.967794418334961,4.675394535064697,3.7794597148895264,0.029261240735650063,109.33333333333333,148.66666666666666,195.33333333333334,32.591035230757534,30.130429347578648,2.140013467135626,0.4672867789652203,151.79930867971723,152.79098851852495,149.07854649042054,data/tiles/test/Audorfring/Audorfring__iPhone14_HPC_Audorfring (5)__x797_y542__t256.png
15.45957088470459,6.358308792114258,4.481683254241943,2.9208085536956787,1.860937237739563,0.040501125156879425,102.33333333333333,131.0,169.0,25.839465750177524,21.282779282427704,2.015938142635091,0.49604696634831813,135.9871659054202,133.62609194004966,132.2043382365711,data/tiles/test/Kleinkummerfeld_18_3/Kleinkummerfeld_18_3__iPhone16_HPC_Kleinkummerfeld 18-3 (1)__x28_y46__t256.png
18.00937271118164,6.58344030380249,4.51564884185791,3.0553174018859863,2.016007423400879,0.04026586934924126,115.66666666666667,147.5,185.0,26.54114964112715,24.59706961680117,1.5755647874365586,0.6346930370454638,151.790514999133,149.77289752037456,147.01950754291659,data/tiles/test/Kleinkummerfeld_18_3/Kleinkummerfeld_18_3__iPhone16_HPC_Kleinkummerfeld 18-3 (1)__x284_y46__t256.png
18.041114807128906,6.14154577255249,4.188796043395996,2.9293718338012695,1.8392897844314575,0.043099381029605865,128.33333333333334,159.33333333333334,195.66666666666666,25.76139272563512,24.631530193579028,1.693203354095371,0.5905965149320594,163.5949786584308,161.99885484262762,157.62549883749176,data/tiles/test/Kleinkummerfeld_18_3/Kleinkummerfeld_18_3__iPhone16_HPC_Kleinkummerfeld 18-3 (1)__x540_y46__t256.png
17.25161361694336,6.247876167297363,4.395184516906738,2.884800672531128,1.8382071256637573,0.04257625713944435,126.66666666666667,158.33333333333334,193.33333333333334,25.381001662046334,23.695081396985096,2.236321933697747,0.44716281002820785,162.4153490634882,160.130138652396,156.357055982208,data/tiles/test/Kleinkummerfeld_18_3/Kleinkummerfeld_18_3__iPhone16_HPC_Kleinkummerfeld 18-3 (1)__x796_y46__t256.png
15.806131362915039,6.15505838394165,4.235845565795898,2.647425651550293,1.6662819385528564,0.03928045183420181,124.33333333333333,153.0,185.33333333333334,23.497019481710492,22.057720072987735,1.6462334045068323,0.6074472776839159,156.7363154694693,154.26000173716668,152.20887692174065,data/tiles/test/Kleinkummerfeld_18_3/Kleinkummerfeld_18_3__iPhone16_HPC_Kleinkummerfeld 18-3 (1)__x28_y302__t256.png
17.837841033935547,6.201637268066406,4.168351173400879,2.839120864868164,2.034580945968628,0.045541658997535706,136.0,166.66666666666666,201.33333333333334,24.83951864218728,24.704622392206986,1.7775922269450426,0.5625587155714519,170.7262574683896,169.60445324440738,164.09041961928583,data/tiles/test/Kleinkummerfeld_18_3/Kleinkummerfeld_18_3__iPhone16_HPC_Kleinkummerfeld 18-3 (1)__x284_y302__t256.png
17.82870101928711,5.448513031005859,3.422508716583252,2.0665340423583984,1.1763923168182373,0.04988081008195877,150.33333333333334,179.0,211.33333333333334,23.032981305458392,24.71643362753254,1.7153832999255947,0.5829600883040982,183.14775372641674,182.96539383621138,175.03509259580974,data/tiles/test/Kleinkummerfeld_18_3/Kleinkummerfeld_18_3__iPhone16_HPC_Kleinkummerfeld 18-3 (1)__x540_y302__t256.png
16.401185989379883,5.335235595703125,3.5299999713897705,2.2229557037353516,1.4056473970413208,0.04691872373223305,150.66666666666666,178.0,208.66666666666666,21.89814700976944,22.729468199808046,1.4125506428303212,0.7079392197905943,182.15633413816462,180.9270266983967,174.35816151053518,data/tiles/test/Kleinkummerfeld_18_3/Kleinkummerfeld_18_3__iPhone16_HPC_Kleinkummerfeld 18-3 (1)__x796_y302__t256.png
15.922200202941895,6.160061359405518,4.173708438873291,2.767024517059326,1.847136378288269,0.041774652898311615,118.0,146.66666666666666,180.33333333333334,23.751421616744665,22.278238209310757,2.0149811776814928,0.4962825514581901,150.94425153651167,148.5492204590437,145.8902392444182,data/tiles/test/Kleinkummerfeld_18_3/Kleinkummerfeld_18_3__iPhone16_HPC_Kleinkummerfeld 18-3 (1)__x28_y558__t256.png
17.823673248291016,6.344601631164551,4.300240993499756,2.9020895957946777,1.9304345846176147,0.04519932344555855,129.66666666666666,161.66666666666666,197.0,25.40094147820664,24.530102587920798,1.5938491415643257,0.6274119513083424,165.73514189447357,164.11749279238597,159.14588905484734,data/tiles/test/Kleinkummerfeld_18_3/Kleinkummerfeld_18_3__iPhone16_HPC_Kleinkummerfeld 18-3 (1)__x284_y558__t256.png
18.273738861083984,6.057612895965576,3.980077028274536,2.5465712547302246,1.6678252220153809,0.05051683261990547,140.33333333333334,171.33333333333334,206.0,24.810080878124648,25.22515684295423,2.203520818816537,0.4538191749588634,175.51181170748654,174.5405072086156,167.453048462741,data/tiles/test/Kleinkummerfeld_18_3/Kleinkummerfeld_18_3__iPhone16_HPC_Kleinkummerfeld 18-3 (1)__x540_y558__t256.png
16.3746395111084,5.795720100402832,3.999440908432007,2.599095106124878,1.643607258796692,0.0498516745865345,141.66666666666666,170.33333333333334,202.0,23.095369108425864,22.809848499955457,1.7033037172565562,0.5870943566134291,174.76939225177398,173.21690175055085,166.79543364735682,data/tiles/test/Kleinkummerfeld_18_3/Kleinkummerfeld_18_3__iPhone16_HPC_Kleinkummerfeld 18-3 (1)__x796_y558__t256.png
15.601963996887207,6.264214992523193,4.277198314666748,2.828789710998535,1.8921960592269897,0.03785807639360428,102.0,129.66666666666666,167.0,25.307448352394143,21.516430972174085,1.7101984943391244,0.5847274473168286,134.56611469832674,132.47313059779214,130.66288273276402,data/tiles/test/Kleinkummerfeld_18_3/Kleinkummerfeld_18_3__iPhone16_HPC_Kleinkummerfeld 18-3 (2)__x28_y41__t256.png
17.448963165283203,6.215904235839844,4.203640937805176,2.6904349327087402,1.6423041820526123,0.037776436656713486,120.0,150.66666666666666,186.33333333333334,25.29356550124026,23.89148538673354,2.192350357291037,0.45613147400201276,154.58886075071118,153.00260181780337,149.72287171303685,data/tiles/test/Kleinkummerfeld_18_3/Kleinkummerfeld_18_3__iPhone16_HPC_Kleinkummerfeld 18-3 (2)__x284_y41__t256.png
18.003570556640625,6.113832473754883,4.104562759399414,2.6532645225524902,1.6872367858886719,0.042082637548446655,127.33333333333333,158.0,194.0,25.33159769559424,24.73580313921596,1.7817058652435525,0.5612598687063893,162.13789687711798,160.85854056966096,156.0957371009506,data/tiles/test/Kleinkummerfeld_18_3/Kleinkummerfeld_18_3__iPhone16_HPC_Kleinkummerfeld 18-3 (2)__x540_y41__t256.png
17.336999893188477,6.204678535461426,4.432506561279297,3.164362668991089,2.081293821334839,0.0449875108897686,124.0,155.0,190.66666666666666,25.562324298846228,23.973568827261747,1.8257100878241301,0.5477320888289519,159.35713169003074,157.48635502979138,153.3051053554988,data/tiles/test/Kleinkummerfeld_18_3/Kleinkummerfeld_18_3__iPhone16_HPC_Kleinkummerfeld 18-3 (2)__x796_y41__t256.png
16.03658676147461,6.355922698974609,4.488455772399902,2.873383045196533,1.9161121845245361,0.038618382066488266,121.66666666666667,151.33333333333334,185.33333333333334,24.511331891462653,22.43462869659072,1.619698987252824,0.6173986696726302,155.34760788399757,153.13770947295302,150.65843535642964,data/tiles/test/Kleinkummerfeld_18_3/Kleinkummerfeld_18_3__iPhone16_HPC_Kleinkummerfeld 18-3 (2)__x28_y297__t256.png
17.365657806396484,5.98288631439209,3.9519546031951904,2.502453565597534,1.602717638015747,0.045569323003292084,140.33333333333334,169.33333333333334,202.66666666666666,23.779178315751803,24.19204244268577,2.17842045069039,0.45904820609037056,173.5076316657695,172.77837781520776,166.4672072791679,data/tiles/test/Kleinkummerfeld_18_3/Kleinkummerfeld_18_3__iPhone16_HPC_Kleinkummerfeld 18-3 (2)__x284_y297__t256.png
19.278284072875977,6.266871929168701,4.139106750488281,2.91715145111084,2.123093605041504,0.05212142691016197,140.66666666666666,174.0,209.66666666666666,25.90533727210608,26.43924349556608,1.6670307744580424,0.5998689498249387,177.51980644489925,177.65727219119637,169.83192271670887,data/tiles/test/Kleinkummerfeld_18_3/Kleinkummerfeld_18_3__iPhone16_HPC_Kleinkummerfeld 18-3 (2)__x540_y297__t256.png
16.867538452148438,5.655048847198486,3.8737995624542236,2.487166404724121,1.7202599048614502,0.04993676394224167,147.0,175.66666666666666,207.33333333333334,22.850391835253433,23.430773260995924,1.9538988625816716,0.5117972169136266,179.94267571178236,178.82377639363602,171.65680031923938,data/tiles/test/Kleinkummerfeld_18_3/Kleinkummerfeld_18_3__iPhone16_HPC_Kleinkummerfeld 18-3 (2)__x796_y297__t256.png
15.855436325073242,6.195448398590088,4.330650806427002,2.721696615219116,1.6269395351409912,0.03662378340959549,118.66666666666667,148.33333333333334,183.33333333333334,24.822742894006836,21.959144058227057,1.7653785510382538,0.5664507475815204,152.30195261650613,150.47900720298534,147.87034626399375,data/tiles/test/Kleinkummerfeld_18_3/Kleinkummerfeld_18_3__iPhone16_HPC_Kleinkummerfeld 18-3 (2)__x28_y553__t256.png
17.909822463989258,6.520557403564453,4.491952896118164,2.9274380207061768,1.9643572568893433,0.04373475909233093,131.66666666666666,163.33333333333334,198.66666666666666,25.488928141872986,24.82827802042122,1.6783114564897157,0.5958369622832446,167.2021152810823,166.22679356037582,161.0981400114621,data/tiles/test/Kleinkummerfeld_18_3/Kleinkummerfeld_18_3__iPhone16_HPC_Kleinkummerfeld 18-3 (2)__x284_y553__t256.png
17.58967399597168,5.686356544494629,3.7193808555603027,2.367993116378784,1.5623377561569214,0.049172841012477875,143.0,172.66666666666666,205.66666666666666,23.576412675668003,24.358258306758483,1.821116661594873,0.5491136405968816,176.53568145951476,176.14836203458023,168.7806392313962,data/tiles/test/Kleinkummerfeld_18_3/Kleinkummerfeld_18_3__iPhone16_HPC_Kleinkummerfeld 18-3 (2)__x540_y553__t256.png
16.44894790649414,5.669954299926758,3.7690632343292236,2.438347816467285,1.6584209203720093,0.04718383774161339,143.0,171.33333333333334,203.33333333333334,22.795045038168226,22.83915623655743,1.8373387874778744,0.5442654380429783,175.56754034008998,174.6509996005072,168.08118388828098,data/tiles/test/Kleinkummerfeld_18_3/Kleinkummerfeld_18_3__iPhone16_HPC_Kleinkummerfeld 18-3 (2)__x796_y553__t256.png
16.3061466217041,7.070751190185547,5.189827919006348,3.4699950218200684,2.0995752811431885,0.052214834839105606,94.66666666666667,123.0,163.33333333333334,27.032593003884827,22.51488613662471,2.050202853575742,0.4877566130863139,129.56950952827242,127.14257697247388,124.00241244055677,data/tiles/test/Kleinkummerfeld_18_3/Kleinkummerfeld_18_3__iPhone16_HPC_Kleinkummerfeld 18-3 (4)__x28_y43__t256.png
18.1171817779541,6.670313358306885,4.6735358238220215,3.0651357173919678,2.036386251449585,0.04807005077600479,115.0,146.33333333333334,184.0,26.497062514805066,25.104720245075463,1.6835406549038603,0.593986249804645,151.4630796742886,149.48405298887096,145.0539437817942,data/tiles/test/Kleinkummerfeld_18_3/Kleinkummerfeld_18_3__iPhone16_HPC_Kleinkummerfeld 18-3 (4)__x284_y43__t256.png
18.591590881347656,6.729740619659424,4.535669803619385,2.978755235671997,2.2325849533081055,0.05425143986940384,120.33333333333333,152.66666666666666,190.0,26.62786182973072,25.547407352496123,1.8752806367596608,0.5332535197120801,157.53101004134672,155.7191723706612,149.94630137938222,data/tiles/test/Kleinkummerfeld_18_3/Kleinkummerfeld_18_3__iPhone16_HPC_Kleinkummerfeld 18-3 (4)__x540_y43__t256.png
18.005855560302734,6.853445053100586,4.943112373352051,3.480867385864258,2.2349636554718018,0.05609384551644325,119.33333333333333,152.0,189.33333333333334,27.045602709539015,25.024406940352886,1.6381397027153868,0.6104485462029863,157.29898212211066,154.82094366123914,149.3024328495379,data/tiles/test/Kleinkummerfeld_18_3/Kleinkummerfeld_18_3__iPhone16_HPC_Kleinkummerfeld 18-3 (4)__x796_y43__t256.png
16.628801345825195,6.645888805389404,4.67183256149292,3.1047489643096924,1.8680856227874756,0.05428692325949669,117.33333333333333,146.66666666666666,182.33333333333334,25.031081281482358,23.435824720664982,1.735203074324667,0.576301422465607,152.34920634920636,149.2476815671564,145.08975026918134,data/tiles/test/Kleinkummerfeld_18_3/Kleinkummerfeld_18_3__iPhone16_HPC_Kleinkummerfeld 18-3 (4)__x28_y299__t256.png
18.393943786621094,6.450089931488037,4.3183441162109375,2.9481751918792725,2.1304006576538086,0.05427706986665726,134.0,165.66666666666666,201.33333333333334,25.54508215767035,25.479230429096376,2.077846639851013,0.48126747220945165,170.42325783216177,169.13493013972055,161.96370736787296,data/tiles/test/Kleinkummerfeld_18_3/Kleinkummerfeld_18_3__iPhone16_HPC_Kleinkummerfeld 18-3 (4)__x284_y299__t256.png
20.179264068603516,6.932976245880127,4.6662421226501465,3.0394909381866455,1.985295295715332,0.06287466734647751,133.33333333333334,167.66666666666666,206.33333333333334,27.554009570575378,28.118375177103346,1.7771490167322057,0.5626990143115768,172.76181382590883,171.92057567445576,163.07355647373356,data/tiles/test/Kleinkummerfeld_18_3/Kleinkummerfeld_18_3__iPhone16_HPC_Kleinkummerfeld 18-3 (4)__x540_y299__t256.png
18.261398315429688,6.4410529136657715,4.348080635070801,2.9640164375305176,2.1281344890594482,0.060145411640405655,138.33333333333334,171.33333333333334,206.0,25.54961869577585,25.0289303454347,1.9331202538258123,0.5172983925965875,176.08568005833536,174.2762769540609,166.23561581999374,data/tiles/test/Kleinkummerfeld_18_3/Kleinkummerfeld_18_3__iPhone16_HPC_Kleinkummerfeld 18-3 (4)__x796_y299__t256.png
15.929767608642578,5.958325386047363,3.9922449588775635,2.62717866897583,1.7274733781814575,0.0463680773973465,121.33333333333333,149.0,182.33333333333334,23.526445304249556,22.355373193026526,1.988045358254273,0.5030066320408868,153.84516241097793,151.55026923745007,147.28996004863643,data/tiles/test/Kleinkummerfeld_18_3/Kleinkummerfeld_18_3__iPhone16_HPC_Kleinkummerfeld 18-3 (4)__x28_y555__t256.png
17.444660186767578,6.213844299316406,4.343183517456055,2.8190455436706543,1.8641517162322998,0.05012098699808121,134.66666666666666,166.33333333333334,199.66666666666666,24.681989700268257,23.978686175412715,1.9080984809301198,0.5240819643190224,170.33700256962288,168.95062157094242,162.69617681783458,data/tiles/test/Kleinkummerfeld_18_3/Kleinkummerfeld_18_3__iPhone16_HPC_Kleinkummerfeld 18-3 (4)__x284_y555__t256.png
19.816387176513672,7.268409252166748,5.090585708618164,3.477083921432495,2.251457929611206,0.06207779794931412,126.0,161.66666666666666,201.0,28.428835509335023,27.50378350435808,1.93928946262991,0.5156527786439264,166.6051891216005,165.37265117571462,157.49729082004794,data/tiles/test/Kleinkummerfeld_18_3/Kleinkummerfeld_18_3__iPhone16_HPC_Kleinkummerfeld 18-3 (4)__x540_y555__t256.png
16.338624954223633,5.492913246154785,3.802478551864624,2.699134111404419,1.7241714000701904,0.05461966618895531,146.66666666666666,175.0,205.33333333333334,22.318564045091147,22.547038188908118,2.0080453456487226,0.4979967221193096,179.28099173553719,178.02527953330093,170.2799326342107,data/tiles/test/Kleinkummerfeld_18_3/Kleinkummerfeld_18_3__iPhone16_HPC_Kleinkummerfeld 18-3 (4)__x796_y555__t256.png
20.651823043823242,9.742032051086426,7.469681262969971,4.927646160125732,2.850344657897949,0.07396626472473145,84.33333333333333,117.66666666666667,172.66666666666666,34.76744729721903,30.083304522916194,2.068095384509232,0.48353669153287354,127.38535755808908,124.21573220886043,120.78579485310705,data/tiles/test/Kleinkummerfeld_2_2/Kleinkummerfeld_2_2__iPhone16_HPC_Kleinkummerfeld 2-2 (2)__x27_y24__t256.png
23.821758270263672,9.788978576660156,7.072657585144043,4.339275360107422,2.553934097290039,0.07311663031578064,95.0,132.66666666666666,188.0,35.9482301665738,33.66790387398703,1.99979102258251,0.5000522498138881,141.67207825996462,138.31853817601555,133.57718458389704,data/tiles/test/Kleinkummerfeld_2_2/Kleinkummerfeld_2_2__iPhone16_HPC_Kleinkummerfeld 2-2 (2)__x283_y24__t256.png
23.425731658935547,7.813925266265869,4.461873531341553,2.337993621826172,1.2523449659347534,0.08014646917581558,105.33333333333333,139.0,186.33333333333334,31.162871081559683,31.810721557428533,2.098272622281076,0.4765824942770683,148.2907550184066,144.09465513648678,137.11452038619157,data/tiles/test/Kleinkummerfeld_2_2/Kleinkummerfeld_2_2__iPhone16_HPC_Kleinkummerfeld 2-2 (2)__x539_y24__t256.png
23.19330406188965,8.126667022705078,4.749026298522949,2.559950113296509,1.3406907320022583,0.0859687402844429,102.33333333333333,136.0,184.0,31.525369979732588,32.014168349469664,2.296970297420012,0.43535608672137094,145.86254879847314,141.13526502992974,134.02409993927301,data/tiles/test/Kleinkummerfeld_2_2/Kleinkummerfeld_2_2__iPhone16_HPC_Kleinkummerfeld 2-2 (2)__x795_y24__t256.png
21.456836700439453,10.922338485717773,9.462782859802246,7.230679035186768,4.574102878570557,0.07755490392446518,94.66666666666667,137.66666666666666,199.33333333333334,39.643361706529646,31.901422097151386,2.099350057719441,0.4763379010198598,145.75686846584003,142.894307248793,140.1039387308534,data/tiles/test/Kleinkummerfeld_2_2/Kleinkummerfeld_2_2__iPhone16_HPC_Kleinkummerfeld 2-2 (2)__x27_y280__t256.png
23.448585510253906,9.825939178466797,7.3505330085754395,5.363561153411865,3.546445369720459,0.07509199529886246,104.0,146.66666666666666,201.0,36.71624940575063,33.60942241099462,2.0427504404521484,0.48953605893172986,154.13087341552352,151.553915610349,145.49782948428546,data/tiles/test/Kleinkummerfeld_2_2/Kleinkummerfeld_2_2__iPhone16_HPC_Kleinkummerfeld 2-2 (2)__x283_y280__t256.png
24.88505744934082,8.415522575378418,5.057240962982178,3.2499146461486816,2.4588019847869873,0.09265119582414627,114.66666666666667,152.0,203.33333333333334,33.593788232471326,34.31103587776679,2.02656515059814,0.49344576941178053,162.0413185820727,158.12178474043455,148.08982753530054,data/tiles/test/Kleinkummerfeld_2_2/Kleinkummerfeld_2_2__iPhone16_HPC_Kleinkummerfeld 2-2 (2)__x539_y280__t256.png
23.360048294067383,7.92534065246582,4.924022674560547,3.2076215744018555,1.9749996662139893,0.09601452946662903,115.66666666666667,150.33333333333334,197.66666666666666,31.58113521219099,32.31820004365121,1.9480231718741206,0.5133409162879399,160.52698032268708,155.786727800066,146.0005904930617,data/tiles/test/Kleinkummerfeld_2_2/Kleinkummerfeld_2_2__iPhone16_HPC_Kleinkummerfeld 2-2 (2)__x795_y280__t256.png
21.385379791259766,10.988940238952637,9.562740325927734,7.244205474853516,5.3776750564575195,0.08013557642698288,90.33333333333333,133.33333333333334,198.0,40.71101479934024,31.362621420045738,2.0180305785026773,0.4955326300070102,142.16980477223427,139.5343687635575,136.67833405639914,data/tiles/test/Kleinkummerfeld_2_2/Kleinkummerfeld_2_2__iPhone16_HPC_Kleinkummerfeld 2-2 (2)__x27_y536__t256.png
23.561630249023438,10.243162155151367,7.68419075012207,5.101991176605225,3.241455316543579,0.07562275230884552,102.66666666666667,142.33333333333334,200.33333333333334,37.02734360975712,33.90958989178587,1.710397570392456,0.5846593899046213,151.6888120995329,148.6160030561392,142.6131900189272,data/tiles/test/Kleinkummerfeld_2_2/Kleinkummerfeld_2_2__iPhone16_HPC_Kleinkummerfeld 2-2 (2)__x283_y536__t256.png
24.28887939453125,8.307881355285645,4.9975056648254395,2.924959897994995,1.7599934339523315,0.0903366357088089,112.66666666666667,148.33333333333334,198.33333333333334,32.65783390462196,33.51032887354935,2.124394566283266,0.4707223487911427,158.25367666209436,154.34846248676055,144.8249092771691,data/tiles/test/Kleinkummerfeld_2_2/Kleinkummerfeld_2_2__iPhone16_HPC_Kleinkummerfeld 2-2 (2)__x539_y536__t256.png
22.808706283569336,8.388306617736816,5.321794033050537,3.268359661102295,2.496893882751465,0.08985588699579239,112.66666666666667,147.33333333333334,196.33333333333334,32.19914293440677,31.911848658665242,1.988738426845932,0.5028313359369055,157.39369162934418,153.33840224976564,144.27033642328925,data/tiles/test/Kleinkummerfeld_2_2/Kleinkummerfeld_2_2__iPhone16_HPC_Kleinkummerfeld 2-2 (2)__x795_y536__t256.png
20.929733276367188,9.665435791015625,7.458172798156738,5.30881404876709,3.2005789279937744,0.07166099548339844,83.33333333333333,116.0,171.66666666666666,35.00941361446134,30.05203537640369,2.3187039936582927,0.43127540330073283,126.13984242129742,122.09020860088161,120.09518933740586,data/tiles/test/Kleinkummerfeld_2_2/Kleinkummerfeld_2_2__iPhone16_HPC_Kleinkummerfeld 2-2 (3)__x29_y35__t256.png
23.355621337890625,9.963218688964844,7.160854339599609,4.373239994049072,2.5357930660247803,0.07165293395519257,93.0,130.33333333333334,185.33333333333334,35.89470928773548,33.45618909252609,1.771539769576915,0.5644806948019142,139.65947625080264,135.47975634729187,132.03422244589834,data/tiles/test/Kleinkummerfeld_2_2/Kleinkummerfeld_2_2__iPhone16_HPC_Kleinkummerfeld 2-2 (3)__x285_y35__t256.png
23.87030029296875,9.760833740234375,7.011729717254639,4.717144012451172,3.0001323223114014,0.0761232003569603,98.0,136.66666666666666,192.33333333333334,36.433076076688565,33.90160702649546,1.6321590745660992,0.6126853782716275,146.39068548317104,142.15351767952924,137.32093943654638,data/tiles/test/Kleinkummerfeld_2_2/Kleinkummerfeld_2_2__iPhone16_HPC_Kleinkummerfeld 2-2 (3)__x541_y35__t256.png
22.589744567871094,9.234256744384766,6.382116317749023,3.9954652786254883,2.4784164428710938,0.07759362459182739,101.33333333333333,138.0,190.0,33.98077000596694,32.34315438266429,2.2472139553851833,0.44499545653123856,147.40554020471646,142.6994073996837,137.90686964530872,data/tiles/test/Kleinkummerfeld_2_2/Kleinkummerfeld_2_2__iPhone16_HPC_Kleinkummerfeld 2-2 (3)__x797_y35__t256.png
21.0832462310791,9.439372062683105,6.886272430419922,4.582738876342773,2.5749850273132324,0.07753992825746536,96.33333333333333,130.33333333333334,182.33333333333334,33.65469342800516,30.34886947154539,1.9052710232474188,0.5248597117146938,140.1050175231618,135.40443804434574,132.0592317568271,data/tiles/test/Kleinkummerfeld_2_2/Kleinkummerfeld_2_2__iPhone16_HPC_Kleinkummerfeld 2-2 (3)__x29_y291__t256.png
23.133590698242188,9.742871284484863,7.6325812339782715,6.004467487335205,5.296667098999023,0.07866339385509491,105.0,145.66666666666666,206.66666666666666,38.21290161651648,33.13278056931534,2.001492277240364,0.499627208843788,155.7251232553295,151.89434761474897,145.98345600999932,data/tiles/test/Kleinkummerfeld_2_2/Kleinkummerfeld_2_2__iPhone16_HPC_Kleinkummerfeld 2-2 (3)__x285_y291__t256.png
24.812225341796875,9.29892349243164,6.225796222686768,4.431474208831787,2.998223304748535,0.08418821543455124,111.66666666666667,152.0,206.66666666666666,35.659248422297544,34.95988610358129,1.9702394521850792,0.5075525205278767,161.53528880552952,157.55274217637455,149.622243062068,data/tiles/test/Kleinkummerfeld_2_2/Kleinkummerfeld_2_2__iPhone16_HPC_Kleinkummerfeld 2-2 (3)__x541_y291__t256.png
22.69200325012207,9.007631301879883,6.028500080108643,4.201992988586426,3.7170708179473877,0.08403625339269638,115.33333333333333,154.0,208.0,34.440221196804835,32.16788226164903,1.7373743652137479,0.57558118734932,163.5962398973256,158.99951437788337,151.7415276284297,data/tiles/test/Kleinkummerfeld_2_2/Kleinkummerfeld_2_2__iPhone16_HPC_Kleinkummerfeld 2-2 (3)__x797_y291__t256.png
20.929141998291016,9.942323684692383,8.143021583557129,6.49920654296875,4.667543411254883,0.07601353526115417,92.33333333333333,129.0,188.0,37.01194927733061,30.176996426090163,1.9093965849804757,0.5237256669809249,138.893903116108,134.93998542577555,132.39955930321327,data/tiles/test/Kleinkummerfeld_2_2/Kleinkummerfeld_2_2__iPhone16_HPC_Kleinkummerfeld 2-2 (3)__x29_y547__t256.png
22.8590087890625,8.831498146057129,6.383788108825684,4.424121379852295,2.928901195526123,0.07407239824533463,107.0,143.33333333333334,195.0,33.84173409847961,31.92646557261117,2.09589150068374,0.47712393493354555,152.41624224304263,148.35217020980724,142.88586625875647,data/tiles/test/Kleinkummerfeld_2_2/Kleinkummerfeld_2_2__iPhone16_HPC_Kleinkummerfeld 2-2 (3)__x285_y547__t256.png
23.552400588989258,7.9420247077941895,5.235835075378418,3.819936752319336,3.136768102645874,0.08210085332393646,115.66666666666667,151.0,201.66666666666666,32.8281127557578,32.332715429660055,1.3277797478843143,0.7531369578376241,160.86693058304684,156.50218772788833,149.06471160190299,data/tiles/test/Kleinkummerfeld_2_2/Kleinkummerfeld_2_2__iPhone16_HPC_Kleinkummerfeld 2-2 (3)__x541_y547__t256.png
22.253620147705078,8.060325622558594,5.262482166290283,3.2986032962799072,2.2413315773010254,0.0841471403837204,117.33333333333333,151.33333333333334,198.33333333333334,31.031906185869417,31.21732633228785,1.7043974091745706,0.5867176250193281,161.27877197859476,156.28924873167003,148.57126971992494,data/tiles/test/Kleinkummerfeld_2_2/Kleinkummerfeld_2_2__iPhone16_HPC_Kleinkummerfeld 2-2 (3)__x797_y547__t256.png
20.539873123168945,8.724299430847168,5.970102787017822,3.763795852661133,2.373483180999756,0.07268111407756805,86.33333333333333,117.33333333333333,166.66666666666666,31.719870291255152,28.954892075095614,2.0049149609735606,0.49877427195935187,126.68071157792231,122.33551281605398,119.59416408722568,data/tiles/test/Kleinkummerfeld_2_2/Kleinkummerfeld_2_2__iPhone16_HPC_Kleinkummerfeld 2-2 (4)__x29_y44__t256.png
22.529573440551758,8.517123222351074,5.436087608337402,3.3629679679870605,2.0379087924957275,0.07131170481443405,99.33333333333333,133.0,182.66666666666666,32.29534705027346,31.13249346189189,1.8081303240688338,0.5530574797007447,142.24748815659328,137.80601107119926,133.25496728963853,data/tiles/test/Kleinkummerfeld_2_2/Kleinkummerfeld_2_2__iPhone16_HPC_Kleinkummerfeld 2-2 (4)__x285_y44__t256.png
23.423398971557617,8.700211524963379,5.477841377258301,3.2774085998535156,1.6953010559082031,0.07772044092416763,102.66666666666667,138.0,187.66666666666666,32.91489468045606,32.602002895962414,1.6178766193878664,0.6180941043442213,147.409534221852,142.64089615438013,137.21768707482994,data/tiles/test/Kleinkummerfeld_2_2/Kleinkummerfeld_2_2__iPhone16_HPC_Kleinkummerfeld 2-2 (4)__x541_y44__t256.png
22.705890655517578,9.295990943908691,6.50190544128418,3.825913190841675,2.1981441974639893,0.07827486097812653,102.33333333333333,138.33333333333334,190.66666666666666,33.960661504106426,32.36282558163711,1.9813396597907826,0.5047090210194419,147.8944192015539,143.10209496722277,138.08633068572024,data/tiles/test/Kleinkummerfeld_2_2/Kleinkummerfeld_2_2__iPhone16_HPC_Kleinkummerfeld 2-2 (4)__x797_y44__t256.png
21.294687271118164,8.79366397857666,6.0342936515808105,3.593085765838623,1.9117522239685059,0.07514695823192596,101.33333333333333,134.66666666666666,183.33333333333334,31.90772992890204,29.87996891653881,2.006924827339896,0.4982747666366073,144.03613391416025,139.04272896093303,135.03240250611776,data/tiles/test/Kleinkummerfeld_2_2/Kleinkummerfeld_2_2__iPhone16_HPC_Kleinkummerfeld 2-2 (4)__x29_y300__t256.png
23.351703643798828,8.899320602416992,6.119503021240234,3.9683570861816406,2.3607535362243652,0.07864034175872803,110.33333333333333,147.33333333333334,198.33333333333334,33.698523226835185,32.99651905578276,1.4609993896932494,0.684462982705256,156.59702763775422,152.33368677211888,145.8537111072484,data/tiles/test/Kleinkummerfeld_2_2/Kleinkummerfeld_2_2__iPhone16_HPC_Kleinkummerfeld 2-2 (4)__x285_y300__t256.png
24.644601821899414,8.976926803588867,6.045009136199951,3.852611541748047,2.24135160446167,0.08598235249519348,115.66666666666667,153.66666666666666,206.66666666666666,34.561365809354335,34.66342836971609,2.1794863850436266,0.4588236966573127,163.8298363043629,159.63217035444268,151.1454359436776,data/tiles/test/Kleinkummerfeld_2_2/Kleinkummerfeld_2_2__iPhone16_HPC_Kleinkummerfeld 2-2 (4)__x541_y300__t256.png
22.63237762451172,8.789976119995117,6.321941375732422,4.748785972595215,4.315677165985107,0.08132364600896835,115.66666666666667,155.33333333333334,209.33333333333334,34.812091141509725,31.702705140327115,1.7514864227920353,0.5709436207937628,164.77893110690667,160.3402822377671,153.16930794466336,data/tiles/test/Kleinkummerfeld_2_2/Kleinkummerfeld_2_2__iPhone16_HPC_Kleinkummerfeld 2-2 (4)__x797_y300__t256.png
20.943296432495117,8.538226127624512,5.970100402832031,3.685575246810913,1.988944411277771,0.07023356854915619,99.33333333333333,131.0,179.66666666666666,31.42268671264107,29.277206091120487,2.1425791817302433,0.466727208276358,140.3102747929939,135.99921884493205,132.11574982207023,data/tiles/test/Kleinkummerfeld_2_2/Kleinkummerfeld_2_2__iPhone16_HPC_Kleinkummerfeld 2-2 (4)__x29_y556__t256.png
22.301502227783203,8.294525146484375,5.748357772827148,3.8272202014923096,2.2799646854400635,0.08013416826725006,111.33333333333333,144.66666666666666,193.33333333333334,31.858589429128997,31.15040528329656,2.031935340513787,0.4921416445009239,154.5854124678574,149.93651400375288,143.6754812704149,data/tiles/test/Kleinkummerfeld_2_2/Kleinkummerfeld_2_2__iPhone16_HPC_Kleinkummerfeld 2-2 (4)__x285_y556__t256.png
23.293224334716797,8.202360153198242,5.627345085144043,4.035696983337402,3.114839553833008,0.08292753994464874,117.0,153.33333333333334,204.0,33.23519692189407,32.285113411203476,1.9862836562250978,0.503452765603723,162.98645386499018,158.67068998454351,150.7407825497994,data/tiles/test/Kleinkummerfeld_2_2/Kleinkummerfeld_2_2__iPhone16_HPC_Kleinkummerfeld 2-2 (4)__x541_y556__t256.png
21.926658630371094,8.007406234741211,5.341912746429443,3.66127872467041,2.2539098262786865,0.08408091962337494,117.0,150.66666666666666,197.66666666666666,31.027531682412334,30.612382448398694,1.6687050099939476,0.5992670927521379,160.7177529883243,155.7531791606669,147.9968425252858,data/tiles/test/Kleinkummerfeld_2_2/Kleinkummerfeld_2_2__iPhone16_HPC_Kleinkummerfeld 2-2 (4)__x797_y556__t256.png
16.826936721801758,8.939990997314453,6.681304931640625,4.326169013977051,2.7169883251190186,0.09804971516132355,91.0,122.0,170.66666666666666,30.959174469552124,24.666293141147644,2.3478954034501176,0.4259133513914414,132.36536691272255,127.0224924012158,121.81677811550152,data/tiles/test/Kleinkummerfeld_2_3/Kleinkummerfeld_2_3__iPhone16_HPC_Kleinkummerfeld 2-3 (1)__x30_y37__t256.png
19.769638061523438,9.073874473571777,6.421221733093262,3.9889261722564697,2.1868207454681396,0.09356476366519928,108.0,144.0,190.0,31.70480943838331,28.98477160889767,1.920694429212818,0.5206450254608394,153.12353216658283,147.91558114928972,141.1946819766534,data/tiles/test/Kleinkummerfeld_2_3/Kleinkummerfeld_2_3__iPhone16_HPC_Kleinkummerfeld 2-3 (1)__x286_y37__t256.png
20.123401641845703,8.579452514648438,5.8816914558410645,3.655205488204956,2.053454637527466,0.08733126521110535,114.33333333333333,149.66666666666666,194.0,30.63882010619234,29.17489296202707,2.2563255568962823,0.44319845464834556,158.22465315761144,153.62035734750222,146.37794099772535,data/tiles/test/Kleinkummerfeld_2_3/Kleinkummerfeld_2_3__iPhone16_HPC_Kleinkummerfeld 2-3 (1)__x542_y37__t256.png
19.661846160888672,8.668216705322266,6.157124996185303,3.8519814014434814,2.2587974071502686,0.0812099277973175,110.33333333333333,145.66666666666666,190.33333333333334,30.906130240694594,28.48582523638405,1.7628382658803352,0.5672670144249534,153.8218951977205,149.01874695948294,143.76356939328653,data/tiles/test/Kleinkummerfeld_2_3/Kleinkummerfeld_2_3__iPhone16_HPC_Kleinkummerfeld 2-3 (1)__x798_y37__t256.png
17.758731842041016,8.52238655090332,6.29149866104126,3.933251142501831,2.273827075958252,0.09962953627109528,108.33333333333333,142.0,185.33333333333334,29.992028257535118,25.827968873427523,2.0955442221223217,0.4772030050443038,151.80982820615262,145.79332626934635,138.49312998315065,data/tiles/test/Kleinkummerfeld_2_3/Kleinkummerfeld_2_3__iPhone16_HPC_Kleinkummerfeld 2-3 (1)__x30_y293__t256.png
19.438875198364258,7.758725643157959,5.255591869354248,3.320807695388794,1.9682629108428955,0.09448372572660446,128.33333333333334,162.66666666666666,203.33333333333334,28.56561960487185,27.719423178702744,2.0550627463307767,0.48660314717176184,170.9345354830872,166.97304708516288,156.50030371925928,data/tiles/test/Kleinkummerfeld_2_3/Kleinkummerfeld_2_3__iPhone16_HPC_Kleinkummerfeld 2-3 (1)__x286_y293__t256.png
20.456958770751953,7.578060626983643,4.803867340087891,3.0369033813476562,1.8128564357757568,0.08684433251619339,132.0,166.33333333333334,207.33333333333334,28.6390009205824,29.318282619778174,2.2729177361379103,0.4399631293736029,173.81433801204088,171.29278067907768,160.85032184187241,data/tiles/test/Kleinkummerfeld_2_3/Kleinkummerfeld_2_3__iPhone16_HPC_Kleinkummerfeld 2-3 (1)__x542_y293__t256.png
20.203401565551758,8.387197494506836,5.690178871154785,3.290391683578491,1.852613091468811,0.09040704369544983,123.33333333333333,158.66666666666666,201.66666666666666,30.040967665256993,29.357627127666692,2.156514795583262,0.46371117047195354,167.40319836088347,162.57160716766217,154.00972357271843,data/tiles/test/Kleinkummerfeld_2_3/Kleinkummerfeld_2_3__iPhone16_HPC_Kleinkummerfeld 2-3 (1)__x798_y293__t256.png
17.57624053955078,8.076178550720215,5.6430768966674805,3.6279404163360596,2.1281168460845947,0.09808719903230667,103.66666666666667,134.33333333333334,177.0,28.771538452036662,25.211716115873827,1.872908692358711,0.5339288584007884,144.22451070628483,138.86631471093898,131.7359463730615,data/tiles/test/Kleinkummerfeld_2_3/Kleinkummerfeld_2_3__iPhone16_HPC_Kleinkummerfeld 2-3 (1)__x30_y549__t256.png
18.586149215698242,6.986006259918213,4.497684001922607,2.792804479598999,1.9699060916900635,0.07897118479013443,127.0,157.83333333333331,196.0,26.564205174557184,26.016494161889707,2.0870269281606033,0.4791505018487461,165.202567041823,161.95941017090453,153.55444977073782,data/tiles/test/Kleinkummerfeld_2_3/Kleinkummerfeld_2_3__iPhone16_HPC_Kleinkummerfeld 2-3 (1)__x286_y549__t256.png
19.285009384155273,6.969104766845703,4.4740400314331055,2.7651705741882324,1.7529155015945435,0.06700165569782257,131.0,162.33333333333334,201.0,26.88705193617914,26.8848167490726,1.8594357203438816,0.5377975635614127,168.2644319975029,166.86021468084,158.99530060519882,data/tiles/test/Kleinkummerfeld_2_3/Kleinkummerfeld_2_3__iPhone16_HPC_Kleinkummerfeld 2-3 (1)__x542_y549__t256.png
19.448684692382812,8.45973014831543,6.069978713989258,4.042810916900635,2.5620691776275635,0.0826229453086853,116.66666666666667,151.66666666666666,195.33333333333334,30.311614621838515,28.11462138169506,1.9983583203429458,0.5004107570800347,159.65749049693645,155.56836130734382,148.42917397115235,data/tiles/test/Kleinkummerfeld_2_3/Kleinkummerfeld_2_3__iPhone16_HPC_Kleinkummerfeld 2-3 (1)__x798_y549__t256.png
17.100341796875,7.989748477935791,5.728666305541992,3.566039800643921,2.2425544261932373,0.07453014701604843,90.0,116.66666666666667,161.0,28.679842491173382,24.23678829268606,1.9100927374353267,0.5235347899090469,125.52474353856034,122.50089392650709,118.63930499383798,data/tiles/test/Kleinkummerfeld_2_3/Kleinkummerfeld_2_3__iPhone16_HPC_Kleinkummerfeld 2-3 (2)__x28_y46__t256.png
19.40008544921875,8.065006256103516,5.6117095947265625,3.3347833156585693,1.9002496004104614,0.07821406424045563,104.0,136.66666666666666,181.0,29.901178147892644,27.421767864081314,1.7290280247309373,0.5783596250012286,144.34058750086703,141.22218561420544,135.22088506624124,data/tiles/test/Kleinkummerfeld_2_3/Kleinkummerfeld_2_3__iPhone16_HPC_Kleinkummerfeld 2-3 (2)__x284_y46__t256.png
20.101856231689453,8.168825149536133,5.615633964538574,3.3823001384735107,1.9886691570281982,0.08221349120140076,110.66666666666667,144.66666666666666,189.0,30.18379919865999,28.479796195199906,2.0254108789708365,0.4937269817115458,152.43855262700976,149.69753793797966,142.16958363718442,data/tiles/test/Kleinkummerfeld_2_3/Kleinkummerfeld_2_3__iPhone16_HPC_Kleinkummerfeld 2-3 (2)__x540_y46__t256.png
19.11847496032715,8.129612922668457,5.629417419433594,3.593869209289551,2.249338388442993,0.08283121883869171,110.0,143.33333333333334,187.0,29.648153452974594,27.27309112041746,1.80869211623101,0.5528856962586981,151.35198543436795,147.83421189526618,140.79519680943298,data/tiles/test/Kleinkummerfeld_2_3/Kleinkummerfeld_2_3__iPhone16_HPC_Kleinkummerfeld 2-3 (2)__x796_y46__t256.png
17.978408813476562,7.845393180847168,5.368166446685791,3.368004560470581,1.9634544849395752,0.07428236305713654,109.0,140.66666666666666,181.66666666666666,28.180384608795414,25.528881047564777,1.4928364604581097,0.669865739809924,147.78632493453796,144.17982555014132,138.96283836509616,data/tiles/test/Kleinkummerfeld_2_3/Kleinkummerfeld_2_3__iPhone16_HPC_Kleinkummerfeld 2-3 (2)__x28_y302__t256.png
19.659101486206055,7.6735076904296875,5.098842620849609,3.1224420070648193,1.911216378211975,0.08214813470840454,123.33333333333333,157.66666666666666,198.0,28.405824809104644,28.14599559137979,1.8475831618223204,0.5412476259058745,164.16405517145537,161.94064204565194,152.86802973977694,data/tiles/test/Kleinkummerfeld_2_3/Kleinkummerfeld_2_3__iPhone16_HPC_Kleinkummerfeld 2-3 (2)__x284_y302__t256.png
21.08547019958496,8.181441307067871,5.326057434082031,3.3170650005340576,2.0006492137908936,0.09943842142820358,127.66666666666667,165.0,207.66666666666666,30.277626738246784,30.651618152158207,1.8768613394349878,0.5328044107408814,172.67162677766217,170.33107873742628,157.9850156087409,data/tiles/test/Kleinkummerfeld_2_3/Kleinkummerfeld_2_3__iPhone16_HPC_Kleinkummerfeld 2-3 (2)__x540_y302__t256.png
20.036048889160156,8.274645805358887,5.620741844177246,3.506042003631592,2.6210711002349854,0.10236390680074692,120.33333333333333,160.0,201.66666666666666,30.737474791089408,27.750221848000155,1.6632835569369147,0.6012203967443708,167.7026717358471,163.61571445931637,152.45735465166746,data/tiles/test/Kleinkummerfeld_2_3/Kleinkummerfeld_2_3__iPhone16_HPC_Kleinkummerfeld 2-3 (2)__x796_y302__t256.png
17.758258819580078,8.418545722961426,6.290551662445068,4.15614128112793,2.519075632095337,0.08493852615356445,101.33333333333333,132.33333333333334,177.33333333333334,29.77153261554477,25.696932973592176,1.8707814201346404,0.5345359908096745,141.0619033542576,137.17374671790503,131.78168634474605,data/tiles/test/Kleinkummerfeld_2_3/Kleinkummerfeld_2_3__iPhone16_HPC_Kleinkummerfeld 2-3 (2)__x28_y558__t256.png
20.09488868713379,8.694568634033203,6.225346088409424,4.02304220199585,2.635033130645752,0.08637060970067978,112.66666666666667,149.66666666666666,195.0,31.336351878937773,28.981294791984805,1.780481533015153,0.5616458140436603,157.13961287183764,154.1697942730053,146.24353628023354,data/tiles/test/Kleinkummerfeld_2_3/Kleinkummerfeld_2_3__iPhone16_HPC_Kleinkummerfeld 2-3 (2)__x284_y558__t256.png
20.823354721069336,8.866336822509766,6.32857084274292,4.0353193283081055,2.3067047595977783,0.1014290452003479,118.66666666666667,156.33333333333334,202.0,31.791334721728788,30.413062566086502,2.046087075280531,0.48873775318818913,165.07506511547143,161.56087862476124,150.57695780517452,data/tiles/test/Kleinkummerfeld_2_3/Kleinkummerfeld_2_3__iPhone16_HPC_Kleinkummerfeld 2-3 (2)__x540_y558__t256.png
19.70612335205078,8.913643836975098,6.474419116973877,3.869917154312134,2.3689186573028564,0.10261046886444092,118.66666666666667,155.66666666666666,200.66666666666666,31.146128726181708,28.984563683729238,1.8141269345147788,0.5512293439750224,164.63859375,160.27404513888888,149.74960069444444,data/tiles/test/Kleinkummerfeld_2_3/Kleinkummerfeld_2_3__iPhone16_HPC_Kleinkummerfeld 2-3 (2)__x796_y558__t256.png
16.660646438598633,7.842065334320068,5.712571620941162,3.6735177040100098,2.077967882156372,0.0876561775803566,96.0,126.0,169.33333333333334,28.671916645729365,23.6642354892229,2.142287033092678,0.4667908569452368,134.7368868235335,130.5481958003156,124.84337015137591,data/tiles/test/Kleinkummerfeld_2_3/Kleinkummerfeld_2_3__iPhone16_HPC_Kleinkummerfeld 2-3 (3)__x29_y36__t256.png
19.726205825805664,8.549200057983398,5.858052730560303,3.5952117443084717,2.059725522994995,0.0933002457022667,108.66666666666667,143.66666666666666,188.66666666666666,30.714083864009783,28.76656360239536,2.2060583628561683,0.4532971642261119,152.49288630244072,147.8621731955181,140.25404325545037,data/tiles/test/Kleinkummerfeld_2_3/Kleinkummerfeld_2_3__iPhone16_HPC_Kleinkummerfeld 2-3 (3)__x285_y36__t256.png
20.558042526245117,9.12574577331543,6.462466716766357,3.9652693271636963,2.1661157608032227,0.09045349806547165,107.33333333333333,144.66666666666666,192.0,32.40194771374337,29.834972601139604,1.915927826651811,0.5219403289045365,153.1100215217995,149.0598271313524,141.82831158011663,data/tiles/test/Kleinkummerfeld_2_3/Kleinkummerfeld_2_3__iPhone16_HPC_Kleinkummerfeld 2-3 (3)__x541_y36__t256.png
19.620323181152344,8.995521545410156,6.574634075164795,4.161491394042969,2.4101126194000244,0.08084043115377426,105.33333333333333,141.0,188.0,31.868423764283744,28.524151169419515,1.873194154548801,0.5338474912339621,149.10168432019447,144.946205938531,139.81149505122417,data/tiles/test/Kleinkummerfeld_2_3/Kleinkummerfeld_2_3__iPhone16_HPC_Kleinkummerfeld 2-3 (3)__x797_y36__t256.png
17.41598129272461,7.830920219421387,5.374258518218994,3.2497384548187256,1.8815594911575317,0.08911694586277008,113.66666666666667,145.33333333333334,186.3666666666662,28.062129673121554,25.019275421874166,1.5905393219786914,0.6287175589949967,154.16274986963325,149.44270815226838,141.94289935685728,data/tiles/test/Kleinkummerfeld_2_3/Kleinkummerfeld_2_3__iPhone16_HPC_Kleinkummerfeld 2-3 (3)__x29_y292__t256.png
19.395658493041992,7.545962333679199,4.935736656188965,3.05861496925354,2.0016257762908936,0.08737529814243317,128.33333333333334,162.33333333333334,202.0,28.02853125989523,27.579629367416185,1.8224493798248413,0.5487120855428707,169.7091382904795,166.8402536483669,156.6532487838777,data/tiles/test/Kleinkummerfeld_2_3/Kleinkummerfeld_2_3__iPhone16_HPC_Kleinkummerfeld 2-3 (3)__x285_y292__t256.png
21.19168472290039,7.938253402709961,5.219673156738281,3.0760772228240967,1.8915194272994995,0.08951599150896072,129.66666666666666,166.33333333333334,208.66666666666666,29.934894709143776,30.480276967547848,1.9366291811948222,0.5163611132736523,173.56732620042658,171.04999393067092,160.22711429413704,data/tiles/test/Kleinkummerfeld_2_3/Kleinkummerfeld_2_3__iPhone16_HPC_Kleinkummerfeld 2-3 (3)__x541_y292__t256.png
19.35787010192871,7.788695812225342,5.2761712074279785,3.208294153213501,1.811577558517456,0.07955656200647354,126.66666666666667,160.33333333333334,201.0,28.386521311327876,27.895851745379137,2.1714329552726572,0.46052538604602433,167.68590010405828,164.28584807492194,156.10173430454387,data/tiles/test/Kleinkummerfeld_2_3/Kleinkummerfeld_2_3__iPhone16_HPC_Kleinkummerfeld 2-3 (3)__x797_y292__t256.png
17.136192321777344,7.862909317016602,5.579312324523926,3.399077892303467,1.9266871213912964,0.08338324725627899,107.0,137.66666666666666,179.33333333333334,28.21280231774675,24.55575049117831,2.146776634310534,0.46581464695378677,146.05150095436406,142.16795072011107,135.56895714037827,data/tiles/test/Kleinkummerfeld_2_3/Kleinkummerfeld_2_3__iPhone16_HPC_Kleinkummerfeld 2-3 (3)__x29_y548__t256.png
19.138063430786133,7.810736179351807,5.379417419433594,3.4405357837677,1.8819984197616577,0.08490803092718124,124.66666666666667,158.66666666666666,199.0,28.5595244421638,27.69780020897335,1.9820165927276325,0.504536643976229,166.06952094663865,162.94709040676966,153.70019634758737,data/tiles/test/Kleinkummerfeld_2_3/Kleinkummerfeld_2_3__iPhone16_HPC_Kleinkummerfeld 2-3 (3)__x285_y548__t256.png
20.364065170288086,7.934093475341797,5.320137023925781,3.2008230686187744,1.756008505821228,0.085072822868824,127.0,163.0,205.0,29.41205875365524,29.341271217825234,1.8919411083289732,0.5285576784592593,170.0231497537629,167.37979468682806,157.58746618575293,data/tiles/test/Kleinkummerfeld_2_3/Kleinkummerfeld_2_3__iPhone16_HPC_Kleinkummerfeld 2-3 (3)__x541_y548__t256.png
18.73649024963379,7.614313125610352,5.095141887664795,3.2076473236083984,1.8467509746551514,0.06884285807609558,125.66666666666667,158.66666666666666,198.0,27.704275728956784,26.99330979988516,1.701554411339362,0.5876979268696202,164.64272323288432,162.20689834745176,155.3395882516317,data/tiles/test/Kleinkummerfeld_2_3/Kleinkummerfeld_2_3__iPhone16_HPC_Kleinkummerfeld 2-3 (3)__x797_y548__t256.png
14.753274917602539,5.845631122589111,4.179802894592285,2.9279427528381348,2.0505189895629883,0.07058760523796082,103.33333333333333,135.66666666666666,174.66666666666666,26.981691985997628,19.73480066404774,1.8344303308242904,0.5451283612120913,142.48048319072495,138.29713452626828,132.9661558220664,data/tiles/test/Kleinkummerfeld_9_4/Kleinkummerfeld_9_4__iPhone16_HPC_Kleinkummerfeld 9-4 (2)__x30_y53__t256.png
16.01775550842285,5.312867641448975,3.621166944503784,2.3973591327667236,1.4705002307891846,0.06718257069587708,130.33333333333334,158.0,189.0,22.411128502545758,21.673598108522896,1.8858227953266695,0.53027251684418,163.92613932178682,160.3419700808719,153.38530422408107,data/tiles/test/Kleinkummerfeld_9_4/Kleinkummerfeld_9_4__iPhone16_HPC_Kleinkummerfeld 9-4 (2)__x286_y53__t256.png
16.675189971923828,5.390787124633789,3.6368966102600098,2.4778261184692383,1.5264418125152588,0.07316775619983673,132.0,160.66666666666666,193.66666666666666,23.462400940378025,22.381310300138615,1.8467141211924105,0.5415023302872168,167.25679684924614,164.0543053941045,155.53436160799487,data/tiles/test/Kleinkummerfeld_9_4/Kleinkummerfeld_9_4__iPhone16_HPC_Kleinkummerfeld 9-4 (2)__x542_y53__t256.png
15.861395835876465,5.431285381317139,3.6032345294952393,2.352372407913208,1.4743330478668213,0.07696953415870667,134.0,161.33333333333334,192.0,22.175128472372055,21.68978199608209,1.739701345071098,0.5748113047295093,168.22967836003542,164.04908784780685,155.7716408324799,data/tiles/test/Kleinkummerfeld_9_4/Kleinkummerfeld_9_4__iPhone16_HPC_Kleinkummerfeld 9-4 (2)__x798_y53__t256.png
14.913487434387207,5.462756156921387,3.8421192169189453,2.5917816162109375,1.8955045938491821,0.06649520993232727,133.33333333333334,162.0,192.33333333333334,22.425430127663773,20.323013698592504,1.8721990736136218,0.5341312332079364,167.8025113165334,163.50387623788134,157.22593177127595,data/tiles/test/Kleinkummerfeld_9_4/Kleinkummerfeld_9_4__iPhone16_HPC_Kleinkummerfeld 9-4 (2)__x30_y309__t256.png
16.656360626220703,5.617126941680908,3.7585530281066895,2.4410781860351562,1.7978049516677856,0.07226601988077164,142.33333333333334,171.0,202.33333333333334,22.661241253339227,22.782707371911815,2.4169253617010837,0.4137488132013223,176.91496309161963,174.3845940078159,164.7472166739036,data/tiles/test/Kleinkummerfeld_9_4/Kleinkummerfeld_9_4__iPhone16_HPC_Kleinkummerfeld 9-4 (2)__x286_y309__t256.png
18.01148796081543,5.938920497894287,4.099700927734375,2.767592430114746,1.9300343990325928,0.08291555941104889,145.0,176.33333333333334,210.0,24.346631189896993,24.62386460596929,1.9188859777232277,0.5211357066596043,182.69641059464715,180.43689033915368,168.48953379386955,data/tiles/test/Kleinkummerfeld_9_4/Kleinkummerfeld_9_4__iPhone16_HPC_Kleinkummerfeld 9-4 (2)__x542_y309__t256.png
17.55769157409668,6.690293788909912,5.049062728881836,3.8374180793762207,3.272796154022217,0.08971032500267029,134.66666666666666,168.66666666666666,205.0,26.61534757776856,24.056787428722256,1.6635200376573167,0.6011349291639846,176.09231303140726,172.16630227312163,161.1431025507548,data/tiles/test/Kleinkummerfeld_9_4/Kleinkummerfeld_9_4__iPhone16_HPC_Kleinkummerfeld 9-4 (2)__x798_y309__t256.png
15.839716911315918,6.282077312469482,4.324071407318115,2.958768606185913,2.0035560131073,0.07837824523448944,115.33333333333333,145.66666666666666,181.33333333333334,25.117779810212625,21.8222221295433,1.7508499834264968,0.5711511605597142,152.87396403440187,148.30655894361914,141.48550082529755,data/tiles/test/Kleinkummerfeld_9_4/Kleinkummerfeld_9_4__iPhone16_HPC_Kleinkummerfeld 9-4 (2)__x30_y565__t256.png
16.433862686157227,5.7420454025268555,3.8259308338165283,2.477362632751465,1.5697994232177734,0.07777123898267746,138.0,166.0,197.66666666666666,22.69323136634473,22.761338233248388,1.5074386277996572,0.6633769239810822,172.8190953901694,169.28589280755347,159.97568383782283,data/tiles/test/Kleinkummerfeld_9_4/Kleinkummerfeld_9_4__iPhone16_HPC_Kleinkummerfeld 9-4 (2)__x286_y565__t256.png
18.123361587524414,6.4719390869140625,4.765239715576172,3.5100491046905518,2.8079099655151367,0.08580489456653595,134.33333333333334,168.0,204.66666666666666,26.54670258102884,24.756525456213872,1.8601397127018122,0.5375940275730805,174.9160086767896,171.77896746203905,160.86583947939263,data/tiles/test/Kleinkummerfeld_9_4/Kleinkummerfeld_9_4__iPhone16_HPC_Kleinkummerfeld 9-4 (2)__x542_y565__t256.png
16.600032806396484,6.371707916259766,4.6828413009643555,3.664580821990967,3.517488479614258,0.09036613255739212,132.0,164.66666666666666,202.33333333333334,27.075046860680928,22.969987503459365,1.6987430295756418,0.5886705538093111,172.8409457560671,168.7619997571426,158.3350044234739,data/tiles/test/Kleinkummerfeld_9_4/Kleinkummerfeld_9_4__iPhone16_HPC_Kleinkummerfeld 9-4 (2)__x798_y565__t256.png
14.449889183044434,5.3399553298950195,3.52148699760437,2.233384132385254,1.399369716644287,0.040125567466020584,114.66666666666667,141.33333333333334,174.33333333333334,22.763975462201497,19.341091160058554,2.008624879240071,0.4978530388303927,145.62537559704734,143.4815458098133,140.99058619192357,data/tiles/test/Kleinkummerfeld_9_4/Kleinkummerfeld_9_4__iPhone16_HPC_Kleinkummerfeld 9-4 (3)__x28_y58__t256.png
16.451215744018555,5.706937789916992,3.9072937965393066,2.5466299057006836,1.8928204774856567,0.04594803974032402,128.66666666666666,157.0,190.33333333333334,23.440142065411088,22.399073619667377,1.6927220443636029,0.5907644455448448,161.79062614045148,159.6600107745512,154.98644491945154,data/tiles/test/Kleinkummerfeld_9_4/Kleinkummerfeld_9_4__iPhone16_HPC_Kleinkummerfeld 9-4 (3)__x284_y58__t256.png
17.270957946777344,5.852705955505371,3.974820613861084,2.673140287399292,1.8480949401855469,0.05274760723114014,133.0,163.0,197.33333333333334,24.481083107541934,23.29846605597246,2.0938721166950325,0.4775840854972556,167.8724161271847,166.1451828453408,159.72365794817503,data/tiles/test/Kleinkummerfeld_9_4/Kleinkummerfeld_9_4__iPhone16_HPC_Kleinkummerfeld 9-4 (3)__x540_y58__t256.png
16.54484748840332,5.898800849914551,4.0770039558410645,2.728616237640381,1.8108842372894287,0.05545450747013092,127.0,158.66666666666666,193.66666666666666,25.145486547428522,22.29902243005749,1.8448285304637868,0.5420557973204164,163.65705156035636,161.09422919959016,155.10973724884082,data/tiles/test/Kleinkummerfeld_9_4/Kleinkummerfeld_9_4__iPhone16_HPC_Kleinkummerfeld 9-4 (3)__x796_y58__t256.png
14.406546592712402,5.063328266143799,3.44053053855896,2.2422285079956055,1.3709994554519653,0.0395236574113369,136.33333333333334,162.0,190.66666666666666,20.762281034441617,19.638645400116776,1.827085906832566,0.5473196395749113,165.949411069803,163.65411208783573,159.81067370834927,data/tiles/test/Kleinkummerfeld_9_4/Kleinkummerfeld_9_4__iPhone16_HPC_Kleinkummerfeld 9-4 (3)__x28_y314__t256.png
15.842225074768066,5.237093925476074,3.5970139503479004,2.2943031787872314,1.4520899057388306,0.05166802927851677,150.33333333333334,177.0,207.0,21.45385686950867,21.805355315842696,1.9770743756595852,0.505797865933285,181.41178410846658,180.41086401749908,172.8168845372637,data/tiles/test/Kleinkummerfeld_9_4/Kleinkummerfeld_9_4__iPhone16_HPC_Kleinkummerfeld 9-4 (3)__x284_y314__t256.png
18.251829147338867,6.192817687988281,4.250139236450195,2.8275206089019775,1.9128364324569702,0.06570588797330856,145.20000000000013,177.66666666666666,212.33333333333334,25.176508611766074,24.731861260889588,2.34093858830409,0.4271790832088668,182.5143695625749,181.726795978259,171.74942261274245,data/tiles/test/Kleinkummerfeld_9_4/Kleinkummerfeld_9_4__iPhone16_HPC_Kleinkummerfeld 9-4 (3)__x540_y314__t256.png
16.006778717041016,5.386114597320557,3.757491111755371,2.5255022048950195,1.6474143266677856,0.06288702040910721,150.0,178.0,208.0,21.856485934273575,21.958098828477734,1.9040486037886162,0.5251966772330451,182.9977592106863,181.2644131390158,172.10939915579564,data/tiles/test/Kleinkummerfeld_9_4/Kleinkummerfeld_9_4__iPhone16_HPC_Kleinkummerfeld 9-4 (3)__x796_y314__t256.png
14.498358726501465,5.384271144866943,3.7133922576904297,2.4721126556396484,1.4797298908233643,0.043936651200056076,128.66666666666666,155.66666666666666,186.0,21.758898386070687,19.933659046358777,1.8973824895629408,0.5270418618811795,159.78790195090596,157.46470823271895,153.24957003630806,data/tiles/test/Kleinkummerfeld_9_4/Kleinkummerfeld_9_4__iPhone16_HPC_Kleinkummerfeld 9-4 (3)__x28_y570__t256.png
15.665105819702148,5.25526762008667,3.625802516937256,2.389827013015747,1.5149682760238647,0.04881690815091133,146.66666666666666,173.33333333333334,203.0,21.58102674740035,21.564416777137158,1.692346398955204,0.590895575880544,177.87086086971604,176.4909888813724,169.848137933427,data/tiles/test/Kleinkummerfeld_9_4/Kleinkummerfeld_9_4__iPhone16_HPC_Kleinkummerfeld 9-4 (3)__x284_y570__t256.png
17.561431884765625,5.961968898773193,4.088693141937256,2.842367649078369,2.050218343734741,0.06377395242452621,141.66666666666666,172.33333333333334,206.33333333333334,24.373724636621205,24.070134362175192,2.1834481348861403,0.4579911856033836,177.3100510186374,176.02132717870407,167.1456981223753,data/tiles/test/Kleinkummerfeld_9_4/Kleinkummerfeld_9_4__iPhone16_HPC_Kleinkummerfeld 9-4 (3)__x540_y570__t256.png
16.11014175415039,5.975728988647461,4.328362464904785,2.9877419471740723,2.126664638519287,0.06661581248044968,139.66666666666666,169.66666666666666,201.66666666666666,23.616616811641734,22.15486584948101,2.0818212834699503,0.4803486293180816,174.9429037803671,172.70335318735133,164.00477538333305,data/tiles/test/Kleinkummerfeld_9_4/Kleinkummerfeld_9_4__iPhone16_HPC_Kleinkummerfeld 9-4 (3)__x796_y570__t256.png
15.835186958312988,6.7437334060668945,4.801814556121826,3.1933798789978027,2.0423285961151123,0.06546492874622345,97.66666666666667,127.0,165.0,26.11358619639956,21.97328266860273,1.942395188176059,0.51482829348389,134.02710492958968,129.40544529527182,126.05679706898647,data/tiles/test/Kleinkummerfeld_9_4/Kleinkummerfeld_9_4__iPhone16_HPC_Kleinkummerfeld 9-4__x29_y36__t256.png
16.725154876708984,6.049448490142822,3.9267024993896484,2.6408753395080566,1.5987482070922852,0.05483510345220566,121.66666666666667,149.33333333333334,183.66666666666666,24.03192958212258,22.895487174804224,1.758913518875135,0.568532784169811,155.3613645447752,151.86813339589526,147.38404323723128,data/tiles/test/Kleinkummerfeld_9_4/Kleinkummerfeld_9_4__iPhone16_HPC_Kleinkummerfeld 9-4__x285_y36__t256.png
16.608171463012695,5.470083236694336,3.561497449874878,2.471397876739502,1.6263703107833862,0.05773182585835457,133.0,159.66666666666666,192.33333333333334,22.852697524888477,22.582172792609647,1.8946538079257258,0.5278009079108779,165.9656053835052,162.73861482550558,156.75534264202125,data/tiles/test/Kleinkummerfeld_9_4/Kleinkummerfeld_9_4__iPhone16_HPC_Kleinkummerfeld 9-4__x541_y36__t256.png
16.537071228027344,5.889784336090088,4.078128337860107,2.7994630336761475,2.0026352405548096,0.06321287155151367,130.66666666666666,159.33333333333334,192.66666666666666,23.682122489956075,22.739115324701856,2.007283848345269,0.4981856456546309,165.64877143699388,161.44656574589467,155.6404133936777,data/tiles/test/Kleinkummerfeld_9_4/Kleinkummerfeld_9_4__iPhone16_HPC_Kleinkummerfeld 9-4__x797_y36__t256.png
15.896903991699219,6.370743751525879,4.510715484619141,3.2062582969665527,2.2528467178344727,0.05906681716442108,122.0,152.33333333333334,186.66666666666666,24.669867527509687,22.09718920852831,2.0047277673916604,0.498820845536097,158.32142113663173,153.64272083824855,149.71114079522587,data/tiles/test/Kleinkummerfeld_9_4/Kleinkummerfeld_9_4__iPhone16_HPC_Kleinkummerfeld 9-4__x29_y292__t256.png
17.81654930114746,6.757352828979492,4.6645073890686035,3.1916768550872803,2.069047212600708,0.06887242943048477,132.0,164.66666666666666,200.66666666666666,26.12067604022112,24.889667192070327,1.5192718870466444,0.6582100337181439,170.96671932778943,167.64547490494957,159.97465321782607,data/tiles/test/Kleinkummerfeld_9_4/Kleinkummerfeld_9_4__iPhone16_HPC_Kleinkummerfeld 9-4__x285_y292__t256.png
18.626052856445312,6.799840927124023,4.758868217468262,3.24079966545105,2.2532947063446045,0.07660964131355286,138.66666666666666,171.66666666666666,208.66666666666666,26.432248403681115,26.140089511054516,1.6591562247406941,0.6027159981009551,178.27027027027026,175.32376921208757,165.63253304652534,data/tiles/test/Kleinkummerfeld_9_4/Kleinkummerfeld_9_4__iPhone16_HPC_Kleinkummerfeld 9-4__x541_y292__t256.png
17.6051025390625,7.226320743560791,5.668012619018555,4.417346954345703,3.6852340698242188,0.07955664396286011,130.0,164.66666666666666,204.0,28.319908049506818,24.75035075122301,1.7886919404930075,0.5590677619559103,172.11694921142222,168.0151462516501,159.32130202181617,data/tiles/test/Kleinkummerfeld_9_4/Kleinkummerfeld_9_4__iPhone16_HPC_Kleinkummerfeld 9-4__x797_y292__t256.png
16.00646209716797,6.408621788024902,4.472321033477783,3.1876890659332275,2.1338958740234375,0.0580228827893734,114.0,144.0,180.0,25.205415301798148,22.07591000212903,2.2924758742757994,0.4362096069237384,150.12765735904065,146.05128160630304,142.1763184839387,data/tiles/test/Kleinkummerfeld_9_4/Kleinkummerfeld_9_4__iPhone16_HPC_Kleinkummerfeld 9-4__x29_y548__t256.png
17.751056671142578,6.95682954788208,4.951108455657959,3.3776650428771973,2.549530267715454,0.06927564740180969,125.33333333333333,158.33333333333334,195.33333333333334,26.70657516912484,24.681302188476252,1.8370890679440146,0.5443394212340253,164.83991658701885,160.93363454687636,154.15589538621947,data/tiles/test/Kleinkummerfeld_9_4/Kleinkummerfeld_9_4__iPhone16_HPC_Kleinkummerfeld 9-4__x285_y548__t256.png
19.156023025512695,7.472177028656006,5.406677722930908,3.8037540912628174,2.578809976577759,0.07765369117259979,126.0,163.0,203.66666666666666,29.23420058938299,26.536707653989932,1.7106339785508693,0.5845785904750535,169.71552652607443,166.2550290101796,157.4939026508703,data/tiles/test/Kleinkummerfeld_9_4/Kleinkummerfeld_9_4__iPhone16_HPC_Kleinkummerfeld 9-4__x541_y548__t256.png
17.220088958740234,7.300752639770508,5.496300220489502,3.8332865238189697,2.4158499240875244,0.08654851466417313,125.0,158.0,197.33333333333334,27.476820800167356,24.454903202096105,1.9064863841573203,0.5245251202997743,166.30046883139434,161.6580309081438,152.68392081958675,data/tiles/test/Kleinkummerfeld_9_4/Kleinkummerfeld_9_4__iPhone16_HPC_Kleinkummerfeld 9-4__x797_y548__t256.png
17.510189056396484,9.40471076965332,7.512481212615967,6.234945297241211,6.271206378936768,0.11085877567529678,85.66666666666667,160.66666666666666,219.33333333333334,48.180926825643155,22.71992659291567,1.5970344308093702,0.626160576571417,164.03303204316373,159.33576794295726,147.39333113582344,"data/tiles/test/Muenster_BS6_9_0_10m/Muenster_BS6_9_0_10m__iPhone14_HPC_Münster_BS6_9,0-10m (1)__x0_y0__t256.png"
14.026028633117676,7.179239273071289,7.196580410003662,7.969071865081787,9.26107406616211,0.13037188351154327,77.66666666666667,141.66666666666666,201.33333333333334,45.61215096888655,17.853381864424637,2.082281159084063,0.4802425434420547,146.57223196153646,142.7508027702081,132.30411539062365,"data/tiles/test/Muenster_BS6_9_0_10m/Muenster_BS6_9_0_10m__iPhone14_HPC_Münster_BS6_9,0-10m (1)__x256_y0__t256.png"
13.444787979125977,6.53053092956543,6.075562953948975,7.195185661315918,9.907184600830078,0.08778028190135956,66.66666666666667,129.0,192.33333333333334,46.462993053311536,16.331262012918785,1.6533677853920306,0.6048261063480741,131.34036426712922,131.14926279271467,126.26169991326974,"data/tiles/test/Muenster_BS6_9_0_10m/Muenster_BS6_9_0_10m__iPhone14_HPC_Münster_BS6_9,0-10m (1)__x512_y0__t256.png"
9.127103805541992,5.5957794189453125,5.593845367431641,6.0171098709106445,7.212009906768799,0.17775121331214905,108.33333333333333,184.33333333333334,221.66666666666666,42.56189236870183,12.451042425259763,1.7000391399670243,0.5882217511882679,187.57997987927564,178.87832165406232,157.06251300908903,"data/tiles/test/Muenster_BS6_9_0_10m/Muenster_BS6_9_0_10m__iPhone14_HPC_Münster_BS6_9,0-10m (1)__x768_y0__t256.png"
12.10959529876709,5.865885257720947,5.620998382568359,6.618076324462891,9.370172500610352,0.16460733115673065,53.333333333333336,137.0,185.33333333333334,48.96192580617584,14.480095329801284,2.284136996642112,0.4378021114627058,136.54290824477323,126.7855629645065,122.70893241647565,"data/tiles/test/Muenster_BS6_9_0_10m/Muenster_BS6_9_0_10m__iPhone14_HPC_Münster_BS6_9,0-10m (1)__x1024_y0__t256.png"
14.774818420410156,6.818451404571533,6.004153251647949,6.3164896965026855,7.2716474533081055,0.13228999078273773,81.33333333333333,124.0,173.33333333333334,34.458817800399665,18.895066847093485,2.040992175631735,0.48995778226855596,126.92132666874934,127.66914852997327,123.511159707036,"data/tiles/test/Muenster_BS6_9_0_10m/Muenster_BS6_9_0_10m__iPhone14_HPC_Münster_BS6_9,0-10m (1)__x0_y256__t256.png"
14.847454071044922,6.823397636413574,6.025814056396484,6.382298469543457,7.08652925491333,0.11248709261417389,105.0,164.0,209.0,38.86704555366348,18.775559409147277,2.021983967976586,0.4945637630355236,168.25343439950046,161.0688440990772,152.14885866925692,"data/tiles/test/Muenster_BS6_9_0_10m/Muenster_BS6_9_0_10m__iPhone14_HPC_Münster_BS6_9,0-10m (1)__x256_y256__t256.png"
17.03129005432129,7.853214740753174,7.16567325592041,7.523396015167236,7.9223551750183105,0.10514840483665466,102.33333333333333,169.66666666666666,224.33333333333334,44.18766859436951,21.741062432254367,2.0648933182002724,0.48428652036686515,171.7270693124263,170.24217720113785,159.31351904530632,"data/tiles/test/Muenster_BS6_9_0_10m/Muenster_BS6_9_0_10m__iPhone14_HPC_Münster_BS6_9,0-10m (1)__x512_y256__t256.png"
10.480165481567383,5.744274616241455,5.370487213134766,5.2022175788879395,5.624228000640869,0.16800829768180847,150.0,200.66666666666666,228.0,28.93676785971796,14.379873312137967,1.9830871634054958,0.5042642695960626,207.77202234326754,201.34187974881172,175.95200013877806,"data/tiles/test/Muenster_BS6_9_0_10m/Muenster_BS6_9_0_10m__iPhone14_HPC_Münster_BS6_9,0-10m (1)__x768_y256__t256.png"
11.87927532196045,6.18666934967041,5.662484645843506,6.207866191864014,7.335476875305176,0.11204592883586884,98.0,160.66666666666666,210.33333333333334,41.13811452085456,15.500892234519462,2.0780321064538585,0.48122451856939313,154.91805268908584,156.39461315666244,160.6129832289842,"data/tiles/test/Muenster_BS6_9_0_10m/Muenster_BS6_9_0_10m__iPhone14_HPC_Münster_BS6_9,0-10m (1)__x1024_y256__t256.png"
15.289658546447754,8.253606796264648,8.420173645019531,8.951620101928711,10.387347221374512,0.11974511295557022,75.33333333333333,140.66666666666666,229.66666666666666,55.632261468742605,19.64468533012653,1.7925266645321003,0.5578717571049511,144.28960069444443,147.54635416666667,148.37987847222223,"data/tiles/test/Muenster_BS6_9_0_10m/Muenster_BS6_9_0_10m__iPhone14_HPC_Münster_BS6_9,0-10m (1)__x0_y512__t256.png"
12.010334968566895,5.903249740600586,5.648319721221924,6.0953369140625,7.2252373695373535,0.08894969522953033,112.0,168.66666666666666,217.33333333333334,38.55106290447032,15.92205868114987,2.0937018814117776,0.4776229170342545,171.46631719636875,169.57397024873723,160.22473138810295,"data/tiles/test/Muenster_BS6_9_0_10m/Muenster_BS6_9_0_10m__iPhone14_HPC_Münster_BS6_9,0-10m (1)__x256_y512__t256.png"
13.022849082946777,6.712220668792725,6.967954635620117,7.807408332824707,8.205778121948242,0.0935482382774353,106.66666666666667,168.0,211.33333333333334,39.250424835522495,17.385191143751047,1.6361416098784993,0.611194039661555,167.38433107756376,166.44223494707617,156.1766614610446,"data/tiles/test/Muenster_BS6_9_0_10m/Muenster_BS6_9_0_10m__iPhone14_HPC_Münster_BS6_9,0-10m (1)__x512_y512__t256.png"
12.669989585876465,6.6952433586120605,6.449775218963623,6.932003974914551,7.548881530761719,0.10450506955385208,113.66666666666667,169.0,214.0,37.020990833801896,17.52616115689005,2.1773735253270767,0.45926892578056117,172.50620175210338,169.2023939630497,158.32755659640907,"data/tiles/test/Muenster_BS6_9_0_10m/Muenster_BS6_9_0_10m__iPhone14_HPC_Münster_BS6_9,0-10m (1)__x768_y512__t256.png"
11.805985450744629,5.701748847961426,5.116058826446533,5.430262565612793,6.354748725891113,0.159043088555336,100.33333333333333,157.33333333333334,202.0,37.60732215258422,15.539067176515353,1.9932255997502089,0.5016993561217155,163.2107043719639,158.66644691186676,141.90522206800833,"data/tiles/test/Muenster_BS6_9_0_10m/Muenster_BS6_9_0_10m__iPhone14_HPC_Münster_BS6_9,0-10m (1)__x1024_y512__t256.png"
12.587350845336914,6.575462341308594,6.940843105316162,8.003643989562988,9.6482572555542,0.11878041177988052,63.0,111.66666666666667,173.0,40.257407348686264,16.59770162424919,1.8662987286869528,0.5358199009777801,116.89717969659583,116.29471562375102,113.75566059047388,"data/tiles/test/Muenster_BS6_9_0_10m/Muenster_BS6_9_0_10m__iPhone14_HPC_Münster_BS6_9,0-10m (2)__x0_y0__t256.png"
13.281694412231445,7.276741981506348,7.671782970428467,9.124053955078125,10.277617454528809,0.1549147516489029,64.0,124.0,183.66666666666666,43.786722382416855,17.33121992989501,2.118280206144657,0.47208107647856207,130.80771369972538,126.60216567594813,116.8741439844266,"data/tiles/test/Muenster_BS6_9_0_10m/Muenster_BS6_9_0_10m__iPhone14_HPC_Münster_BS6_9,0-10m (2)__x256_y0__t256.png"
12.065343856811523,6.871951103210449,7.763956069946289,9.355030059814453,10.479826927185059,0.15771901607513428,63.666666666666664,124.0,179.0,42.997646015879845,15.784693303852018,2.1101673968408403,0.473896052747812,128.919733138747,126.01422912540394,117.91142847214984,"data/tiles/test/Muenster_BS6_9_0_10m/Muenster_BS6_9_0_10m__iPhone14_HPC_Münster_BS6_9,0-10m (2)__x512_y0__t256.png"
11.592692375183105,5.946324348449707,5.989288330078125,7.56008243560791,8.354762077331543,0.11198613792657852,54.333333333333336,118.33333333333333,182.0,46.81579292378136,14.567692528566715,1.78400831887484,0.5605355027888503,122.00151306979252,119.70745578183968,116.84721473416928,"data/tiles/test/Muenster_BS6_9_0_10m/Muenster_BS6_9_0_10m__iPhone14_HPC_Münster_BS6_9,0-10m (2)__x768_y0__t256.png"
11.288435935974121,5.678219795227051,5.555972099304199,6.250982284545898,7.578729152679443,0.13811983168125153,55.333333333333336,131.33333333333334,196.33333333333334,49.764460871651785,13.671747779327978,1.869099800947169,0.5350169100083626,135.71424353474478,130.22618406655437,124.38986053458846,"data/tiles/test/Muenster_BS6_9_0_10m/Muenster_BS6_9_0_10m__iPhone14_HPC_Münster_BS6_9,0-10m (2)__x1024_y0__t256.png"
16.742279052734375,8.254837989807129,6.807787895202637,5.383064270019531,4.260076999664307,0.15224005281925201,115.0,165.0,220.33333333333334,38.276218135204715,22.350631253709757,1.8856749266307546,0.5303140991468547,177.65096549211472,169.80886205520568,152.4321032634154,"data/tiles/test/Muenster_BS6_9_0_10m/Muenster_BS6_9_0_10m__iPhone14_HPC_Münster_BS6_9,0-10m (2)__x0_y256__t256.png"
14.167275428771973,7.117854595184326,6.95262336730957,6.8491291999816895,7.168374538421631,0.12304230034351349,99.20000000000012,153.0,205.0,39.52335837938359,18.346791608838362,2.022770140060042,0.49437154533550554,159.47623424142057,155.13087207588396,143.08410356009503,"data/tiles/test/Muenster_BS6_9_0_10m/Muenster_BS6_9_0_10m__iPhone14_HPC_Münster_BS6_9,0-10m (2)__x256_y256__t256.png"
14.214500427246094,6.688600063323975,6.324117183685303,7.418508529663086,8.552244186401367,0.14036904275417328,111.0,157.0,213.0,37.700579442086735,18.518499400828407,2.086375553950327,0.4793000944180965,168.52619799437872,163.35575488393073,147.21274159408725,"data/tiles/test/Muenster_BS6_9_0_10m/Muenster_BS6_9_0_10m__iPhone14_HPC_Münster_BS6_9,0-10m (2)__x512_y256__t256.png"
13.961915016174316,7.061924457550049,6.928563117980957,7.576503276824951,8.711297035217285,0.12896551191806793,104.33333333333333,167.0,213.66666666666666,39.981794626538395,18.42482361304619,2.1034908237473586,0.47540021982054803,171.67920730225939,166.11076597369242,152.23982230243294,"data/tiles/test/Muenster_BS6_9_0_10m/Muenster_BS6_9_0_10m__iPhone14_HPC_Münster_BS6_9,0-10m (2)__x768_y256__t256.png"
12.696446418762207,6.634864330291748,5.9396867752075195,6.02101993560791,7.355600357055664,0.07382332533597946,99.33333333333333,143.33333333333334,200.0,37.51076856926953,17.031252212551394,1.7629972324414256,0.5672158648911687,147.8894135620291,146.51333287038645,146.11358980590953,"data/tiles/test/Muenster_BS6_9_0_10m/Muenster_BS6_9_0_10m__iPhone14_HPC_Münster_BS6_9,0-10m (2)__x1024_y256__t256.png"
13.588557243347168,6.9687886238098145,6.203810214996338,6.414309024810791,8.098413467407227,0.21057967841625214,60.666666666666664,110.0,176.66666666666666,44.11703111513328,17.308515967653257,1.9108433777184761,0.5233291287295287,117.20865991537768,115.8938406048415,112.06462856350142,"data/tiles/test/Muenster_BS6_9_0_10m/Muenster_BS6_9_0_10m__iPhone14_HPC_Münster_BS6_9,0-10m (2)__x0_y512__t256.png"
13.823722839355469,7.639328479766846,7.769476890563965,8.07381534576416,8.723225593566895,0.15878647565841675,73.0,122.66666666666667,187.33333333333334,44.293329457842276,18.237307696807584,1.9896724632602287,0.5025952856388355,126.88872885032538,128.24022559652929,125.74446854663775,"data/tiles/test/Muenster_BS6_9_0_10m/Muenster_BS6_9_0_10m__iPhone14_HPC_Münster_BS6_9,0-10m (2)__x256_y512__t256.png"
14.883816719055176,8.225057601928711,8.703071594238281,10.140896797180176,12.069536209106445,0.08317524194717407,91.0,180.33333333333334,245.33333333333334,58.395932427631884,18.64061429845617,2.1373112735061617,0.46787756766918914,172.99715514848737,176.68014501804052,174.5743824590619,"data/tiles/test/Muenster_BS6_9_0_10m/Muenster_BS6_9_0_10m__iPhone14_HPC_Münster_BS6_9,0-10m (2)__x512_y512__t256.png"
11.159443855285645,6.3337249755859375,6.5900421142578125,7.276191711425781,8.337761878967285,0.16219381988048553,104.66666666666667,157.66666666666666,209.66666666666666,39.28800009040321,14.635237384000785,1.9701205642449096,0.5075831490461454,167.09271569154936,162.35593661592932,143.29038304667026,"data/tiles/test/Muenster_BS6_9_0_10m/Muenster_BS6_9_0_10m__iPhone14_HPC_Münster_BS6_9,0-10m (2)__x768_y512__t256.png"
7.3494672775268555,4.577107906341553,4.538763523101807,4.630320072174072,5.854265213012695,0.20944692194461823,129.33333333333334,175.66666666666666,210.33333333333334,30.67276569931921,10.062911533977317,1.9268497034023593,0.518981837677447,187.9106269298824,178.02884848905387,152.14084238281927,"data/tiles/test/Muenster_BS6_9_0_10m/Muenster_BS6_9_0_10m__iPhone14_HPC_Münster_BS6_9,0-10m (2)__x1024_y512__t256.png"
12.889347076416016,6.753046989440918,7.021508693695068,8.250714302062988,9.935277938842773,0.11344453692436218,65.0,112.33333333333333,164.66666666666666,37.41568253191917,17.12239499419486,1.832873646774181,0.5455913460046626,117.10562854713018,114.77501431869067,111.86113473454016,"data/tiles/test/Muenster_BS6_9_0_10m/Muenster_BS6_9_0_10m__iPhone14_HPC_Münster_BS6_9,0-10m (3)__x0_y0__t256.png"
13.000548362731934,6.607366561889648,6.7741546630859375,7.9154815673828125,9.020256996154785,0.07247920334339142,75.66666666666667,131.0,183.66666666666666,39.91079202490833,16.708303695069528,2.0532123921492094,0.48704167373217805,132.08376118781655,131.1121903836814,129.98515229306875,"data/tiles/test/Muenster_BS6_9_0_10m/Muenster_BS6_9_0_10m__iPhone14_HPC_Münster_BS6_9,0-10m (3)__x256_y0__t256.png"
12.49217414855957,6.461508274078369,6.971761226654053,8.61033821105957,10.553585052490234,0.13647857308387756,63.333333333333336,135.0,193.66666666666666,48.32000043159621,15.692625219688473,1.8520994042300885,0.5399278233749536,137.91872160371796,131.48245066416953,125.41684874969653,"data/tiles/test/Muenster_BS6_9_0_10m/Muenster_BS6_9_0_10m__iPhone14_HPC_Münster_BS6_9,0-10m (3)__x512_y0__t256.png"
11.861915588378906,6.013121128082275,5.902531623840332,6.832494258880615,8.166067123413086,0.1379629671573639,49.666666666666664,128.33333333333334,187.33333333333334,50.654492303165775,14.612395729916885,1.7938875520446764,0.5574485417774364,129.695302972229,124.80211854071571,119.45170563434266,"data/tiles/test/Muenster_BS6_9_0_10m/Muenster_BS6_9_0_10m__iPhone14_HPC_Münster_BS6_9,0-10m (3)__x768_y0__t256.png"
12.039563179016113,6.488837718963623,6.488629341125488,7.561850547790527,8.27148151397705,0.12400960922241211,42.0,145.66666666666666,194.33333333333334,51.37376333136559,14.388959060810922,1.9724200896374453,0.5069913885250541,138.74561114101652,137.77983642709546,134.04995745715328,"data/tiles/test/Muenster_BS6_9_0_10m/Muenster_BS6_9_0_10m__iPhone14_HPC_Münster_BS6_9,0-10m (3)__x1024_y0__t256.png"
15.41367244720459,7.567061901092529,6.703238010406494,6.306013107299805,6.991203308105469,0.14712245762348175,99.66666666666667,151.66666666666666,202.66666666666666,38.24362079524525,19.673102713549515,2.1499320178255226,0.46513098633296174,161.07501387539892,155.02905161648397,140.21395865131123,"data/tiles/test/Muenster_BS6_9_0_10m/Muenster_BS6_9_0_10m__iPhone14_HPC_Münster_BS6_9,0-10m (3)__x0_y256__t256.png"
13.441359519958496,6.788928985595703,6.779292583465576,7.8337907791137695,8.99732494354248,0.12175598740577698,96.0,147.33333333333334,202.33333333333334,39.6877501525665,17.67716822260717,2.067982535810653,0.4835630778709638,151.53054600992746,150.66743031691485,143.15302509632406,"data/tiles/test/Muenster_BS6_9_0_10m/Muenster_BS6_9_0_10m__iPhone14_HPC_Münster_BS6_9,0-10m (3)__x256_y256__t256.png"
14.440644264221191,6.603796482086182,5.814505577087402,6.179421424865723,6.966369152069092,0.14422845840454102,122.66666666666667,164.33333333333334,210.66666666666666,32.76061732379441,18.76819834945728,1.686872204175523,0.5928131351768646,175.99082202713487,168.0202644088969,152.7111801242236,"data/tiles/test/Muenster_BS6_9_0_10m/Muenster_BS6_9_0_10m__iPhone14_HPC_Münster_BS6_9,0-10m (3)__x512_y256__t256.png"
14.337456703186035,6.969862937927246,6.270299911499023,6.565476417541504,7.105098247528076,0.09077639132738113,115.33333333333333,166.33333333333334,211.66666666666666,35.82057075579168,18.852368271929546,2.0590224816255547,0.48566735376804687,168.5483501613407,166.85609451441658,159.7171333402727,"data/tiles/test/Muenster_BS6_9_0_10m/Muenster_BS6_9_0_10m__iPhone14_HPC_Münster_BS6_9,0-10m (3)__x768_y256__t256.png"
12.094319343566895,6.278003692626953,6.254848957061768,6.9504008293151855,8.139309883117676,0.14510227739810944,86.0,145.0,198.33333333333334,41.729261778437326,15.575163592774281,2.010321234730132,0.497432938937364,150.4572008395053,147.1750125752346,133.91639637139437,"data/tiles/test/Muenster_BS6_9_0_10m/Muenster_BS6_9_0_10m__iPhone14_HPC_Münster_BS6_9,0-10m (3)__x1024_y256__t256.png"
16.27518081665039,8.620552062988281,7.073525428771973,5.58602237701416,4.5348219871521,0.1255718618631363,107.0,167.33333333333334,221.0,41.95465313184382,21.882619020582307,2.061593778885445,0.48506161118735425,174.07412674737245,168.1210413125672,154.58083873876998,"data/tiles/test/Muenster_BS6_9_0_10m/Muenster_BS6_9_0_10m__iPhone14_HPC_Münster_BS6_9,0-10m (3)__x0_y512__t256.png"
14.354435920715332,7.999752044677734,8.453384399414062,9.697768211364746,11.63890266418457,0.09638618677854538,82.33333333333333,150.33333333333334,237.33333333333334,56.3756919239517,18.06932761313964,2.2304596965217858,0.44833807199449327,153.36765114180608,156.59478031512458,156.17054209759144,"data/tiles/test/Muenster_BS6_9_0_10m/Muenster_BS6_9_0_10m__iPhone14_HPC_Münster_BS6_9,0-10m (3)__x256_y512__t256.png"
14.459576606750488,7.57332181930542,8.01671028137207,9.12693977355957,10.011104583740234,0.10290288180112839,88.66666666666667,155.66666666666666,231.66666666666666,49.30322061515265,17.938169421145812,1.8813330955035275,0.5315379835660394,158.57817216612887,159.72901703618888,153.40447937267965,"data/tiles/test/Muenster_BS6_9_0_10m/Muenster_BS6_9_0_10m__iPhone14_HPC_Münster_BS6_9,0-10m (3)__x512_y512__t256.png"
6.860345363616943,4.435037612915039,4.321587562561035,4.398248195648193,5.326645851135254,0.16228537261486053,159.0,186.33333333333334,220.0,22.55537724776491,10.148004779433856,1.9511411822367863,0.5125205746790711,200.43986737492622,193.71898760545776,170.07799534770683,"data/tiles/test/Muenster_BS6_9_0_10m/Muenster_BS6_9_0_10m__iPhone14_HPC_Münster_BS6_9,0-10m (3)__x768_y512__t256.png"
10.548452377319336,6.096376419067383,5.911738872528076,5.8952202796936035,6.731153964996338,0.12048829346895218,107.33333333333333,154.0,206.0,36.10732879071353,14.261944121314855,1.7067936588038066,0.5858939039537108,153.32160961044372,154.69960419415318,159.17917158530656,"data/tiles/test/Muenster_BS6_9_0_10m/Muenster_BS6_9_0_10m__iPhone14_HPC_Münster_BS6_9,0-10m (3)__x1024_y512__t256.png"
10.692118644714355,5.319371223449707,5.060262680053711,5.382711887359619,6.024492263793945,0.21976947784423828,75.0,164.0,200.33333333333334,46.056736106537315,13.800900324961658,1.9668180710492094,0.5084354342272973,163.86343367745295,154.9008935542639,131.84643012058646,"data/tiles/test/Muenster_BS6_9_0_10m/Muenster_BS6_9_0_10m__iPhone14_HPC_Münster_BS6_9,0-10m (4)__x0_y0__t256.png"
11.147062301635742,6.457698822021484,7.145601272583008,8.264694213867188,9.97616958618164,0.0959097370505333,68.66666666666667,168.0,216.0,54.1721114315335,14.263764545712089,1.905528902376277,0.5247886813750013,158.96466136702884,154.18247301003228,147.27269413684175,"data/tiles/test/Muenster_BS6_9_0_10m/Muenster_BS6_9_0_10m__iPhone14_HPC_Münster_BS6_9,0-10m (4)__x256_y0__t256.png"
11.893380165100098,6.341777324676514,6.687843322753906,8.061249732971191,9.79792308807373,0.16533830761909485,77.33333333333333,135.0,181.66666666666666,39.72059808785696,14.956827688010252,1.8683248336632234,0.5352388310545017,140.67775078097884,134.31072544255466,123.03925720236029,"data/tiles/test/Muenster_BS6_9_0_10m/Muenster_BS6_9_0_10m__iPhone14_HPC_Münster_BS6_9,0-10m (4)__x512_y0__t256.png"
11.600680351257324,6.013872146606445,6.071671485900879,6.8630876541137695,8.460643768310547,0.11080116778612137,82.66666666666667,155.33333333333334,216.0,49.809540296193724,14.380874718991308,1.823078727772091,0.548522663759046,155.63410147844797,153.887051433331,144.14617894079268,"data/tiles/test/Muenster_BS6_9_0_10m/Muenster_BS6_9_0_10m__iPhone14_HPC_Münster_BS6_9,0-10m (4)__x768_y0__t256.png"
11.683603286743164,6.324310779571533,6.054042339324951,6.314783573150635,6.862995624542236,0.10512539744377136,62.0,116.66666666666667,181.0,44.27857471996029,15.365400536592354,2.050850560726794,0.48760256800262103,121.26152856720725,121.46133388955519,117.07208287705758,"data/tiles/test/Muenster_BS6_9_0_10m/Muenster_BS6_9_0_10m__iPhone14_HPC_Münster_BS6_9,0-10m (4)__x1024_y0__t256.png"
9.503859519958496,4.658512115478516,4.005344867706299,3.8441574573516846,4.656045913696289,0.21330787241458893,152.0,175.66666666666666,207.66666666666666,21.183480958843877,12.926987092797791,2.1708458002914766,0.460649945687405,194.42094206295468,183.23916176189732,156.45998923555047,"data/tiles/test/Muenster_BS6_9_0_10m/Muenster_BS6_9_0_10m__iPhone14_HPC_Münster_BS6_9,0-10m (4)__x0_y256__t256.png"
14.505450248718262,8.062396049499512,8.51339054107666,9.75001335144043,11.744281768798828,0.09397312253713608,96.66666666666667,183.33333333333334,242.0,51.37050384258606,17.62635545444657,1.8240468771659042,0.548231524374933,178.750858808425,179.88573510531248,173.947534612582,"data/tiles/test/Muenster_BS6_9_0_10m/Muenster_BS6_9_0_10m__iPhone14_HPC_Münster_BS6_9,0-10m (4)__x256_y256__t256.png"
13.740422248840332,7.035836219787598,7.587152481079102,8.551614761352539,8.333829879760742,0.13188639283180237,86.33333333333333,131.33333333333334,190.66666666666666,39.4050621867402,18.329064151529476,1.7508600373339402,0.5711478808567213,139.88576187667002,138.9309261894021,127.53633272026929,"data/tiles/test/Muenster_BS6_9_0_10m/Muenster_BS6_9_0_10m__iPhone14_HPC_Münster_BS6_9,0-10m (4)__x512_y256__t256.png"
12.874850273132324,6.776377201080322,6.783674240112305,7.605493545532227,8.35535717010498,0.1666913777589798,111.66666666666667,166.66666666666666,217.66666666666666,38.926528712212864,17.374924333339106,2.2102727906964343,0.4524328418687678,176.2719783555039,170.84985865172825,151.1169635269429,"data/tiles/test/Muenster_BS6_9_0_10m/Muenster_BS6_9_0_10m__iPhone14_HPC_Münster_BS6_9,0-10m (4)__x768_y256__t256.png"
9.575023651123047,5.871342658996582,6.308950901031494,7.175877094268799,8.5591459274292,0.13055872917175293,87.66666666666667,135.33333333333334,189.33333333333334,38.44702794068598,13.339276871885277,2.0969160470680306,0.4768908137253417,142.68245130179875,140.47695616728245,128.48018247732043,"data/tiles/test/Muenster_BS6_9_0_10m/Muenster_BS6_9_0_10m__iPhone14_HPC_Münster_BS6_9,0-10m (4)__x1024_y256__t256.png"
12.109676361083984,6.809712886810303,6.408298969268799,6.3323073387146,7.8070244789123535,0.1595098227262497,85.66666666666667,148.33333333333334,216.33333333333334,47.217682658615786,15.63847031951585,1.6688052511927458,0.5992310961900854,159.54533467504078,153.05203164578924,135.86410007286858,"data/tiles/test/Muenster_BS6_9_0_10m/Muenster_BS6_9_0_10m__iPhone14_HPC_Münster_BS6_9,0-10m (4)__x0_y512__t256.png"
14.601353645324707,7.846287250518799,7.563084125518799,7.824207305908203,7.927541255950928,0.14002421498298645,93.33333333333333,148.66666666666666,213.33333333333334,43.83352773400227,19.013635618287047,2.2275046396593727,0.44893284718496423,157.8474229307982,153.6720503790573,141.8021268844439,"data/tiles/test/Muenster_BS6_9_0_10m/Muenster_BS6_9_0_10m__iPhone14_HPC_Münster_BS6_9,0-10m (4)__x256_y512__t256.png"
13.082026481628418,7.134307861328125,6.7007832527160645,6.746283054351807,7.287688732147217,0.08202294260263443,91.33333333333333,136.33333333333334,192.0,38.40502891799333,17.75227892287545,2.0681314068053376,0.4835282693882153,138.4098608432793,141.10689529368844,139.5846667014124,"data/tiles/test/Muenster_BS6_9_0_10m/Muenster_BS6_9_0_10m__iPhone14_HPC_Münster_BS6_9,0-10m (4)__x512_y512__t256.png"
13.92822551727295,7.222372055053711,6.883510112762451,7.6115922927856445,8.95169734954834,0.1035732552409172,79.0,138.66666666666666,198.33333333333334,44.04803397316322,18.01127818641813,1.8525881604614232,0.5397853777446848,141.46882425377663,140.6702221759717,134.39752328424996,"data/tiles/test/Muenster_BS6_9_0_10m/Muenster_BS6_9_0_10m__iPhone14_HPC_Münster_BS6_9,0-10m (4)__x768_y512__t256.png"
9.989490509033203,5.682924747467041,5.527528762817383,6.042855739593506,6.742290496826172,0.14061656594276428,125.66666666666667,161.33333333333334,201.33333333333334,29.33652938089913,13.869761770648045,1.9684449512483164,0.5080152225571948,173.12703368369932,163.51299129288515,151.23665313768342,"data/tiles/test/Muenster_BS6_9_0_10m/Muenster_BS6_9_0_10m__iPhone14_HPC_Münster_BS6_9,0-10m (4)__x1024_y512__t256.png"
9.482767105102539,4.887481689453125,4.4358954429626465,4.826305866241455,6.052456855773926,0.1539279967546463,93.33333333333333,134.0,173.0,29.599910387351382,12.625514563205964,2.0549498483211814,0.4866298809272466,143.87770956889676,132.83147782055283,125.13016335448965,"data/tiles/test/Muenster_BS6_9_0_10m/Muenster_BS6_9_0_10m__iPhone14_HPC_Münster_BS6_9,0-10m (5)__x0_y0__t256.png"
12.994889259338379,7.2587103843688965,6.36236047744751,6.225683212280273,7.298908233642578,0.0576370432972908,102.66666666666667,160.66666666666666,206.0,37.85227706251159,17.4396211011294,1.9118584239213834,0.523051282191134,159.08215376075492,159.4644567027477,155.46395364973634,"data/tiles/test/Muenster_BS6_9_0_10m/Muenster_BS6_9_0_10m__iPhone14_HPC_Münster_BS6_9,0-10m (5)__x256_y0__t256.png"
12.772513389587402,6.974716663360596,6.672684192657471,6.82359504699707,7.692138671875,0.12118102610111237,87.0,137.0,189.66666666666666,38.6502778594248,17.28928354431126,1.9282398513572268,0.5186076821802701,139.18689691079487,138.1830787920861,136.35197847969454,"data/tiles/test/Muenster_BS6_9_0_10m/Muenster_BS6_9_0_10m__iPhone14_HPC_Münster_BS6_9,0-10m (5)__x512_y0__t256.png"
13.314708709716797,7.185481071472168,6.608243942260742,6.471106052398682,7.2032694816589355,0.1233050599694252,83.66666666666667,152.66666666666666,209.33333333333334,45.35661038544385,17.156834658643913,1.99721871208386,0.5006962902708932,152.0104533851951,150.12827102398026,147.6668287346542,"data/tiles/test/Muenster_BS6_9_0_10m/Muenster_BS6_9_0_10m__iPhone14_HPC_Münster_BS6_9,0-10m (5)__x768_y0__t256.png"
14.820125579833984,7.811777114868164,6.518367767333984,5.181241989135742,4.562807559967041,0.13750511407852173,79.33333333333333,151.66666666666666,210.0,47.03880067885083,19.424051680199593,1.9333744389358234,0.5172303822069896,157.22518361606444,151.68739256506868,137.25383293108538,"data/tiles/test/Muenster_BS6_9_0_10m/Muenster_BS6_9_0_10m__iPhone14_HPC_Münster_BS6_9,0-10m (5)__x1024_y0__t256.png"
9.766104698181152,5.960935115814209,6.411440849304199,7.708256244659424,9.360403060913086,0.16512326896190643,93.66666666666667,143.33333333333334,199.66666666666666,39.63984408497276,13.431136981236456,1.8930395951800256,0.528250968731006,155.43639487063805,149.5350257682764,132.05507643721043,"data/tiles/test/Muenster_BS6_9_0_10m/Muenster_BS6_9_0_10m__iPhone14_HPC_Münster_BS6_9,0-10m (5)__x0_y256__t256.png"
9.789229393005371,5.246964931488037,5.279826641082764,6.21888542175293,7.700429439544678,0.17288534343242645,93.33333333333333,169.33333333333334,216.66666666666666,45.29530874944057,12.664384528849006,2.0361871660848885,0.491113988269932,172.83540922180202,166.51550844811436,146.46062172570515,"data/tiles/test/Muenster_BS6_9_0_10m/Muenster_BS6_9_0_10m__iPhone14_HPC_Münster_BS6_9,0-10m (5)__x256_y256__t256.png"
12.477190017700195,5.978611469268799,5.700712203979492,5.898549556732178,7.3663787841796875,0.18611353635787964,95.66666666666667,144.0,211.33333333333334,42.923105505483555,15.851295348939711,1.657472947685985,0.6033280973883225,159.09441487055886,154.7316675625531,136.0959234277193,"data/tiles/test/Muenster_BS6_9_0_10m/Muenster_BS6_9_0_10m__iPhone14_HPC_Münster_BS6_9,0-10m (5)__x512_y256__t256.png"
13.773118019104004,7.132158279418945,7.159414291381836,8.147040367126465,9.485260963439941,0.09629786759614944,85.0,138.33333333333334,220.0,48.31112882996617,17.641556213130595,1.8094662246815043,0.552649166013594,145.10060557685966,146.84143950304522,142.08564834897885,"data/tiles/test/Muenster_BS6_9_0_10m/Muenster_BS6_9_0_10m__iPhone14_HPC_Münster_BS6_9,0-10m (5)__x768_y256__t256.png"
12.492622375488281,7.336380481719971,7.139588832855225,6.767901420593262,7.285419940948486,0.1253456473350525,105.66666666666667,154.33333333333334,207.0,37.45403705222298,16.89139585257124,2.065601611636171,0.4841204588371211,162.72746673143988,158.30176796155249,145.66717559900758,"data/tiles/test/Muenster_BS6_9_0_10m/Muenster_BS6_9_0_10m__iPhone14_HPC_Münster_BS6_9,0-10m (5)__x1024_y256__t256.png"
10.316967964172363,5.56558895111084,5.423789978027344,5.89739465713501,7.33686637878418,0.16830533742904663,83.0,142.66666666666666,197.0,41.99844031190326,13.389340897464557,1.7324696519426421,0.5772106881518451,150.16932896265848,145.53343045944118,128.60147076677595,"data/tiles/test/Muenster_BS6_9_0_10m/Muenster_BS6_9_0_10m__iPhone14_HPC_Münster_BS6_9,0-10m (5)__x0_y512__t256.png"
10.753512382507324,5.465413570404053,5.041287899017334,5.1027350425720215,5.9285101890563965,0.20942442119121552,143.06666666666692,190.66666666666666,220.66666666666666,28.909780803011046,14.310486345945039,1.9167020940976516,0.5217294868511018,201.9717496488216,193.4154310389678,163.87591696581865,"data/tiles/test/Muenster_BS6_9_0_10m/Muenster_BS6_9_0_10m__iPhone14_HPC_Münster_BS6_9,0-10m (5)__x256_y512__t256.png"
11.360816955566406,5.8656768798828125,6.017857551574707,6.809401988983154,7.985617160797119,0.23059380054473877,83.0,153.33333333333334,212.66666666666666,47.772112370412884,14.78170311740169,1.8676568319829363,0.5354302690276757,164.8462032234,157.65406568241357,131.23684530108775,"data/tiles/test/Muenster_BS6_9_0_10m/Muenster_BS6_9_0_10m__iPhone14_HPC_Münster_BS6_9,0-10m (5)__x512_y512__t256.png"
12.840680122375488,7.796292781829834,8.816696166992188,10.630816459655762,12.374241828918457,0.08928155899047852,89.0,158.66666666666666,235.33333333333334,54.55340400667404,16.875151910962703,1.9025942243571343,0.5255981476228274,163.00362494796727,163.8881642847232,159.16529068960733,"data/tiles/test/Muenster_BS6_9_0_10m/Muenster_BS6_9_0_10m__iPhone14_HPC_Münster_BS6_9,0-10m (5)__x768_y512__t256.png"
10.864030838012695,6.289876937866211,6.2104620933532715,6.341084957122803,7.076056957244873,0.19486753642559052,82.33333333333333,134.66666666666666,195.0,42.01946525266842,14.448236431838835,2.235359623882521,0.4473553111168455,149.44485523849198,137.68928348260778,123.96417413038951,"data/tiles/test/Muenster_BS6_9_0_10m/Muenster_BS6_9_0_10m__iPhone14_HPC_Münster_BS6_9,0-10m (5)__x1024_y512__t256.png"
13.66987133026123,5.435441493988037,4.341616630554199,4.07101583480835,3.7369844913482666,0.04979846999049187,136.66666666666666,166.0,197.66666666666666,22.97397601573905,19.147595215958166,1.6257520220221013,0.6150999577144647,169.89738385205231,169.20760903507858,161.7175844002637,data/tiles/test/Testfeld_Lidl_WHV/Testfeld_Lidl_WHV__iPhone14_HPC_Testfeld Lidl WHV (1)__x26_y52__t256.png
16.464754104614258,7.27065372467041,6.45924186706543,6.083873748779297,5.3994340896606445,0.030869537964463234,130.33333333333334,177.33333333333334,214.0,30.87609609143861,23.732575214813707,1.4000905078721344,0.7142395397850427,176.32759816844734,176.65694810600806,172.0332142361593,data/tiles/test/Testfeld_Lidl_WHV/Testfeld_Lidl_WHV__iPhone14_HPC_Testfeld Lidl WHV (1)__x282_y52__t256.png
15.977917671203613,7.128387928009033,6.348548412322998,6.16972017288208,5.586638927459717,0.03767435997724533,129.33333333333334,186.33333333333334,220.0,33.809250980638986,22.102683954095323,1.8227265367221794,0.5486286504602639,182.14489810089228,182.33939173002813,175.9809221261674,data/tiles/test/Testfeld_Lidl_WHV/Testfeld_Lidl_WHV__iPhone14_HPC_Testfeld Lidl WHV (1)__x538_y52__t256.png
14.034834861755371,6.690323829650879,6.476125240325928,6.912063121795654,7.1626787185668945,0.035554174333810806,124.33333333333333,181.33333333333334,217.0,34.42446525763816,18.77320359378753,1.8321887089315834,0.5457953076149764,177.66941274411184,177.7484303999445,172.18861216136528,data/tiles/test/Testfeld_Lidl_WHV/Testfeld_Lidl_WHV__iPhone14_HPC_Testfeld Lidl WHV (1)__x794_y52__t256.png
14.748194694519043,5.6037516593933105,4.234904766082764,3.652597188949585,3.52671217918396,0.046794530004262924,142.0,174.0,207.0,24.262810081035195,20.767390432758877,1.634847268091193,0.6116779343966333,177.45328659679322,176.98731519400292,169.43558686749498,data/tiles/test/Testfeld_Lidl_WHV/Testfeld_Lidl_WHV__iPhone14_HPC_Testfeld Lidl WHV (1)__x26_y308__t256.png
15.919673919677734,6.247135639190674,5.069415092468262,5.049057960510254,5.9518561363220215,0.0448031947016716,138.0,183.0,222.0,30.84553361391028,21.178369548353494,1.7940633722870212,0.5573939111890057,183.96693784801124,184.4443268747073,176.50573297021631,data/tiles/test/Testfeld_Lidl_WHV/Testfeld_Lidl_WHV__iPhone14_HPC_Testfeld Lidl WHV (1)__x282_y308__t256.png
16.1445369720459,6.582545280456543,5.859333515167236,5.667043209075928,5.145229339599609,0.04580973461270332,149.33333333333334,195.33333333333334,226.33333333333334,28.781927797324823,22.561885289449442,2.0314230823753494,0.49226574644937915,193.85493324085314,194.73468007629617,186.17182243800937,data/tiles/test/Testfeld_Lidl_WHV/Testfeld_Lidl_WHV__iPhone14_HPC_Testfeld Lidl WHV (1)__x538_y308__t256.png
15.093612670898438,7.589900970458984,7.613410949707031,8.586212158203125,8.992587089538574,0.034625064581632614,112.66666666666667,176.0,221.0,39.85707778060847,19.7913590793927,1.942967848373816,0.5146765556810211,172.84753441063648,173.84805512644715,168.25646989394755,data/tiles/test/Testfeld_Lidl_WHV/Testfeld_Lidl_WHV__iPhone14_HPC_Testfeld Lidl WHV (1)__x794_y308__t256.png
13.720882415771484,5.399583339691162,4.090819835662842,3.596968173980713,3.890617609024048,0.046500761061906815,130.0,162.66666666666666,196.33333333333334,25.005550980123743,19.17970054037545,1.6679195535577922,0.5995492995252248,165.74316579249017,165.52620792663865,158.438083990413,data/tiles/test/Testfeld_Lidl_WHV/Testfeld_Lidl_WHV__iPhone14_HPC_Testfeld Lidl WHV (1)__x26_y564__t256.png
14.606220245361328,6.594442844390869,5.742192268371582,5.257364273071289,5.29691743850708,0.03607437387108803,133.0,181.0,218.33333333333334,31.394276776949386,20.354858312263158,1.6895740106197017,0.5918651646595938,180.03754295830873,180.361179574409,174.32837504773144,data/tiles/test/Testfeld_Lidl_WHV/Testfeld_Lidl_WHV__iPhone14_HPC_Testfeld Lidl WHV (1)__x282_y564__t256.png
14.539078712463379,6.7617106437683105,6.1644110679626465,6.083309173583984,5.775152683258057,0.038787759840488434,130.0,176.33333333333334,217.33333333333334,32.013315568264545,20.31777255076617,2.243809092559809,0.44567071383919216,176.6838370519449,177.451889378535,171.04597661265137,data/tiles/test/Testfeld_Lidl_WHV/Testfeld_Lidl_WHV__iPhone14_HPC_Testfeld Lidl WHV (1)__x538_y564__t256.png
12.669173240661621,6.102019309997559,5.701239109039307,6.030983924865723,7.333624839782715,0.03802157938480377,123.66666666666667,178.33333333333334,216.66666666666666,34.494039692498745,17.041117776215224,2.2447719316947086,0.4454795544619279,175.31576574233043,176.1476856909977,169.89034562891283,data/tiles/test/Testfeld_Lidl_WHV/Testfeld_Lidl_WHV__iPhone14_HPC_Testfeld Lidl WHV (1)__x794_y564__t256.png
13.352042198181152,5.061524391174316,3.9125943183898926,3.7561795711517334,3.647378921508789,0.044156964868307114,129.33333333333334,160.33333333333334,189.33333333333334,22.284866309579208,18.5598698855106,1.8241790448535198,0.5481918032230763,162.78120339864748,162.22932200450842,155.81040402288886,data/tiles/test/Testfeld_Lidl_WHV/Testfeld_Lidl_WHV__iPhone14_HPC_Testfeld Lidl WHV (2)__x31_y33__t256.png
14.3505220413208,5.783933162689209,5.087728023529053,4.945034980773926,4.993930339813232,0.04009588435292244,132.33333333333334,175.0,207.0,27.722299345615504,19.796827709408717,1.6998912818722447,0.5882729152529149,174.59894514035878,174.5784551858149,168.11421284569207,data/tiles/test/Testfeld_Lidl_WHV/Testfeld_Lidl_WHV__iPhone14_HPC_Testfeld Lidl WHV (2)__x287_y33__t256.png
15.053789138793945,6.428750514984131,5.61430549621582,5.010782241821289,4.243414878845215,0.04152754321694374,135.0,174.66666666666666,206.33333333333334,26.474857519166438,21.565542640636792,1.9030393040844968,0.5254752215856489,175.0147561165924,175.2607029529573,168.4167259107697,data/tiles/test/Testfeld_Lidl_WHV/Testfeld_Lidl_WHV__iPhone14_HPC_Testfeld Lidl WHV (2)__x543_y33__t256.png
13.804967880249023,6.575136184692383,6.580040454864502,7.57155179977417,8.465228080749512,0.034473732113838196,110.0,170.33333333333334,210.0,36.95440710997845,18.543287128655614,1.9881945426657108,0.5029688888790683,166.49717974973532,166.80605355872194,161.53605581492215,data/tiles/test/Testfeld_Lidl_WHV/Testfeld_Lidl_WHV__iPhone14_HPC_Testfeld Lidl WHV (2)__x799_y33__t256.png
14.287454605102539,6.235621452331543,5.50864839553833,5.249518394470215,5.603291034698486,0.03822704777121544,128.0,174.33333333333334,208.0,29.73598723976623,19.483597034004976,1.7993716977148522,0.5557495437268297,173.13923720865608,172.99932265795962,167.8164924102956,data/tiles/test/Testfeld_Lidl_WHV/Testfeld_Lidl_WHV__iPhone14_HPC_Testfeld Lidl WHV (2)__x31_y289__t256.png
17.09111976623535,7.854800224304199,7.444067478179932,7.258076190948486,6.462329864501953,0.034128110855817795,128.0,182.33333333333334,218.66666666666666,33.45845475744238,24.947190263707398,1.8114594004094757,0.5520410779142787,179.28925031677977,180.00194407318048,174.16486434882228,data/tiles/test/Testfeld_Lidl_WHV/Testfeld_Lidl_WHV__iPhone14_HPC_Testfeld Lidl WHV (2)__x287_y289__t256.png
15.55588150024414,6.917210102081299,6.501796722412109,6.704309940338135,8.064018249511719,0.03480205684900284,124.33333333333333,185.33333333333334,227.33333333333334,38.15746385208783,20.289143516986112,1.656155202278337,0.6038081446861511,182.0666759175744,183.23855200166517,177.10284118504129,data/tiles/test/Testfeld_Lidl_WHV/Testfeld_Lidl_WHV__iPhone14_HPC_Testfeld Lidl WHV (2)__x543_y289__t256.png
14.469537734985352,6.812866687774658,6.724247932434082,7.108207702636719,7.076889514923096,0.035560645163059235,119.66666666666667,176.33333333333334,214.33333333333334,35.07162376442663,19.727350169411537,2.086160212197613,0.479349569679778,173.00241047429117,174.18111506112893,168.27226220410995,data/tiles/test/Testfeld_Lidl_WHV/Testfeld_Lidl_WHV__iPhone14_HPC_Testfeld Lidl WHV (2)__x799_y289__t256.png
14.179183959960938,6.647141933441162,5.917376518249512,5.956409931182861,5.874258995056152,0.028971390798687935,115.0,161.0,205.33333333333334,33.40816093505377,19.23125505173056,1.7940834528149845,0.5573876724803198,161.783960578141,162.01658771884163,158.83649992191974,data/tiles/test/Testfeld_Lidl_WHV/Testfeld_Lidl_WHV__iPhone14_HPC_Testfeld Lidl WHV (2)__x31_y545__t256.png
14.511256217956543,6.6011834144592285,5.978616237640381,5.888219833374023,6.289625644683838,0.02887062169611454,129.0,176.33333333333334,213.33333333333334,31.240619830779213,20.20231824877094,1.752788254679879,0.5705195692235143,174.597237406077,175.53365609870374,171.1143387648151,data/tiles/test/Testfeld_Lidl_WHV/Testfeld_Lidl_WHV__iPhone14_HPC_Testfeld Lidl WHV (2)__x287_y545__t256.png
14.018608093261719,6.063813209533691,5.316979885101318,5.4004034996032715,6.002214431762695,0.04384395852684975,129.0,171.33333333333334,211.66666666666666,30.479384606778364,19.224414820895426,1.707003260766212,0.5858219623734849,172.88270801894157,174.0096442386082,166.72741149329588,data/tiles/test/Testfeld_Lidl_WHV/Testfeld_Lidl_WHV__iPhone14_HPC_Testfeld Lidl WHV (2)__x543_y545__t256.png
12.907820701599121,6.249248504638672,5.898916721343994,5.914183616638184,6.25493049621582,0.039007965475320816,126.0,174.33333333333334,211.33333333333334,31.608718260100392,17.83872158704443,1.8534132016871674,0.5395450939324793,173.09866754571638,174.24711128075228,167.8647767098095,data/tiles/test/Testfeld_Lidl_WHV/Testfeld_Lidl_WHV__iPhone14_HPC_Testfeld Lidl WHV (2)__x799_y545__t256.png
13.446690559387207,5.936266899108887,5.537150859832764,5.789630889892578,6.183037281036377,0.03257250040769577,118.0,165.0,197.66666666666666,29.828632079609935,17.620984113584186,2.317799994196748,0.4314436114003693,163.12928508262385,162.62499349759844,158.5190477016178,data/tiles/test/Testfeld_Lidl_WHV/Testfeld_Lidl_WHV__iPhone14_HPC_Testfeld Lidl WHV (3)__x61_y27__t256.png
15.2494478225708,7.279693603515625,7.065902233123779,7.007654190063477,5.941902160644531,0.034079376608133316,119.66666666666667,169.0,206.60000000000096,32.18213011543431,21.471081229753594,1.6663041446954259,0.6001305363030134,167.7350987635052,167.97598113174826,162.82513917069872,data/tiles/test/Testfeld_Lidl_WHV/Testfeld_Lidl_WHV__iPhone14_HPC_Testfeld Lidl WHV (3)__x317_y27__t256.png
15.50960636138916,6.9342041015625,6.3629069328308105,5.879683494567871,5.521032333374023,0.03428500518202782,132.0,176.33333333333334,213.33333333333334,30.087980150844935,22.093108965008945,2.264589174384639,0.44158119773390325,176.3713215530546,176.34511939237345,171.138172611719,data/tiles/test/Testfeld_Lidl_WHV/Testfeld_Lidl_WHV__iPhone14_HPC_Testfeld Lidl WHV (3)__x573_y27__t256.png
15.282544136047363,7.012422561645508,6.293743133544922,5.633689880371094,4.3255510330200195,0.038464609533548355,129.0,173.0,208.0,29.129445203314926,22.412895185549015,2.1358203075673066,0.46820418199834296,173.08664203569757,172.91608124750655,166.93438101680803,data/tiles/test/Testfeld_Lidl_WHV/Testfeld_Lidl_WHV__iPhone14_HPC_Testfeld Lidl WHV (3)__x829_y27__t256.png
13.70508861541748,6.033849716186523,5.431130409240723,5.52895450592041,5.881473064422607,0.03395010158419609,132.0,177.33333333333334,212.0,29.937107443031174,17.597927596533122,1.9737975671835457,0.5066375684244669,176.60005900626507,176.3726766283126,171.28689193176098,data/tiles/test/Testfeld_Lidl_WHV/Testfeld_Lidl_WHV__iPhone14_HPC_Testfeld Lidl WHV (3)__x61_y283__t256.png
15.506051063537598,6.631806373596191,6.0660080909729,6.30644416809082,6.613704204559326,0.035842716693878174,137.33333333333334,190.33333333333334,223.66666666666666,31.993829062302336,20.54009615642206,2.03383785750997,0.49168127946261225,186.97683330732283,187.7697376406735,181.32088297005325,data/tiles/test/Testfeld_Lidl_WHV/Testfeld_Lidl_WHV__iPhone14_HPC_Testfeld Lidl WHV (3)__x317_y283__t256.png
15.415741920471191,6.716335773468018,6.254587173461914,6.650812149047852,6.651515007019043,0.03555167093873024,143.0,197.66666666666666,231.66666666666666,33.070814422775854,20.771456147015513,1.89378603835306,0.5280427565458529,194.21264856424048,194.92167953500478,188.56260952546197,data/tiles/test/Testfeld_Lidl_WHV/Testfeld_Lidl_WHV__iPhone14_HPC_Testfeld Lidl WHV (3)__x573_y283__t256.png
15.58643627166748,7.224087715148926,6.7109575271606445,6.355735778808594,5.293185234069824,0.038401369005441666,134.0,181.0,215.0,30.107574685878838,22.545857100340474,1.6658434263151605,0.6002965129874158,179.56802455647468,180.11509980403378,173.61212562648493,data/tiles/test/Testfeld_Lidl_WHV/Testfeld_Lidl_WHV__iPhone14_HPC_Testfeld Lidl WHV (3)__x829_y283__t256.png
14.039341926574707,6.848982810974121,6.512054920196533,6.8371381759643555,7.610594749450684,0.02741032838821411,104.0,160.0,204.0,36.869635721457755,18.043849484127804,1.8805525204639504,0.531758613023629,158.05425670398333,158.4225288553328,156.1385923804565,data/tiles/test/Testfeld_Lidl_WHV/Testfeld_Lidl_WHV__iPhone14_HPC_Testfeld Lidl WHV (3)__x61_y539__t256.png
15.161687850952148,7.215331077575684,7.288021564483643,7.694534778594971,7.901202201843262,0.030522476881742477,117.66666666666667,176.66666666666666,220.0,37.65467501594103,20.696548769344886,1.7066540398575665,0.5859418351029467,173.73044746068663,174.56675460825494,170.01305238310132,data/tiles/test/Testfeld_Lidl_WHV/Testfeld_Lidl_WHV__iPhone14_HPC_Testfeld Lidl WHV (3)__x317_y539__t256.png
14.709321975708008,7.026097774505615,7.039002895355225,7.3436055183410645,7.034793376922607,0.03520303964614868,127.33333333333333,180.33333333333334,218.0,33.31988516864723,20.4867922360598,1.8602895595059898,0.5375507242354011,177.8221297259799,179.03196323274366,173.25489073881374,data/tiles/test/Testfeld_Lidl_WHV/Testfeld_Lidl_WHV__iPhone14_HPC_Testfeld Lidl WHV (3)__x573_y539__t256.png
13.711265563964844,6.021481037139893,5.309595108032227,4.945094108581543,4.378669261932373,0.04641934856772423,141.0,179.66666666666666,209.66666666666666,25.538496200493366,19.753775438573072,2.019861617012125,0.4950834213480661,180.04620164187654,180.4254820625857,172.41369734626932,data/tiles/test/Testfeld_Lidl_WHV/Testfeld_Lidl_WHV__iPhone14_HPC_Testfeld Lidl WHV (3)__x829_y539__t256.png
15.097917556762695,6.174175262451172,5.046130180358887,4.610387802124023,4.697990894317627,0.028600461781024933,120.66666666666667,159.66666666666666,196.33333333333334,27.903820708621176,21.719467819851022,1.7800387656455574,0.5617855179897361,160.48318992436333,160.61553674276595,156.62634445909376,data/tiles/test/Testfeld_Lidl_WHV/Testfeld_Lidl_WHV__iPhone14_HPC_Testfeld Lidl WHV (4)__x25_y48__t256.png
14.562779426574707,6.707917213439941,6.62445592880249,7.418642044067383,8.619218826293945,0.025411807000637054,111.0,174.0,212.0,37.18643473550396,18.965057577528093,1.912996502033493,0.5227401090054329,168.12383895553742,168.97065921283357,165.6455841247244,data/tiles/test/Testfeld_Lidl_WHV/Testfeld_Lidl_WHV__iPhone14_HPC_Testfeld Lidl WHV (4)__x281_y48__t256.png
14.747246742248535,6.594752311706543,6.091612339019775,6.650547981262207,7.378279209136963,0.023970898240804672,122.66666666666667,180.0,221.33333333333334,36.824097521034425,19.06867504244971,1.8930122782836745,0.5282585915959636,176.22653850824992,177.42101427902216,174.17986709925916,data/tiles/test/Testfeld_Lidl_WHV/Testfeld_Lidl_WHV__iPhone14_HPC_Testfeld Lidl WHV (4)__x537_y48__t256.png
14.276659965515137,6.8058319091796875,6.719695091247559,6.876704216003418,6.9203410148620605,0.02652861922979355,117.66666666666667,175.0,211.33333333333334,34.764334430651445,19.03538803802968,1.8753309063978867,0.5332392254553028,170.21250715760615,171.02727698634416,167.59457583592163,data/tiles/test/Testfeld_Lidl_WHV/Testfeld_Lidl_WHV__iPhone14_HPC_Testfeld Lidl WHV (4)__x793_y48__t256.png
13.73929214477539,5.603465557098389,4.987310409545898,5.072934150695801,5.577294826507568,0.03209051862359047,133.0,169.33333333333334,206.66666666666666,27.128496990865905,18.872034671010606,2.0594119946376166,0.48557549562877267,171.13877458895428,171.40864975606368,166.51118981891418,data/tiles/test/Testfeld_Lidl_WHV/Testfeld_Lidl_WHV__iPhone14_HPC_Testfeld Lidl WHV (4)__x25_y304__t256.png
14.88518238067627,6.241634845733643,5.559965133666992,5.855294704437256,6.17446231842041,0.029828250408172607,143.66666666666666,191.0,223.66666666666666,29.917410814283258,19.430474967485537,2.027964630084646,0.49310524708621795,188.1588965038605,189.14501604927563,184.45991151210202,data/tiles/test/Testfeld_Lidl_WHV/Testfeld_Lidl_WHV__iPhone14_HPC_Testfeld Lidl WHV (4)__x281_y304__t256.png
15.109899520874023,6.056591033935547,5.18184232711792,5.597750186920166,5.955592632293701,0.030434461310505867,148.33333333333334,200.33333333333334,230.0,31.07564945412061,18.97484872219683,1.5901595225932799,0.6288677241445374,195.15348724264132,197.10053249614072,191.43553674570273,data/tiles/test/Testfeld_Lidl_WHV/Testfeld_Lidl_WHV__iPhone14_HPC_Testfeld Lidl WHV (4)__x537_y304__t256.png
15.041996002197266,6.951554775238037,6.508853912353516,7.166251182556152,7.970103740692139,0.029755085706710815,119.66666666666667,173.33333333333334,219.33333333333334,36.71141642663621,19.95566483007373,1.9283655388713647,0.5185738802329359,172.0266532474969,173.4944732686668,169.5480747540301,data/tiles/test/Testfeld_Lidl_WHV/Testfeld_Lidl_WHV__iPhone14_HPC_Testfeld Lidl WHV (4)__x793_y304__t256.png
13.512128829956055,5.968751430511475,5.357636451721191,5.605598449707031,6.068082332611084,0.02919434756040573,121.66666666666667,164.0,199.33333333333334,28.79442800751388,18.012704448888417,1.7142467897090399,0.5833465788025367,163.40743889110558,164.0744756518571,160.1836649723297,data/tiles/test/Testfeld_Lidl_WHV/Testfeld_Lidl_WHV__iPhone14_HPC_Testfeld Lidl WHV (4)__x25_y560__t256.png
14.456276893615723,6.759159088134766,6.332266330718994,6.907912254333496,7.69246244430542,0.029295481741428375,114.66666666666667,167.33333333333334,212.33333333333334,36.02059349130778,18.673116535446347,2.1213865455333285,0.4713898097004261,166.46714555896796,167.79287907969393,164.17680842572832,data/tiles/test/Testfeld_Lidl_WHV/Testfeld_Lidl_WHV__iPhone14_HPC_Testfeld Lidl WHV (4)__x281_y560__t256.png
14.880842208862305,7.194194316864014,7.138617038726807,7.54172420501709,7.629124641418457,0.031240567564964294,118.33333333333333,172.66666666666666,215.66666666666666,35.84860051431133,20.220766711831534,1.995917024674077,0.5010228319302477,170.64151205132652,172.36032599271718,167.6202358245188,data/tiles/test/Testfeld_Lidl_WHV/Testfeld_Lidl_WHV__iPhone14_HPC_Testfeld Lidl WHV (4)__x537_y560__t256.png
13.039292335510254,5.329844951629639,4.532793045043945,4.100674629211426,3.5285799503326416,0.041571687906980515,142.0,173.0,202.0,22.459808799433326,18.704630830884508,1.8831161412392767,0.5310346919664238,174.43639174004412,175.64777088869207,168.62567950120703,data/tiles/test/Testfeld_Lidl_WHV/Testfeld_Lidl_WHV__iPhone14_HPC_Testfeld Lidl WHV (4)__x793_y560__t256.png
17.869678497314453,5.706368446350098,3.121269702911377,1.7783918380737305,1.3386750221252441,0.13745301961898804,121.33333333333333,153.33333333333334,186.33333333333334,24.141701262221936,26.12463673643281,2.2405457147982712,0.4463198377945328,164.34696109577627,154.1818655278371,143.19198652847942,data/tiles/train/F827/F827__Motorola_Edge_F827_01__x38_y15__t256.png
25.028091430664062,7.805904865264893,4.3855390548706055,2.5431854724884033,1.4764227867126465,0.1403617560863495,102.0,149.0,190.0,32.44592149543429,37.083209726743306,2.033149692712681,0.4918476999427298,158.06658326383098,147.75253683625243,137.3327251876564,data/tiles/train/F827/F827__Motorola_Edge_F827_01__x294_y15__t256.png
27.974369049072266,8.650628089904785,4.834704875946045,2.8057546615600586,1.3914263248443604,0.13938938081264496,92.0,145.0,190.0,36.18578813731119,41.5062469397807,1.8323769510701957,0.545739237451089,153.3493770742472,143.37601431773558,133.36598842765548,data/tiles/train/F827/F827__Motorola_Edge_F827_01__x550_y15__t256.png
27.097299575805664,8.343994140625,4.52747106552124,2.629729986190796,1.57047438621521,0.13948693871498108,95.0,146.0,190.0,34.99528540627228,40.09972337229305,2.108431385204115,0.4742862428521434,154.63020065555574,144.5510830544042,134.467421654151,data/tiles/train/F827/F827__Motorola_Edge_F827_01__x806_y15__t256.png
20.711109161376953,6.494340896606445,3.6342530250549316,2.0039114952087402,1.2388250827789307,0.13132986426353455,115.0,156.0,188.0,26.923450591204844,30.82048163797549,2.1933689666654983,0.4559196447099663,163.9314256923451,153.93898328642413,143.72436498835955,data/tiles/train/F827/F827__Motorola_Edge_F827_01__x1062_y15__t256.png
18.385334014892578,6.254510879516602,3.801218032836914,2.3547563552856445,1.5020291805267334,0.1378292441368103,119.0,155.0,186.66666666666666,25.134666771250107,26.921343207462552,2.035168157919976,0.4913598889155383,164.64111879845635,154.15525153843478,143.40611201891318,data/tiles/train/F827/F827__Motorola_Edge_F827_01__x38_y271__t256.png
25.5032958984375,8.469401359558105,4.8158392906188965,2.9307730197906494,1.641094446182251,0.14178799092769623,96.0,146.0,188.0,33.934158013123906,37.49115425355598,2.1092154953580247,0.4741099248515889,154.23449187628293,143.99292001530807,133.81501582994122,data/tiles/train/F827/F827__Motorola_Edge_F827_01__x294_y271__t256.png
30.215049743652344,9.344788551330566,5.288280487060547,2.852890968322754,1.380026936531067,0.14304979145526886,83.0,140.0,189.0,39.07234350767429,44.345098186331704,2.2146227408126693,0.4515441757059913,148.06835768069675,138.13733994933898,128.30322009785212,data/tiles/train/F827/F827__Motorola_Edge_F827_01__x550_y271__t256.png
29.6214656829834,9.249789237976074,5.427333831787109,3.3155128955841064,1.9821289777755737,0.1429939568042755,83.0,140.0,188.33333333333334,38.75999746316298,43.28753364151818,1.971360654347275,0.5072638524030519,147.93873658291284,138.20978341916802,128.18946054205898,data/tiles/train/F827/F827__Motorola_Edge_F827_01__x806_y271__t256.png
23.086868286132812,7.390277862548828,4.05477237701416,2.4586377143859863,1.5817054510116577,0.13481350243091583,107.0,152.0,189.0,30.466686046074596,33.80932600064472,2.2696505201612864,0.4405964667762761,160.18049864573928,150.0508542259879,139.95030904923954,data/tiles/train/F827/F827__Motorola_Edge_F827_01__x1062_y271__t256.png
16.5579776763916,5.348204612731934,3.0093326568603516,1.8737437725067139,1.35909104347229,0.13611476123332977,124.0,155.33333333333334,185.33333333333334,22.785411608244097,24.299213747713793,2.425508666550395,0.4122846534381669,165.90696260789525,155.77979819031245,144.7442470345091,data/tiles/train/F827/F827__Motorola_Edge_F827_02__x37_y15__t256.png
22.818967819213867,7.245144844055176,4.092597961425781,2.3120131492614746,1.3575996160507202,0.13696326315402985,106.0,150.0,187.0,29.73220624282146,33.70354373179495,2.2506711768912093,0.4443119058294747,158.42693121509592,148.36166707135177,138.11510978528565,data/tiles/train/F827/F827__Motorola_Edge_F827_02__x293_y15__t256.png
26.27886390686035,7.966893672943115,4.1104536056518555,2.049170970916748,1.163089632987976,0.13781848549842834,98.0,147.0,189.0,33.48486804571414,38.993365328335145,1.528639556497346,0.6541764510473311,155.14168620300424,145.21500390726752,135.1353998437093,data/tiles/train/F827/F827__Motorola_Edge_F827_02__x549_y15__t256.png
24.8123779296875,7.64752197265625,4.090639114379883,2.4098434448242188,1.4130696058273315,0.13780958950519562,101.0,148.0,188.0,31.930583311474248,36.720153866541416,2.0059858955831196,0.4985079916074436,156.32617780166808,146.37192002913076,136.16627074266097,data/tiles/train/F827/F827__Motorola_Edge_F827_02__x805_y15__t256.png
16.014888763427734,5.467666149139404,3.4150006771087646,2.09576153755188,1.4609370231628418,0.13356608152389526,124.33333333333333,158.0,183.0,21.84866634234052,23.535743848030336,1.8291462449891094,0.546703142375559,166.40648144928545,156.19473903821412,145.56286727633088,data/tiles/train/F827/F827__Motorola_Edge_F827_02__x1061_y15__t256.png
15.388619422912598,5.099069595336914,2.9345078468322754,1.8146573305130005,1.4231442213058472,0.13183772563934326,128.0,158.0,184.0,21.06282000854154,22.162883766076458,1.8034812665723698,0.5544831646078383,167.41940915087136,157.3750086787475,146.69919461223355,data/tiles/train/F827/F827__Motorola_Edge_F827_02__x37_y271__t256.png
22.697629928588867,7.290318012237549,4.014003753662109,2.1553242206573486,1.4830631017684937,0.1377820372581482,104.0,147.0,185.0,29.722696562521122,33.26385577762898,1.9617085740719011,0.5097597131485788,156.31737224753888,146.30276202734197,136.16513027446342,data/tiles/train/F827/F827__Motorola_Edge_F827_02__x293_y271__t256.png
28.089414596557617,8.139947891235352,4.285915374755859,2.3605079650878906,1.5123571157455444,0.14227800071239471,90.0,140.66666666666666,186.0,35.43038673228079,41.17002673492662,1.6887048347555615,0.5921697974795869,149.59224193240735,139.68345211465433,129.7209072465276,data/tiles/train/F827/F827__Motorola_Edge_F827_02__x549_y271__t256.png
28.060359954833984,8.425797462463379,4.747198581695557,2.834594488143921,1.77952241897583,0.14214615523815155,89.0,141.0,187.0,36.055387748851224,40.985446299962554,2.1778117566937363,0.459176509138769,149.53327655432534,139.8190777466845,129.67872351519998,data/tiles/train/F827/F827__Motorola_Edge_F827_02__x805_y271__t256.png
20.464460372924805,6.495746612548828,3.625878095626831,2.149277448654175,1.478638768196106,0.13173162937164307,114.0,153.66666666666666,186.0,26.923141143096498,29.963093371377404,2.373332227096246,0.4213485110019732,161.9242240332929,152.05059823131612,141.9062424137333,data/tiles/train/F827/F827__Motorola_Edge_F827_02__x1061_y271__t256.png
4.637695789337158,2.5242207050323486,2.0623867511749268,1.6796183586120605,1.3654818534851074,0.2189359962940216,167.66666666666666,179.66666666666666,191.66666666666666,8.964441744620837,6.9107330688631015,2.024552785353985,0.4939362447026315,198.24735382844787,182.27384170052488,158.88240012555147,data/tiles/train/F827/F827__Samsung_A52_F827_01__x111_y211__t256.png
7.693151950836182,3.4345598220825195,2.475764036178589,1.8060685396194458,1.5611070394515991,0.23715993762016296,149.66666666666666,166.66666666666666,182.66666666666666,12.434286687224024,11.0399198747789,1.7764887676377248,0.5629081467988925,185.09135099475714,168.915419603486,145.59609041352732,data/tiles/train/F827/F827__Samsung_A52_F827_01__x367_y211__t256.png
10.007722854614258,3.538010835647583,2.3519906997680664,1.651587724685669,1.584008812904358,0.2573489844799042,142.0,160.66666666666666,179.0,13.952573022137885,13.72338837049789,1.6595324469160648,0.6025793601434644,179.86340658386172,163.40415182836793,138.53310171110917,data/tiles/train/F827/F827__Samsung_A52_F827_01__x623_y211__t256.png
11.338480949401855,4.167912483215332,2.7335293292999268,1.772913932800293,1.4479542970657349,0.26814451813697815,135.0,158.0,179.33333333333334,16.44843349231051,16.28747375848345,2.0385870717695758,0.4905358293732137,177.52813830249326,160.61914690296237,135.21803492311702,data/tiles/train/F827/F827__Samsung_A52_F827_01__x879_y211__t256.png
8.274629592895508,3.3721859455108643,2.316100835800171,1.7879971265792847,1.413599967956543,0.23863331973552704,156.0,174.66666666666666,191.66666666666666,13.358546831609225,12.378346267220342,2.206225200745274,0.453262885249518,193.59527251824628,177.16852758278318,152.0114093609016,data/tiles/train/F827/F827__Samsung_A52_F827_01__x1135_y211__t256.png
6.417485237121582,3.1468565464019775,2.259127378463745,1.5781445503234863,1.4164478778839111,0.23700422048568726,155.0,170.66666666666666,185.0,10.982663625080779,9.888524956509517,1.6741911163292555,0.5973033725041786,189.40411280641626,172.9143513283112,149.0085596478714,data/tiles/train/F827/F827__Samsung_A52_F827_01__x111_y467__t256.png
14.716897964477539,5.494906902313232,3.5868582725524902,2.177978277206421,1.252120018005371,0.2712342143058777,119.0,148.0,175.0,20.856890655315684,21.81693664498354,1.8896827831789587,0.5291893480225972,166.713417492924,150.1386896803209,126.61860772022435,data/tiles/train/F827/F827__Samsung_A52_F827_01__x367_y467__t256.png
17.93703269958496,5.772200584411621,3.5455827713012695,2.1500470638275146,1.2503747940063477,0.2842507064342499,106.66666666666667,138.66666666666666,170.66666666666666,23.705506331168053,26.10907823431217,1.6777724312241695,0.5960283894224917,157.61352782842755,141.0490231831206,118.1230007814535,data/tiles/train/F827/F827__Samsung_A52_F827_01__x623_y467__t256.png
16.504384994506836,5.384193420410156,3.19905161857605,1.708402156829834,1.065254807472229,0.28538239002227783,112.66666666666667,142.0,171.66666666666666,21.856027839472134,24.259970103868447,1.8844416858807505,0.5306611541723669,161.3777854971776,144.53283543204515,120.78711246200608,data/tiles/train/F827/F827__Samsung_A52_F827_01__x879_y467__t256.png
13.003665924072266,4.904567718505859,3.284541368484497,2.051288366317749,1.5105003118515015,0.2579592168331146,131.0,160.0,184.0,19.562228229165367,19.37267061209248,1.7470410298182766,0.5723964022207411,178.4916814282241,161.6163558056337,137.42990865200932,data/tiles/train/F827/F827__Samsung_A52_F827_01__x1135_y467__t256.png
5.862316131591797,2.8706369400024414,2.1220808029174805,1.433279275894165,1.2074360847473145,0.23042532801628113,161.66666666666666,176.0,189.0,10.237269427719877,9.009772181863786,2.111015221430439,0.4737057269167358,194.8582855155625,178.42808207268303,154.33268996696228,data/tiles/train/F827/F827__Samsung_A52_F827_01__x111_y723__t256.png
12.64680290222168,4.691999912261963,3.214482307434082,2.047701835632324,1.3481073379516602,0.25359585881233215,131.66666666666666,158.66666666666666,181.66666666666666,18.563354899837154,18.594424197995703,1.9822769033091743,0.5044703887386367,176.68745220716025,159.78731317344457,136.6899200556135,data/tiles/train/F827/F827__Samsung_A52_F827_01__x367_y723__t256.png
15.057732582092285,5.114339828491211,3.2234408855438232,1.9841865301132202,1.1452574729919434,0.27033644914627075,120.0,149.0,176.0,20.737747999104283,21.912260079799385,1.7554642404783325,0.569649883456195,167.7947171778608,150.57269962637935,127.60700321487532,data/tiles/train/F827/F827__Samsung_A52_F827_01__x623_y723__t256.png
14.9998140335083,5.216361045837402,3.2479779720306396,1.843674659729004,1.1859413385391235,0.26765039563179016,121.66666666666667,150.66666666666666,177.66666666666666,20.841299880811853,22.062414419921037,1.6411605922713333,0.6093248916097967,169.50486751002134,152.1866486195707,129.27140055876586,data/tiles/train/F827/F827__Samsung_A52_F827_01__x879_y723__t256.png
12.435224533081055,4.485730171203613,2.9109537601470947,1.9400124549865723,1.387584924697876,0.2418389916419983,138.66666666666666,165.66666666666666,188.0,18.175403226377252,18.339106480473333,1.8371907695858647,0.5443092881559696,183.58862661316937,166.50113768606812,143.77657929932434,data/tiles/train/F827/F827__Samsung_A52_F827_01__x1135_y723__t256.png
4.565101623535156,2.6893768310546875,2.2545006275177,1.6950262784957886,1.2291264533996582,0.22667774558067322,168.0,180.0,192.0,8.950727256281585,7.054573239858675,1.6634656409558046,0.601154586773078,199.17074404087256,182.86018936685906,158.34066853824828,data/tiles/train/F827/F827__Samsung_A52_F827_02__x125_y185__t256.png
8.051682472229004,3.7579169273376465,2.7291855812072754,1.9392099380493164,1.3176130056381226,0.23927946388721466,149.0,167.0,184.33333333333334,13.220357498553374,11.969946764630961,1.6708482473700015,0.5984983983877948,185.61696323069438,169.4664627788976,145.67644401195523,data/tiles/train/F827/F827__Samsung_A52_F827_02__x381_y185__t256.png
11.219101905822754,4.29103946685791,3.037105083465576,2.1010377407073975,1.4955037832260132,0.25641942024230957,137.0,159.0,180.0,16.131922742926943,15.974272442092117,1.963349662521934,0.5093336246155431,177.79670989642267,161.54829837235616,137.07555052659066,data/tiles/train/F827/F827__Samsung_A52_F827_02__x637_y185__t256.png
12.138362884521484,4.608397006988525,3.2114932537078857,2.051805257797241,1.4367048740386963,0.2569912075996399,135.0,159.0,182.33333333333334,17.712155411678257,17.65212796914074,2.0371791976260116,0.4908748337727634,178.25281795165262,161.66052786737419,137.36718343564667,data/tiles/train/F827/F827__Samsung_A52_F827_02__x893_y185__t256.png
10.261959075927734,4.449707984924316,3.52156925201416,2.513310432434082,1.6306577920913696,0.23783598840236664,148.0,172.0,194.0,16.928494472111947,15.40325145262948,1.9283949485215603,0.518565971543676,190.6165241374525,174.2429183507086,149.81390830716924,data/tiles/train/F827/F827__Samsung_A52_F827_02__x1149_y185__t256.png
6.192462921142578,3.393505573272705,2.5532593727111816,1.646492600440979,0.9996768236160278,0.24048703908920288,157.0,172.0,185.0,10.649767799024259,9.807036058730741,1.8533732794065527,0.5395567159143454,190.70470594389133,174.1665998291284,149.4736107962966,data/tiles/train/F827/F827__Samsung_A52_F827_02__x125_y441__t256.png
15.127816200256348,5.834471702575684,4.055306434631348,2.893038749694824,1.9331008195877075,0.26768893003463745,118.0,150.0,178.33333333333334,22.268824044533147,22.348190741103476,1.8187128774690964,0.5498394014736347,168.27421427331134,151.761260635527,128.27190484459106,data/tiles/train/F827/F827__Samsung_A52_F827_02__x381_y441__t256.png
19.183828353881836,6.328197956085205,3.976355791091919,2.2324254512786865,1.2336610555648804,0.2760365903377533,105.66666666666667,140.66666666666666,175.0,25.56288695004259,27.899675349794563,1.3404301669561784,0.7460291663464869,159.03710961208316,142.72786862503685,120.21024155929734,data/tiles/train/F827/F827__Samsung_A52_F827_02__x637_y441__t256.png
17.901355743408203,6.30949068069458,4.106177806854248,2.3774499893188477,1.2259243726730347,0.27917397022247314,109.66666666666667,143.33333333333334,176.0,24.59761320924064,26.280084587423634,1.6649337453376611,0.600624501005109,162.18119827182343,145.74752312043447,122.15817326878698,data/tiles/train/F827/F827__Samsung_A52_F827_02__x893_y441__t256.png
14.299688339233398,5.437376022338867,3.653907537460327,2.2589519023895264,1.314431071281433,0.2575888931751251,130.0,160.0,186.66666666666666,20.809121786019343,21.443871755518344,1.9738844489250673,0.5066152684593961,178.59484659594048,161.7560988314552,137.5599986109423,data/tiles/train/F827/F827__Samsung_A52_F827_02__x1149_y441__t256.png
6.596044063568115,3.309401512145996,2.4774107933044434,1.5425152778625488,1.090757966041565,0.23783309757709503,159.0,174.0,188.66666666666666,11.027943096636987,10.320603570092702,1.5031570854934868,0.6652664645968787,193.53018258816996,176.83967995001387,152.10924048875313,data/tiles/train/F827/F827__Samsung_A52_F827_02__x125_y697__t256.png
13.490729331970215,5.01129674911499,3.3961689472198486,2.1174800395965576,1.2796577215194702,0.2503288984298706,131.0,159.66666666666666,184.0,19.621331369720046,19.992708206823522,2.0141046264968856,0.4964985367911553,177.57514435832076,160.75191177235604,137.84216823596734,data/tiles/train/F827/F827__Samsung_A52_F827_02__x381_y697__t256.png
16.238740921020508,5.493817329406738,3.4176135063171387,2.108699321746826,1.3039522171020508,0.2655399441719055,119.66666666666667,150.66666666666666,179.66666666666666,22.168882853134075,23.528294541540276,1.4829881603082402,0.674314216906593,169.33071276097257,152.48029364294268,129.39313791846723,data/tiles/train/F827/F827__Samsung_A52_F827_02__x637_y697__t256.png
15.33173656463623,5.3876633644104,3.678729295730591,2.3960659503936768,1.469822645187378,0.2652677297592163,122.0,153.0,180.66666666666666,21.670336595757213,22.515038372358188,2.104052711953214,0.4752732639819131,171.52238028242405,154.4517742691887,131.10616087402082,data/tiles/train/F827/F827__Samsung_A52_F827_02__x893_y697__t256.png
13.145234107971191,4.784632205963135,3.28358793258667,2.130284547805786,1.2407690286636353,0.24714407324790955,139.0,165.66666666666666,189.66666666666666,18.706987459021775,19.480554348849555,1.6201086219884138,0.6172425641267598,184.36926533598077,167.50102762392447,143.55542202250322,data/tiles/train/F827/F827__Samsung_A52_F827_02__x1149_y697__t256.png
4.552881240844727,2.5647292137145996,2.1044301986694336,1.766202688217163,1.756899118423462,0.23967409133911133,169.66666666666666,182.33333333333334,195.0,9.338040716145075,6.643669051597006,1.805131962604489,0.5539761195947001,202.76668811183947,185.5912608022813,159.03474117994818,data/tiles/train/F827/F827__Samsung_A52_F827_03__x142_y163__t256.png
7.870067119598389,3.552271604537964,2.725062131881714,1.9474129676818848,1.585147500038147,0.26133209466934204,149.33333333333334,168.0,186.0,13.577011870296015,11.30292236307989,1.837643990490015,0.544175044336714,188.37423429989414,170.94893018897392,144.48697659083416,data/tiles/train/F827/F827__Samsung_A52_F827_03__x398_y163__t256.png
10.506611824035645,4.028422832489014,2.972658157348633,2.11521315574646,1.6506316661834717,0.2842720150947571,139.0,160.0,180.33333333333334,15.59764705933202,14.733485336472473,2.1371759606918186,0.46790719079410437,181.04789650747406,163.33624666181112,135.5688273852877,data/tiles/train/F827/F827__Samsung_A52_F827_03__x654_y163__t256.png
10.502167701721191,4.085991382598877,2.896939277648926,1.8360848426818848,1.3988571166992188,0.29071784019470215,140.33333333333334,160.66666666666666,181.33333333333334,15.465519150285479,15.285218712272156,1.8763537184699821,0.5329485534398177,182.77097155163432,164.35992913960195,135.95689325784153,data/tiles/train/F827/F827__Samsung_A52_F827_03__x910_y163__t256.png
9.335996627807617,3.998660087585449,2.9053971767425537,2.0667970180511475,1.5697786808013916,0.2591504752635956,152.33333333333334,174.0,194.0,15.316203280680066,13.925525873468352,2.014647655234197,0.49636471042563163,194.67716726868574,176.9511496248958,149.64754098360655,data/tiles/train/F827/F827__Samsung_A52_F827_03__x1166_y163__t256.png
6.522171497344971,3.446204423904419,2.6817002296447754,1.8283933401107788,1.4826058149337769,0.2662624418735504,155.66666666666666,172.0,186.66666666666666,11.528551811237573,9.823892813476059,1.6092367223286694,0.6214126151390179,193.00977787040415,174.9627642022265,147.2790600739853,data/tiles/train/F827/F827__Samsung_A52_F827_03__x142_y419__t256.png
13.664926528930664,4.79900598526001,3.1838669776916504,1.972104549407959,1.3604742288589478,0.29543986916542053,126.66666666666667,152.66666666666666,178.33333333333334,19.183119745526053,19.915413306180497,1.7122937590835652,0.5840119399461041,173.938883199389,155.48233844231137,128.81208449775215,data/tiles/train/F827/F827__Samsung_A52_F827_03__x398_y419__t256.png
17.291271209716797,5.795300483703613,3.7398853302001953,2.222522497177124,1.4120246171951294,0.31585660576820374,109.66666666666667,141.0,172.33333333333334,23.457652974736817,24.997044316867683,1.8421740581101094,0.5428368701630194,162.2724574285268,143.87908139353226,117.65206825322433,data/tiles/train/F827/F827__Samsung_A52_F827_03__x654_y419__t256.png
15.18134593963623,5.33039665222168,3.4501895904541016,2.1790289878845215,1.411532998085022,0.3150114417076111,116.66666666666667,146.0,173.66666666666666,21.19222137289699,21.955750267132665,1.8180997381674628,0.5500248303252829,167.3589836975373,148.6431668400971,121.42722858133888,data/tiles/train/F827/F827__Samsung_A52_F827_03__x910_y419__t256.png
12.253860473632812,4.862477779388428,3.502624988555908,2.5363011360168457,1.9870338439941406,0.2930682897567749,132.66666666666666,160.33333333333334,184.66666666666666,19.163013220752802,18.260521580167843,1.9968777142044538,0.5007817919378178,181.68305802332037,162.675197806774,134.8677470849528,data/tiles/train/F827/F827__Samsung_A52_F827_03__x1166_y419__t256.png
6.562129497528076,3.2694334983825684,2.439483165740967,1.5792685747146606,1.1352801322937012,0.26718905568122864,159.33333333333334,175.0,189.0,11.084869158142686,9.923233127114298,1.6597759324839885,0.6024909630442824,196.48722751157587,177.78556440004857,149.81076253403396,data/tiles/train/F827/F827__Samsung_A52_F827_03__x142_y675__t256.png
12.545523643493652,4.5452375411987305,3.0763704776763916,1.8953545093536377,1.2560133934020996,0.2845408320426941,135.33333333333334,160.0,183.33333333333334,17.867535926574607,18.27654590565096,1.8524446662741385,0.5398271906341587,181.31347069247073,162.30678225218026,135.83829609812028,data/tiles/train/F827/F827__Samsung_A52_F827_03__x398_y675__t256.png
13.607770919799805,4.733788013458252,3.0278637409210205,1.7222955226898193,0.9332236647605896,0.30030009150505066,126.66666666666667,152.33333333333334,177.33333333333334,18.78690516182417,19.719314623189018,1.3684980293191489,0.7307281257083849,173.96216497527973,154.92684534651747,128.2068522855408,data/tiles/train/F827/F827__Samsung_A52_F827_03__x654_y675__t256.png
12.75895881652832,4.7415924072265625,3.2261955738067627,1.8820182085037231,0.9774103760719299,0.29928040504455566,129.33333333333334,154.66666666666666,179.0,18.435481008234124,18.939028215842892,1.835256188705782,0.5448830556485944,176.60674897690228,157.2308039120483,130.30392938891586,data/tiles/train/F827/F827__Samsung_A52_F827_03__x910_y675__t256.png
10.9434814453125,4.234289169311523,2.883888006210327,1.9954382181167603,1.420146107673645,0.28012973070144653,143.33333333333334,166.66666666666666,188.66666666666666,16.78624637963568,16.150088980900556,2.038276163308417,0.4906106532575327,188.3571478128144,169.32804315398758,141.72402608665487,data/tiles/train/F827/F827__Samsung_A52_F827_03__x1166_y675__t256.png
16.7246150970459,6.884438991546631,4.362675189971924,2.8063666820526123,2.1033504009246826,0.1132270097732544,126.0,161.0,193.0,25.001160901870403,25.09548421057976,1.8595266229957639,0.5377712734163301,169.15231108870617,160.98856189267647,150.993185808403,data/tiles/train/G190/G190__Motorola_Edge_G190_01__x44_y15__t256.png
24.932518005371094,9.278312683105469,5.438076496124268,3.2083141803741455,2.1525306701660156,0.11745809018611908,101.0,153.0,196.0,35.124507288559215,37.84975279111657,1.9876705405316475,0.503101484681927,159.3913814999739,151.44183295349768,141.67448374245402,data/tiles/train/G190/G190__Motorola_Edge_G190_01__x300_y15__t256.png
23.078428268432617,9.431985855102539,5.458729267120361,3.167147636413574,1.92794668674469,0.11875628679990768,98.0,148.0,190.0,33.814888980543536,36.22226095714872,2.150949819127255,0.4649108924380898,154.80575165212565,146.8106429847536,137.42606629316774,data/tiles/train/G190/G190__Motorola_Edge_G190_01__x556_y15__t256.png
22.531862258911133,8.699848175048828,5.1334123611450195,3.0759999752044678,2.0929372310638428,0.11626023054122925,102.0,150.0,190.0,32.212904484528714,34.83706588222047,2.477506555808722,0.4036316261829524,156.54824515635326,148.66423179936695,139.32105464537898,data/tiles/train/G190/G190__Motorola_Edge_G190_01__x812_y15__t256.png
23.300992965698242,8.146288871765137,4.503808498382568,2.8051509857177734,2.2308719158172607,0.1137213259935379,111.0,158.0,197.0,31.963807649779483,35.569978499373526,1.8776639689389267,0.5325766572413395,164.8007340279348,156.6735662973335,147.04339809709344,data/tiles/train/G190/G190__Motorola_Edge_G190_01__x1068_y15__t256.png
15.014392852783203,6.097078323364258,3.7467026710510254,2.2178053855895996,1.5722590684890747,0.10879039764404297,133.0,164.0,193.0,22.336691099307487,22.970059499647206,2.2618985424723785,0.4421064787932289,171.97907462167333,164.24485997564793,154.19504261610714,data/tiles/train/G190/G190__Motorola_Edge_G190_01__x44_y271__t256.png
22.40599822998047,8.658171653747559,5.223543167114258,3.1421749591827393,2.3557350635528564,0.11576023697853088,104.0,152.0,192.0,32.42399245671935,34.103661069565774,1.7037474549009353,0.5869414490530495,158.58461378377442,150.80491484860048,141.19791196975478,data/tiles/train/G190/G190__Motorola_Edge_G190_01__x300_y271__t256.png
19.447513580322266,8.1404390335083,4.896712303161621,3.1004343032836914,1.740822672843933,0.11631312221288681,106.0,149.66666666666666,185.33333333333334,29.23614868120645,30.472172552720476,2.0944505001558458,0.4774522004342385,156.19419468164665,148.13146315588097,139.0057740134611,data/tiles/train/G190/G190__Motorola_Edge_G190_01__x556_y271__t256.png
20.3048038482666,8.731147766113281,5.203680038452148,2.9749350547790527,1.7693099975585938,0.1182774007320404,104.0,149.0,187.0,30.54973243688989,32.26694582461383,2.0093269667397777,0.4976790818781198,155.90208564686284,147.8190415047196,138.46859383675735,data/tiles/train/G190/G190__Motorola_Edge_G190_01__x812_y271__t256.png
21.762126922607422,7.804083824157715,4.464676856994629,2.901428461074829,2.324530839920044,0.11139519512653351,114.0,160.0,197.0,30.49250714131978,33.21111804403382,1.6527618743278842,0.6050478387315549,166.16529213209452,158.04447228311932,148.6296934265929,data/tiles/train/G190/G190__Motorola_Edge_G190_01__x1068_y271__t256.png
16.33369255065918,4.91480827331543,2.4348461627960205,1.5311055183410645,1.2296360731124878,0.11376353353261948,136.0,166.0,192.33333333333334,21.04683517305271,24.431538549697514,2.0731870066241784,0.4823491546130827,174.39129148465915,165.94559788378206,155.5853361410348,data/tiles/train/G190/G190__Motorola_Edge_G190_02__x133_y15__t256.png
21.34749984741211,6.464249134063721,3.3127286434173584,1.8115417957305908,1.4148900508880615,0.11786545068025589,120.0,159.0,193.0,27.24459549630265,32.00457208207734,2.3943260432706026,0.4176540629504324,167.04477171801275,158.68292048293088,148.41637177352206,data/tiles/train/G190/G190__Motorola_Edge_G190_02__x389_y15__t256.png
22.116222381591797,7.2215657234191895,3.7675530910491943,2.266324996948242,1.7270044088363647,0.1236705332994461,110.0,154.0,190.0,29.439434265087918,33.21895329500019,2.145874937392875,0.4660103823268225,161.35789107964908,153.09246938243726,142.536437071137,data/tiles/train/G190/G190__Motorola_Edge_G190_02__x645_y15__t256.png
22.157058715820312,7.459885597229004,4.041509628295898,2.6714699268341064,2.616635799407959,0.1253949999809265,109.0,156.0,191.0,30.29162662479997,33.1457323816745,2.0379802915869596,0.49068187956877035,162.18323008312075,153.62302392975516,143.00857237059017,data/tiles/train/G190/G190__Motorola_Edge_G190_02__x901_y15__t256.png
21.45088768005371,7.188413619995117,4.077518463134766,2.6610989570617676,2.3133528232574463,0.11452816426753998,116.0,161.0,196.0,29.549727154612224,32.082474171781065,1.7302899239751084,0.5779378277269479,167.66346086956523,159.46269565217392,149.4689391304348,data/tiles/train/G190/G190__Motorola_Edge_G190_02__x1157_y15__t256.png
19.668582916259766,6.141863822937012,3.17048978805542,1.9889718294143677,1.7584108114242554,0.11999203264713287,121.33333333333333,157.33333333333334,190.66666666666666,25.60404479412295,29.326115459397087,2.111276914423166,0.47364701104270623,166.0780278894866,157.57920300830418,147.2432582998207,data/tiles/train/G190/G190__Motorola_Edge_G190_02__x133_y271__t256.png
25.74315071105957,8.908248901367188,4.811086177825928,2.666301727294922,1.6597932577133179,0.13211590051651,94.0,143.33333333333334,189.0,34.84092702761085,38.934077189253856,1.7679688412410899,0.5656208280786293,151.79278232519422,143.64494311875694,132.92813540510545,data/tiles/train/G190/G190__Motorola_Edge_G190_02__x389_y271__t256.png
23.112445831298828,9.295083045959473,5.467686176300049,3.3989315032958984,2.395966053009033,0.13851696252822876,86.0,136.0,179.0,33.972691324341255,35.94274754878687,2.1839423231454864,0.4578875501435958,143.55055322396032,135.09437757968854,124.9171551455031,data/tiles/train/G190/G190__Motorola_Edge_G190_02__x645_y271__t256.png
24.837997436523438,9.065563201904297,5.121466636657715,2.973320484161377,2.0653202533721924,0.1345069259405136,90.0,138.33333333333334,183.66666666666666,34.56377739293607,37.81518103192568,1.7881315453904423,0.5592429721280086,146.83953366974075,138.38839394466677,128.2987993735862,data/tiles/train/G190/G190__Motorola_Edge_G190_02__x901_y271__t256.png
24.047889709472656,8.392415046691895,4.828569412231445,3.107983112335205,2.447014570236206,0.1256532073020935,99.0,148.0,190.0,33.49394285089895,35.70818064293758,1.746775955424371,0.5724832637492167,155.3619762763596,147.27384503329634,136.95017688679246,data/tiles/train/G190/G190__Motorola_Edge_G190_02__x1157_y271__t256.png
5.682777404785156,3.2712149620056152,2.6619513034820557,2.2716686725616455,1.9769774675369263,0.2159608155488968,159.33333333333334,176.66666666666666,191.33333333333334,11.945545321835802,8.601765836694602,1.651237134961142,0.6056065351410187,192.21503135150158,182.4489083424522,154.15083459260418,data/tiles/train/G190/G190__Samsung_A52_G190_01__x119_y207__t256.png
10.089170455932617,4.51032829284668,3.198551654815674,2.0718882083892822,1.4698141813278198,0.22543327510356903,144.0,165.33333333333334,188.0,16.44178169717312,14.910359781815492,2.1920947330032785,0.45618466435068267,181.6642145353994,171.9817568390115,144.2500999982609,data/tiles/train/G190/G190__Samsung_A52_G190_01__x375_y207__t256.png
13.304718017578125,4.731978893280029,3.0253615379333496,2.1195361614227295,1.5136349201202393,0.2320866584777832,134.66666666666666,157.66666666666666,184.0,18.64829005795483,18.65050906672139,1.639538457354726,0.6099277485771367,174.18514913439478,165.09036710004867,137.31504206354725,data/tiles/train/G190/G190__Samsung_A52_G190_01__x631_y207__t256.png
13.819938659667969,5.120914936065674,3.381747245788574,2.443979263305664,2.050464153289795,0.2342868447303772,131.0,158.33333333333334,186.33333333333334,20.751362066166543,19.917330745233695,2.063597029209031,0.48459073445327466,174.422806104752,165.0305411030177,137.20095386749912,data/tiles/train/G190/G190__Samsung_A52_G190_01__x887_y207__t256.png
12.316313743591309,4.970592021942139,3.438797950744629,2.5142130851745605,2.277244806289673,0.2121046930551529,145.0,172.66666666666666,199.0,19.985761839036208,18.232205868027105,2.1347235524333366,0.4684447308693045,187.66011177450707,178.52797833935017,151.0878922521522,data/tiles/train/G190/G190__Samsung_A52_G190_01__x1143_y207__t256.png
8.052345275878906,4.2522783279418945,3.025223731994629,1.965828776359558,1.3897727727890015,0.2168196737766266,153.66666666666666,172.66666666666666,190.33333333333334,13.578303165076496,12.691802615082231,1.743142028159817,0.5736767193064987,188.12674564024178,178.55436670603765,150.73165775029528,data/tiles/train/G190/G190__Samsung_A52_G190_01__x119_y463__t256.png
17.335115432739258,6.795546531677246,4.513172626495361,3.0158278942108154,2.306874990463257,0.2444448471069336,115.33333333333333,150.33333333333334,184.0,25.481334469900652,25.520649713063825,1.945461349728217,0.5140168938024398,165.62637458089398,156.12136268088878,128.90638083491132,data/tiles/train/G190/G190__Samsung_A52_G190_01__x375_y463__t256.png
21.31422996520996,7.639968395233154,4.816433429718018,2.778640031814575,1.6288493871688843,0.2531876564025879,100.33333333333333,139.33333333333334,179.66666666666666,29.43414830227144,30.87957286241449,2.172638261161907,0.4602699022087594,154.90762933800448,145.45834995404013,119.47567595691913,data/tiles/train/G190/G190__Samsung_A52_G190_01__x631_y463__t256.png
19.211341857910156,7.062162399291992,4.5938615798950195,3.1059136390686035,2.267179250717163,0.2562803328037262,104.33333333333333,140.0,178.0,27.437628563626188,27.849851299983918,2.2860574037172947,0.43743433492699163,156.15932044563218,146.72182695311145,120.03127060701766,data/tiles/train/G190/G190__Samsung_A52_G190_01__x887_y463__t256.png
16.769193649291992,6.6622748374938965,4.419708251953125,2.6800074577331543,1.6978874206542969,0.22947487235069275,125.0,161.0,192.66666666666666,24.97676205866831,25.00383738276037,1.9932036717897559,0.5017048754992864,175.4991676781689,166.03001560603434,138.7610889543957,data/tiles/train/G190/G190__Samsung_A52_G190_01__x1143_y463__t256.png
8.67902660369873,4.20222806930542,2.958753824234009,1.972405195236206,1.510756015777588,0.21329647302627563,156.0,175.66666666666666,194.33333333333334,14.3013644623828,13.483712150743685,1.7685997680553114,0.5654190496132225,191.3903912243552,181.66348456972264,153.92868052903808,data/tiles/train/G190/G190__Samsung_A52_G190_01__x119_y719__t256.png
16.77256202697754,6.441513538360596,4.2695112228393555,2.936251401901245,2.320603370666504,0.23760218918323517,122.0,156.33333333333334,188.66666666666666,24.745548441214552,24.559220588784758,2.212885325555791,0.45189869915597125,171.89599556025738,161.87083123775167,134.78710046651983,data/tiles/train/G190/G190__Samsung_A52_G190_01__x375_y719__t256.png
18.971973419189453,7.091022968292236,4.497908115386963,2.8331573009490967,1.7333334684371948,0.24798500537872314,112.33333333333333,149.33333333333334,185.33333333333334,27.03160451584525,27.6924624401763,2.1143277169467667,0.47296357702015474,165.0135610855805,155.06114627590392,127.97797624208792,data/tiles/train/G190/G190__Samsung_A52_G190_01__x631_y719__t256.png
18.37992286682129,7.134218215942383,4.660500526428223,2.984027862548828,2.042361259460449,0.24133172631263733,113.66666666666667,150.33333333333334,186.33333333333334,26.870988034156735,26.973229855242415,1.949524961633402,0.512945471168604,165.78861393864776,156.1066121005081,129.47848856364993,data/tiles/train/G190/G190__Samsung_A52_G190_01__x887_y719__t256.png
16.09882354736328,6.397257328033447,4.2191243171691895,2.6855404376983643,2.078645944595337,0.21760791540145874,131.33333333333334,165.66666666666666,197.0,24.15633893735282,23.98340061455424,2.1898968005893726,0.4566425229402899,180.3383437765782,170.78878030999948,144.39518858590944,data/tiles/train/G190/G190__Samsung_A52_G190_01__x1143_y719__t256.png
5.309753894805908,3.1437344551086426,2.6120691299438477,2.235806703567505,1.9924668073654175,0.20698516070842743,161.66666666666666,177.33333333333334,192.0,11.231384316277806,8.065298855166404,1.721770626828484,0.5807974560711425,192.33469423210562,183.57010076441975,155.66235232800557,data/tiles/train/G190/G190__Samsung_A52_G190_02__x136_y214__t256.png
8.625770568847656,3.8948917388916016,2.8344478607177734,2.3219716548919678,2.2213330268859863,0.22249266505241394,144.33333333333334,164.66666666666666,185.0,15.183602040060498,12.402653449876016,1.7029550555487187,0.587214557860298,180.14666227073175,171.0025855038262,143.46405455586597,data/tiles/train/G190/G190__Samsung_A52_G190_02__x392_y214__t256.png
13.025903701782227,4.973917484283447,3.358626127243042,2.353233575820923,2.182499647140503,0.24543000757694244,130.66666666666666,155.66666666666666,181.66666666666666,19.318196235117952,17.921683949687296,1.7945530233272988,0.5572418240091285,172.10353447677244,162.56412749114645,133.7800673564336,data/tiles/train/G190/G190__Samsung_A52_G190_02__x648_y214__t256.png
12.331512451171875,4.620057106018066,3.066901683807373,2.44692325592041,2.3108880519866943,0.24226219952106476,134.33333333333334,159.66666666666666,185.66666666666666,19.272597529892295,17.257070032364787,2.404998740416472,0.4158006335699081,176.22616196327536,166.4294317747926,137.45997778472005,data/tiles/train/G190/G190__Samsung_A52_G190_02__x904_y214__t256.png
11.753154754638672,5.016234874725342,3.5480806827545166,2.587191343307495,2.3934788703918457,0.21546074748039246,146.33333333333334,173.33333333333334,199.66666666666666,19.78048086042103,17.09186287947225,1.7835967043383338,0.5606648619430887,188.84785776235907,179.64386816999132,151.50310494362532,data/tiles/train/G190/G190__Samsung_A52_G190_02__x1160_y214__t256.png
7.439191818237305,4.3055925369262695,3.3620007038116455,2.7374141216278076,2.7200677394866943,0.22291646897792816,144.0,169.33333333333334,186.33333333333334,15.723724651369,11.243453923698228,1.5574366552372767,0.642080688570701,182.80343779842,173.45828630957547,145.51898602309228,data/tiles/train/G190/G190__Samsung_A52_G190_02__x136_y470__t256.png
15.78238582611084,6.190038681030273,4.269736289978027,3.152820348739624,2.7918896675109863,0.2514913082122803,113.33333333333333,145.66666666666666,178.33333333333334,24.164809822538906,22.81451640782383,1.869391317310084,0.5349334784751895,161.46009927453227,151.98979485577425,124.72892151758131,data/tiles/train/G190/G190__Samsung_A52_G190_02__x392_y470__t256.png
20.14589500427246,7.102414131164551,4.429904460906982,2.7698702812194824,1.9983634948730469,0.2641468346118927,100.33333333333333,135.0,175.0,27.852807620836167,28.981169783098423,2.1208498027491625,0.47150910861473777,151.90162227812962,142.42059512449032,115.79184523293138,data/tiles/train/G190/G190__Samsung_A52_G190_02__x648_y470__t256.png
18.106761932373047,6.654688358306885,4.212456703186035,2.7919411659240723,2.094489574432373,0.26438289880752563,107.33333333333333,141.33333333333334,177.0,25.82809989402362,26.308319397272633,2.2463148154803663,0.445173576343151,157.9637710133338,148.04956278358222,120.38634980790293,data/tiles/train/G190/G190__Samsung_A52_G190_02__x904_y470__t256.png
16.243459701538086,6.27565860748291,4.106673240661621,2.78262996673584,2.189059257507324,0.2378174364566803,122.66666666666667,157.0,190.0,24.856214964075342,23.8937190950057,1.8262395975239107,0.5475732764506039,172.53709203967136,162.8199676931895,135.23241797370295,data/tiles/train/G190/G190__Samsung_A52_G190_02__x1160_y470__t256.png
7.366274356842041,3.6838583946228027,2.624011516571045,1.9096235036849976,1.6462063789367676,0.20917581021785736,158.66666666666666,176.0,193.0,12.731695423688484,11.082578733724915,1.804218225680275,0.5542566779154184,191.46389299053243,182.15839485798662,154.6312863719274,data/tiles/train/G190/G190__Samsung_A52_G190_02__x136_y726__t256.png
14.234768867492676,5.806617736816406,4.171412944793701,3.597900152206421,4.040929794311523,0.2471364438533783,108.33333333333333,147.66666666666666,185.66666666666666,28.412669896556086,19.2501236573039,1.771685504285365,0.5644342619393753,163.0627151051625,153.12358769337737,126.58958804102207,data/tiles/train/G190/G190__Samsung_A52_G190_02__x392_y726__t256.png
16.599641799926758,5.97442626953125,3.8980352878570557,3.0229063034057617,2.696690082550049,0.25379812717437744,112.33333333333333,145.33333333333334,178.66666666666666,24.630239694238586,23.18247254595622,1.9432813861615752,0.514593515443087,161.2921833538563,151.29436861548066,124.32936748816317,data/tiles/train/G190/G190__Samsung_A52_G190_02__x648_y726__t256.png
16.74464988708496,6.014562129974365,3.7802510261535645,2.5781641006469727,1.8075544834136963,0.24771761894226074,118.66666666666667,150.33333333333334,182.66666666666666,23.860990947416205,24.253219268199217,2.1909194400898997,0.45642937923768073,166.6152096930982,156.4416747673934,129.2659700041661,data/tiles/train/G190/G190__Samsung_A52_G190_02__x904_y726__t256.png
14.9190673828125,5.747518062591553,3.7038817405700684,2.4811041355133057,2.146202564239502,0.22217103838920593,134.33333333333334,165.33333333333334,194.33333333333334,22.15998038058086,21.90649666841646,1.783683324952951,0.5606376345007191,180.49037960615428,170.65750355989303,143.8335359288716,data/tiles/train/G190/G190__Samsung_A52_G190_02__x1160_y726__t256.png
4.539642810821533,2.7461259365081787,2.1263997554779053,1.6418874263763428,1.431685447692871,0.1920854151248932,167.0,179.66666666666666,193.0,9.624503647541747,7.087747403204337,1.8160004866389012,0.550660645389377,194.39273720659116,185.69610760209497,159.82328478711003,data/tiles/train/G190/G190__Samsung_A52_G190_03__x78_y218__t256.png
6.2987799644470215,3.424272060394287,2.502542495727539,1.7050522565841675,1.4830272197723389,0.208956778049469,154.33333333333334,169.33333333333334,184.0,11.174684985745275,9.443120043686784,1.8719576144155505,0.534200129479007,184.1907494348809,175.35315597287428,148.78452443053382,data/tiles/train/G190/G190__Samsung_A52_G190_03__x334_y218__t256.png
10.679268836975098,4.519979000091553,3.0888419151306152,2.1746718883514404,1.8975855112075806,0.23549236357212067,137.0,158.33333333333334,180.66666666666666,16.61979857433259,15.156322167756048,1.8661745478430394,0.53585555603886,174.41373987547044,165.17560747177274,137.0170317567685,data/tiles/train/G190/G190__Samsung_A52_G190_03__x590_y218__t256.png
11.678044319152832,5.040089130401611,3.3807125091552734,2.440814733505249,2.140334129333496,0.24312222003936768,132.33333333333334,157.33333333333334,182.0,18.574841682911444,17.095666692389123,2.029165436889323,0.4928134403535788,173.42497615124446,163.6569421559275,135.15549388604632,data/tiles/train/G190/G190__Samsung_A52_G190_03__x846_y218__t256.png
9.767289161682129,4.58123779296875,3.301185131072998,2.508810520172119,2.3965578079223633,0.22127121686935425,149.33333333333334,174.0,195.66666666666666,17.23525048167494,14.85007464708894,1.723205301996008,0.5803139062082091,189.29773243810615,179.6322108294731,150.95324346362705,data/tiles/train/G190/G190__Samsung_A52_G190_03__x1102_y218__t256.png
6.401488780975342,3.7475571632385254,2.8078246116638184,1.9302412271499634,1.5883831977844238,0.2111702561378479,155.66666666666666,171.66666666666666,186.66666666666666,11.692208979659462,10.09272661976319,1.704000514181262,0.586854283010871,186.75717010577424,177.69344546558003,150.50920756025664,data/tiles/train/G190/G190__Samsung_A52_G190_03__x78_y474__t256.png
13.475245475769043,5.993798732757568,3.995725154876709,2.3656399250030518,1.4968305826187134,0.23547908663749695,123.66666666666667,153.0,180.33333333333334,21.019463003826722,20.48515127781446,1.639248906107622,0.6100354841013673,167.78635164224707,158.6596416915492,131.81834594819804,data/tiles/train/G190/G190__Samsung_A52_G190_03__x334_y474__t256.png
19.84046173095703,7.236355304718018,4.55856466293335,2.66031551361084,1.8068573474884033,0.2590649425983429,100.66666666666667,136.33333333333334,175.66666666666666,27.845707407586925,29.089722262685207,1.9138818391343406,0.5224982961603866,152.58260628241376,143.30541342167797,116.93344665498759,data/tiles/train/G190/G190__Samsung_A52_G190_03__x590_y474__t256.png
17.692626953125,6.5694580078125,4.206933975219727,2.7814671993255615,2.6463608741760254,0.260240763425827,106.66666666666667,141.33333333333334,177.33333333333334,26.08284343635453,25.89067310734622,1.9118518176977102,0.5230530895455171,157.59156471569582,147.9165160572779,120.62576463228139,data/tiles/train/G190/G190__Samsung_A52_G190_03__x846_y474__t256.png
15.044380187988281,6.18019437789917,4.112827777862549,2.9255833625793457,2.230767250061035,0.24207663536071777,124.0,155.0,186.33333333333334,23.16522184356818,22.700032386476853,1.5792797449081075,0.6332000414899175,170.98914024009437,161.38552147664979,133.40439594754008,data/tiles/train/G190/G190__Samsung_A52_G190_03__x1102_y474__t256.png
7.633249759674072,3.927635669708252,2.8778491020202637,2.1066997051239014,1.7698413133621216,0.2110685557126999,154.33333333333334,173.66666666666666,192.0,13.932187919139064,11.683268333601141,1.5099461028575196,0.6622752945337157,188.77586804953344,179.66842415623157,152.1496930174477,data/tiles/train/G190/G190__Samsung_A52_G190_03__x78_y730__t256.png
12.981797218322754,5.340018272399902,3.5339629650115967,2.2588820457458496,1.8366081714630127,0.22486348450183868,133.0,161.0,187.33333333333334,20.091691219681152,19.40006055610049,1.6505809237952647,0.6058473023550092,176.10823570250804,166.4787815673002,139.94062310162283,data/tiles/train/G190/G190__Samsung_A52_G190_03__x334_y730__t256.png
17.3018741607666,6.009441375732422,3.787029981613159,2.593745231628418,2.1913013458251953,0.24911658465862274,114.66666666666667,147.66666666666666,180.66666666666666,24.5489958483391,24.433990252076526,1.7222501685913985,0.5806357393582864,163.64823231447107,153.68559830690768,126.77039170107206,data/tiles/train/G190/G190__Samsung_A52_G190_03__x590_y730__t256.png
17.357532501220703,6.1314897537231445,3.8327770233154297,2.3959453105926514,1.6393245458602905,0.2506358325481415,117.66666666666667,151.0,183.66666666666666,24.512130545730603,25.080303650559667,1.6427981667271867,0.6087175042276914,167.05385522937053,157.03492608786175,129.18498854882364,data/tiles/train/G190/G190__Samsung_A52_G190_03__x846_y730__t256.png
14.920458793640137,5.921625137329102,3.96732759475708,2.8055169582366943,2.3255159854888916,0.2306373417377472,130.33333333333334,164.33333333333334,194.0,23.468415195469444,21.815191870595545,1.970194876968317,0.5075640037897028,179.09461054971004,169.29438830433725,141.43730249678785,data/tiles/train/G190/G190__Samsung_A52_G190_03__x1102_y730__t256.png
8.653266906738281,5.260661602020264,4.669322490692139,3.722891330718994,2.7232699394226074,0.13893526792526245,115.0,142.0,166.0,18.691504083780995,13.835409422643075,2.115279192332583,0.4727508329041281,151.07248844563367,141.98682975987768,131.41451506411371,data/tiles/train/H030/H030__Motorola_Edge_H030_01__x34_y15__t256.png
10.391921997070312,6.280359745025635,5.611897945404053,4.625981330871582,3.0397307872772217,0.14713114500045776,99.0,131.33333333333334,160.0,22.418377932170944,16.711201949070997,1.8178463133296812,0.5501015089489811,139.85194782608696,130.71090434782607,120.66469565217392,data/tiles/train/H030/H030__Motorola_Edge_H030_01__x290_y15__t256.png
13.487000465393066,6.430832386016846,5.00260066986084,3.6599228382110596,2.5660102367401123,0.15122359991073608,99.0,134.0,161.33333333333334,23.03649293318173,20.756179638187742,1.4520235659702247,0.6886940566503905,142.29960386406282,132.49400583779277,122.28379317534228,data/tiles/train/H030/H030__Motorola_Edge_H030_01__x546_y15__t256.png
16.582609176635742,7.236280918121338,5.366562366485596,3.0192103385925293,1.6170706748962402,0.15310047566890717,97.0,135.33333333333334,166.0,25.61370868430642,25.860203804988195,2.031909677453556,0.4921478602598256,143.70873365474662,133.87161388782908,123.2528181471333,data/tiles/train/H030/H030__Motorola_Edge_H030_01__x802_y15__t256.png
10.127474784851074,5.3388166427612305,4.434567928314209,3.010672092437744,1.85148024559021,0.14673691987991333,114.0,141.0,164.0,18.399597772440323,16.397794112072905,1.9747117966364593,0.5064030111651265,150.19754524434555,140.55492776551174,129.63540272248397,data/tiles/train/H030/H030__Motorola_Edge_H030_01__x1058_y15__t256.png
11.849300384521484,6.286478519439697,5.1302876472473145,4.107783317565918,3.113088369369507,0.14579351246356964,106.0,140.33333333333334,168.0,22.838693853864566,18.338154720106687,1.586854820325051,0.630177371736603,148.5027771991946,139.35249600777615,128.2795250989377,data/tiles/train/H030/H030__Motorola_Edge_H030_01__x34_y271__t256.png
14.427507400512695,7.612737655639648,6.551171779632568,5.429203510284424,3.7340147495269775,0.15026269853115082,85.0,130.33333333333334,162.0,28.07843806517375,21.722295669306202,1.991709982555781,0.5020811306658164,136.50952818574328,127.61374000797628,117.39995838463005,data/tiles/train/H030/H030__Motorola_Edge_H030_01__x290_y271__t256.png
18.26032066345215,7.728737831115723,6.150207042694092,4.9349188804626465,3.438427448272705,0.15262937545776367,81.33333333333333,130.0,163.33333333333334,30.128739598481335,26.655901980025988,1.9242938702239758,0.5196711455946208,136.2499826581576,126.64924389567148,116.9258289400666,data/tiles/train/H030/H030__Motorola_Edge_H030_01__x546_y271__t256.png
16.48357582092285,7.276895523071289,5.7954487800598145,4.27242374420166,2.866649866104126,0.15871886909008026,88.0,130.0,161.0,27.118335801623044,24.9585735349069,2.0955303362226783,0.47720616719992764,137.50466170113026,127.58716599822907,117.27504904769346,data/tiles/train/H030/H030__Motorola_Edge_H030_01__x802_y271__t256.png
9.028864860534668,5.205975532531738,4.742722511291504,3.688570499420166,2.6170032024383545,0.1547916829586029,108.0,136.33333333333334,159.0,18.801540515672343,14.458488915031111,2.087321325327547,0.47908292214811626,145.404308460818,135.44225899330488,124.49006140077012,data/tiles/train/H030/H030__Motorola_Edge_H030_01__x1058_y271__t256.png
6.79328727722168,3.7593231201171875,3.1073436737060547,2.1703579425811768,1.682748794555664,0.12964531779289246,141.0,158.0,177.0,13.310878855370365,10.304786560732788,1.6416796157821965,0.6091322511326541,168.79089457977653,158.92154209174822,148.22328058852105,data/tiles/train/H030/H030__Motorola_Edge_H030_02__x41_y14__t256.png
11.744168281555176,5.98201322555542,4.434540748596191,2.62518310546875,1.4145559072494507,0.13354907929897308,122.33333333333333,151.0,176.0,19.668698855604596,18.588927289491984,1.8597305112253266,0.5377123158242572,160.14197198743426,150.17942621101412,140.09124043251123,data/tiles/train/H030/H030__Motorola_Edge_H030_02__x297_y14__t256.png
13.554825782775879,6.686551094055176,4.8699235916137695,2.9887301921844482,1.7827095985412598,0.13962514698505402,113.0,146.33333333333334,174.33333333333334,22.54276247203191,21.258624477855836,1.8686014816807084,0.535159588496394,155.33830776705767,145.1211216769626,135.06810925244673,data/tiles/train/H030/H030__Motorola_Edge_H030_02__x553_y14__t256.png
13.160015106201172,6.639842987060547,5.00032901763916,3.2717349529266357,1.735621690750122,0.13934172689914703,115.0,148.0,176.0,22.26131436950745,20.719446077022393,2.1045100534936507,0.4751699799865161,157.18890221225865,146.97674782336688,136.71138105416819,data/tiles/train/H030/H030__Motorola_Edge_H030_02__x809_y14__t256.png
11.411483764648438,5.387904167175293,4.238108158111572,2.743587017059326,1.5320783853530884,0.13138429820537567,129.33333333333334,157.0,180.0,18.8310718870214,17.61922060339673,1.8641542939688842,0.5364362827880231,166.37494130128528,156.22752491434335,145.8587926326591,data/tiles/train/H030/H030__Motorola_Edge_H030_02__x1065_y14__t256.png
9.246262550354004,4.239247798919678,3.527804374694824,2.5689077377319336,1.5638556480407715,0.12943966686725616,138.0,158.0,180.0,15.594956255011454,13.557821007650553,1.8469025178380711,0.5414470933585439,168.9548955851924,159.09998087322424,148.3976108918294,data/tiles/train/H030/H030__Motorola_Edge_H030_02__x41_y270__t256.png
15.532209396362305,6.989809989929199,5.295942783355713,3.217564582824707,1.5696992874145508,0.13795174658298492,112.0,148.0,179.0,24.58202391476761,23.889943330093345,1.9539428258322797,0.5117857015975128,156.84472082101234,146.8380413985041,136.621829883458,data/tiles/train/H030/H030__Motorola_Edge_H030_02__x297_y270__t256.png
17.32939910888672,7.159273624420166,4.779610633850098,3.05288028717041,1.9428834915161133,0.1400000900030136,108.0,148.0,179.0,26.06529815914201,26.525251504892896,2.1927976931775404,0.45603842210857104,155.82441939238132,145.61336830585907,135.43691917525058,data/tiles/train/H030/H030__Motorola_Edge_H030_02__x553_y270__t256.png
17.200103759765625,7.049750328063965,4.807862281799316,3.003178596496582,1.701913595199585,0.13607856631278992,112.0,150.0,181.0,25.600728894502975,26.259210764387138,1.734345852337499,0.5765862666043396,158.49448235048388,148.36252871962682,138.30226972081041,data/tiles/train/H030/H030__Motorola_Edge_H030_02__x809_y270__t256.png
15.209623336791992,5.899690628051758,4.21848201751709,2.713284730911255,1.5138756036758423,0.12991179525852203,124.0,158.0,184.0,22.318735128117954,22.343195694724294,2.2300946010583775,0.4484114707624562,166.47014019015893,156.36801651745438,146.1606461239503,data/tiles/train/H030/H030__Motorola_Edge_H030_02__x1065_y270__t256.png
7.28629207611084,3.3411765098571777,2.6727635860443115,2.0850346088409424,1.5880416631698608,0.1273876279592514,146.33333333333334,164.0,178.0,12.07083047128735,10.720680417552105,1.963423982622828,0.5093143451696847,173.26576435340021,163.23900850055742,152.5164959587514,data/tiles/train/H030/H030__Motorola_Edge_H030_03__x144_y15__t256.png
14.42499828338623,5.629124641418457,4.005199432373047,2.600348949432373,1.6460340023040771,0.1300264596939087,125.0,156.0,181.0,21.001126721649786,21.23516692261541,1.7025309260308759,0.5873608430310914,164.80742737867456,154.8021568968516,144.68394503391895,data/tiles/train/H030/H030__Motorola_Edge_H030_03__x400_y15__t256.png
19.41859245300293,7.194070816040039,4.681285381317139,2.7877068519592285,1.6173135042190552,0.1321340650320053,111.0,154.0,185.0,27.30453499950592,28.763090775198222,2.1152985155465536,0.47274651433375525,161.02261420171868,151.1405559614515,141.06051908290715,data/tiles/train/H030/H030__Motorola_Edge_H030_03__x656_y15__t256.png
17.299951553344727,6.55309534072876,4.51907205581665,2.836902379989624,1.576532006263733,0.1321033239364624,115.0,154.0,182.0,25.07827357160964,25.880951249375958,2.165939560853735,0.4616933999791925,161.6361397728258,151.6635047255701,141.60468221624902,data/tiles/train/H030/H030__Motorola_Edge_H030_03__x912_y15__t256.png
13.974448204040527,5.420059680938721,3.706186532974243,2.582350254058838,1.9167678356170654,0.12130589038133621,131.0,162.0,187.0,20.819329424604092,20.87472576075899,2.0520596097552715,0.4873152783896273,170.5212257178136,160.84930696857447,151.0157910297212,data/tiles/train/H030/H030__Motorola_Edge_H030_03__x1168_y15__t256.png
10.0822172164917,4.144052982330322,3.087050676345825,1.9756860733032227,1.3472230434417725,0.1326352059841156,133.0,156.0,175.0,15.57994030449673,14.981907527706523,2.187016243197688,0.4572439748037154,165.25063743430525,155.12037534907117,144.68950444903126,data/tiles/train/H030/H030__Motorola_Edge_H030_03__x144_y271__t256.png
21.7806396484375,7.817495822906494,5.286349296569824,3.3788928985595703,1.8166621923446655,0.14197838306427002,99.0,142.0,181.0,30.385220694840015,32.020835611610956,2.4980392314411515,0.40031396921780404,151.02361754148677,141.12292566196743,130.9978324576462,data/tiles/train/H030/H030__Motorola_Edge_H030_03__x400_y271__t256.png
27.413206100463867,9.382088661193848,6.041789531707764,3.7301201820373535,1.764508605003357,0.14609427750110626,83.0,136.66666666666666,184.33333333333334,37.30203503471654,40.455162655086355,2.229089732547641,0.4486136136193556,145.35575971240513,135.4887549712579,125.5644222920755,data/tiles/train/H030/H030__Motorola_Edge_H030_03__x656_y271__t256.png
24.67768669128418,9.073404312133789,6.181797027587891,3.964430570602417,2.123978853225708,0.1484537273645401,85.33333333333333,136.0,181.0,35.08880676478463,36.27229497668882,2.0151180360071868,0.4962488460385323,144.88254387030705,134.93834724801695,124.85721972471491,data/tiles/train/H030/H030__Motorola_Edge_H030_03__x912_y271__t256.png
17.40608787536621,6.99973726272583,4.814750671386719,3.1567840576171875,1.8468282222747803,0.1369524747133255,111.0,148.33333333333334,181.0,25.83613547692609,26.006260005163245,1.8676731956538575,0.5354255778404037,157.66756488934476,147.63441178004555,137.4553293579736,data/tiles/train/H030/H030__Motorola_Edge_H030_03__x1168_y271__t256.png
11.72297191619873,4.089399814605713,2.625312328338623,1.6441318988800049,1.165123462677002,0.11829306185245514,144.0,167.0,186.33333333333334,16.28552799201059,16.78780479356866,2.0838716429089637,0.47987600551253634,176.08173176992992,166.30165475612296,156.4136543398321,data/tiles/train/H030/H030__Motorola_Edge_H030_04__x133_y15__t256.png
18.98290252685547,5.7593865394592285,3.4654173851013184,2.3178422451019287,1.5132238864898682,0.11822140216827393,124.66666666666667,159.0,190.0,24.55549155103145,27.284004795845135,2.0323579690576747,0.4920393037175735,168.04927159209157,158.6169441553937,149.29308012486993,data/tiles/train/H030/H030__Motorola_Edge_H030_04__x389_y15__t256.png
22.083629608154297,6.5640645027160645,3.805971622467041,2.274837017059326,1.357729434967041,0.12220540642738342,116.0,156.33333333333334,192.0,28.10786647787723,32.02845637269771,2.085747212333675,0.4794444859313188,164.96452805303437,155.46642833590752,145.96579490828316,data/tiles/train/H030/H030__Motorola_Edge_H030_04__x645_y15__t256.png
21.710628509521484,6.667871952056885,4.083593368530273,2.596499443054199,1.5944544076919556,0.12445078045129776,115.33333333333333,156.0,191.33333333333334,28.164329214891886,31.883774923983108,2.0196653032065934,0.49513154402975307,164.6285451133046,155.1512755456694,145.33395314889475,data/tiles/train/H030/H030__Motorola_Edge_H030_04__x901_y15__t256.png
18.89183235168457,5.87647008895874,3.3666117191314697,2.2081429958343506,1.8223464488983154,0.1129981279373169,131.0,168.0,198.0,24.969711888537113,27.68887993461955,2.157636662443796,0.463470063058427,175.70265016747948,166.5580971554522,156.90119578611223,data/tiles/train/H030/H030__Motorola_Edge_H030_04__x1157_y15__t256.png
16.51892852783203,5.559623718261719,3.5766680240631104,2.181729316711426,1.238935947418213,0.12414778023958206,127.0,158.0,186.66666666666666,22.20511156608595,23.970607483209434,2.1000052656008528,0.47618928217967127,167.66590230004863,157.88748175943297,148.06629143214508,data/tiles/train/H030/H030__Motorola_Edge_H030_04__x133_y271__t256.png
26.94869041442871,7.833135604858398,4.528388500213623,2.7771825790405273,1.7098592519760132,0.1261252760887146,98.0,149.0,191.33333333333334,34.37741907824453,38.79342315811476,2.2213001245130113,0.4501868022986024,156.5505101332593,147.32910535813437,137.9741983620211,data/tiles/train/H030/H030__Motorola_Edge_H030_04__x389_y271__t256.png
28.789352416992188,8.447464942932129,5.102663516998291,3.3325908184051514,2.2707598209381104,0.12974391877651215,86.66666666666667,143.33333333333334,188.33333333333334,37.282700726649445,41.11229675856672,2.039426355432195,0.49033395951582676,149.81925493872166,140.25424434954692,131.58344616880186,data/tiles/train/H030/H030__Motorola_Edge_H030_04__x645_y271__t256.png
29.17510223388672,9.148428916931152,5.366065979003906,3.214155435562134,1.9033653736114502,0.1345311850309372,85.33333333333333,142.33333333333334,190.0,38.15920002135614,42.446708582327155,2.0963254142264405,0.47702517615520457,149.7640500095372,140.00601709757407,130.8996514591895,data/tiles/train/H030/H030__Motorola_Edge_H030_04__x901_y271__t256.png
24.958166122436523,8.709686279296875,5.650443077087402,3.6637609004974365,1.9828766584396362,0.12964047491550446,99.0,150.0,193.0,34.56671386813092,36.98282236912005,2.0985175201244903,0.4765268769072164,157.9431520058377,148.63589137724344,138.70104418228885,data/tiles/train/H030/H030__Motorola_Edge_H030_04__x1157_y271__t256.png
3.98506498336792,2.569333076477051,2.214254140853882,1.7125709056854248,1.4971529245376587,0.21816179156303406,166.0,179.33333333333334,191.0,9.324528398129257,6.223349026800686,1.6627501985424853,0.601413249492659,197.53184242992927,181.12676154233785,158.47142435142226,data/tiles/train/H030/H030__Samsung_A52_H030_01__x104_y204__t256.png
7.009922981262207,3.4675159454345703,2.7226622104644775,1.9954948425292969,1.385114073753357,0.22369901835918427,151.66666666666666,168.33333333333334,184.0,12.185786948199796,10.19757334067349,2.2560738106130374,0.44324790939719855,186.07605594600236,170.10261985943916,148.4479507341173,data/tiles/train/H030/H030__Samsung_A52_H030_01__x360_y204__t256.png
11.013336181640625,4.276337623596191,3.1515462398529053,2.250185966491699,1.518507957458496,0.23277094960212708,140.0,161.66666666666666,183.0,16.17168515544866,15.557257455680531,1.8064830195497423,0.5535618044443316,179.58403179065368,163.96978846721154,141.9162545334652,data/tiles/train/H030/H030__Samsung_A52_H030_01__x616_y204__t256.png
11.799684524536133,4.587858200073242,3.3666012287139893,2.357923984527588,1.6345573663711548,0.23378509283065796,138.66666666666666,163.0,185.66666666666666,17.553002487177054,17.018599687161984,1.6424482948884356,0.6088471723050044,180.81851195440646,164.91896024464833,142.75137267167085,data/tiles/train/H030/H030__Samsung_A52_H030_01__x872_y204__t256.png
11.012553215026855,4.551321029663086,3.363340139389038,2.2087242603302,1.4214470386505127,0.21384184062480927,154.0,178.0,200.0,17.06078238644032,16.263118774625706,1.939158065670797,0.5156877191721234,195.57760491726424,179.78987029673746,157.58819648221137,data/tiles/train/H030/H030__Samsung_A52_H030_01__x1128_y204__t256.png
5.793628215789795,3.455418825149536,2.902282238006592,1.957963228225708,1.1355599164962769,0.22980408370494843,155.0,170.0,184.0,10.80357644350146,8.968913077287368,1.3022115603672577,0.7679243760652638,188.21174837310195,172.09993926247287,149.18370498915402,data/tiles/train/H030/H030__Samsung_A52_H030_01__x104_y460__t256.png
13.61116886138916,5.5976176261901855,4.162614345550537,2.6813199520111084,1.4248738288879395,0.24870744347572327,124.66666666666667,153.33333333333334,180.0,20.49539738781634,20.274685276057987,1.9569620237742147,0.5109961194195229,170.91922823104443,154.87233857802786,132.89312632419853,data/tiles/train/H030/H030__Samsung_A52_H030_01__x360_y460__t256.png
17.919971466064453,6.126876354217529,4.396320819854736,2.842864751815796,1.7693921327590942,0.2530982494354248,109.66666666666667,145.0,177.0,24.816500196206785,25.71562345588808,1.8068606531053715,0.5534461101255065,161.86950329975687,146.10536644668286,125.3145710316082,data/tiles/train/H030/H030__Samsung_A52_H030_01__x616_y460__t256.png
17.470853805541992,6.3951416015625,4.534234523773193,2.887380838394165,1.6155860424041748,0.26094958186149597,110.66666666666667,144.0,177.33333333333334,24.735145249338384,25.70244599987247,1.7224573504711613,0.5805658989039466,162.21973499123004,146.12719031658648,124.56379487001372,data/tiles/train/H030/H030__Samsung_A52_H030_01__x872_y460__t256.png
15.468764305114746,5.736366271972656,3.9799578189849854,2.42521071434021,1.3488621711730957,0.2387588918209076,129.0,161.0,190.33333333333334,22.59725223134181,23.042053966836953,2.189314355637735,0.456764008067131,178.90575470879264,162.77413418974047,140.53122124815553,data/tiles/train/H030/H030__Samsung_A52_H030_01__x1128_y460__t256.png
5.704935550689697,3.118044376373291,2.6152782440185547,1.9730801582336426,1.3826254606246948,0.22580119967460632,158.66666666666666,173.0,187.66666666666666,10.957887782195522,8.903927518542718,1.772359856035135,0.5642195046309919,191.63967358277628,175.73166073443875,152.5097491101658,data/tiles/train/H030/H030__Samsung_A52_H030_01__x104_y716__t256.png
12.554292678833008,5.216422080993652,4.025121688842773,2.7063989639282227,1.3659759759902954,0.2383907437324524,131.66666666666666,159.66666666666666,184.33333333333334,19.396198824485378,18.630363962534396,1.7319646342399801,0.5773789950617667,177.17938792160675,160.95186348881214,139.24533476834412,data/tiles/train/H030/H030__Samsung_A52_H030_01__x360_y716__t256.png
15.279951095581055,5.598330974578857,4.087063312530518,2.5928893089294434,1.2495213747024536,0.2495199590921402,121.66666666666667,152.33333333333334,180.66666666666666,21.885244349323152,22.222405439908837,2.168098881290113,0.4612335759358709,169.98986849866418,153.67707574338155,132.08358488602062,data/tiles/train/H030/H030__Samsung_A52_H030_01__x616_y716__t256.png
14.905902862548828,5.391130447387695,3.811912775039673,2.399675130844116,1.506005883216858,0.24685479700565338,124.66666666666667,154.66666666666666,182.66666666666666,21.5520390992843,21.78863998981774,1.4422042087924272,0.6933830825783753,172.50062521708927,156.20708579367837,134.3943209447725,data/tiles/train/H030/H030__Samsung_A52_H030_01__x872_y716__t256.png
13.198846817016602,4.743013858795166,3.1301558017730713,1.992769479751587,1.5860466957092285,0.2191719263792038,143.0,171.0,196.0,19.4896205618013,19.392457927971783,1.8526990472977207,0.5397530707745348,188.24404689535388,172.13617021276596,150.89188015631785,data/tiles/train/H030/H030__Samsung_A52_H030_01__x1128_y716__t256.png
4.122011661529541,2.7321531772613525,2.455099105834961,1.9792859554290771,1.4807244539260864,0.2219657301902771,165.66666666666666,178.66666666666666,190.66666666666666,9.3960778042055,6.527378721500823,1.155374374078192,0.8655203217553128,196.99182121275265,181.18845940126414,157.3703028408696,data/tiles/train/H030/H030__Samsung_A52_H030_02__x105_y189__t256.png
6.968136787414551,3.860490322113037,3.2561511993408203,2.297060489654541,1.5378895998001099,0.2275199443101883,149.33333333333334,167.0,184.33333333333334,13.071170138018589,10.617100309445583,1.9557510153803908,0.5113125301410115,184.99110045019208,169.43696441918271,146.96542733482818,data/tiles/train/H030/H030__Samsung_A52_H030_02__x361_y189__t256.png
10.992526054382324,4.732274532318115,3.763906478881836,2.4499809741973877,1.5171656608581543,0.2333488017320633,138.0,161.33333333333334,183.66666666666666,17.100128906381297,15.853312215564358,1.9530734158465646,0.5120135228334709,178.99148367849585,163.63735386963612,141.346463385021,data/tiles/train/H030/H030__Samsung_A52_H030_02__x617_y189__t256.png
11.57003402709961,4.866455078125,3.7034480571746826,2.4744210243225098,1.6016205549240112,0.2362864762544632,137.66666666666666,163.0,185.66666666666666,17.96410731329621,16.722075667947564,1.755048842729735,0.5697847123414747,180.6227451252998,164.77901359007333,142.21685030064995,data/tiles/train/H030/H030__Samsung_A52_H030_02__x873_y189__t256.png
9.774189949035645,4.155718803405762,3.157644748687744,2.3614888191223145,1.8323371410369873,0.21211867034435272,155.0,177.66666666666666,199.0,16.364963232633535,14.454010372711682,1.865234866646936,0.5361255131358675,195.20276457733533,179.6961566478199,157.55496201741303,data/tiles/train/H030/H030__Samsung_A52_H030_02__x1129_y189__t256.png
5.600445747375488,3.428694009780884,2.8887381553649902,1.9393587112426758,1.4145026206970215,0.22973483800888062,155.33333333333334,171.66666666666666,185.66666666666666,11.297138830706949,8.913805708117422,1.6363263925085976,0.6111250203982429,189.55516601003177,173.55787354426644,150.24322682541612,data/tiles/train/H030/H030__Samsung_A52_H030_02__x105_y445__t256.png
13.081543922424316,5.6851806640625,4.433389663696289,2.9430205821990967,1.6721299886703491,0.252658873796463,124.0,153.66666666666666,179.66666666666666,20.62216184649953,19.638241543674223,1.5962393611934707,0.6264724604036349,171.1582100437591,155.24930541084947,132.5084739876363,data/tiles/train/H030/H030__Samsung_A52_H030_02__x361_y445__t256.png
17.878625869750977,6.400915145874023,4.663917541503906,3.1476080417633057,1.718224287033081,0.26154986023902893,108.66666666666667,142.0,177.0,25.307923548271532,25.806633322763116,2.0404268612572163,0.4900935284609253,160.4987329908359,144.59873993335185,123.16169119688975,data/tiles/train/H030/H030__Samsung_A52_H030_02__x617_y445__t256.png
17.331880569458008,6.460273265838623,4.805126667022705,3.268308639526367,1.8035426139831543,0.267051100730896,108.66666666666667,142.33333333333334,176.66666666666666,25.10263192662525,25.36511938281191,1.5394720544346567,0.649573337248549,160.82748436414175,144.7299339819319,122.70484711605282,data/tiles/train/H030/H030__Samsung_A52_H030_02__x873_y445__t256.png
14.999213218688965,5.729550838470459,4.14010763168335,2.7740402221679688,1.6255744695663452,0.23899278044700623,130.0,161.66666666666666,190.33333333333334,22.277267279885404,22.362502048886554,1.8342834387927065,0.5451720158680508,179.1923437337313,163.07668413563323,140.7157185992434,data/tiles/train/H030/H030__Samsung_A52_H030_02__x1129_y445__t256.png
6.136962890625,3.3844010829925537,2.772632598876953,1.9001672267913818,1.2523930072784424,0.22730527818202972,157.66666666666666,173.0,188.0,11.381404988956788,9.752481640869199,1.6267353568463265,0.6147281398854278,191.6203428690532,175.61561843225124,152.25902766921996,data/tiles/train/H030/H030__Samsung_A52_H030_02__x105_y701__t256.png
12.582574844360352,5.2437896728515625,4.061464786529541,2.8574845790863037,1.5967093706130981,0.23925143480300903,132.66666666666666,160.33333333333334,185.66666666666666,19.669098371439848,18.761971083809133,1.7887753626556102,0.5590416890108567,177.95468598026955,161.76095942753926,139.71950118104766,data/tiles/train/H030/H030__Samsung_A52_H030_02__x361_y701__t256.png
15.562689781188965,5.756263732910156,4.332853317260742,2.980630397796631,1.849902868270874,0.2544478476047516,119.66666666666667,151.66666666666666,181.66666666666666,22.90419300005769,22.508255219702566,1.8647211784906967,0.5362732034873969,169.63175974600532,153.42764447682993,131.11087978625582,data/tiles/train/H030/H030__Samsung_A52_H030_02__x617_y701__t256.png
15.498771667480469,5.870965480804443,4.445580005645752,3.0581119060516357,1.8173915147781372,0.25198283791542053,120.66666666666667,153.66666666666666,183.66666666666666,23.280867627765566,22.82682074798208,2.19421352461996,0.45574416016472286,171.1226878788405,154.85468155687167,132.60444274623546,data/tiles/train/H030/H030__Samsung_A52_H030_02__x873_y701__t256.png
14.181669235229492,5.505218982696533,4.249568939208984,3.1638123989105225,1.9015520811080933,0.22769348323345184,136.0,166.66666666666666,194.33333333333334,21.584708354977536,21.06225600667072,2.3020551798224154,0.43439445273294525,183.98330727809622,167.68890046899426,146.19617856522495,data/tiles/train/H030/H030__Samsung_A52_H030_02__x1129_y701__t256.png
4.182628154754639,2.7209713459014893,2.3569765090942383,1.7057205438613892,1.2639236450195312,0.21809066832065582,162.33333333333334,176.66666666666666,188.66666666666666,9.725945670537701,6.583276254389153,1.375133188548846,0.7272022872601035,194.3302532393094,178.13160454371766,155.9187306770417,data/tiles/train/H030/H030__Samsung_A52_H030_03__x111_y212__t256.png
6.7652907371521,3.3748281002044678,2.793412208557129,2.1139543056488037,1.4064027070999146,0.22500744462013245,149.66666666666666,165.0,181.0,11.844398858600854,9.83116621580177,1.675484271046367,0.5968423680727745,183.12710905260226,167.22580139645837,145.90642684264597,data/tiles/train/H030/H030__Samsung_A52_H030_03__x367_y212__t256.png
11.027093887329102,4.096061706542969,3.0719897747039795,2.0221757888793945,1.2560935020446777,0.23473452031612396,138.33333333333334,159.0,180.66666666666666,15.820964129056012,15.451674413435914,1.5631578724405526,0.6397306488555143,177.1021847104998,161.44354138446042,139.68323434406585,data/tiles/train/H030/H030__Samsung_A52_H030_03__x623_y212__t256.png
11.613349914550781,4.486928939819336,3.4217374324798584,2.4063329696655273,1.5592657327651978,0.24207866191864014,135.66666666666666,158.66666666666666,182.0,17.264876609596406,16.76586471841795,1.6895478250642009,0.5918743377163657,177.06231999722405,160.99784864152122,138.59929213366183,data/tiles/train/H030/H030__Samsung_A52_H030_03__x879_y212__t256.png
9.972089767456055,4.057069301605225,2.9347798824310303,2.1694929599761963,1.8725132942199707,0.2108539491891861,153.66666666666666,177.33333333333334,198.0,16.532644526618757,14.628720139946447,1.8975216699885558,0.5270032041352293,194.4327682243315,178.71981120616357,157.15993683735618,data/tiles/train/H030/H030__Samsung_A52_H030_03__x1135_y212__t256.png
5.9294304847717285,3.508004903793335,3.0273244380950928,2.1079890727996826,1.3556729555130005,0.22597761452198029,153.33333333333334,169.0,183.66666666666666,11.35304343087895,9.239743874760874,1.497144939022946,0.6679380024839889,187.06218875258108,171.0120247783311,148.87574395724522,data/tiles/train/H030/H030__Samsung_A52_H030_03__x111_y468__t256.png
13.99599552154541,5.171396732330322,3.652247905731201,2.438993215560913,1.4648391008377075,0.24176733195781708,124.0,153.66666666666666,178.0,20.079476912266646,20.51439859622416,2.050771807718556,0.487621292742697,170.12476147521076,154.13621066509384,133.25403323734517,data/tiles/train/H030/H030__Samsung_A52_H030_03__x367_y468__t256.png
17.554439544677734,5.73960018157959,3.970886707305908,2.7022199630737305,1.7892301082611084,0.25164902210235596,108.0,143.0,172.66666666666666,23.93252871367038,24.89606465544578,1.8259898807959722,0.5476481608781355,159.00202955870108,143.34844227033028,123.29740840965862,data/tiles/train/H030/H030__Samsung_A52_H030_03__x623_y468__t256.png
17.05893898010254,5.935908317565918,4.041636943817139,2.622434377670288,1.6968315839767456,0.26189327239990234,110.0,142.66666666666666,173.66666666666666,23.607211050785963,24.779299155794607,1.5155637151276196,0.6598204945252295,160.37603929805073,144.31105170887503,123.0367117390776,data/tiles/train/H030/H030__Samsung_A52_H030_03__x879_y468__t256.png
15.043205261230469,5.949928283691406,4.56020450592041,3.14349102973938,1.8093892335891724,0.24219880998134613,123.66666666666667,157.66666666666666,187.0,23.35041838284298,22.386574822933536,2.2451617320582398,0.4454022112176549,174.43876630585623,158.32635997779627,136.54961143491533,data/tiles/train/H030/H030__Samsung_A52_H030_03__x1135_y468__t256.png
6.028237819671631,3.2286534309387207,2.5492043495178223,1.6880691051483154,1.0540242195129395,0.22084848582744598,156.66666666666666,171.66666666666666,185.66666666666666,10.84590058076057,9.435295222135254,1.8589500850759397,0.5379380587075576,189.2580023273182,173.4275318269448,151.41210900185837,data/tiles/train/H030/H030__Samsung_A52_H030_03__x111_y724__t256.png
12.036725997924805,4.730030059814453,3.4592103958129883,2.298924684524536,1.555769681930542,0.23415997624397278,132.66666666666666,159.0,181.66666666666666,18.17168915695502,17.608037434046526,1.858691730938658,0.5380128309361929,176.056936661867,159.56102215360062,139.01059972589906,data/tiles/train/H030/H030__Samsung_A52_H030_03__x367_y724__t256.png
14.903546333312988,5.509182453155518,4.086537837982178,2.6035571098327637,1.3584800958633423,0.24686279892921448,120.0,150.66666666666666,179.0,21.798713269379867,21.62170080822462,1.8487153929087607,0.5409161430882037,167.9823197709725,151.57536219311183,130.91407998611953,data/tiles/train/H030/H030__Samsung_A52_H030_03__x623_y724__t256.png
15.523390769958496,5.91692590713501,4.483524322509766,2.9880175590515137,1.6122156381607056,0.24695464968681335,118.66666666666667,150.66666666666666,181.0,23.025405094210626,22.907709905025698,1.7830489666252527,0.5608370934942316,168.23553826650226,151.97165830192938,131.08615389958842,data/tiles/train/H030/H030__Samsung_A52_H030_03__x879_y724__t256.png
13.464875221252441,5.176878929138184,3.6844818592071533,2.28593111038208,1.6738879680633545,0.2254234105348587,136.33333333333334,164.66666666666666,191.66666666666666,20.471713859934287,19.887768418534765,1.848811625031994,0.5408879879704861,182.07349345356803,166.16937483742305,145.00991936183127,data/tiles/train/H030/H030__Samsung_A52_H030_03__x1135_y724__t256.png
18.695585250854492,6.387019157409668,4.592921733856201,3.402611494064331,2.0320558547973633,0.10806810855865479,119.66666666666667,156.33333333333334,190.0,26.450400808799397,27.117780540137932,2.057494851953143,0.4860279475551144,164.43680216708051,155.94960843216586,147.58209032975049,data/tiles/train/H037/H037__Motorola_Edge_H037_01__x49_y14__t256.png
23.319185256958008,8.07044792175293,5.706633567810059,3.9985287189483643,2.611910104751587,0.11130772531032562,101.66666666666667,151.0,190.0,32.69419591203364,33.91891173116827,1.3754678130287028,0.7270253731332733,156.85982232709858,148.4379706423292,140.3262310441753,data/tiles/train/H037/H037__Motorola_Edge_H037_01__x305_y14__t256.png
26.130760192871094,8.934737205505371,6.352668762207031,4.551410675048828,2.984663248062134,0.11510686576366425,90.33333333333333,146.0,190.0,36.7380093154288,37.81279862690038,1.9191829881090403,0.521055056342123,151.6102248068744,143.1150594566444,135.13498828226716,data/tiles/train/H037/H037__Motorola_Edge_H037_01__x561_y14__t256.png
26.235795974731445,8.828341484069824,5.989938735961914,3.793832302093506,1.9955124855041504,0.11559870094060898,95.0,148.0,192.0,35.79350056160191,38.549036162943324,2.0299022339918906,0.4926345630121588,154.57530083870182,145.9622670996197,137.69488964906492,data/tiles/train/H037/H037__Motorola_Edge_H037_01__x817_y14__t256.png
21.188817977905273,7.232581615447998,4.812920570373535,3.0294065475463867,1.8893746137619019,0.10775657743215561,114.33333333333333,157.66666666666666,193.0,29.089685071916456,31.550018435609914,2.007719398657233,0.49807757033617456,164.26430730741166,155.6728517321658,147.47539872823936,data/tiles/train/H037/H037__Motorola_Edge_H037_01__x1073_y14__t256.png
18.56357192993164,6.24083137512207,4.567418575286865,3.556436777114868,2.5275449752807617,0.10491444170475006,119.66666666666667,158.33333333333334,191.0,26.566876892086547,26.671079153965643,1.8548615208787096,0.5391238045232977,165.29334142535114,157.1651291832842,148.8408878099532,data/tiles/train/H037/H037__Motorola_Edge_H037_01__x49_y270__t256.png
23.300668716430664,8.484737396240234,6.412428855895996,4.835978031158447,2.852405548095703,0.11259515583515167,96.66666666666667,148.0,188.66666666666666,33.970581913049344,33.68702678666578,2.169599091631639,0.4609146472530801,153.96471384209704,145.47282410700345,137.56350294051316,data/tiles/train/H037/H037__Motorola_Edge_H037_01__x305_y270__t256.png
27.006868362426758,8.945816993713379,6.137200832366943,4.416475296020508,2.465684413909912,0.11106354743242264,88.0,145.33333333333334,189.0,37.14465084262966,38.582871652362506,2.309943264346246,0.43291106558109227,150.05192100787838,141.87811057508765,134.2846805261514,data/tiles/train/H037/H037__Motorola_Edge_H037_01__x561_y270__t256.png
27.021183013916016,8.626336097717285,5.874983310699463,4.059009552001953,2.393709182739258,0.11789443343877792,92.66666666666667,145.66666666666666,191.0,36.375265556710566,39.16024916724371,1.788409334263754,0.5591561064020484,152.51078024288122,143.91240292569364,135.54429368126617,data/tiles/train/H037/H037__Motorola_Edge_H037_01__x817_y270__t256.png
21.974266052246094,7.328413963317871,4.811869144439697,3.0810463428497314,1.883116364479065,0.10704529285430908,112.66666666666667,156.33333333333334,193.0,29.86676999448849,31.84842933490247,2.079727746008296,0.4808321675369959,163.1525426671528,154.63803670330051,146.60333003455042,data/tiles/train/H037/H037__Motorola_Edge_H037_01__x1073_y270__t256.png
17.10183334350586,5.6313652992248535,3.7966463565826416,2.721527338027954,1.9132143259048462,0.1047741174697876,135.16666666666669,170.66666666666666,197.66666666666666,23.384197976111803,24.938789651061654,2.118938990878734,0.47193430500105865,177.76410443356596,168.40695413672188,160.0846960386071,data/tiles/train/H037/H037__Motorola_Edge_H037_02__x118_y15__t256.png
21.262493133544922,6.878596305847168,4.565878391265869,3.025254011154175,1.906808614730835,0.11487846076488495,117.0,160.0,194.33333333333334,28.73055975036823,31.123529095819816,2.1580379621914427,0.46338387809662107,167.17671045097256,157.6304940049626,149.03211813086708,data/tiles/train/H037/H037__Motorola_Edge_H037_02__x374_y15__t256.png
19.686187744140625,6.3087382316589355,4.024178981781006,2.581941843032837,1.4936633110046387,0.11545038223266602,119.33333333333333,158.66666666666666,190.33333333333334,26.304413026364593,28.801955823276007,1.8620556322882411,0.5370408824848703,166.19011776132086,156.73509772975598,148.08765327182226,data/tiles/train/H037/H037__Motorola_Edge_H037_02__x630_y15__t256.png
19.84652328491211,6.6287994384765625,4.345039367675781,2.9790775775909424,1.7170500755310059,0.11706716567277908,117.33333333333333,157.33333333333334,189.33333333333334,26.885049524775656,29.229726661756906,2.125813628237506,0.4704081236082259,164.9479354614851,155.39366759195005,146.72286606523247,data/tiles/train/H037/H037__Motorola_Edge_H037_02__x886_y15__t256.png
18.486888885498047,6.049201011657715,4.102303504943848,2.8157920837402344,1.6131713390350342,0.11080732941627502,127.33333333333333,165.33333333333334,194.33333333333334,25.009760477707374,27.267690776017254,1.8055340678508651,0.5538527451826507,172.38146690022373,163.10719922301809,154.30461853309978,data/tiles/train/H037/H037__Motorola_Edge_H037_02__x1142_y15__t256.png
19.658321380615234,6.500143051147461,4.3369903564453125,2.9791061878204346,2.0264217853546143,0.11286263167858124,121.0,161.0,193.0,26.838542188891548,28.74446335786964,2.105610804237548,0.474921575244341,168.26344813234834,158.96115562029618,150.30343703395414,data/tiles/train/H037/H037__Motorola_Edge_H037_02__x118_y271__t256.png
23.397573471069336,8.148517608642578,5.67880916595459,4.23859167098999,2.6800734996795654,0.1265380084514618,96.33333333333333,144.33333333333334,186.33333333333334,33.15568927080416,34.23964058527766,1.8783447974050367,0.5323836184823553,152.30179054757443,142.82058088694566,134.19447914497883,data/tiles/train/H037/H037__Motorola_Edge_H037_02__x374_y271__t256.png
22.178537368774414,8.302438735961914,5.8297858238220215,4.053601264953613,2.154717445373535,0.12969207763671875,95.0,141.33333333333334,181.66666666666666,32.021269405452664,32.99622813986991,2.225223324554792,0.44939309639857083,149.3709282751679,139.7599569616299,131.2020894434514,data/tiles/train/H037/H037__Motorola_Edge_H037_02__x630_y271__t256.png
23.39791488647461,8.096182823181152,5.5398759841918945,3.73395037651062,2.0667104721069336,0.1271989792585373,96.0,143.66666666666666,183.66666666666666,32.44539286170761,34.71973682748013,1.8847169255898393,0.5305836576424021,151.19816787536,141.65146257677227,133.13675006072384,data/tiles/train/H037/H037__Motorola_Edge_H037_02__x886_y271__t256.png
21.92041015625,7.2446770668029785,4.8513407707214355,3.3826115131378174,2.0716354846954346,0.11862418055534363,109.33333333333333,153.66666666666666,190.0,29.84166244763572,31.84524837598712,2.3442582738370605,0.42657415830006185,160.9670094854244,151.63366457037628,142.95375421284876,data/tiles/train/H037/H037__Motorola_Edge_H037_02__x1142_y271__t256.png
9.768121719360352,4.386232852935791,3.4604122638702393,2.5813043117523193,1.7497830390930176,0.08177835494279861,149.0,172.33333333333334,190.0,15.801190307159809,14.345845141822588,2.058241113496788,0.48585172720657566,177.9139544168446,171.2133173636064,163.9925011716919,data/tiles/train/H037/H037__Motorola_Edge_H037_03__x110_y15__t256.png
13.263788223266602,5.731972694396973,4.3772196769714355,3.1936285495758057,1.9907708168029785,0.09077289700508118,130.66666666666666,162.66666666666666,186.0,20.847484808832316,20.174559287726137,2.335543784577215,0.4281658115782325,167.95958596015907,160.67557616492124,153.40992375692528,data/tiles/train/H037/H037__Motorola_Edge_H037_03__x366_y15__t256.png
12.746158599853516,5.690770626068115,4.206357955932617,2.919361114501953,1.9612412452697754,0.1013110876083374,126.0,157.0,181.33333333333334,20.710633898767217,19.39276259549968,2.010386604115597,0.4974167644933731,163.55204664156443,155.69757595738406,147.7808818170776,data/tiles/train/H037/H037__Motorola_Edge_H037_03__x622_y15__t256.png
11.21761417388916,5.332533836364746,4.236390590667725,3.094007730484009,2.1931469440460205,0.10277547687292099,128.66666666666666,157.66666666666666,179.66666666666666,19.30694250499481,17.260998343337494,1.9785169313508157,0.5054290838528526,163.9930237401083,155.94045883659587,147.96412952936276,data/tiles/train/H037/H037__Motorola_Edge_H037_03__x878_y15__t256.png
8.453989028930664,4.3702921867370605,3.5047967433929443,2.5939812660217285,1.8618836402893066,0.09144088625907898,142.33333333333334,167.66666666666666,183.0,15.511103224514795,12.982539286534932,1.7199725142791509,0.5814046397242022,172.71453350215947,165.44120861013303,157.6165507432397,data/tiles/train/H037/H037__Motorola_Edge_H037_03__x1134_y15__t256.png
13.003265380859375,5.893729209899902,4.603386402130127,3.388943672180176,2.2117669582366943,0.0928424671292305,127.66666666666667,161.0,184.66666666666666,21.429005699042158,19.329377178466306,1.7371186501639484,0.5756659166059961,166.1874468712593,159.13935777110837,151.5334906233194,data/tiles/train/H037/H037__Motorola_Edge_H037_03__x110_y271__t256.png
18.383209228515625,7.760954856872559,5.834375858306885,4.186496734619141,2.5917611122131348,0.1015753448009491,102.66666666666667,144.33333333333334,181.33333333333334,28.887651482416686,27.947906509768487,2.164828098369159,0.4619304418458607,150.6931853650078,143.45125715276575,136.1335356337784,data/tiles/train/H037/H037__Motorola_Edge_H037_03__x366_y271__t256.png
18.810504913330078,8.237030982971191,6.342919826507568,4.555382251739502,2.6802079677581787,0.10680433362722397,95.66666666666667,140.66666666666666,177.66666666666666,30.271708829094802,28.696545023809588,2.2320255562494276,0.4480235439957707,146.26811795316564,138.52919340849957,131.4579705117086,data/tiles/train/H037/H037__Motorola_Edge_H037_03__x622_y271__t256.png
19.93187141418457,8.295907020568848,6.210996627807617,4.445762634277344,2.5952541828155518,0.10773520171642303,98.0,143.66666666666666,181.0,30.74057563102682,30.069934455550783,2.1667242077601996,0.4615262045896125,149.41648300157922,141.70253197507938,134.15197056730818,data/tiles/train/H037/H037__Motorola_Edge_H037_03__x878_y271__t256.png
16.013484954833984,6.851016044616699,5.325925350189209,3.812185049057007,2.2919158935546875,0.10115831345319748,115.0,154.0,183.33333333333334,25.375130419548967,23.8485886348392,1.724688165910493,0.5798149600406649,159.46202707393266,151.97863589031587,144.106525511975,data/tiles/train/H037/H037__Motorola_Edge_H037_03__x1134_y271__t256.png
6.1747636795043945,3.7171664237976074,3.4645373821258545,2.7790920734405518,2.060136079788208,0.20243513584136963,160.66666666666666,181.0,198.33333333333334,14.06005320041179,9.834845708362447,2.01674888830235,0.4958475523652206,196.61156996113272,184.59572806774014,160.08597654081066,data/tiles/train/H037/H037__Samsung_A52_H037_01__x69_y202__t256.png
7.209208011627197,4.052527904510498,3.763552188873291,2.9336440563201904,1.9635869264602661,0.22066630423069,148.33333333333334,168.0,187.0,14.490550949755391,11.052681438506752,2.2487308752450135,0.44469527723767466,184.3120055517002,172.36601318528798,147.24568008327552,data/tiles/train/H037/H037__Samsung_A52_H037_01__x325_y202__t256.png
10.14295482635498,4.266387462615967,3.482598304748535,2.6537256240844727,1.8401516675949097,0.23881128430366516,139.66666666666666,161.66666666666666,181.66666666666666,16.066416808447098,14.324808118047594,1.9399058366551387,0.5154889382281765,178.36278900229118,166.19707699784766,139.81300770672777,data/tiles/train/H037/H037__Samsung_A52_H037_01__x581_y202__t256.png
10.550172805786133,4.4521613121032715,3.5357584953308105,2.549661874771118,1.6251457929611206,0.2562490999698639,135.33333333333334,158.66666666666666,181.33333333333334,17.33170892783056,15.186795812506228,1.8753027412699714,0.5332472341627311,176.67856770923734,163.62418856527927,135.9949491443052,data/tiles/train/H037/H037__Samsung_A52_H037_01__x837_y202__t256.png
8.978204727172852,4.416536808013916,3.865817070007324,3.0535221099853516,1.9948943853378296,0.23494765162467957,146.33333333333334,170.0,192.33333333333334,17.061593970005674,13.703138873506644,1.8340371725143618,0.5452452191190085,187.33298047722343,174.91731019522777,147.42887635574837,data/tiles/train/H037/H037__Samsung_A52_H037_01__x1093_y202__t256.png
7.3541975021362305,4.363303184509277,3.9286117553710938,3.105463743209839,2.2838144302368164,0.2192928045988083,149.0,170.33333333333334,190.0,15.58232868942797,11.744961022571662,1.7384903657310657,0.5752117007444458,186.69904649425987,174.56602462788962,149.37296142556923,data/tiles/train/H037/H037__Samsung_A52_H037_01__x69_y458__t256.png
13.087339401245117,5.893945693969727,4.923925876617432,3.765299081802368,2.541104555130005,0.2550711929798126,118.33333333333333,149.33333333333334,178.66666666666666,22.36244462916987,19.616261505729288,1.8798384238340071,0.5319606128490869,165.9986986848041,153.52035256966374,127.95296179338585,data/tiles/train/H037/H037__Samsung_A52_H037_01__x325_y458__t256.png
17.528854370117188,6.468173503875732,5.102166175842285,3.6784090995788574,2.043881416320801,0.2706957459449768,105.33333333333333,140.33333333333334,175.0,25.716398593117322,25.26628064634332,2.2140715033511142,0.45165659667560293,157.36950182260026,144.78295434820345,119.34907134178094,data/tiles/train/H037/H037__Samsung_A52_H037_01__x581_y458__t256.png
16.401187896728516,6.3720173835754395,5.052725791931152,3.642280101776123,1.9804322719573975,0.27338409423828125,109.33333333333333,143.66666666666666,175.66666666666666,24.61073006475671,24.17943421299591,1.82162033522189,0.5489618120002986,160.71083041260368,147.8073185966617,121.52212235833015,data/tiles/train/H037/H037__Samsung_A52_H037_01__x837_y458__t256.png
13.240835189819336,5.4628777503967285,4.4118242263793945,3.3051416873931885,2.0638601779937744,0.256184846162796,128.33333333333334,159.0,185.66666666666666,21.241350023195924,19.79413124301173,1.8816263348123965,0.5314551468050658,176.10792764355955,162.96840042317766,135.5759898714858,data/tiles/train/H037/H037__Samsung_A52_H037_01__x1093_y458__t256.png
7.612680435180664,3.957768440246582,3.3146517276763916,2.4213881492614746,1.6461237668991089,0.22506605088710785,154.33333333333334,175.66666666666666,193.66666666666666,14.683387480421862,11.786922166311703,1.8280919212378215,0.5470184449602998,192.44039292594456,179.59154098474463,153.04784879987506,data/tiles/train/H037/H037__Samsung_A52_H037_01__x69_y714__t256.png
12.903712272644043,5.752490520477295,4.723217010498047,3.5776734352111816,2.2249515056610107,0.24663108587265015,126.66666666666667,158.0,185.33333333333334,21.777307242249933,19.24894107818805,1.9806351207621449,0.5048885529280132,174.46176138828633,161.38946637744036,135.69626030368764,data/tiles/train/H037/H037__Samsung_A52_H037_01__x325_y714__t256.png
15.008718490600586,5.572198390960693,4.333944320678711,3.0748767852783203,1.6944366693496704,0.2615250051021576,119.0,150.0,179.33333333333334,22.443329493493106,21.662265678843358,1.9373630183768815,0.5161655252601022,167.18925480810918,154.0537779858835,128.02440039540087,data/tiles/train/H037/H037__Samsung_A52_H037_01__x581_y714__t256.png
14.076610565185547,5.289603233337402,4.0228166580200195,3.051210403442383,2.046586751937866,0.2603568434715271,124.33333333333333,153.33333333333334,181.33333333333334,21.230179308139217,20.52472517510388,1.6321686826324573,0.612681771584504,171.15971257983892,157.7968099139128,131.22276798111636,data/tiles/train/H037/H037__Samsung_A52_H037_01__x837_y714__t256.png
12.818017959594727,5.003691673278809,3.9084389209747314,2.9035377502441406,1.819265604019165,0.24410246312618256,136.33333333333334,164.66666666666666,189.66666666666666,19.77191317137415,18.843690294004055,1.5589500342005895,0.6414573771203563,181.9049626199025,168.55320809699745,141.84746144906418,data/tiles/train/H037/H037__Samsung_A52_H037_01__x1093_y714__t256.png
5.550957679748535,3.3987417221069336,3.168018341064453,2.6178314685821533,1.957537055015564,0.21048758924007416,166.0,183.0,198.66666666666666,12.415009514468373,8.810414951431435,1.6140568214699058,0.6195568747631263,199.87089422407794,187.33620389700766,161.38070633263743,data/tiles/train/H037/H037__Samsung_A52_H037_02__x79_y199__t256.png
6.843307018280029,4.103175640106201,3.84938645362854,3.101386070251465,2.015801191329956,0.22147342562675476,148.33333333333334,168.33333333333334,186.66666666666666,14.33063219368511,10.793221078249644,1.9609419499884115,0.5099590021040192,184.57610432004446,172.35768856785666,147.34881580775107,data/tiles/train/H037/H037__Samsung_A52_H037_02__x335_y199__t256.png
9.73800277709961,4.562734127044678,3.8182270526885986,2.7742488384246826,1.9708597660064697,0.24227707087993622,136.33333333333334,159.33333333333334,181.33333333333334,16.87635562089684,14.105586261197631,1.9394460194125966,0.5156111539020156,176.29803267871716,163.831640360473,137.70830511711898,data/tiles/train/H037/H037__Samsung_A52_H037_02__x591_y199__t256.png
9.824399948120117,4.468686103820801,3.8944594860076904,2.9999892711639404,2.0932953357696533,0.2501555383205414,134.66666666666666,158.66666666666666,181.66666666666666,17.676812096128,14.278288133095327,1.942825418537082,0.5147142869651071,175.95445936788698,163.03949403158828,136.32029607492225,data/tiles/train/H037/H037__Samsung_A52_H037_02__x847_y199__t256.png
8.018109321594238,3.9717421531677246,3.292628526687622,2.5090391635894775,1.8982495069503784,0.22652418911457062,149.33333333333334,172.0,191.33333333333334,15.595546843593803,11.990751734273642,1.8886057008821933,0.5294911476402334,188.39001842004657,175.89740381607757,149.58829458172593,data/tiles/train/H037/H037__Samsung_A52_H037_02__x1103_y199__t256.png
7.105746746063232,4.414800643920898,4.09032678604126,3.2317631244659424,2.174241781234741,0.22903846204280853,148.0,170.66666666666666,189.33333333333334,15.363518974297461,11.420907850017452,1.4582306312699986,0.6857625800447509,187.0595322959228,174.48863774667478,148.14917847518038,data/tiles/train/H037/H037__Samsung_A52_H037_02__x79_y455__t256.png
12.978548049926758,5.9951300621032715,5.012847423553467,3.7913014888763428,2.3717966079711914,0.2559411823749542,118.33333333333333,148.33333333333334,178.33333333333334,22.261616939571976,19.814070166604623,1.923064774089154,0.5200032851070463,165.3467376784692,152.94379196086254,127.32994465936888,data/tiles/train/H037/H037__Samsung_A52_H037_02__x335_y455__t256.png
17.36017608642578,6.787120819091797,5.544926166534424,4.026944637298584,2.1844711303710938,0.2700705826282501,102.66666666666667,139.33333333333334,174.66666666666666,26.613727840126572,25.218638780116983,1.752631119369899,0.5705707201864116,156.01588347494365,143.57705912953008,118.38805271371596,data/tiles/train/H037/H037__Samsung_A52_H037_02__x591_y455__t256.png
16.31960105895996,6.723724842071533,5.423327445983887,4.109521389007568,2.499582529067993,0.2701711356639862,107.33333333333333,143.0,176.66666666666666,25.64490391255809,24.18342262285403,1.8747143131357142,0.5334146077582158,159.94491466629665,147.1456049673928,121.36015332315804,data/tiles/train/H037/H037__Samsung_A52_H037_02__x847_y455__t256.png
12.651763916015625,5.530592441558838,4.563880443572998,3.2874996662139893,1.9477262496948242,0.244556725025177,129.66666666666666,160.33333333333334,186.33333333333334,20.94870140249967,19.171001938397932,1.5848307934943529,0.6309821869343702,176.65230144404333,163.8656276034435,137.67087267425714,data/tiles/train/H037/H037__Samsung_A52_H037_02__x1103_y455__t256.png
7.714639186859131,4.175351619720459,3.521535873413086,2.60939884185791,1.8197001218795776,0.22232785820960999,154.0,176.0,194.33333333333334,14.998683299645412,12.04564178561577,2.018208863022343,0.4954888556491932,192.39359045504995,179.8463512763596,153.43659822419534,data/tiles/train/H037/H037__Samsung_A52_H037_02__x79_y711__t256.png
12.261589050292969,5.299325942993164,4.2793755531311035,3.2759857177734375,2.0249922275543213,0.2434777170419693,130.33333333333334,159.0,185.0,20.1408060816948,18.321448620698295,2.198036003848018,0.45495160145208635,175.6620942008879,162.71987721975583,137.07444852941177,data/tiles/train/H037/H037__Samsung_A52_H037_02__x335_y711__t256.png
15.348341941833496,5.858767032623291,4.5905561447143555,3.0047473907470703,1.5407119989395142,0.25639015436172485,118.66666666666667,150.33333333333334,180.33333333333334,22.832041991318903,22.461818463839112,1.6581265741954998,0.6030902679942791,167.3628782877593,154.53005454987667,128.8415795142629,data/tiles/train/H037/H037__Samsung_A52_H037_02__x591_y711__t256.png
14.78711986541748,5.79032564163208,4.6162190437316895,3.434746742248535,2.319084882736206,0.2571294903755188,119.0,152.0,181.0,23.061752187632564,21.609198832752753,2.144685654613603,0.4662687969441214,168.48133752103976,155.4391365458363,129.6100400839855,data/tiles/train/H037/H037__Samsung_A52_H037_02__x847_y711__t256.png
12.837544441223145,5.405846118927002,4.269627571105957,3.1025750637054443,2.241344690322876,0.23869402706623077,134.0,164.66666666666666,190.33333333333334,20.89238182169039,19.20957164601492,1.9253529386475527,0.5193852929128107,180.98049829967383,167.9745818585606,141.92528974946214,data/tiles/train/H037/H037__Samsung_A52_H037_02__x1103_y711__t256.png
6.140349388122559,3.389709711074829,2.99741792678833,2.341022491455078,1.630491852760315,0.22307568788528442,157.0,175.0,191.0,12.784866720347125,9.507464278122837,1.8807683375615658,0.5316975940250619,189.4903423980008,183.99979174982212,150.5401662530587,data/tiles/train/H037/H037__Samsung_A52_H037_03__x87_y188__t256.png
9.544445991516113,4.457079887390137,3.9571218490600586,3.0040533542633057,1.764823317527771,0.23741382360458374,141.0,163.33333333333334,185.66666666666666,16.783955531033616,14.307216574495214,1.9072414586916975,0.5243174614534469,178.2012873228196,173.14276791755583,139.39636357327504,data/tiles/train/H037/H037__Samsung_A52_H037_03__x343_y188__t256.png
13.087383270263672,4.881511211395264,3.877354860305786,2.7853479385375977,1.8720160722732544,0.2567625939846039,128.66666666666666,156.33333333333334,181.66666666666666,19.779459481276128,18.497768488481157,1.726267197152708,0.5792845983804781,171.13697322993113,165.83915404500425,131.0911015111296,data/tiles/train/H037/H037__Samsung_A52_H037_03__x599_y188__t256.png
13.165031433105469,5.30247688293457,4.418686389923096,3.4972028732299805,2.291516065597534,0.27215057611465454,124.0,153.33333333333334,181.0,21.10848952865342,19.253699868601203,2.0506380087771974,0.487653108798224,168.99883644194367,163.02900211871764,127.35057830572053,data/tiles/train/H037/H037__Samsung_A52_H037_03__x855_y188__t256.png
11.059110641479492,4.639881134033203,3.7591474056243896,2.8539650440216064,1.9922481775283813,0.24565336108207703,144.0,170.66666666666666,192.0,17.942765787214675,16.32290580163234,1.8516268026696143,0.5400656323176102,185.22443556790552,179.5348905870094,143.61507467870788,data/tiles/train/H037/H037__Samsung_A52_H037_03__x1111_y188__t256.png
8.023237228393555,4.087959289550781,3.4274284839630127,2.6008737087249756,1.6375041007995605,0.23820553719997406,146.66666666666666,167.0,185.33333333333334,14.541522453387453,12.447708446777753,1.6253513422626022,0.6152515914546391,181.62884772305074,176.17213840518065,141.96824597649265,data/tiles/train/H037/H037__Samsung_A52_H037_03__x87_y444__t256.png
15.20163345336914,6.144966125488281,4.72402286529541,3.4103782176971436,1.9357658624649048,0.2613143026828766,117.66666666666667,152.33333333333334,181.0,23.372927885997896,22.70438443479532,1.5733416931391888,0.6355898431730768,166.01479823739635,160.46648277297803,126.55927969189133,data/tiles/train/H037/H037__Samsung_A52_H037_03__x343_y444__t256.png
17.55694007873535,6.722772598266602,5.262783527374268,3.6724860668182373,2.1028831005096436,0.28133514523506165,103.33333333333333,139.66666666666666,174.0,26.11151498703991,25.64987173769623,1.9810243287852913,0.504789358449309,154.5805483255249,148.95307999305916,115.32896061079299,data/tiles/train/H037/H037__Samsung_A52_H037_03__x599_y444__t256.png
15.165155410766602,6.260449409484863,5.0850677490234375,3.790165901184082,2.2276816368103027,0.28777724504470825,109.0,142.33333333333334,173.33333333333334,23.83721731332058,22.635220627643722,1.922036678598765,0.5202814343423646,157.6569202471021,151.68242868050254,116.79542930519887,data/tiles/train/H037/H037__Samsung_A52_H037_03__x855_y444__t256.png
14.380074501037598,5.9082770347595215,4.6514973640441895,3.4308393001556396,2.2153148651123047,0.27203595638275146,124.0,157.0,185.33333333333334,22.778308367851775,21.68925188980767,1.9696522752364303,0.5077038280170358,172.19163110232122,165.77804378751605,129.78245029665868,data/tiles/train/H037/H037__Samsung_A52_H037_03__x1111_y444__t256.png
7.678333759307861,3.677053928375244,2.9271962642669678,2.258486747741699,1.627691626548767,0.23874542117118835,151.0,170.66666666666666,187.66666666666666,13.627530041761352,11.662906409813381,1.7428757674584738,0.5737643604157955,185.50999947874132,179.88874602540267,144.9006654735635,data/tiles/train/H037/H037__Samsung_A52_H037_03__x87_y700__t256.png
13.355932235717773,5.07900333404541,3.773857593536377,2.4639766216278076,1.4587537050247192,0.24910278618335724,131.33333333333334,160.0,184.33333333333334,19.69817954141689,19.713373909876793,1.6579819294760518,0.6031428824534991,174.21862249769953,168.44514471239822,134.5958990919666,data/tiles/train/H037/H037__Samsung_A52_H037_03__x343_y700__t256.png
13.272710800170898,5.546842098236084,4.402966499328613,3.072420597076416,1.8785310983657837,0.2720523476600647,119.0,150.33333333333334,176.0,21.117208294728293,19.830912375666234,1.7692657133933356,0.5652062278887808,164.60176868148096,158.63491842868808,124.05816842434456,data/tiles/train/H037/H037__Samsung_A52_H037_03__x599_y700__t256.png
12.494935035705566,5.8642449378967285,4.939620494842529,3.9015560150146484,2.7237701416015625,0.278668075799942,116.66666666666667,149.33333333333334,176.66666666666666,22.154781825859548,18.976617736023417,1.9871146104315245,0.5032422361299224,163.99308132477893,157.74314201491242,122.80558349228369,data/tiles/train/H037/H037__Samsung_A52_H037_03__x855_y700__t256.png
11.836471557617188,5.09166955947876,3.9641153812408447,2.790788412094116,1.8194979429244995,0.25722813606262207,135.66666666666666,163.66666666666666,187.66666666666666,19.27735271453233,17.98128521716834,1.739804409802867,0.5747772533311992,178.93364698529538,172.5502855853197,137.04925261714206,data/tiles/train/H037/H037__Samsung_A52_H037_03__x1111_y700__t256.png
14.897725105285645,5.461943626403809,3.7572827339172363,2.552319288253784,1.5800825357437134,0.11251063644886017,132.0,163.0,191.0,21.95986346161328,22.13643558458931,1.9319308367963317,0.5176168737273601,171.21598125976055,162.7466076696165,152.95486725663716,data/tiles/train/H038/H038__Motorola_Edge_H038_01__x34_y15__t256.png
15.824819564819336,6.600797176361084,4.796927452087402,3.089478015899658,1.7427152395248413,0.11498771607875824,122.0,157.0,186.66666666666666,23.81205679911103,23.8868803382352,1.7558507244255654,0.5695244966380354,164.79177328668163,156.0701516180131,146.86418786011453,data/tiles/train/H038/H038__Motorola_Edge_H038_01__x290_y15__t256.png
20.948139190673828,7.821727752685547,5.848020076751709,4.1752777099609375,2.4031789302825928,0.11778474599123001,105.0,150.0,188.0,30.609280895363373,30.77442982105618,2.1134133477120898,0.4731682049243071,157.13386072655356,148.5203670934388,139.66543492592206,data/tiles/train/H038/H038__Motorola_Edge_H038_01__x546_y15__t256.png
20.323057174682617,7.339807987213135,5.223278999328613,3.7357430458068848,2.0182535648345947,0.1155448630452156,110.0,153.66666666666666,188.0,28.8430403794539,29.688548360083615,2.150473509926166,0.46501386572966147,160.21247157266114,151.7453257642831,142.71296633855874,data/tiles/train/H038/H038__Motorola_Edge_H038_01__x802_y15__t256.png
13.62303638458252,5.579646110534668,4.508345603942871,3.5539979934692383,2.4712471961975098,0.11059445887804031,127.0,160.0,186.0,21.72538114632548,20.062188745094705,1.647790353430445,0.6068733185129738,167.39910485710803,159.02206509813482,149.84204385155257,data/tiles/train/H038/H038__Motorola_Edge_H038_01__x1058_y15__t256.png
15.24563217163086,5.737053871154785,4.145338535308838,2.891296863555908,1.6124122142791748,0.10990989953279495,132.0,165.0,192.0,22.41303157687798,22.526069958813768,2.1281237718020782,0.46989748117573443,172.54197333703652,164.2046243577281,154.55308290515205,data/tiles/train/H038/H038__Motorola_Edge_H038_01__x34_y271__t256.png
17.25247573852539,7.104889392852783,5.426015853881836,3.9084293842315674,2.4325690269470215,0.11816410720348358,114.0,153.0,186.0,26.55417672174875,25.50238890012909,1.9381974772460122,0.5159432987297566,160.3461611967267,151.64820960091734,142.45249057456087,data/tiles/train/H038/H038__Motorola_Edge_H038_01__x290_y271__t256.png
23.834983825683594,8.950363159179688,6.6722211837768555,4.693401336669922,2.7070271968841553,0.12287349253892899,93.33333333333333,145.0,188.0,34.96318694202895,34.757328049448724,2.2795103171138145,0.438690710233829,151.95236111834228,143.30683257840025,134.35631106714567,data/tiles/train/H038/H038__Motorola_Edge_H038_01__x546_y271__t256.png
24.328474044799805,8.739839553833008,6.373448848724365,4.567018985748291,2.427807569503784,0.12109893560409546,96.0,147.66666666666666,190.0,34.80389456284668,35.407512557055675,2.060694635061936,0.4852732583398724,153.8794532903181,145.40723974052105,136.29703056162626,data/tiles/train/H038/H038__Motorola_Edge_H038_01__x802_y271__t256.png
16.02608299255371,6.489785194396973,5.190577507019043,4.343766689300537,2.9543325901031494,0.11482425034046173,117.0,155.0,185.33333333333334,25.394355675005873,23.27418025103044,2.0292745609852743,0.492786939345689,161.75627346030862,153.41130265535938,144.22685249548172,data/tiles/train/H038/H038__Motorola_Edge_H038_01__x1058_y271__t256.png
15.127151489257812,5.678553104400635,3.8139262199401855,2.4765894412994385,1.6035226583480835,0.12235226482152939,127.0,158.33333333333334,188.0,22.784264075413322,22.747066561828582,2.111225651094302,0.47365851181358776,167.43584968059739,158.77751475170146,148.09174775025673,data/tiles/train/H038/H038__Motorola_Edge_H038_02__x33_y14__t256.png
20.861724853515625,8.140288352966309,5.681087970733643,3.965036630630493,2.7173032760620117,0.1305006593465805,102.0,150.33333333333334,186.66666666666666,31.019355935704947,31.463858625178442,1.9538588221590996,0.5118077051723503,157.09432980752558,148.13709034159876,137.82464019420843,data/tiles/train/H038/H038__Motorola_Edge_H038_02__x289_y14__t256.png
22.80535888671875,8.245104789733887,5.440866470336914,3.7611594200134277,2.2905375957489014,0.1330268830060959,99.0,146.66666666666666,186.0,32.24339849202792,33.95640985729323,2.0119221168629835,0.4970371326098913,154.01360166551007,144.78719639139487,134.78750867453158,data/tiles/train/H038/H038__Motorola_Edge_H038_02__x545_y14__t256.png
21.730974197387695,8.102514266967773,5.278986930847168,3.4882194995880127,2.086878538131714,0.13123886287212372,101.0,148.0,185.0,31.028731366847925,32.73493336999624,1.8021588275732388,0.5548900489234824,155.64098337902078,146.56009924008467,136.4515597348971,data/tiles/train/H038/H038__Motorola_Edge_H038_02__x801_y14__t256.png
15.937278747558594,6.655218601226807,5.0573506355285645,3.684983730316162,2.3280587196350098,0.12594829499721527,118.0,157.0,185.33333333333334,24.957143407675357,24.491770262412825,2.3703677432993313,0.42187546756272215,164.30422985946848,155.03195004869903,144.81783080562127,data/tiles/train/H038/H038__Motorola_Edge_H038_02__x1057_y14__t256.png
16.45003318786621,6.631731033325195,4.883014678955078,3.519172430038452,2.303370475769043,0.12670816481113434,119.0,157.33333333333334,188.0,25.577625237563247,25.042975524967122,2.171520740505158,0.46050676898778836,165.2613813938952,156.22674236899678,145.5403861513352,data/tiles/train/H038/H038__Motorola_Edge_H038_02__x33_y270__t256.png
20.407793045043945,8.435019493103027,6.255685806274414,4.747995853424072,3.048887014389038,0.13392335176467896,98.0,146.0,184.0,31.769745600896098,30.848395898190553,1.8728210465453032,0.5339538456408575,153.18293424091405,144.2352879890257,133.92720832103353,data/tiles/train/H038/H038__Motorola_Edge_H038_02__x289_y270__t256.png
23.87985610961914,8.844086647033691,6.258747100830078,4.721006870269775,3.010413646697998,0.1392001211643219,88.0,141.0,183.0,35.08736458201315,35.23564748165175,2.167143565993852,0.4614368958714556,147.7088772392723,138.40273920288848,128.4721740036106,data/tiles/train/H038/H038__Motorola_Edge_H038_02__x545_y270__t256.png
24.064197540283203,8.973247528076172,6.289920330047607,4.408658504486084,2.4768848419189453,0.13851317763328552,90.0,142.0,185.0,34.829441894173954,35.88572322761661,1.812237465859809,0.5518040647755584,149.57407696443127,140.46737075767822,130.17269306140852,data/tiles/train/H038/H038__Motorola_Edge_H038_02__x801_y270__t256.png
19.10895347595215,7.9122633934021,5.98685884475708,4.6266608238220215,2.7442615032196045,0.13171471655368805,104.33333333333333,150.33333333333334,185.0,29.87764121814433,28.790293522193522,2.058331700860724,0.48583034482820925,157.5419601040763,148.28156114483954,138.05977450130095,data/tiles/train/H038/H038__Motorola_Edge_H038_02__x1057_y270__t256.png
14.279556274414062,5.484067440032959,3.738193988800049,2.3437118530273438,1.630190134048462,0.11668886989355087,132.0,161.0,190.0,21.923353163853385,21.06911049699743,1.9404764449279723,0.5153373557374558,170.4177781632122,161.71610441418784,151.60223744688233,data/tiles/train/H038/H038__Motorola_Edge_H038_03__x36_y14__t256.png
21.331693649291992,7.968347072601318,5.439392566680908,3.9266321659088135,2.8268723487854004,0.12472931295633316,105.0,153.33333333333334,190.0,31.292839863804286,31.9615114260517,1.7713271146031848,0.564548462989018,159.99362315818738,151.03556783430636,141.19445023630803,data/tiles/train/H038/H038__Motorola_Edge_H038_03__x292_y14__t256.png
19.802936553955078,8.199951171875,5.675806999206543,3.9996371269226074,2.187116861343384,0.12856049835681915,102.0,149.0,185.0,30.606653221046994,30.39268941407038,2.042774858300462,0.4895302073729139,156.1094395280236,146.84685059864654,137.2459135866736,data/tiles/train/H038/H038__Motorola_Edge_H038_03__x548_y14__t256.png
19.473384857177734,7.684428691864014,5.315768241882324,3.7588918209075928,2.556798219680786,0.1275957077741623,106.0,151.0,185.66666666666666,29.458555994678626,29.15834796814979,2.0534355965791846,0.4869887332555735,157.77098666851825,148.54291070684627,138.83783502291348,data/tiles/train/H038/H038__Motorola_Edge_H038_03__x804_y14__t256.png
19.81074333190918,7.1487717628479,4.885379314422607,3.498723030090332,2.220421552658081,0.1207505390048027,117.0,161.33333333333334,194.0,28.515115014545,29.65024238048114,2.1411403509408213,0.4670408455758624,167.8908051966097,158.73926636098375,148.75692997082118,data/tiles/train/H038/H038__Motorola_Edge_H038_03__x1060_y14__t256.png
15.897547721862793,6.227286338806152,4.3799543380737305,3.1908793449401855,2.379685163497925,0.11669782549142838,126.0,160.0,190.33333333333334,24.178060547659182,23.74581184021644,1.870638912256366,0.5345767125061027,168.39221343530025,159.75997219084036,149.80026071087164,data/tiles/train/H038/H038__Motorola_Edge_H038_03__x36_y270__t256.png
22.197513580322266,8.919631004333496,6.7593560218811035,4.808923244476318,2.738856792449951,0.1298888921737671,97.0,149.66666666666666,189.0,34.12418096287717,32.909868965162524,2.156579906576398,0.4636971702047964,155.92289277846203,146.7836140649123,136.89055805158984,data/tiles/train/H038/H038__Motorola_Edge_H038_03__x292_y270__t256.png
19.447994232177734,8.6588716506958,6.626407623291016,4.932137489318848,3.0983448028564453,0.1342596411705017,94.0,142.0,181.0,32.14628237547019,29.708804070493517,1.9027871290602558,0.5255448624428513,149.44079209982817,140.0724934483417,130.6414897863552,data/tiles/train/H038/H038__Motorola_Edge_H038_03__x548_y270__t256.png
21.19414520263672,8.759611129760742,6.301527500152588,4.600374698638916,2.593238592147827,0.1330285668373108,95.0,146.0,184.0,32.73649226145048,32.080322110606794,1.8754705539417558,0.5331995204607493,152.36334622656236,143.09716753681508,133.35491648309716,data/tiles/train/H038/H038__Motorola_Edge_H038_03__x804_y270__t256.png
22.49626350402832,8.069952011108398,5.382019519805908,3.7529144287109375,2.241804599761963,0.12518467009067535,107.0,156.33333333333334,193.66666666666666,32.08906158385635,33.54691221880599,2.278112897416124,0.43895980797712775,162.94883729007833,153.65830742779735,143.73941056945867,data/tiles/train/H038/H038__Motorola_Edge_H038_03__x1060_y270__t256.png
5.805241584777832,3.4696857929229736,3.2199862003326416,2.635676145553589,1.8338862657546997,0.23230420053005219,158.0,176.0,191.33333333333334,12.457216320715814,9.279124141067053,1.646909278093768,0.6071979879532042,190.84715884445217,185.33198577253404,150.0973193372083,data/tiles/train/H038/H038__Samsung_A52_H038_01__x88_y210__t256.png
8.361482620239258,4.64627742767334,4.482123851776123,4.04209566116333,2.9301953315734863,0.2430517077445984,135.0,159.66666666666666,182.66666666666666,17.671837893405236,13.001760223486293,2.0787373600603005,0.48106125343847755,173.89548895679957,169.33393526878734,135.23597027364912,data/tiles/train/H038/H038__Samsung_A52_H038_01__x344_y210__t256.png
11.762490272521973,5.121525764465332,4.5151753425598145,3.81846022605896,2.532724618911743,0.25296750664711,126.66666666666667,154.66666666666666,180.66666666666666,20.093081985619307,16.995486439381445,2.074760425557322,0.48198335946733706,168.7948615571565,164.52917281485983,129.83794809478343,data/tiles/train/H038/H038__Samsung_A52_H038_01__x600_y210__t256.png
11.036243438720703,4.788179397583008,3.992683172225952,3.1448330879211426,2.2127175331115723,0.25807681679725647,130.33333333333334,156.0,180.0,18.578136194157825,16.184812464838426,1.8155007140433268,0.5508122317247048,170.90281543274244,166.39748001390336,130.68667014250957,data/tiles/train/H038/H038__Samsung_A52_H038_01__x856_y210__t256.png
9.062469482421875,4.460489273071289,3.880566358566284,3.169384002685547,2.184380292892456,0.23842273652553558,145.0,169.66666666666666,191.66666666666666,17.21515198382254,13.690098797820687,1.9341783943222859,0.5170153916182011,184.12337335163403,179.55623121427453,143.80905884601353,data/tiles/train/H038/H038__Samsung_A52_H038_01__x1112_y210__t256.png
7.107032775878906,4.061447620391846,3.5934996604919434,3.028083086013794,2.304694414138794,0.2480238676071167,143.66666666666666,165.0,184.0,14.963183413954834,11.26210333047283,1.3915807532316136,0.718607236897851,180.0694630115106,174.78678449278632,139.23930971023802,data/tiles/train/H038/H038__Samsung_A52_H038_01__x88_y466__t256.png
14.484031677246094,6.437208652496338,5.460058212280273,4.3608269691467285,2.659115791320801,0.26871827244758606,109.33333333333333,145.0,175.0,24.270502605088147,21.774768755962285,2.0290863838104536,0.4928326403344564,158.1255838991439,153.44048135863997,119.583899143904,data/tiles/train/H038/H038__Samsung_A52_H038_01__x344_y466__t256.png
17.95597267150879,6.945704460144043,5.491160869598389,3.9658708572387695,2.14847731590271,0.2722751200199127,99.33333333333333,137.33333333333334,172.33333333333334,27.0003478533156,26.162512242822665,1.68864941713609,0.5921892311406927,150.84806500338559,146.22105317985313,113.59199263850547,data/tiles/train/H038/H038__Samsung_A52_H038_01__x600_y466__t256.png
16.816974639892578,6.834010124206543,5.584571361541748,4.037308216094971,2.2508575916290283,0.27425092458724976,101.66666666666667,139.66666666666666,173.0,26.2958413503056,24.76063957035874,1.7193205196348202,0.5816251179346116,153.01481892797028,148.49941869544847,114.96926894445505,data/tiles/train/H038/H038__Samsung_A52_H038_01__x856_y466__t256.png
13.409799575805664,5.573501110076904,4.3690900802612305,3.107351303100586,1.6850913763046265,0.253097802400589,126.66666666666667,156.66666666666666,184.0,21.31877127337216,20.188630708283622,1.950883630527848,0.5125882366081627,171.04892096315314,166.20633543820693,131.50706057872458,data/tiles/train/H038/H038__Samsung_A52_H038_01__x1112_y466__t256.png
7.180204391479492,3.8166439533233643,3.2937724590301514,2.615107536315918,1.8555940389633179,0.24060629308223724,150.66666666666666,169.66666666666666,186.6333333333338,13.45314038689473,11.186691703999497,1.5244167030571734,0.6559886138708196,184.61604042228086,179.3151826642589,143.8991873871371,data/tiles/train/H038/H038__Samsung_A52_H038_01__x88_y722__t256.png
12.71848201751709,5.584539413452148,4.558798789978027,3.5456502437591553,2.155383348464966,0.2555238902568817,122.66666666666667,154.0,179.66666666666666,21.202451924727526,19.027251407836967,1.9720313507324014,0.5070913297745523,167.3131323649364,162.1528435813332,128.33026153659256,data/tiles/train/H038/H038__Samsung_A52_H038_01__x344_y722__t256.png
14.585543632507324,5.784766674041748,4.839770317077637,3.768444776535034,2.2057065963745117,0.2613013982772827,113.66666666666667,146.66666666666666,175.66666666666666,23.05463982334439,21.26818083312802,1.7444983680388724,0.5732306881571798,160.08856850396432,155.26645153455127,122.03938305661097,data/tiles/train/H038/H038__Samsung_A52_H038_01__x600_y722__t256.png
14.93453598022461,5.966707229614258,4.699842929840088,3.4174513816833496,1.9073315858840942,0.26053333282470703,113.66666666666667,147.0,176.66666666666666,23.321224021239708,21.922848732259233,1.5897974282661729,0.6290109558741683,160.67000173400382,155.79143402115486,122.61505115311253,data/tiles/train/H038/H038__Samsung_A52_H038_01__x856_y722__t256.png
12.576200485229492,5.061715126037598,3.7915523052215576,2.5252206325531006,1.4755077362060547,0.2338126301765442,135.66666666666666,162.66666666666666,187.66666666666666,19.24931639082662,19.07093991216779,1.6750982528389677,0.5969799074801692,176.6376914917665,171.79418873567616,138.6765897511694,data/tiles/train/H038/H038__Samsung_A52_H038_01__x1112_y722__t256.png
5.464003562927246,3.8029379844665527,3.710803270339966,2.9825077056884766,2.2035019397735596,0.2338920682668686,154.33333333333334,175.66666666666666,192.66666666666666,14.260323688072386,9.073397358851647,1.6456878302094065,0.6076486570802158,190.59382426923412,183.81085957151532,149.75494839101395,data/tiles/train/H038/H038__Samsung_A52_H038_02__x113_y184__t256.png
8.035372734069824,4.545395851135254,4.319652080535889,3.680995225906372,2.472963333129883,0.23529843986034393,137.66666666666666,162.0,184.33333333333334,17.331807769903854,12.335765499680438,1.5005364519742972,0.6664283288048567,176.30200596932048,170.5254390226973,138.33646838342472,data/tiles/train/H038/H038__Samsung_A52_H038_02__x369_y184__t256.png
12.27288818359375,5.37699031829834,4.909666538238525,4.277952194213867,3.092552661895752,0.24505703151226044,125.66666666666667,156.33333333333334,184.33333333333334,21.673360374434427,17.862529738574132,1.514956580293361,0.6600849245503503,170.47340739454955,164.8422843256379,132.3141815657004,data/tiles/train/H038/H038__Samsung_A52_H038_02__x625_y184__t256.png
11.6511812210083,5.074747562408447,4.355042457580566,3.5126540660858154,2.554309844970703,0.24791109561920166,132.0,160.33333333333334,185.0,19.643043362284086,17.11154665595219,1.7904273768100951,0.5585258653616235,174.80812641083523,168.6696996006251,135.25235283903456,data/tiles/train/H038/H038__Samsung_A52_H038_02__x881_y184__t256.png
9.856010437011719,4.553558826446533,3.8173861503601074,3.105966091156006,2.420728921890259,0.22056131064891815,149.0,175.0,196.66666666666666,17.76160536026022,14.838897449211242,1.6761188763212436,0.596616394056015,188.8319295625445,183.01116649010993,150.45395342375355,data/tiles/train/H038/H038__Samsung_A52_H038_02__x1137_y184__t256.png
7.1887969970703125,4.24660587310791,3.8048038482666016,3.004570722579956,1.907676339149475,0.23670081794261932,147.0,168.66666666666666,186.66666666666666,14.742487884613949,11.608411273837236,1.6177778205568933,0.6181318517865244,183.22245167112067,176.88808870995732,143.5111060979419,data/tiles/train/H038/H038__Samsung_A52_H038_02__x113_y440__t256.png
15.49301528930664,6.744013786315918,5.359577655792236,3.99411678314209,2.348339319229126,0.26506558060646057,108.33333333333333,145.0,176.33333333333334,25.030630542389698,23.366516979727397,2.023045492184743,0.49430425754789736,158.47460452516972,152.54994877493965,120.36678879647155,data/tiles/train/H038/H038__Samsung_A52_H038_02__x369_y440__t256.png
19.479360580444336,7.445548057556152,5.990960597991943,4.713944911956787,2.7017054557800293,0.27040350437164307,93.33333333333333,135.0,173.66666666666666,29.629006287441594,28.31309234951687,1.8423380734414614,0.5427885437616855,148.56585408172117,142.82606055348313,112.20550013012927,data/tiles/train/H038/H038__Samsung_A52_H038_02__x625_y440__t256.png
17.78464698791504,7.396972179412842,6.111586093902588,4.465300559997559,2.7049505710601807,0.2767881453037262,97.33333333333333,137.66666666666666,174.33333333333334,28.362111603182157,26.207093596344013,1.9280547715120318,0.518657464909969,151.69537767756484,145.67942069204753,113.76560575839042,data/tiles/train/H038/H038__Samsung_A52_H038_02__x881_y440__t256.png
15.40911865234375,6.540024757385254,5.188651084899902,3.840855360031128,2.36321759223938,0.25645461678504944,118.33333333333333,155.0,186.33333333333334,25.059331976204305,23.077731045515154,1.6653384603697654,0.6004785356233013,169.05895919676766,162.71319818960583,129.6278113999341,data/tiles/train/H038/H038__Samsung_A52_H038_02__x1137_y440__t256.png
7.348406791687012,4.1208014488220215,3.7507669925689697,3.0189647674560547,1.9330581426620483,0.23815485835075378,147.33333333333334,169.0,187.66666666666666,14.997016138295745,11.604945143604581,1.7875387611534734,0.5594284284804623,183.95486466334899,177.59036604185812,143.84378630507535,data/tiles/train/H038/H038__Samsung_A52_H038_02__x113_y696__t256.png
13.99747085571289,5.923558712005615,4.786080837249756,3.711735963821411,2.419642448425293,0.2513153553009033,119.33333333333333,153.33333333333334,181.33333333333334,22.913345230378685,20.748945956118696,1.4890095090979185,0.6715873833511155,166.83872144532268,160.66820116390167,128.63095631025797,data/tiles/train/H038/H038__Samsung_A52_H038_02__x369_y696__t256.png
15.892488479614258,6.09942626953125,4.593430519104004,3.5031962394714355,2.27854323387146,0.26520830392837524,110.0,145.66666666666666,176.66666666666666,24.61794335913199,22.94461056100676,1.7978219064887386,0.5562286210835333,159.6471721361262,153.4767540738941,121.2509935268903,data/tiles/train/H038/H038__Samsung_A52_H038_02__x625_y696__t256.png
15.607514381408691,6.144892692565918,4.69326639175415,3.455233335494995,2.278289794921875,0.2634321451187134,114.66666666666667,149.66666666666666,179.66666666666666,24.03198105426572,23.148837935784275,2.217940590918437,0.45086870410081886,163.72612912740965,157.4615931844603,124.58867315600438,data/tiles/train/H038/H038__Samsung_A52_H038_02__x881_y696__t256.png
13.632204055786133,5.617765426635742,4.462851524353027,3.244244337081909,2.191826343536377,0.24168887734413147,130.33333333333334,163.33333333333334,190.66666666666666,22.229993996287526,20.12825759038935,1.7472481322996554,0.572328555695087,177.22752580001733,170.9660393721273,138.06526753967566,data/tiles/train/H038/H038__Samsung_A52_H038_02__x1137_y696__t256.png
5.479243278503418,3.652555465698242,3.569997549057007,3.087698459625244,2.1258583068847656,0.22403547167778015,155.33333333333334,176.0,192.66666666666666,13.835036219472258,8.93107427642756,1.770448188444531,0.5648287289777023,190.1933561512935,184.04864742776726,150.9763017530448,data/tiles/train/H038/H038__Samsung_A52_H038_03__x114_y215__t256.png
8.348104476928711,4.678382873535156,4.515583515167236,3.802678346633911,2.777799129486084,0.23393294215202332,136.33333333333334,160.0,183.33333333333334,17.65599752770818,12.92986487507107,1.5531460128003114,0.6438544681301451,174.27729386451972,168.79789006107717,136.91037965019433,data/tiles/train/H038/H038__Samsung_A52_H038_03__x370_y215__t256.png
11.81772518157959,5.251529693603516,4.678189754486084,3.8250961303710938,2.528228521347046,0.2355629950761795,128.33333333333334,156.66666666666666,182.66666666666666,20.35181915414379,17.296648956595654,1.4474564967421544,0.6908670500638452,170.29712521036103,165.2987387012266,133.50935998195666,data/tiles/train/H038/H038__Samsung_A52_H038_03__x626_y215__t256.png
11.722318649291992,5.1147637367248535,4.366512298583984,3.2556416988372803,2.145984649658203,0.2349848598241806,131.66666666666666,158.33333333333334,183.0,19.135699549791358,17.322156979911142,2.122814741738699,0.47107266608717185,172.33156981786644,166.98813529921944,135.16914137033825,data/tiles/train/H038/H038__Samsung_A52_H038_03__x882_y215__t256.png
10.234193801879883,4.916683673858643,4.229035377502441,3.302363395690918,2.2312474250793457,0.20912179350852966,146.66666666666666,174.33333333333334,196.33333333333334,18.429320079606914,15.502871796225971,1.851225120702133,0.5401828166747866,186.77292046144504,181.69126550438025,150.62596929482174,data/tiles/train/H038/H038__Samsung_A52_H038_03__x1138_y215__t256.png
7.593752861022949,4.587154865264893,4.250087261199951,3.6280622482299805,2.4235966205596924,0.22755225002765656,142.33333333333334,167.0,187.0,16.532821121410816,12.206942553852869,1.6954177624196058,0.589825128747534,180.48073951913895,174.80619737869978,142.71389636316292,data/tiles/train/H038/H038__Samsung_A52_H038_03__x114_y471__t256.png
15.102530479431152,6.663241863250732,5.461014747619629,3.9516494274139404,2.5573604106903076,0.249352365732193,110.66666666666667,146.33333333333334,177.66666666666666,24.678263331614808,22.7424727285626,1.6556588199158522,0.6039891721476919,159.24472844558508,153.91451064715267,123.0093639453423,data/tiles/train/H038/H038__Samsung_A52_H038_03__x370_y471__t256.png
18.074987411499023,6.720701217651367,5.370808124542236,4.283182621002197,2.529400110244751,0.25721994042396545,99.66666666666667,138.0,173.33333333333334,27.15427735527714,26.089821923776526,1.8451002263082656,0.5419759781834894,151.05325956885937,145.69636322644422,115.69509720608383,data/tiles/train/H038/H038__Samsung_A52_H038_03__x626_y471__t256.png
17.17068099975586,6.907074451446533,5.596963882446289,4.395993232727051,3.0461456775665283,0.2592967748641968,101.0,139.66666666666666,174.33333333333334,27.058190731232465,25.314217857211325,1.7254318358946457,0.5795650568146,152.64455791173864,147.40691918928775,116.64233487903576,data/tiles/train/H038/H038__Samsung_A52_H038_03__x882_y471__t256.png
14.651717185974121,6.14509916305542,4.956154823303223,3.837296962738037,2.2478578090667725,0.23718219995498657,122.0,158.0,187.0,24.115120092016006,22.004761382643498,2.035671074583325,0.4912384974594615,170.64623558827614,165.15451798860954,133.5562057230171,data/tiles/train/H038/H038__Samsung_A52_H038_03__x1138_y471__t256.png
7.745003700256348,4.284708023071289,3.950956106185913,3.10213303565979,1.912564992904663,0.22282274067401886,146.66666666666666,169.0,188.0,15.378152984958241,12.343269644063277,1.6191211999417978,0.6176189898791683,182.7169670451783,177.13074278570684,145.20882383581622,data/tiles/train/H038/H038__Samsung_A52_H038_03__x114_y727__t256.png
13.466389656066895,5.637387275695801,4.50078010559082,3.551076650619507,2.248690605163574,0.23935766518115997,123.0,154.33333333333334,181.66666666666666,21.712414775322788,20.142133581409244,1.8969922735790379,0.5271502756905325,167.7522786062742,162.0580371868544,130.99201402753425,data/tiles/train/H038/H038__Samsung_A52_H038_03__x370_y727__t256.png
15.596083641052246,5.947324275970459,4.43998908996582,3.0903759002685547,1.8807145357131958,0.24658021330833435,114.66666666666667,147.66666666666666,177.66666666666666,23.36710958908247,22.9162560463167,1.79224652004607,0.5579589575513835,161.24682632026813,155.7450289147839,124.92812114686626,data/tiles/train/H038/H038__Samsung_A52_H038_03__x626_y727__t256.png
14.890586853027344,5.980373382568359,4.7479939460754395,3.682103395462036,2.440369129180908,0.2457658052444458,115.66666666666667,150.33333333333334,179.66666666666666,23.641709539801532,21.845263071160527,2.031825422088597,0.4921682685572754,163.12274130336766,157.5674574272535,126.49582076093365,data/tiles/train/H038/H038__Samsung_A52_H038_03__x882_y727__t256.png
13.645602226257324,5.486437797546387,4.158614158630371,2.8369154930114746,1.8933144807815552,0.22377929091453552,134.0,165.0,191.0,21.062187666969006,20.452568093115005,1.8126451817457097,0.5516799482163006,178.0002256082746,172.5235153240082,141.31482766998715,data/tiles/train/H038/H038__Samsung_A52_H038_03__x1138_y727__t256.png
4.083235740661621,2.4582998752593994,2.201465368270874,1.6323946714401245,1.3541415929794312,0.21592670679092407,166.66666666666666,179.66666666666666,191.0,9.154486688299578,6.131772550982915,1.755485276661935,0.5696430572755959,194.00858637651436,188.31811308292632,155.3125162949959,data/tiles/train/H038/H038__Samsung_A52_H038_04__x83_y155__t256.png
5.279682159423828,3.0412685871124268,2.753964900970459,2.1135241985321045,1.537140130996704,0.23506030440330505,151.66666666666666,166.33333333333334,180.66666666666666,10.890919423396026,7.811122532816207,1.93642146586538,0.5164165021033288,181.2856349082322,175.77081488427012,142.16962719869423,data/tiles/train/H038/H038__Samsung_A52_H038_04__x339_y155__t256.png
7.672608852386475,3.040384531021118,2.2831382751464844,1.5154789686203003,1.0346342325210571,0.24593226611614227,146.0,161.0,176.66666666666666,11.58074759387546,10.201347425390534,1.6512748739956187,0.6055926943164117,176.44749934537836,171.081295277996,136.74776992231824,data/tiles/train/H038/H038__Samsung_A52_H038_04__x595_y155__t256.png
7.56657600402832,3.1373870372772217,2.4117560386657715,1.721767783164978,1.2522772550582886,0.25303196907043457,144.0,160.66666666666666,176.66666666666666,12.39566409759531,10.257328981451298,1.5461639438428647,0.6467619452530896,176.10799791811243,170.29384108258154,135.46538861901456,data/tiles/train/H038/H038__Samsung_A52_H038_04__x851_y155__t256.png
5.815639019012451,2.7471725940704346,2.1151540279388428,1.5085663795471191,1.1653178930282593,0.21813488006591797,161.0,175.0,189.66666666666666,10.764146257982489,8.381114133493934,1.5838927684939228,0.6313558719955964,189.76480285991948,184.48450298486742,151.534534221852,data/tiles/train/H038/H038__Samsung_A52_H038_04__x1107_y155__t256.png
4.93953800201416,2.860468864440918,2.366429090499878,1.7252345085144043,1.3615682125091553,0.23706606030464172,156.0,169.33333333333334,182.33333333333334,9.859923223102417,7.425823608960713,1.926292633037594,0.5191319235972408,184.76803193335647,178.79687608469283,144.6109510586602,data/tiles/train/H038/H038__Samsung_A52_H038_04__x83_y411__t256.png
10.103424072265625,4.1214752197265625,3.2184977531433105,2.327631711959839,1.458590030670166,0.26565688848495483,128.66666666666666,148.66666666666666,170.0,15.624491867240843,14.666973614639081,2.064459251307011,0.48438834497067407,164.50721914901018,158.78566955432626,124.8254183627318,data/tiles/train/H038/H038__Samsung_A52_H038_04__x339_y411__t256.png
15.403160095214844,4.952356338500977,3.3948843479156494,2.2087926864624023,1.4432141780853271,0.28156334161758423,110.33333333333333,136.66666666666666,165.33333333333334,20.630408766284557,21.350695962653273,1.4340227386001416,0.6973390121945876,152.35753075281502,146.6736471363881,113.63098356958204,data/tiles/train/H038/H038__Samsung_A52_H038_04__x595_y411__t256.png
13.914892196655273,4.549178600311279,3.164000988006592,2.042720079421997,1.3950510025024414,0.2793176472187042,115.33333333333333,140.0,166.0,19.10967044344267,19.405425121030873,1.9948735327419402,0.5012849103399085,155.767530620034,150.2038964643836,116.43987023351029,data/tiles/train/H038/H038__Samsung_A52_H038_04__x851_y411__t256.png
10.124190330505371,3.7444651126861572,2.737898111343384,2.0011370182037354,1.4474749565124512,0.2497899979352951,139.0,159.66666666666666,180.33333333333334,15.450827321911405,14.512470438866844,1.902197035817358,0.52570789522354,175.03351315721002,169.43286093427466,135.1038526253708,data/tiles/train/H038/H038__Samsung_A52_H038_04__x1107_y411__t256.png
4.922304153442383,2.6254682540893555,2.0788352489471436,1.5179845094680786,1.181950330734253,0.23373091220855713,160.33333333333334,173.0,185.66666666666666,9.499690014043559,7.403011208274819,1.560297310094167,0.6409034954624436,188.67977498828063,182.54008021251107,148.2107922287619,data/tiles/train/H038/H038__Samsung_A52_H038_04__x83_y667__t256.png
9.791597366333008,3.762972116470337,2.699215888977051,1.9072922468185425,1.4017586708068848,0.2524715065956116,137.33333333333334,158.33333333333334,177.66666666666666,15.223141559603325,13.90765909273077,1.6326355614673362,0.6125065652136396,173.4250287146288,167.2721276669799,133.51667188750827,data/tiles/train/H038/H038__Samsung_A52_H038_04__x339_y667__t256.png
13.810482025146484,4.787686347961426,3.5081558227539062,2.182202100753784,1.244813323020935,0.2676292359828949,118.66666666666667,146.33333333333334,172.0,19.897290797726377,19.296818056065792,1.4993241005808646,0.6669672018295326,161.03225190508428,155.24230588970474,121.94190143901126,data/tiles/train/H038/H038__Samsung_A52_H038_04__x595_y667__t256.png
12.47093677520752,4.133266925811768,2.7744810581207275,1.774124026298523,1.2632718086242676,0.2675228714942932,125.66666666666667,150.0,174.0,17.997660048251284,17.490069256970862,1.717914511598561,0.5821011425472364,165.57976957964794,159.59685126939718,125.40408709402749,data/tiles/train/H038/H038__Samsung_A52_H038_04__x851_y667__t256.png
10.142931938171387,3.6358392238616943,2.575648069381714,1.7999753952026367,1.3229037523269653,0.24218952655792236,143.66666666666666,164.66666666666666,184.66666666666666,15.399618932243193,14.400136607543764,1.7577360353304767,0.5689136365756917,179.98455095231475,174.2166516057278,140.08150284999306,data/tiles/train/H038/H038__Samsung_A52_H038_04__x1107_y667__t256.png
4.256804466247559,2.650343418121338,2.3753910064697266,1.8924317359924316,1.5985995531082153,0.2266756296157837,159.66666666666666,174.66666666666666,186.66666666666666,10.197375491178484,6.520221355749461,1.7310029685672068,0.5776997602885247,189.15366073596226,183.12714597856623,149.71598515589776,data/tiles/train/H038/H038__Samsung_A52_H038_05__x87_y205__t256.png
6.25356912612915,3.337435245513916,2.9644899368286133,2.1562798023223877,1.442150592803955,0.23745916783809662,144.66666666666666,160.66666666666666,177.66666666666666,12.430200718055326,9.179338944327622,1.4951347768798162,0.6688360243261088,175.56978804725503,170.17605976372482,137.33820361362058,data/tiles/train/H038/H038__Samsung_A52_H038_05__x343_y205__t256.png
10.116673469543457,3.8134207725524902,2.8919405937194824,2.09635853767395,1.3297768831253052,0.2539353668689728,134.0,153.33333333333334,174.33333333333334,15.324766283856835,13.82335880814557,2.0222963826881633,0.4944873602902544,168.83804067702167,163.61153096050708,129.71853451278122,data/tiles/train/H038/H038__Samsung_A52_H038_05__x599_y205__t256.png
10.08975601196289,3.761651039123535,2.8364291191101074,2.0200283527374268,1.507849097251892,0.2594970464706421,134.66666666666666,154.0,175.0,15.302882592151272,14.070418840462162,2.0645404169410644,0.48436930165874614,169.91732242339833,164.2675835654596,129.78481894150417,data/tiles/train/H038/H038__Samsung_A52_H038_05__x855_y205__t256.png
7.696852207183838,3.1832029819488525,2.3197875022888184,1.6389394998550415,1.31820547580719,0.22527581453323364,154.0,171.66666666666666,188.0,12.618145062547132,10.962874478965844,1.850380047038615,0.5404295196548514,186.0791048659901,180.95199930609766,147.4460230722526,data/tiles/train/H038/H038__Samsung_A52_H038_05__x1111_y205__t256.png
5.317749977111816,3.0379889011383057,2.492220878601074,1.78179132938385,1.233256459236145,0.23666317760944366,153.0,167.0,180.66666666666666,10.280814216424321,8.075474391625463,1.4164817400161722,0.7059745083537631,182.1486784332101,176.38928515645338,142.61399489769354,data/tiles/train/H038/H038__Samsung_A52_H038_05__x87_y461__t256.png
11.407586097717285,4.6356377601623535,3.711343288421631,2.7557313442230225,1.7300679683685303,0.2628304064273834,121.0,145.33333333333334,169.66666666666666,18.033467046895176,16.555830634370118,1.6277672364695654,0.6143384493773703,160.12014244766786,154.72340832102842,121.86076609050639,data/tiles/train/H038/H038__Samsung_A52_H038_05__x343_y461__t256.png
15.365640640258789,4.772857666015625,3.4097707271575928,2.2689931392669678,1.181267499923706,0.2757837772369385,109.66666666666667,134.66666666666666,164.0,20.526383528415924,21.523650555524856,1.7076416933575844,0.5856029422857372,150.48429777862555,145.3029809076248,112.91374616331697,data/tiles/train/H038/H038__Samsung_A52_H038_05__x599_y461__t256.png
14.748108863830566,4.815584182739258,3.3351733684539795,2.222398281097412,1.4448182582855225,0.2780879735946655,111.66666666666667,137.0,165.0,20.174919317269403,20.944538960926398,1.7787025373057108,0.562207552430183,152.60078790718663,147.2938164905156,114.21462661182555,data/tiles/train/H038/H038__Samsung_A52_H038_05__x855_y461__t256.png
11.351030349731445,4.03501033782959,2.9334774017333984,1.9934756755828857,1.4046547412872314,0.2516753673553467,133.0,155.66666666666666,178.0,16.7453279952582,16.324620682109256,2.0577940839005837,0.4859572723158398,170.8529095388459,165.4597834761789,131.59917068600575,data/tiles/train/H038/H038__Samsung_A52_H038_05__x1111_y461__t256.png
5.3968119621276855,2.8301219940185547,2.266889810562134,1.6793439388275146,1.3197599649429321,0.23619946837425232,153.66666666666666,167.66666666666666,181.33333333333334,10.340897973852904,8.214113538077566,1.9099998901252697,0.5235602395424294,182.76030932313842,177.14972630115562,143.1526631332001,data/tiles/train/H038/H038__Samsung_A52_H038_05__x87_y717__t256.png
10.962470054626465,4.2164626121521,3.1483864784240723,2.157224178314209,1.5338479280471802,0.2514050006866455,130.0,152.66666666666666,174.66666666666666,16.66971384321658,15.7612589525614,1.6153045413646532,0.6190783065310848,167.3453221191364,161.68483482181566,128.9646579380907,data/tiles/train/H038/H038__Samsung_A52_H038_05__x343_y717__t256.png
13.208518981933594,4.582524299621582,3.3523099422454834,2.35408878326416,1.653611660003662,0.26856186985969543,116.0,141.66666666666666,167.66666666666666,19.32623836460172,18.37695269279894,1.9002079827107365,0.5262581828403082,156.5783683259177,151.05356646273637,118.44596426585095,data/tiles/train/H038/H038__Samsung_A52_H038_05__x599_y717__t256.png
12.305665016174316,4.064110279083252,2.7575225830078125,1.9035093784332275,1.283294439315796,0.262683242559433,123.66666666666667,147.33333333333334,170.66666666666666,17.653595326999152,17.17161788880396,2.222099445040736,0.4500248637529667,162.11175323771062,156.70072065171982,123.39259852388247,data/tiles/train/H038/H038__Samsung_A52_H038_05__x855_y717__t256.png
10.802082061767578,3.714022159576416,2.5953867435455322,1.7781317234039307,1.2326679229736328,0.2417614758014679,139.66666666666666,161.66666666666666,181.66666666666666,15.802412472468228,15.478324197609235,1.5656471794182207,0.638713506558732,175.84616723525727,170.55141683492306,136.89887210192856,data/tiles/train/H038/H038__Samsung_A52_H038_05__x1111_y717__t256.png
16.810171127319336,6.064866542816162,4.186746597290039,3.011186361312866,2.1078195571899414,0.11089255660772324,134.66666666666666,170.0,199.0,23.987341240593036,24.800589423815318,2.244608377707371,0.44551201444832605,177.62628754060205,168.9225825502423,158.94128988553265,data/tiles/train/H126/H126__Motorola_Edge_H126_01__x74_y14__t256.png
22.20336151123047,8.306047439575195,6.1821699142456055,4.545412540435791,3.0727317333221436,0.1125958189368248,113.33333333333333,164.0,202.0,32.56903940101271,32.95100785323939,2.2163260360015022,0.4511971540992727,169.77903337969403,161.03697844228094,151.82439151599445,data/tiles/train/H126/H126__Motorola_Edge_H126_01__x330_y14__t256.png
25.028888702392578,8.93034553527832,6.604971885681152,4.9960432052612305,2.921609401702881,0.11275935918092728,104.0,159.0,201.0,35.96148430027088,36.79725724004295,1.8480735001721078,0.5411040198925376,164.80034734282737,155.90816255644322,147.26484890587008,data/tiles/train/H126/H126__Motorola_Edge_H126_01__x586_y14__t256.png
23.688636779785156,8.299239158630371,6.013323783874512,4.176225662231445,2.4011406898498535,0.1105351597070694,110.0,161.0,200.66666666666666,33.44062802346763,34.77368607609408,2.06231753611867,0.4848913818974858,167.15970452062632,158.27652638332552,149.6804002150202,data/tiles/train/H126/H126__Motorola_Edge_H126_01__x842_y14__t256.png
17.164676666259766,6.343719482421875,4.625347137451172,3.3080315589904785,2.2528750896453857,0.10671432316303253,132.0,170.0,199.0,24.842479985090993,25.481893903976456,2.5447127579127464,0.3929716612967475,176.55558061270514,167.69435867189398,158.6665163237692,data/tiles/train/H126/H126__Motorola_Edge_H126_01__x1098_y14__t256.png
16.479515075683594,5.8705315589904785,4.034676551818848,2.8125388622283936,2.126129150390625,0.10918181389570236,138.0,171.0,200.0,23.016195273696827,24.02003059680899,2.1300603643915452,0.4694702632456388,179.38868613138686,170.70495307612097,160.81478971150503,data/tiles/train/H126/H126__Motorola_Edge_H126_01__x74_y270__t256.png
23.650835037231445,8.65981674194336,6.368616104125977,4.440398216247559,2.5032799243927,0.11202957481145859,112.0,163.0,204.0,34.01996447898755,35.017713147799206,2.396725775180659,0.4172358850376291,169.64893487734162,160.6783103873331,151.6516085348704,data/tiles/train/H126/H126__Motorola_Edge_H126_01__x330_y270__t256.png
26.49098777770996,8.9176664352417,6.35373067855835,4.395505905151367,2.533243417739868,0.11016633361577988,105.33333333333333,160.0,204.66666666666666,36.61947798912255,38.579686185731404,2.2309585208593017,0.44823782721645067,166.39039455876738,157.4414234653156,149.02682444390464,data/tiles/train/H126/H126__Motorola_Edge_H126_01__x586_y270__t256.png
26.21918296813965,8.972158432006836,6.3670454025268555,4.390219211578369,2.299672842025757,0.111677385866642,107.0,161.33333333333334,205.66666666666666,36.34583376278814,38.3413485692798,2.318526955641546,0.43130833461597423,167.98420103360965,159.02679407582116,150.2200409281676,data/tiles/train/H126/H126__Motorola_Edge_H126_01__x842_y270__t256.png
19.647199630737305,7.250167369842529,5.3937296867370605,3.7656404972076416,2.118713617324829,0.10666656494140625,126.0,170.0,203.0,28.520167142268306,28.94893854831795,1.9923103830031332,0.5019298240531367,176.50021692726864,167.60848966558493,158.626590076879,data/tiles/train/H126/H126__Motorola_Edge_H126_01__x1098_y270__t256.png
15.796832084655762,5.596829891204834,3.8088746070861816,2.624150514602661,1.9502066373825073,0.11748586595058441,125.0,158.0,186.0,22.866721642154644,23.372739763422274,2.1245456361006045,0.4706888771923027,165.91912465969585,157.08281745825315,147.49373146751287,data/tiles/train/H126/H126__Motorola_Edge_H126_02__x36_y15__t256.png
19.090396881103516,7.790046691894531,6.031831741333008,4.333664417266846,2.4108529090881348,0.12152222543954849,106.0,151.33333333333334,185.0,29.337979220384312,28.4127193444222,2.008675144092153,0.49784058061412567,157.67958328260605,148.81988625493503,139.61204932431258,data/tiles/train/H126/H126__Motorola_Edge_H126_02__x292_y15__t256.png
22.920568466186523,8.168466567993164,5.849287986755371,4.457795143127441,2.8758466243743896,0.12444548308849335,97.0,147.0,186.0,32.8358877935096,33.36719085032699,1.8614787011968772,0.537207328430365,153.57665895933658,144.56779263225604,135.58521235722606,data/tiles/train/H126/H126__Motorola_Edge_H126_02__x548_y15__t256.png
22.42945098876953,8.042491912841797,5.921408176422119,4.208512783050537,2.467682123184204,0.12316662073135376,101.0,150.0,187.66666666666666,32.08812613968649,32.73617115509146,2.165543973612765,0.46177773907389447,156.04238362300975,147.21700553886757,137.93400239612453,data/tiles/train/H126/H126__Motorola_Edge_H126_02__x804_y15__t256.png
14.873717308044434,5.8977952003479,4.502961158752441,3.2468490600585938,1.9951118230819702,0.11605766415596008,123.0,158.16666666666669,184.0,22.664497979301196,21.961267435680735,1.9345042786968796,0.5169282957976292,165.16663190098734,156.34411069392297,147.04095397024057,data/tiles/train/H126/H126__Motorola_Edge_H126_02__x1060_y15__t256.png
14.818381309509277,5.753291606903076,4.155543804168701,2.8780364990234375,1.917548418045044,0.11741327494382858,126.0,157.0,185.0,22.157783162275997,21.934930309928994,2.2106790087282153,0.4523497061544414,165.62452200514497,156.961569213655,147.23691163178754,data/tiles/train/H126/H126__Motorola_Edge_H126_02__x36_y271__t256.png
19.833236694335938,8.334006309509277,6.390017032623291,4.497735500335693,2.475931406021118,0.12527096271514893,100.0,147.0,183.66666666666666,30.997787688216206,29.331876898150707,2.0985579512149544,0.4765176960784203,153.4555669227168,144.59260286799258,135.3589672452359,data/tiles/train/H126/H126__Motorola_Edge_H126_02__x292_y271__t256.png
26.02097511291504,9.300393104553223,6.760449409484863,4.542929172515869,2.31817364692688,0.12823708355426788,86.0,141.66666666666666,186.0,36.95419911987142,37.89720986160919,2.0626840174313434,0.48480523024815897,147.77466571859662,138.86979067307192,129.967395640034,data/tiles/train/H126/H126__Motorola_Edge_H126_02__x548_y271__t256.png
26.37921905517578,9.654532432556152,7.099464416503906,4.660754203796387,2.3845911026000977,0.12893763184547424,85.20000000000012,142.33333333333334,188.0,37.80348318734447,38.824480419272454,1.5885175838329384,0.629517740425068,148.78313399413267,139.94393042512195,130.75615810578574,data/tiles/train/H126/H126__Motorola_Edge_H126_02__x804_y271__t256.png
17.312328338623047,6.677867412567139,5.05353307723999,3.608959436416626,2.076049566268921,0.11860430985689163,115.0,155.0,185.0,25.912174165064453,25.49689102459134,2.2939730266514173,0.4359249164580329,161.61542199621653,152.74459813603153,143.54214755549384,data/tiles/train/H126/H126__Motorola_Edge_H126_02__x1060_y271__t256.png
17.378129959106445,6.157755374908447,4.174472332000732,2.7514309883117676,1.8768155574798584,0.11086837947368622,128.0,164.0,195.0,24.898519323224157,25.684161964968293,1.904394288791656,0.5251013437109723,171.61195895619562,163.67432331545047,153.55782419223223,data/tiles/train/H126/H126__Motorola_Edge_H126_03__x50_y15__t256.png
23.446556091308594,8.728251457214355,6.02413272857666,4.1253662109375,2.2688333988189697,0.1167927160859108,101.66666666666667,154.0,193.0,33.77307341255691,35.084859302001554,1.9616898217214647,0.5097645860865293,159.38760659268135,151.2637593567099,141.77488320394588,data/tiles/train/H126/H126__Motorola_Edge_H126_03__x306_y15__t256.png
25.49163818359375,8.64659309387207,5.7170867919921875,3.8210701942443848,2.2624130249023438,0.11698473989963531,98.66666666666667,153.0,193.66666666666666,35.06389958767787,37.339182721524054,1.917207001330011,0.5215920864602919,158.25098848501665,149.69892827413983,140.763006381798,data/tiles/train/H126/H126__Motorola_Edge_H126_03__x562_y15__t256.png
23.847734451293945,8.240442276000977,5.720958709716797,3.818803071975708,2.334446907043457,0.11738477647304535,103.0,153.66666666666666,193.0,33.30139714192867,35.017940605541575,2.165037891352838,0.4618856806127968,159.55733749891522,151.03544215915994,141.8546732621713,data/tiles/train/H126/H126__Motorola_Edge_H126_03__x818_y15__t256.png
18.24835777282715,6.75439977645874,4.957358360290527,3.3931148052215576,2.033153772354126,0.11101279407739639,122.0,163.0,193.66666666666666,26.36879178444117,27.30200943530993,1.8960325318749114,0.5274171108293905,169.41318925680136,160.9376324658629,151.58062610750147,data/tiles/train/H126/H126__Motorola_Edge_H126_03__x1074_y15__t256.png
18.60098648071289,6.659958839416504,4.8240647315979,3.5132291316986084,2.1988143920898438,0.11005988717079163,124.0,164.0,196.0,26.687130754176145,27.631681658445537,2.1260043326454596,0.47036592759698936,170.96533957845432,162.97423887587823,153.1238095238095,data/tiles/train/H126/H126__Motorola_Edge_H126_03__x50_y271__t256.png
23.363298416137695,8.713037490844727,6.181996822357178,4.321817874908447,2.748375415802002,0.11728546768426895,102.0,153.0,193.33333333333334,33.86363480158593,34.69575757495016,2.280104124430904,0.4385764620506496,159.10731334733626,150.6975541166872,141.48740604440434,data/tiles/train/H126/H126__Motorola_Edge_H126_03__x306_y271__t256.png
27.073394775390625,9.22288990020752,6.530401229858398,4.5136399269104,2.516326665878296,0.12358905375003815,89.0,145.0,191.0,37.73600681194467,39.58009315220617,2.1843052956604767,0.45781146160597763,151.32831414230884,142.74471595546987,133.70555237152433,data/tiles/train/H126/H126__Motorola_Edge_H126_03__x562_y271__t256.png
26.19454002380371,8.85245418548584,6.117164611816406,4.218238830566406,2.597097396850586,0.11995292454957962,95.0,148.0,193.0,36.15197715938035,38.16271800013732,2.2230762883222543,0.449827118058416,154.86874782608695,146.4836347826087,137.35060869565217,data/tiles/train/H126/H126__Motorola_Edge_H126_03__x818_y271__t256.png
20.168787002563477,7.649391174316406,5.5314040184021,3.698540449142456,2.069932222366333,0.11215386539697647,114.33333333333333,161.0,194.0,29.525206286026002,29.900291128148663,2.04569457313874,0.4888315260404122,166.36537859552712,157.9466975061737,148.69971479252897,data/tiles/train/H126/H126__Motorola_Edge_H126_03__x1074_y271__t256.png
4.03999137878418,3.054009199142456,3.0292398929595947,2.368096113204956,1.6601330041885376,0.21853983402252197,159.0,175.33333333333334,189.33333333333334,11.25194082823009,6.821487109072001,1.3121606513513788,0.7621018043561295,189.3745944163934,184.40629500459806,151.13939930248296,data/tiles/train/H126/H126__Samsung_A52_H126_01__x97_y179__t256.png
5.973574161529541,3.9699032306671143,3.9737703800201416,3.050565481185913,1.7953059673309326,0.2373727709054947,143.0,162.0,181.0,14.149853004808325,9.74318530551327,1.6125091269806133,0.6201515286133463,176.72329186070758,171.93813859734482,138.21966010982138,data/tiles/train/H126/H126__Samsung_A52_H126_01__x353_y179__t256.png
9.764504432678223,4.751282215118408,4.195265769958496,3.032041311264038,1.9131182432174683,0.2529264986515045,131.0,156.33333333333334,178.66666666666666,17.884650275437302,14.424621875517548,2.0094845455267616,0.4976400551206341,170.63646623721633,165.77500737936901,131.2262601357804,data/tiles/train/H126/H126__Samsung_A52_H126_01__x609_y179__t256.png
10.973919868469238,5.120754241943359,4.448450565338135,3.492157459259033,2.131124973297119,0.25918203592300415,128.66666666666666,154.66666666666666,180.66666666666666,19.383305883232193,16.3741564741775,2.011678563889771,0.4970973086606864,170.1040516612853,164.7184494670694,129.9870152414679,data/tiles/train/H126/H126__Samsung_A52_H126_01__x865_y179__t256.png
9.370466232299805,4.758725643157959,4.129671096801758,3.14739990234375,2.228492259979248,0.23289254307746887,145.0,171.66666666666666,192.33333333333334,17.574739029386702,14.265155283549532,1.8661971957750239,0.5358490529639363,185.2605098855359,180.22695109261187,145.60646895594866,data/tiles/train/H126/H126__Samsung_A52_H126_01__x1121_y179__t256.png
5.552911281585693,3.763303518295288,3.6584086418151855,3.0119051933288574,2.0002055168151855,0.23499980568885803,147.33333333333334,166.66666666666666,182.66666666666666,13.132508188826296,9.23379142637478,1.7006011342961362,0.588027362697186,180.51005112509998,175.57933085243278,141.54004799499182,data/tiles/train/H126/H126__Samsung_A52_H126_01__x97_y435__t256.png
12.045734405517578,6.044586658477783,5.286218643188477,3.7321536540985107,2.0393283367156982,0.2586999833583832,117.66666666666667,149.66666666666666,175.66666666666666,21.544711389669924,18.75457917413886,2.000696181932827,0.4998260150793724,162.51301663284596,157.74367379502922,124.21333055830168,data/tiles/train/H126/H126__Samsung_A52_H126_01__x353_y435__t256.png
17.391557693481445,7.224712371826172,6.045033931732178,4.448630332946777,2.3638877868652344,0.2710462510585785,99.66666666666667,138.66666666666666,173.66666666666666,27.452410125209948,25.63556136637532,1.5290594424973891,0.6539968115083319,151.90695858850472,146.85902395864056,114.57610034524036,data/tiles/train/H126/H126__Samsung_A52_H126_01__x609_y435__t256.png
16.672285079956055,7.041634559631348,5.839959144592285,4.385343074798584,2.3576724529266357,0.2755003571510315,102.0,140.66666666666666,174.0,26.597067023815978,24.83378497606023,1.4596307759639786,0.6851047651688309,154.08424323432916,149.09851233357057,115.6468137552728,data/tiles/train/H126/H126__Samsung_A52_H126_01__x865_y435__t256.png
14.487239837646484,6.406408786773682,5.134550094604492,3.666131019592285,2.1829631328582764,0.25058048963546753,121.0,157.33333333333334,185.66666666666666,23.889535151152536,22.095684961509804,1.7175649842400649,0.5822196011072321,170.25644811115936,165.10115501519758,131.29476335214937,data/tiles/train/H126/H126__Samsung_A52_H126_01__x1121_y435__t256.png
5.9234395027160645,3.689659833908081,3.283871650695801,2.5153369903564453,1.6148735284805298,0.23349905014038086,151.0,169.0,185.0,12.811500448541072,9.642342313036098,1.604983713458359,0.6230592819195886,183.41059625687052,178.38266193557365,144.04725874904335,data/tiles/train/H126/H126__Samsung_A52_H126_01__x97_y691__t256.png
11.548250198364258,5.6237287521362305,4.945469856262207,3.805654764175415,2.49295973777771,0.24761654436588287,124.33333333333333,155.33333333333334,181.0,20.92352035314141,17.666168386439775,1.8408604172217011,0.5432242394071568,168.59603430912944,163.4176997603917,130.44001111226865,data/tiles/train/H126/H126__Samsung_A52_H126_01__x353_y691__t256.png
15.56238079071045,5.9029622077941895,4.6945295333862305,3.3250322341918945,1.9371988773345947,0.2615134119987488,113.66666666666667,148.66666666666666,177.33333333333334,23.541570095913485,22.587425594379297,1.6256839211320449,0.6151257246265006,161.6919407438246,156.4616985845129,123.22236677768527,data/tiles/train/H126/H126__Samsung_A52_H126_01__x609_y691__t256.png
14.853998184204102,6.176397800445557,5.186682224273682,4.154387474060059,2.706324577331543,0.26577073335647583,113.66666666666667,149.0,179.33333333333334,24.347375786026767,21.888583342817586,1.995648753511234,0.5010901834506474,162.7797964358912,157.43856601938376,123.48805016153125,data/tiles/train/H126/H126__Samsung_A52_H126_01__x865_y691__t256.png
13.864585876464844,5.73301887512207,4.5431599617004395,3.190236806869507,2.0848724842071533,0.24115487933158875,129.66666666666666,163.0,189.66666666666666,22.143722232522112,20.67053849063914,1.7827350978171408,0.5609358346197615,176.2512755544757,171.14360834403527,137.30309603970704,data/tiles/train/H126/H126__Samsung_A52_H126_01__x1121_y691__t256.png
12.445518493652344,7.511944770812988,7.680366039276123,7.093333721160889,5.658905029296875,0.09260212630033493,142.0,192.0,225.0,30.520311950950983,18.959374746668374,1.8264958045893962,0.5474964669983483,196.5572618427902,187.31702238417492,179.52974145410377,data/tiles/train/H181/H181__Motorola_Edge_H181_01__x149_y20__t256.png
16.380455017089844,9.114898681640625,9.242180824279785,9.19275951385498,7.604872703552246,0.09106189757585526,110.9333333333334,182.66666666666666,220.0,40.41547081900821,23.165386496614733,2.025475339192553,0.49371126897977724,181.9044909712224,173.16139048378983,167.5621086228729,data/tiles/train/H181/H181__Motorola_Edge_H181_01__x405_y20__t256.png
15.676547050476074,8.59282398223877,8.426209449768066,7.830667018890381,5.984521389007568,0.08516848832368851,119.0,186.33333333333334,216.66666666666666,36.33802979036058,22.514401891553813,1.8372869656929647,0.5442807893773048,185.08762099712035,175.86347708427297,170.68304826007008,data/tiles/train/H181/H181__Motorola_Edge_H181_01__x661_y20__t256.png
12.444746971130371,7.850420951843262,7.87856912612915,6.950556755065918,5.12983512878418,0.09092704951763153,124.33333333333333,181.0,214.33333333333334,33.301785685643544,18.592090869609354,1.86539175240073,0.5360804231674208,183.3318247238551,174.12509320432122,168.20582982191473,data/tiles/train/H181/H181__Motorola_Edge_H181_01__x917_y20__t256.png
11.664750099182129,8.218541145324707,9.266677856445312,9.779581069946289,8.9697847366333,0.08783887326717377,110.33333333333333,184.66666666666666,231.0,43.67207003689697,16.34337999373346,1.9893210175481295,0.5026840772197321,183.94692659913972,176.90523102539197,171.5549986124601,data/tiles/train/H181/H181__Motorola_Edge_H181_01__x1173_y20__t256.png
13.374968528747559,8.291955947875977,9.047514915466309,9.113897323608398,7.417898178100586,0.1149275079369545,112.0,175.0,211.66666666666666,36.98055388095357,19.406670570442547,2.0566023974789043,0.4862388574601754,178.43345414188357,167.9194166507708,159.15214940954098,data/tiles/train/H181/H181__Motorola_Edge_H181_01__x149_y276__t256.png
15.034444808959961,8.379908561706543,8.35694408416748,8.227392196655273,7.302377700805664,0.09203417599201202,100.33333333333333,170.0,205.0,38.06841054460713,20.145904442209382,1.8293940173680443,0.5466290971251254,168.9028910561205,160.1100891958491,154.83075347933226,data/tiles/train/H181/H181__Motorola_Edge_H181_01__x405_y276__t256.png
18.8531494140625,10.353252410888672,10.805554389953613,11.031272888183594,9.461731910705566,0.09903813153505325,70.0,157.0,199.0,47.552314291550246,25.147875143207827,1.8574941794892776,0.5383596950354657,152.32850275082873,142.7502559919471,139.1146323261424,data/tiles/train/H181/H181__Motorola_Edge_H181_01__x661_y276__t256.png
17.999561309814453,10.222734451293945,11.163254737854004,11.398837089538574,10.317872047424316,0.107573002576828,71.33333333333333,153.66666666666666,199.66666666666666,47.61343000225502,24.96828878336442,2.1478875247400793,0.46557372696738963,151.80995192391134,142.54598469201798,137.31546245031848,data/tiles/train/H181/H181__Motorola_Edge_H181_01__x917_y276__t256.png
14.481941223144531,9.0955171585083,10.558265686035156,11.351049423217773,10.614160537719727,0.09549791365861893,81.0,166.66666666666666,208.33333333333334,47.61421818317115,18.865674796835187,1.946715471447103,0.5136857515477821,162.22011279826464,154.44298481561822,148.07554013015184,data/tiles/train/H181/H181__Motorola_Edge_H181_01__x1173_y276__t256.png
17.286096572875977,7.9597954750061035,7.729082107543945,7.537222862243652,6.472869873046875,0.09742366522550583,87.33333333333333,153.33333333333334,188.33333333333334,37.11720374313303,23.20672584689272,2.324300725650309,0.43023692629972093,152.8137904709026,145.7164000416421,138.99552347572615,data/tiles/train/H181/H181__Motorola_Edge_H181_02__x36_y21__t256.png
16.581409454345703,7.965412139892578,8.34104061126709,9.307552337646484,8.76988410949707,0.08985031396150589,64.0,131.0,177.0,42.056778168604794,21.817140999379102,2.1045545092544136,0.47515994268747774,131.11147370248221,124.6307759069606,120.7799340392293,data/tiles/train/H181/H181__Motorola_Edge_H181_02__x292_y21__t256.png
19.63770866394043,8.652444839477539,8.46784782409668,8.357770919799805,7.458103179931641,0.10541306436061859,68.33333333333333,140.0,184.0,42.71764921351546,26.354861889809264,2.021078899447082,0.4947852358824664,140.25771907596717,131.16031726747315,126.69248659249874,data/tiles/train/H181/H181__Motorola_Edge_H181_02__x548_y21__t256.png
20.101472854614258,8.963601112365723,8.693148612976074,8.540797233581543,7.823170185089111,0.10953214019536972,70.66666666666667,140.66666666666666,182.66666666666666,41.424507009071576,26.99746018550588,2.251027531799546,0.4442415678499351,141.1798698481562,132.0669327548807,127.04843383947939,data/tiles/train/H181/H181__Motorola_Edge_H181_02__x804_y21__t256.png
16.166584014892578,8.19503402709961,8.112201690673828,7.544753551483154,6.1344218254089355,0.09558591991662979,93.33333333333333,155.33333333333334,187.0,34.56873012376893,22.55065408438047,2.1002745789539845,0.47612822152903334,154.8388183017427,146.60140248559327,141.2236686801361,data/tiles/train/H181/H181__Motorola_Edge_H181_02__x1060_y21__t256.png
18.687164306640625,8.362914085388184,7.579770565032959,7.29768180847168,6.495370388031006,0.11569064855575562,89.33333333333333,155.0,190.0,37.199615754477335,25.211649866071856,2.3685687142521643,0.4221958999892191,155.93866467710032,147.37172502342366,139.0236145330881,data/tiles/train/H181/H181__Motorola_Edge_H181_02__x36_y277__t256.png
19.943281173706055,9.24504280090332,8.732474327087402,8.09151840209961,6.783100128173828,0.10495158284902573,73.33333333333333,143.0,183.33333333333334,40.279132264186146,26.84338429371407,1.836003803053013,0.5446611811681121,142.7269049107453,134.82439049802042,129.18724387025074,data/tiles/train/H181/H181__Motorola_Edge_H181_02__x292_y277__t256.png
21.49886703491211,8.869706153869629,8.365401268005371,8.166991233825684,7.948340892791748,0.10250813513994217,65.0,137.33333333333334,181.33333333333334,42.98637123159459,28.69242900106694,2.005096590431082,0.49872909104344293,136.96944511920046,128.73841829475657,124.21088246521151,data/tiles/train/H181/H181__Motorola_Edge_H181_02__x548_y277__t256.png
23.695486068725586,9.910432815551758,8.832686424255371,7.599344253540039,5.684945106506348,0.11020684987306595,73.66666666666667,146.66666666666666,185.33333333333334,41.409470853347166,32.99959740679952,2.552964503419846,0.3917014900365599,146.0330314701086,136.79155823878423,131.20328926824192,data/tiles/train/H181/H181__Motorola_Edge_H181_02__x804_y277__t256.png
19.051387786865234,9.024081230163574,8.227827072143555,7.478005409240723,5.244411945343018,0.11366663128137589,88.66666666666667,152.0,186.33333333333334,36.143479485369696,27.173194614173525,2.1697939576905023,0.4608732531748709,153.39201609267158,143.87533381888807,136.98269344154266,data/tiles/train/H181/H181__Motorola_Edge_H181_02__x1060_y277__t256.png
12.46356201171875,6.1113104820251465,6.049306392669678,6.301985263824463,6.262106418609619,0.0861281305551529,120.66666666666667,172.66666666666666,200.0,29.543174806338342,17.053330411515127,2.1734153077311307,0.46010534500372086,173.4852374839538,166.45182666620408,159.38481421087326,data/tiles/train/H181/H181__Motorola_Edge_H181_03__x117_y16__t256.png
17.487028121948242,8.096954345703125,8.018355369567871,8.003962516784668,6.970703601837158,0.08468856662511826,98.0,163.33333333333334,197.0,36.81506256655956,23.654161192464166,1.9792215144235414,0.5052491561518091,161.72777604220903,154.92023326043946,148.9939775764518,data/tiles/train/H181/H181__Motorola_Edge_H181_03__x373_y16__t256.png
18.989242553710938,8.349388122558594,8.372532844543457,8.39780330657959,7.2340216636657715,0.08017802983522415,88.33333333333333,159.33333333333334,197.66666666666666,40.116471889720174,25.34899863946815,2.0525751895384645,0.4871928712267329,156.3379313934725,150.63718702826506,146.57349088196,data/tiles/train/H181/H181__Motorola_Edge_H181_03__x629_y16__t256.png
16.74663543701172,7.490576267242432,7.05100679397583,7.360217571258545,7.061790466308594,0.08348183333873749,100.66666666666667,165.33333333333334,196.33333333333334,36.10947130976544,21.15791646270206,1.9602465279053647,0.5101399164668114,162.7867108596814,156.62886544268213,151.48233436296115,data/tiles/train/H181/H181__Motorola_Edge_H181_03__x885_y16__t256.png
16.64448356628418,7.548506259918213,6.806581497192383,6.362336158752441,5.424912452697754,0.0898134782910347,116.0,172.33333333333334,202.0,31.787311459302018,22.549934766484636,2.274341089986916,0.4396877866748443,173.15485336709386,165.98936889752173,158.46423058913302,data/tiles/train/H181/H181__Motorola_Edge_H181_03__x1141_y16__t256.png
16.503644943237305,8.225939750671387,8.133495330810547,7.774170398712158,6.3249831199646,0.09849685430526733,101.33333333333333,166.33333333333334,194.66666666666666,34.86658121493539,22.44954158474011,2.041103946561063,0.489930952161864,164.67739527455169,156.87854799229206,149.29593944759822,data/tiles/train/H181/H181__Motorola_Edge_H181_03__x117_y272__t256.png
20.62809944152832,9.106363296508789,8.300593376159668,8.015342712402344,7.297753810882568,0.10075993090867996,81.73333333333358,150.0,190.33333333333334,39.94771658540954,27.821074279990846,1.733659832357965,0.5768144253765698,150.05327620005897,142.47782037714902,136.59028849990457,data/tiles/train/H181/H181__Motorola_Edge_H181_03__x373_y272__t256.png
21.371837615966797,9.210278511047363,9.01754093170166,8.914107322692871,8.32508373260498,0.07991437613964081,68.66666666666667,142.33333333333334,184.33333333333334,43.338289320777875,28.73203755790291,2.246259707510536,0.4451844978817123,139.55130317165796,133.3487956717013,129.93148594516794,data/tiles/train/H181/H181__Motorola_Edge_H181_03__x629_y272__t256.png
20.111045837402344,9.07892894744873,9.191045761108398,9.378335952758789,9.201515197753906,0.08767320215702057,66.33333333333333,142.66666666666666,186.33333333333334,44.70380692267307,26.228696481657146,1.7532970954611393,0.5703539933926528,139.84385024883386,133.2820752917512,129.09745270422584,data/tiles/train/H181/H181__Motorola_Edge_H181_03__x885_y272__t256.png
18.635133743286133,8.717085838317871,8.49843692779541,8.481390953063965,7.902835369110107,0.10390759259462357,85.0,154.33333333333334,193.66666666666666,40.14854286779672,24.82316378236318,1.5446665334481202,0.6473889207450654,154.07256692475957,146.6617304954689,139.71435019617374,data/tiles/train/H181/H181__Motorola_Edge_H181_03__x1141_y272__t256.png
19.283123016357422,8.719208717346191,7.856825351715088,6.69441556930542,5.051751136779785,0.09600812941789627,107.33333333333333,169.0,201.66666666666666,34.974867415217375,28.111770887269138,2.3414867397474923,0.4270790788709915,169.12096088804094,162.39363455034257,154.02336310814326,data/tiles/train/H181/H181__Motorola_Edge_H181_04__x53_y17__t256.png
18.14693832397461,8.911738395690918,8.965594291687012,9.576183319091797,10.35641098022461,0.09006253629922867,69.33333333333333,143.33333333333334,190.33333333333334,44.6856251710808,23.58441862795544,1.9786548688030943,0.5053938490065772,141.60990878507266,135.32592862345228,131.89813755072313,data/tiles/train/H181/H181__Motorola_Edge_H181_04__x309_y17__t256.png
20.172313690185547,9.275403022766113,9.496268272399902,9.918489456176758,9.845646858215332,0.09795251488685608,61.666666666666664,141.33333333333334,187.66666666666666,46.73373735764613,25.723827779521752,1.8728757905019129,0.5339382382277521,139.30604346014997,131.34877464593168,127.00347125798389,data/tiles/train/H181/H181__Motorola_Edge_H181_04__x565_y17__t256.png
19.815977096557617,9.387815475463867,9.441737174987793,9.372794151306152,9.020468711853027,0.10776667296886444,67.0,145.33333333333334,191.33333333333334,45.850812394305926,25.533824023841728,1.9447798106399887,0.5141970286450679,144.16407997641633,135.752995647424,130.2040855255172,data/tiles/train/H181/H181__Motorola_Edge_H181_04__x821_y17__t256.png
19.20423126220703,9.604353904724121,9.324664115905762,8.33804988861084,6.480491638183594,0.1121659204363823,90.0,159.66666666666666,197.33333333333334,39.62543953372877,26.92183209632358,2.0105499952445323,0.4973763409839383,160.28039784069014,150.97595945218794,143.42019753172139,data/tiles/train/H181/H181__Motorola_Edge_H181_04__x1077_y17__t256.png
18.72616195678711,8.596261978149414,7.987918853759766,7.263759136199951,5.531571388244629,0.1099451407790184,106.33333333333333,169.0,201.66666666666666,35.39223027993469,26.564879006682062,2.061253351975843,0.4851417216818283,169.87853548499046,161.58932847475273,152.4244837758112,data/tiles/train/H181/H181__Motorola_Edge_H181_04__x53_y273__t256.png
17.71365737915039,8.77092456817627,9.245349884033203,10.266742706298828,9.10166072845459,0.09043672680854797,63.333333333333336,140.0,192.66666666666666,46.821467163435386,22.63759546206282,2.3080913540819656,0.4332584142440697,139.778226925746,133.20581193615544,128.68761276891047,data/tiles/train/H181/H181__Motorola_Edge_H181_04__x309_y273__t256.png
23.304868698120117,10.492663383483887,10.550117492675781,10.48659610748291,9.263712882995605,0.10192809253931046,56.0,138.66666666666666,190.33333333333334,49.57178354513743,31.033019558737656,1.946072952891033,0.5138553508564143,137.3499748294478,129.1358515458191,124.77395108233374,data/tiles/train/H181/H181__Motorola_Edge_H181_04__x565_y273__t256.png
22.161510467529297,9.67694091796875,9.931341171264648,10.40196704864502,9.872167587280273,0.11721570044755936,62.666666666666664,144.66666666666666,191.33333333333334,47.76443458491326,28.64485423409188,2.205654481982628,0.4533801681853251,143.3753578678882,133.73038016414208,127.94065899744938,data/tiles/train/H181/H181__Motorola_Edge_H181_04__x821_y273__t256.png
18.868358612060547,9.53446102142334,9.364264488220215,9.08692741394043,7.289188861846924,0.11089837551116943,87.33333333333333,156.0,197.33333333333334,40.7329452600007,26.347283104807968,2.3169671618711245,0.4315986935233148,157.19708827152996,148.0430512415624,141.1944854153291,data/tiles/train/H181/H181__Motorola_Edge_H181_04__x1077_y273__t256.png
6.476385593414307,4.813105583190918,5.439250946044922,5.391676425933838,4.457102298736572,0.16276462376117706,154.0,189.66666666666666,212.33333333333334,21.55259441864126,10.3229000197647,1.613142104930227,0.6199081884625737,200.6565542616151,187.88304205210088,170.33806556864923,data/tiles/train/H181/H181__Samsung_A52_H181_01__x85_y218__t256.png
8.249236106872559,5.424361705780029,5.757805824279785,5.419431686401367,4.4036335945129395,0.16594527661800385,143.66666666666666,179.66666666666666,204.0,22.20299436697287,12.980662544789086,2.188025790169295,0.45703300413228976,190.40538524263087,178.2621488922431,161.10331546348826,data/tiles/train/H181/H181__Samsung_A52_H181_01__x341_y218__t256.png
10.94110107421875,6.083981990814209,6.512073040008545,6.699904918670654,5.935947418212891,0.17224113643169403,123.0,169.0,199.66666666666666,28.357243873694966,15.469596268574524,1.5617888464143095,0.6402914211456221,178.64638611713667,167.05773535791758,150.20560520607376,data/tiles/train/H181/H181__Samsung_A52_H181_01__x597_y218__t256.png
12.577502250671387,6.8419013023376465,7.112940311431885,6.860933303833008,5.542299747467041,0.18758746981620789,123.33333333333333,172.33333333333334,202.33333333333334,29.288487493199387,18.1804125376458,1.9351530702603992,0.5167549871728945,182.22373446288452,169.52928616068328,150.82181792931047,data/tiles/train/H181/H181__Samsung_A52_H181_01__x853_y218__t256.png
12.15951156616211,6.694201469421387,6.308449745178223,5.347451210021973,3.8530924320220947,0.17042849957942963,146.33333333333334,188.0,215.0,25.388414871050365,18.430415339602597,1.8200998972449387,0.5494203925365233,199.16537633661991,186.06198791834467,167.7542875989446,data/tiles/train/H181/H181__Samsung_A52_H181_01__x1109_y218__t256.png
8.557798385620117,6.143612861633301,6.790614604949951,6.553958415985107,5.272021293640137,0.18440623581409454,133.33333333333334,178.33333333333334,206.33333333333334,26.79980804435414,13.400655111760166,1.5866537004917263,0.6302572512767506,189.38754877308594,175.73739703459637,157.27742998352554,data/tiles/train/H181/H181__Samsung_A52_H181_01__x85_y474__t256.png
12.902118682861328,7.9534735679626465,8.385333061218262,8.079070091247559,6.254348278045654,0.19483140110969543,101.33333333333333,156.0,192.66666666666666,33.52217422294411,19.280349379787182,1.7598224234591568,0.5682391511038777,165.49220621419892,152.7785801076202,136.0039055719493,data/tiles/train/H181/H181__Samsung_A52_H181_01__x341_y474__t256.png
15.326221466064453,7.803124904632568,7.889130592346191,7.616515636444092,6.798365592956543,0.16630905866622925,86.0,148.66666666666666,185.0,36.59376292185818,20.912148489042128,2.255360302498437,0.44338813576359515,153.24486503365486,143.13626743459858,129.75841371174798,data/tiles/train/H181/H181__Samsung_A52_H181_01__x597_y474__t256.png
15.009448051452637,8.098886489868164,8.646130561828613,8.146843910217285,7.111749649047852,0.20117050409317017,79.0,136.33333333333334,181.0,37.302214279240964,20.84159148112582,1.5142042142016998,0.6604129024480412,146.12621072730428,134.52574205867037,119.36495400104148,data/tiles/train/H181/H181__Samsung_A52_H181_01__x853_y474__t256.png
14.215143203735352,8.242857933044434,8.747065544128418,8.962607383728027,8.273222923278809,0.19893009960651398,87.0,151.0,193.66666666666666,38.8677899811558,19.702912376733625,1.5698400948797635,0.6370075546303279,159.78160001389202,146.79705489086078,130.82322399152588,data/tiles/train/H181/H181__Samsung_A52_H181_01__x1109_y474__t256.png
9.108221054077148,6.047098159790039,6.847379207611084,7.0105299949646,6.171965599060059,0.18054470419883728,135.66666666666666,181.66666666666666,210.66666666666666,27.667105247912883,13.562827342182466,1.8986907906895778,0.526678701399723,192.76322776572667,178.79274620390456,160.73896746203906,data/tiles/train/H181/H181__Samsung_A52_H181_01__x85_y730__t256.png
11.839004516601562,7.183953285217285,8.111207008361816,8.286699295043945,6.874404430389404,0.1721278727054596,106.0,162.66666666666666,197.66666666666666,33.456755001674516,16.742431173388333,1.6875423671871057,0.5925777150513017,170.07721934040006,157.92305823979459,143.10742353533075,data/tiles/train/H181/H181__Samsung_A52_H181_01__x341_y730__t256.png
13.894902229309082,7.567918300628662,8.110074996948242,8.283318519592285,8.077418327331543,0.18813297152519226,83.33333333333333,141.0,194.0,40.117997440808374,19.168239947587093,1.5321591957710585,0.6526736926294074,152.5849521726299,140.15565161536725,126.34933944412617,data/tiles/train/H181/H181__Samsung_A52_H181_01__x597_y730__t256.png
12.449990272521973,6.897737503051758,7.639908313751221,8.169576644897461,7.4543633460998535,0.1514902561903,86.0,149.33333333333334,191.0,38.8088407662116,16.617705331467256,1.7465636990016344,0.5725528365049709,154.15601027456697,143.88885417751396,132.51112499566108,data/tiles/train/H181/H181__Samsung_A52_H181_01__x853_y730__t256.png
13.148336410522461,7.9132585525512695,9.122291564941406,9.54080867767334,8.238636016845703,0.19560061395168304,84.33333333333333,146.0,194.0,40.07948256501582,18.013424418522312,2.0076869085160176,0.4980856306619792,156.1253276397785,142.5434741099481,128.29799163325174,data/tiles/train/H181/H181__Samsung_A52_H181_01__x1109_y730__t256.png
6.308802127838135,4.958093166351318,5.923007011413574,5.932995796203613,4.818787097930908,0.17099541425704956,150.66666666666666,187.0,210.66666666666666,22.12825100702387,10.344921811722056,1.7156853836916546,0.5828574454882233,198.8797849275865,185.50418870869828,167.42821958199636,data/tiles/train/H181/H181__Samsung_A52_H181_02__x92_y173__t256.png
6.873438835144043,5.443370342254639,6.343352794647217,6.64971923828125,6.0760016441345215,0.16218090057373047,129.66666666666666,172.66666666666666,202.33333333333334,26.821472427614037,10.869680996474345,1.5584794992019728,0.6416510454658242,182.62251517779706,170.7771379011275,155.13882046834345,data/tiles/train/H181/H181__Samsung_A52_H181_02__x348_y173__t256.png
9.57638168334961,6.406848907470703,7.380334377288818,7.738996505737305,7.184413433074951,0.17375971376895905,113.0,162.0,196.33333333333334,30.706472124481536,14.023741731127284,1.707394457021812,0.5856877395187801,171.27315617845002,160.12733296329702,143.84859154929578,data/tiles/train/H181/H181__Samsung_A52_H181_02__x604_y173__t256.png
10.075281143188477,6.045968532562256,6.566402435302734,6.356820106506348,5.412232875823975,0.17170168459415436,127.0,173.66666666666666,202.33333333333334,27.826596696265604,14.815769185681496,1.742141114156001,0.5740063143417982,182.794938509306,171.30115696171794,153.74531231028084,data/tiles/train/H181/H181__Samsung_A52_H181_02__x860_y173__t256.png
10.400634765625,6.556710720062256,7.240227699279785,7.367178916931152,6.536069869995117,0.16363775730133057,130.66666666666666,178.66666666666666,213.66666666666666,30.45134843539099,15.197161481622523,2.0916597966488983,0.4780892196723987,188.9467856151069,177.33298042210498,160.24350874757013,data/tiles/train/H181/H181__Samsung_A52_H181_02__x1116_y173__t256.png
7.7057414054870605,5.808097839355469,6.981330871582031,7.196127891540527,6.239408016204834,0.18172335624694824,129.0,174.33333333333334,204.0,27.46924911959805,11.807083610696182,1.5517101829103646,0.6444502401372496,185.32283246018804,171.92197203622106,154.33794192138222,data/tiles/train/H181/H181__Samsung_A52_H181_02__x92_y429__t256.png
11.308267593383789,7.17889404296875,8.085029602050781,8.47223949432373,7.651443004608154,0.185140922665596,98.33333333333333,153.0,193.66666666666666,34.917277410393964,16.100578710628323,1.5074161732829479,0.6633868056637178,162.63785115649563,150.71078065624403,134.98420988703995,data/tiles/train/H181/H181__Samsung_A52_H181_02__x348_y429__t256.png
15.362420082092285,8.358531951904297,9.358138084411621,9.625714302062988,8.52944564819336,0.19815866649150848,74.33333333333333,142.0,185.33333333333334,40.55135440099803,20.79603412708506,1.758280069720984,0.5687376074044261,148.15469584518277,136.72452660054103,121.34287646528404,data/tiles/train/H181/H181__Samsung_A52_H181_02__x604_y429__t256.png
13.618971824645996,7.672153949737549,8.603293418884277,9.386157989501953,8.94223403930664,0.20436455309391022,67.33333333333333,130.0,179.33333333333334,41.43777527757241,18.23594805003133,1.8667102368880613,0.5357017817971959,138.73849328847422,127.63006832922896,112.94334223578787,data/tiles/train/H181/H181__Samsung_A52_H181_02__x860_y429__t256.png
13.58515453338623,8.231552124023438,9.005782127380371,9.088773727416992,7.353442668914795,0.18297410011291504,95.33333333333333,153.0,197.33333333333334,36.99302637235508,18.85102430761772,1.9558468553352195,0.5112874749227778,163.18450376644566,151.05028291734646,135.79836498073385,data/tiles/train/H181/H181__Samsung_A52_H181_02__x1116_y429__t256.png
7.976236343383789,5.511311054229736,6.137263774871826,6.0504889488220215,5.723416805267334,0.17227494716644287,143.0,186.66666666666666,211.66666666666666,25.303540531336253,11.815003254424363,1.9965823393063786,0.5008558777232319,196.5651660619108,183.5771975207903,165.25922325040366,data/tiles/train/H181/H181__Samsung_A52_H181_02__x92_y685__t256.png
13.505204200744629,8.179122924804688,8.6156587600708,7.709995746612549,5.80647087097168,0.1736123263835907,108.33333333333333,165.33333333333334,202.0,34.214125073925175,19.684103476557194,2.033659811242668,0.49172432600167776,173.5531685985979,161.31385784687998,145.74946206705073,data/tiles/train/H181/H181__Samsung_A52_H181_02__x348_y685__t256.png
13.48324203491211,7.65747594833374,8.400530815124512,8.72290325164795,8.477771759033203,0.19078384339809418,83.0,146.0,191.0,39.236349896072845,17.848592551735653,1.8356083499008808,0.5447785199135742,154.4188126204657,142.85370470055045,127.5792251992568,data/tiles/train/H181/H181__Samsung_A52_H181_02__x604_y685__t256.png
12.41291618347168,6.8747453689575195,7.555035591125488,8.329316139221191,8.979301452636719,0.175932839512825,91.33333333333333,153.0,198.33333333333334,38.716969656159975,15.997421172566117,1.8059506727488464,0.5537249799175827,160.76978966169,149.35013612165983,134.71480344725936,data/tiles/train/H181/H181__Samsung_A52_H181_02__x860_y685__t256.png
13.193132400512695,7.846264839172363,8.359314918518066,8.363448143005371,7.709163665771484,0.18077319860458374,101.0,161.33333333333334,203.0,37.02077431408062,18.210369754018522,2.155562191273397,0.4639160976419106,170.48406395227855,157.58448359575502,142.19646944579316,data/tiles/train/H181/H181__Samsung_A52_H181_02__x1116_y685__t256.png
18.53413200378418,8.726401329040527,8.706268310546875,8.613972663879395,7.616922378540039,0.1294955313205719,81.0,146.33333333333334,194.0,41.407549913363,24.160836136847404,2.110151371593065,0.47389965168472586,151.57366075299586,142.28938834261137,133.26616721294417,data/tiles/train/H183/H183__Motorola_Edge_H183_01__x40_y19__t256.png
15.544790267944336,8.404339790344238,9.409699440002441,10.604931831359863,10.701804161071777,0.12898734211921692,51.666666666666664,117.33333333333333,173.66666666666666,44.6700273978875,19.940557988844496,2.22410861244368,0.4496183299705299,122.32407760924647,114.51856929644927,107.74664190760474,data/tiles/train/H183/H183__Motorola_Edge_H183_01__x296_y19__t256.png
19.74911117553711,9.367500305175781,9.641373634338379,9.824713706970215,9.421786308288574,0.09942103177309036,55.0,130.33333333333334,176.66666666666666,45.85883610839658,26.312550015339355,2.07264442250961,0.4824754256637879,128.81768915445008,122.1271798791079,116.95826096018898,data/tiles/train/H183/H183__Motorola_Edge_H183_01__x552_y19__t256.png
17.161306381225586,8.168662071228027,8.530162811279297,8.825267791748047,8.461040496826172,0.09384355694055557,62.0,135.66666666666666,177.33333333333334,42.23260411643426,21.89469797046271,1.9129332541388042,0.5227573925208365,133.0845400156074,126.6919968785225,121.89700858406313,data/tiles/train/H183/H183__Motorola_Edge_H183_01__x808_y19__t256.png
12.741873741149902,7.460651397705078,8.718388557434082,9.456947326660156,8.783427238464355,0.11376721411943436,62.666666666666664,133.66666666666666,181.0,44.07274635861697,16.33564268313039,1.7926490025411463,0.5578336855583346,133.6788624934975,126.66467834229235,120.37102479625455,data/tiles/train/H183/H183__Motorola_Edge_H183_01__x1064_y19__t256.png
17.326519012451172,8.380494117736816,8.264867782592773,8.033937454223633,7.765951156616211,0.10997508466243744,84.63333333333352,150.33333333333334,189.66666666666666,38.62097202634011,23.030940354254966,2.3618189125853086,0.4234024863935796,151.25321069073237,143.76053453661922,136.30399166955917,data/tiles/train/H183/H183__Motorola_Edge_H183_01__x40_y275__t256.png
14.952932357788086,8.19327163696289,9.602458000183105,10.543207168579102,9.757721900939941,0.09799395501613617,60.333333333333336,138.0,178.33333333333334,43.61878809492449,18.78338816685308,1.984007452207389,0.5040303648493906,134.24598383123416,127.8022101939558,122.4591964192776,data/tiles/train/H183/H183__Motorola_Edge_H183_01__x296_y275__t256.png
20.922849655151367,9.671820640563965,10.11203384399414,9.926263809204102,8.778890609741211,0.09127656370401382,56.0,132.66666666666666,180.33333333333334,46.23098773461981,27.247670966200882,2.455581492710169,0.4072355175214824,130.41064018196656,123.90087337002761,119.50410640181967,data/tiles/train/H183/H183__Motorola_Edge_H183_01__x552_y275__t256.png
18.149078369140625,7.795022010803223,8.037464141845703,8.62579345703125,8.409988403320312,0.08143503963947296,66.9333333333334,134.33333333333334,180.0,41.25623880131801,22.575663532814442,2.032776239404844,0.4919380601835349,133.74203230451604,128.48897447908533,124.93924252676139,data/tiles/train/H183/H183__Motorola_Edge_H183_01__x808_y275__t256.png
14.640629768371582,7.373526573181152,7.807699680328369,8.380596160888672,8.752492904663086,0.09227339178323746,68.0,138.33333333333334,181.33333333333334,41.450676508375295,18.060481723322187,1.9288320937999,0.5184484451572702,136.79468611617608,131.3232959972215,126.28569940088565,data/tiles/train/H183/H183__Motorola_Edge_H183_01__x1064_y275__t256.png
9.043482780456543,5.524116039276123,6.170510292053223,6.32246732711792,6.036566734313965,0.0936804786324501,116.0,163.33333333333334,188.66666666666666,26.933233978482356,12.642201404744469,2.094342007566524,0.47747693375158373,164.96763843845926,158.31808327985988,150.4520386396351,data/tiles/train/H183/H183__Motorola_Edge_H183_02__x49_y19__t256.png
9.727023124694824,6.098333358764648,7.0887346267700195,7.382073402404785,6.808876037597656,0.08179862052202225,95.66666666666667,146.0,179.66666666666666,31.184552101453644,12.790190316763306,1.7488271288111767,0.571811806624811,148.00175252902085,141.8484669709011,137.32872932970102,data/tiles/train/H183/H183__Motorola_Edge_H183_02__x305_y19__t256.png
14.370386123657227,8.588007926940918,9.18936824798584,8.66676139831543,7.415241241455078,0.10178419202566147,76.33333333333333,139.33333333333334,177.66666666666666,37.608684871045746,20.16981664463251,2.0253646554620532,0.49373824970391156,139.6869344726376,132.12450719880513,126.44629118254919,data/tiles/train/H183/H183__Motorola_Edge_H183_02__x561_y19__t256.png
13.769389152526855,7.778975486755371,8.490428924560547,8.808924674987793,8.384286880493164,0.09689048677682877,84.33333333333333,150.66666666666666,182.33333333333334,36.38404967262076,18.770047693566156,1.9527030455186938,0.5121106367375852,148.67459120151207,141.34437912916817,135.48918829873935,data/tiles/train/H183/H183__Motorola_Edge_H183_02__x817_y19__t256.png
11.81326961517334,6.904125213623047,7.4241719245910645,7.244040489196777,6.143560409545898,0.1005033627152443,102.66666666666667,154.33333333333334,186.33333333333334,30.700372096926024,17.060282068694242,2.1711968341717607,0.4605754689125027,156.76510171872562,149.05525590107356,141.99523057978806,data/tiles/train/H183/H183__Motorola_Edge_H183_02__x1073_y19__t256.png
7.571249961853027,4.9523444175720215,6.016168117523193,6.607288360595703,5.626170635223389,0.10657527297735214,117.33333333333333,158.33333333333334,186.66666666666666,25.502874658170594,10.699110800357541,1.626734984440663,0.6147282806140918,163.52147814018042,156.02484385843164,146.9984559333796,data/tiles/train/H183/H183__Motorola_Edge_H183_02__x49_y275__t256.png
11.209129333496094,7.353712558746338,8.691015243530273,9.35272216796875,8.590289115905762,0.10966035723686218,80.33333333333333,144.33333333333334,179.33333333333334,36.55070824782467,15.732881805796755,2.161760121252979,0.4625860150572069,144.6860652751028,136.7575347457186,129.99567955858623,data/tiles/train/H183/H183__Motorola_Edge_H183_02__x305_y275__t256.png
16.03169822692871,8.506115913391113,7.793203353881836,6.965645790100098,5.302279949188232,0.09870027005672455,89.66666666666667,148.0,182.0,34.18024682278761,23.22470079909644,2.1139027365068515,0.4730586619384694,149.3152473599334,141.3976833307323,135.40075257070524,data/tiles/train/H183/H183__Motorola_Edge_H183_02__x561_y275__t256.png
15.107951164245605,8.879472732543945,9.178434371948242,9.031594276428223,7.723712921142578,0.1038414016366005,77.33333333333333,142.33333333333334,180.66666666666666,38.390925191583435,21.454156941606037,2.068919363782383,0.4833441155346951,142.73093602553428,135.0648071051901,128.88129683597003,data/tiles/train/H183/H183__Motorola_Edge_H183_02__x817_y275__t256.png
13.345464706420898,7.460204601287842,7.593308448791504,7.044208526611328,5.842443466186523,0.09984768182039261,103.0,157.33333333333334,187.66666666666666,31.321584073300336,19.582601758853972,1.6449642690888782,0.6079159400549687,159.06674188508939,151.07835445235202,143.9918764103454,data/tiles/train/H183/H183__Motorola_Edge_H183_02__x1073_y275__t256.png
15.062582015991211,7.467518329620361,7.0007805824279785,6.232892036437988,4.8133440017700195,0.08182583749294281,120.0,173.33333333333334,201.0,30.22623309493926,21.85396235321848,1.6698247514647029,0.5988652396743074,173.9473994656674,166.174126504979,160.69020852850352,data/tiles/train/H183/H183__Motorola_Edge_H183_03__x116_y15__t256.png
19.113189697265625,9.124469757080078,8.761296272277832,8.192239761352539,6.662679195404053,0.09004714339971542,93.33333333333333,162.33333333333334,197.66666666666666,38.9276775002668,26.50937198064751,2.2011105313199857,0.45431612168985863,160.9092974454137,152.61814744801512,147.28920760999637,data/tiles/train/H183/H183__Motorola_Edge_H183_03__x372_y15__t256.png
20.946191787719727,8.808621406555176,8.333562850952148,8.128966331481934,6.838208198547363,0.10071655362844467,87.33333333333333,164.66666666666666,197.66666666666666,40.97174737529265,27.66636866418396,2.1787677117349316,0.45897504108123105,161.34911027090777,152.00126608623262,146.06878490408963,data/tiles/train/H183/H183__Motorola_Edge_H183_03__x628_y15__t256.png
18.913291931152344,8.171855926513672,7.739272117614746,7.271114826202393,6.139370918273926,0.09606599062681198,93.66666666666667,161.66666666666666,192.66666666666666,36.81688930747678,25.675824498443866,2.133427490363425,0.46872931211252555,160.18276753343625,151.35363505472964,145.9109580724062,data/tiles/train/H183/H183__Motorola_Edge_H183_03__x884_y15__t256.png
16.642927169799805,8.05880069732666,8.073725700378418,8.310888290405273,6.76511287689209,0.09396331757307053,101.33333333333333,166.33333333333334,200.33333333333334,36.51697823827601,22.775367621158424,2.2821435318483556,0.43818453398944596,166.16490376278827,157.92472689439916,151.38656147043523,data/tiles/train/H183/H183__Motorola_Edge_H183_03__x1140_y15__t256.png
14.3666353225708,7.230348110198975,6.993112087249756,6.885008811950684,6.465638637542725,0.07948839664459229,109.33333333333333,166.0,194.33333333333334,31.471996152926344,19.67800503753525,2.082082149177259,0.48028844606114746,165.49503661795842,158.49132275866856,153.28043108534933,data/tiles/train/H183/H183__Motorola_Edge_H183_03__x116_y271__t256.png
17.410669326782227,8.340226173400879,8.77302074432373,9.534281730651855,9.4060697555542,0.0811609998345375,74.0,149.33333333333334,189.0,42.36682196557847,22.478676645849557,1.9360821736834917,0.5165070024364982,145.912023205725,139.09143333564927,135.75149378169942,data/tiles/train/H183/H183__Motorola_Edge_H183_03__x372_y271__t256.png
20.316537857055664,9.2786226272583,9.757867813110352,10.461653709411621,9.543559074401855,0.09079582989215851,60.666666666666664,140.0,183.33333333333334,45.46147821801453,25.956299289707317,2.007332815455308,0.4981734928560801,136.99399930627817,129.42839056538327,125.96579951439473,data/tiles/train/H183/H183__Motorola_Edge_H183_03__x628_y271__t256.png
21.51950454711914,10.108819961547852,10.226329803466797,9.7491455078125,6.759710311889648,0.10074431449174881,68.66666666666667,143.0,185.66666666666666,43.38531736343215,29.4217336595457,1.9779161563688392,0.5055826035800485,142.03667048650902,133.42518317880334,128.9041219571483,data/tiles/train/H183/H183__Motorola_Edge_H183_03__x884_y271__t256.png
15.319087028503418,7.474137306213379,7.466867446899414,7.4341583251953125,6.65721321105957,0.09051531553268433,95.33333333333333,158.33333333333334,193.33333333333334,35.724448093750176,20.13962509192018,2.040692883022396,0.4900296405792019,158.15106154166378,150.70171026156942,145.60934572954972,data/tiles/train/H183/H183__Motorola_Edge_H183_03__x1140_y271__t256.png
10.107940673828125,6.028580188751221,6.140586853027344,5.472200870513916,5.177180767059326,0.08257613331079483,124.33333333333333,171.33333333333334,198.33333333333334,27.1507381078915,14.168857232793291,2.3459589236860934,0.42626492301440116,173.1643376672974,166.11779818424844,159.62983665179578,data/tiles/train/H183/H183__Motorola_Edge_H183_04__x121_y16__t256.png
12.345922470092773,6.981675624847412,7.308935165405273,7.548507213592529,7.864904880523682,0.076779305934906,94.66666666666667,158.66666666666666,190.33333333333334,35.59708093498861,16.180285255765405,2.2089617659159377,0.452701361983671,156.096665625759,149.89507650671385,144.97291905208007,data/tiles/train/H183/H183__Motorola_Edge_H183_04__x377_y16__t256.png
18.911447525024414,9.048810958862305,8.198038101196289,7.338660717010498,5.61768102645874,0.09424291551113129,89.33333333333333,158.0,192.66666666666666,38.50755656672366,25.855236715605955,1.9219062190906413,0.5203167511852658,156.8215766195473,149.03736015956986,142.9345590148296,data/tiles/train/H183/H183__Motorola_Edge_H183_04__x633_y16__t256.png
13.696935653686523,7.734724998474121,8.242185592651367,8.590259552001953,8.215081214904785,0.09459639340639114,87.0,154.33333333333334,191.0,38.099522014503094,18.282341451619722,1.708012527877619,0.5854757993154784,153.55978892919754,146.2308586901807,139.98147923139678,data/tiles/train/H183/H183__Motorola_Edge_H183_04__x889_y16__t256.png
11.31458854675293,6.980708122253418,8.100996971130371,8.342598915100098,7.776558876037598,0.08135974407196045,102.0,166.66666666666666,196.66666666666666,34.663473139562015,14.648930024895359,2.1608854119418512,0.46277326621468706,163.700617498092,157.5688267536252,151.63994310691737,data/tiles/train/H183/H183__Motorola_Edge_H183_04__x1145_y16__t256.png
10.104887962341309,5.940469741821289,6.344693183898926,6.415050029754639,5.671381950378418,0.08190387487411499,114.0,165.66666666666666,188.0,27.552965770292992,13.565141039377803,2.115412824289226,0.4727209689371141,164.37831321121288,157.92820219261728,152.02451082431307,data/tiles/train/H183/H183__Motorola_Edge_H183_04__x121_y272__t256.png
17.209959030151367,9.430885314941406,9.634562492370605,9.379039764404297,8.476572036743164,0.08791473507881165,66.66666666666667,138.33333333333334,180.66666666666666,42.189198403543784,23.56334940920711,2.0088427104131568,0.49779905356270077,136.40001042100874,130.1082048075587,125.50731207447548,data/tiles/train/H183/H183__Motorola_Edge_H183_04__x377_y272__t256.png
22.722761154174805,10.517885208129883,9.872883796691895,9.163935661315918,7.9296956062316895,0.08757536113262177,64.66666666666667,138.66666666666666,184.66666666666666,44.69605131205341,31.25979304578011,1.982941307815932,0.5043013608412992,137.63428551606916,130.99809216573877,126.59292020049604,data/tiles/train/H183/H183__Motorola_Edge_H183_04__x633_y272__t256.png
15.57572078704834,8.378193855285645,9.213461875915527,9.512365341186523,9.464509010314941,0.08180360496044159,67.0,136.66666666666666,181.33333333333334,42.4445624971116,20.381758034853235,2.203917689516414,0.4537374534252326,135.23233164939327,129.59720847872507,125.72543096713713,data/tiles/train/H183/H183__Motorola_Edge_H183_04__x889_y272__t256.png
12.253107070922852,7.6096649169921875,8.438570022583008,8.69880485534668,7.753414630889893,0.07616530358791351,86.33333333333333,149.33333333333334,183.33333333333334,35.829373711023344,16.44961257741857,1.8306240801248046,0.5462617971964097,147.97246163183908,142.41071707274776,137.6808636087748,data/tiles/train/H183/H183__Motorola_Edge_H183_04__x1145_y272__t256.png
7.10214376449585,4.869187831878662,5.026469707489014,4.696659088134766,3.9255869388580322,0.1446188986301422,159.66666666666666,190.0,215.66666666666666,21.179884373510085,11.451166728470124,1.9960487703230727,0.5009897628093245,202.1518730489074,190.3783038501561,174.8065730142213,data/tiles/train/H183/H183__Samsung_A52_H183_01__x101_y193__t256.png
8.649779319763184,5.934628963470459,6.6342339515686035,6.423877239227295,5.901421070098877,0.15003493428230286,134.0,176.33333333333334,208.0,27.769246539338006,13.336292469860268,1.9697556594908123,0.507677180761853,186.75399261301567,175.66626783887358,160.60658239261994,data/tiles/train/H183/H183__Samsung_A52_H183_01__x357_y193__t256.png
12.127582550048828,6.862689971923828,7.285891056060791,7.523428440093994,7.232038497924805,0.1679660677909851,114.0,169.0,203.0,32.76816339792473,16.75879396996211,1.4214369089039942,0.7035134614388583,176.5420333628426,165.3745595306289,149.06290683747332,data/tiles/train/H183/H183__Samsung_A52_H183_01__x613_y193__t256.png
12.752052307128906,6.802550315856934,6.908442974090576,6.857394695281982,6.433042526245117,0.17283879220485687,119.0,167.66666666666666,207.0,32.53580626271057,17.522466070043066,1.688994202392939,0.5920683437416283,178.91038382156546,167.3113238635378,150.32370744228803,data/tiles/train/H183/H183__Samsung_A52_H183_01__x869_y193__t256.png
11.111008644104004,6.389529705047607,6.856557846069336,6.778433799743652,5.425039768218994,0.16305352747440338,132.33333333333334,178.0,210.0,28.537111872818407,15.965854366113234,1.915682628441907,0.5220071347691531,187.97123313831358,176.723615909446,159.4986371764379,data/tiles/train/H183/H183__Samsung_A52_H183_01__x1125_y193__t256.png
8.231943130493164,5.909597396850586,6.61320686340332,6.592899322509766,5.972718715667725,0.16164164245128632,136.66666666666666,178.66666666666666,209.33333333333334,26.414028354085985,12.991736947774939,1.6944285769298373,0.5901694610296978,189.23199139680503,177.1746830173625,160.82741574592822,data/tiles/train/H183/H183__Samsung_A52_H183_01__x101_y449__t256.png
13.59172534942627,8.101970672607422,8.520689964294434,7.877966403961182,6.290277004241943,0.17488700151443481,101.0,156.66666666666666,193.33333333333334,33.818885846839095,20.242128955482634,1.6866387396937481,0.5928951923525575,164.50142390775855,153.10010766131833,137.9717128568452,data/tiles/train/H183/H183__Samsung_A52_H183_01__x357_y449__t256.png
15.997416496276855,7.92447566986084,8.359640121459961,8.631093978881836,7.739959239959717,0.1709866225719452,84.66666666666667,147.0,189.0,38.17796078267063,21.51033651654809,1.8274790173558082,0.5472019051944612,153.43251539061822,143.50356368681176,129.18867597329404,data/tiles/train/H183/H183__Samsung_A52_H183_01__x613_y449__t256.png
16.561580657958984,8.402060508728027,8.301408767700195,8.292289733886719,7.042601108551025,0.18815846741199493,85.66666666666667,142.33333333333334,184.0,36.49294990223051,23.25768212148365,1.7422820532681724,0.5739598810216751,151.30752807623543,140.26599086979917,125.21822221450765,data/tiles/train/H183/H183__Samsung_A52_H183_01__x869_y449__t256.png
12.996820449829102,7.077460765838623,7.789413928985596,8.444528579711914,7.755958557128906,0.17178143560886383,98.66666666666667,157.66666666666666,198.66666666666666,36.604377197709205,17.433335041408398,1.8993426048188793,0.5264979564312778,165.5517755841993,154.6107246326527,139.3314712974689,data/tiles/train/H183/H183__Samsung_A52_H183_01__x1125_y449__t256.png
9.099700927734375,6.082609176635742,6.720238208770752,6.803117275238037,5.882332801818848,0.17132386565208435,138.33333333333334,181.33333333333334,212.33333333333334,26.918841101293637,13.803705447039945,1.854170828515596,0.5393246321325073,192.8692588092345,179.8423537580281,162.34818607880575,data/tiles/train/H183/H183__Samsung_A52_H183_01__x101_y705__t256.png
13.415884017944336,7.439499378204346,7.645092964172363,7.395009994506836,6.044859886169434,0.1760491132736206,111.0,162.66666666666666,200.66666666666666,32.60242816313675,19.60579636709879,1.8264841755395693,0.547499952855921,172.77106176266483,160.54136016655102,144.74302567661346,data/tiles/train/H183/H183__Samsung_A52_H183_01__x357_y705__t256.png
14.741433143615723,7.987547874450684,8.656415939331055,8.925673484802246,7.938942909240723,0.17456619441509247,89.33333333333333,150.33333333333334,191.66666666666666,37.70266388518413,20.276361875083122,1.7278008875889599,0.5787703937317908,157.30694133763373,146.47278433820597,132.02295860861122,data/tiles/train/H183/H183__Samsung_A52_H183_01__x613_y705__t256.png
14.107258796691895,7.598288536071777,8.214881896972656,7.981085300445557,7.046435356140137,0.16919012367725372,97.0,150.0,192.9333333333343,34.83059610110243,19.83414865931957,1.8170914065866095,0.5503300474457096,159.43083620973758,148.752900976532,134.53556623245973,data/tiles/train/H183/H183__Samsung_A52_H183_01__x869_y705__t256.png
12.16912841796875,6.854257583618164,7.366885185241699,7.682859420776367,7.201584815979004,0.15577246248722076,108.66666666666667,160.0,202.0,34.52539485655142,16.67503066257256,1.5446984988474037,0.6473755239266191,169.50562070640484,158.75138782874194,145.00395531191452,data/tiles/train/H183/H183__Samsung_A52_H183_01__x1125_y705__t256.png
6.728687286376953,4.575273036956787,4.804201602935791,4.091611385345459,2.985607862472534,0.1329895406961441,166.66666666666666,195.0,215.33333333333334,17.886846385785315,10.986839097638489,1.9667365263044696,0.5084565149552678,205.32943114810962,194.20752688172044,179.65945195976414,data/tiles/train/H183/H183__Samsung_A52_H183_02__x102_y180__t256.png
10.749890327453613,6.697395324707031,7.082553386688232,6.511088848114014,5.383652687072754,0.14205028116703033,128.33333333333334,175.0,205.66666666666666,28.54484335476395,16.192037573517727,1.7077692802261653,0.5855591920868648,182.7562876434138,172.0625379688612,158.45455018832556,data/tiles/train/H183/H183__Samsung_A52_H183_02__x358_y180__t256.png
11.907020568847656,6.72803258895874,7.685998439788818,8.328781127929688,8.000370979309082,0.14210259914398193,111.0,169.0,204.33333333333334,34.49785126608229,16.25211348894911,1.9328529528159006,0.5173699316045423,174.37357698181313,164.49005622657225,151.17985561571567,data/tiles/train/H183/H183__Samsung_A52_H183_02__x614_y180__t256.png
12.915999412536621,7.315215587615967,7.9380316734313965,8.056078910827637,7.9525532722473145,0.158000186085701,111.33333333333333,169.66666666666666,205.33333333333334,34.56978908382464,17.97810845982064,1.9216451020389056,0.5203874528855401,176.09484164151664,164.9394144378534,150.2362368612759,data/tiles/train/H183/H183__Samsung_A52_H183_02__x870_y180__t256.png
10.903624534606934,6.364550590515137,7.361485958099365,8.132680892944336,7.44832706451416,0.1512584090232849,121.66666666666667,176.33333333333334,209.0,32.20212961702364,15.26613356821063,1.8372814927635799,0.54428241069137,183.03294950055493,172.3404897336293,157.2023966426193,data/tiles/train/H183/H183__Samsung_A52_H183_02__x1126_y180__t256.png
9.345667839050293,6.130194664001465,6.306965351104736,5.658107757568359,4.390978813171387,0.14045050740242004,142.0,181.33333333333334,208.0,24.221650476383317,14.910167567116531,1.472418973586948,0.6791545191542242,190.34191297707275,179.20349896731867,165.32283874550913,data/tiles/train/H183/H183__Samsung_A52_H183_02__x102_y436__t256.png
14.777580261230469,8.080229759216309,7.930081844329834,7.091973304748535,5.4840288162231445,0.165055513381958,103.66666666666667,157.0,192.0,32.43569029740055,21.84576168503362,1.614028207754367,0.6195678583531833,164.52628475293545,153.39476559654508,139.37740430476785,data/tiles/train/H183/H183__Samsung_A52_H183_02__x358_y436__t256.png
17.563718795776367,8.604585647583008,8.807596206665039,8.558271408081055,6.580824851989746,0.16636666655540466,85.66666666666667,146.66666666666666,188.33333333333334,37.68086527287617,24.47294352257948,1.9563838018692252,0.5111471476325611,153.26786892074844,142.5665636824383,129.70982747248934,data/tiles/train/H183/H183__Samsung_A52_H183_02__x614_y436__t256.png
16.349159240722656,8.614907264709473,9.02523422241211,9.103285789489746,7.605347156524658,0.17883266508579254,78.66666666666667,143.0,185.0,39.25148373648607,22.961548223900696,1.78976706418464,0.5587319266351388,149.07336998941946,138.1149116264548,124.57008308327407,data/tiles/train/H183/H183__Samsung_A52_H183_02__x870_y436__t256.png
13.188577651977539,7.196715831756592,7.7693705558776855,8.152195930480957,7.883354663848877,0.1676480770111084,102.0,164.33333333333334,200.0,35.92053358552209,17.8397335049213,1.5289325895989148,0.654051072495178,170.0072907806343,158.3847275504713,143.63575607131077,data/tiles/train/H183/H183__Samsung_A52_H183_02__x1126_y436__t256.png
10.004825592041016,6.103082656860352,6.160245895385742,5.559255123138428,4.668877601623535,0.14858128130435944,132.33333333333334,176.0,207.0,28.52876825007715,15.20486740605262,1.6646917430215462,0.6007118159815712,185.90611281730952,174.40114170700815,160.1518400916142,data/tiles/train/H183/H183__Samsung_A52_H183_02__x102_y692__t256.png
11.955183982849121,6.402315616607666,6.20476770401001,5.806640625,5.159430503845215,0.1298871487379074,119.0,167.0,200.0,29.345951494580046,16.585757816808268,1.877727862388821,0.5325585352543115,173.6898645249701,164.04111086055266,152.72663879685683,data/tiles/train/H183/H183__Samsung_A52_H183_02__x358_y692__t256.png
13.708943367004395,6.86093807220459,7.091764450073242,7.684919357299805,7.197238922119141,0.15316739678382874,96.0,152.0,192.0,34.82482298767656,18.410465966938645,1.712982894110687,0.5837769912577909,158.7697860452203,149.0129101667563,136.13548734144268,data/tiles/train/H183/H183__Samsung_A52_H183_02__x614_y692__t256.png
15.560770988464355,8.058830261230469,8.13094425201416,8.177645683288574,7.5653228759765625,0.16277669370174408,89.33333333333333,150.66666666666666,188.33333333333334,36.34414288788445,21.797705524147766,1.8790994750276087,0.5321698043608402,156.19842041312273,145.70860961638604,132.65601458080195,data/tiles/train/H183/H183__Samsung_A52_H183_02__x870_y692__t256.png
14.776224136352539,7.922522068023682,7.903231620788574,7.371123790740967,5.627431392669678,0.16503329575061798,110.33333333333333,164.0,200.33333333333334,32.917091782142904,21.443671979314725,1.831168963651909,0.5460992512704536,172.34287845150547,160.271038573609,146.045320521715,data/tiles/train/H183/H183__Samsung_A52_H183_02__x1126_y692__t256.png
7.4949822425842285,5.1082963943481445,5.482066631317139,5.106242656707764,4.053771018981934,0.12164147943258286,159.33333333333334,193.66666666666666,216.66666666666666,21.079751362412697,11.776364985016086,1.8840373326338937,0.5307750449944614,202.22474073046374,191.75163886094828,179.00289618813082,data/tiles/train/H183/H183__Samsung_A52_H183_03__x110_y173__t256.png
10.491288185119629,6.836343288421631,8.046287536621094,8.47289752960205,6.751253128051758,0.11297133564949036,119.66666666666667,175.33333333333334,206.66666666666666,31.913341546365483,15.14523251284585,1.917148731930042,0.5216079396162836,178.71879555709822,170.09080180492884,159.6338250607428,data/tiles/train/H183/H183__Samsung_A52_H183_03__x366_y173__t256.png
11.76374340057373,7.001394748687744,7.936096668243408,8.358388900756836,7.205416202545166,0.12898971140384674,114.66666666666667,173.0,203.0,32.72793922543841,16.36516949982762,1.825234342564777,0.5478748545761106,176.1443372323071,166.89967373572594,154.76097671028427,data/tiles/train/H183/H183__Samsung_A52_H183_03__x622_y173__t256.png
11.203638076782227,6.5508952140808105,7.245166778564453,6.936829090118408,5.864559173583984,0.15199775993824005,120.66666666666667,171.0,202.0,30.2804400263427,16.151881015698695,2.0513449156009362,0.4874850603595605,178.22326291324106,166.93180004856558,152.99236826586187,data/tiles/train/H183/H183__Samsung_A52_H183_03__x878_y173__t256.png
10.99116039276123,6.744872093200684,7.183413982391357,7.274082660675049,6.719920635223389,0.13245388865470886,132.0,180.33333333333334,216.0,30.970496502237747,16.105737895021857,1.8625755453072697,0.5368909747148161,188.46866541744743,178.132729544035,165.02821153445763,data/tiles/train/H183/H183__Samsung_A52_H183_03__x1134_y173__t256.png
10.418392181396484,6.880209445953369,7.330190181732178,7.190349102020264,5.801675319671631,0.13705980777740479,131.0,181.0,210.0,29.190970298949427,15.86080620412229,1.7975752105392626,0.5563049568868974,187.3638272761984,176.2038251935159,163.29853517997847,data/tiles/train/H183/H183__Samsung_A52_H183_03__x110_y429__t256.png
13.165143013000488,7.870710372924805,9.440152168273926,10.506085395812988,10.511687278747559,0.1585891842842102,72.66666666666667,142.33333333333334,190.33333333333334,43.11497699949065,17.411863043394206,1.779673391055326,0.5619008549692432,147.55179234479647,137.52083839400353,125.84184682652601,data/tiles/train/H183/H183__Samsung_A52_H183_03__x366_y429__t256.png
15.41640853881836,7.762940883636475,8.425557136535645,8.804126739501953,8.899630546569824,0.14952048659324646,78.33333333333333,144.0,185.0,39.08262821900811,20.73187151163069,2.3581924078140775,0.4240536084699502,147.54044117647058,137.88850929522752,127.04285169256381,data/tiles/train/H183/H183__Samsung_A52_H183_03__x622_y429__t256.png
14.501572608947754,7.614826679229736,8.20330810546875,8.464452743530273,7.8490190505981445,0.17274655401706696,78.33333333333333,141.0,182.0,38.004544538530524,19.709001241328064,1.719145798893738,0.5816842298329177,147.1172775232542,136.09865680966263,123.69786894349576,data/tiles/train/H183/H183__Samsung_A52_H183_03__x878_y429__t256.png
13.612409591674805,8.081841468811035,8.893389701843262,9.008658409118652,8.096699714660645,0.15125960111618042,98.66666666666667,157.33333333333334,201.33333333333334,37.40738358981699,19.182827425770693,1.9097948071926156,0.5236164619538329,165.27583574761897,154.42594937806845,142.04293669656332,data/tiles/train/H183/H183__Samsung_A52_H183_03__x1134_y429__t256.png
11.1409330368042,7.0347161293029785,7.545825481414795,6.951345443725586,6.103094577789307,0.14055775105953217,128.33333333333334,179.66666666666666,210.33333333333334,30.32772858007068,16.563375390215473,1.8863300189727588,0.5301299295149696,186.4624512099922,175.02097319802238,161.94852979443144,data/tiles/train/H183/H183__Samsung_A52_H183_03__x110_y685__t256.png
13.143653869628906,7.423940181732178,8.05604362487793,8.403895378112793,8.354445457458496,0.14448145031929016,100.0,159.66666666666666,198.66666666666666,36.04973824333115,17.898437111167908,1.9455828583956964,0.5139847915932954,165.5561279356159,154.79763763138723,143.27127345891006,data/tiles/train/H183/H183__Samsung_A52_H183_03__x366_y685__t256.png
15.761421203613281,8.370153427124023,8.665302276611328,8.513516426086426,6.989768981933594,0.15237869322299957,91.0,150.0,192.0,36.95597139176865,21.93277527085775,1.6810076398747034,0.5948812939806369,156.6397876511511,145.83232421366736,134.53668395759962,data/tiles/train/H183/H183__Samsung_A52_H183_03__x622_y685__t256.png
14.452875137329102,7.799403190612793,8.215056419372559,8.43166446685791,7.514597415924072,0.17139171063899994,88.66666666666667,148.33333333333334,189.33333333333334,36.82725472081681,20.10493407311529,1.6473159492278155,0.6070480896325645,155.61916013690777,143.82964713240787,131.0871657661101,data/tiles/train/H183/H183__Samsung_A52_H183_03__x878_y685__t256.png
11.588268280029297,6.654417991638184,7.557344436645508,8.195981979370117,7.855880260467529,0.1624787598848343,100.33333333333333,160.33333333333334,200.33333333333334,37.009797475126234,15.464901272262278,1.4819400194125723,0.6747911432990324,167.37443619457358,155.50844840746652,142.20539865380613,data/tiles/train/H183/H183__Samsung_A52_H183_03__x1134_y685__t256.png
21.060802459716797,8.749008178710938,7.2781782150268555,6.329634666442871,4.602686405181885,0.10851768404245377,91.66666666666667,152.0,186.33333333333334,35.230770613623896,29.894453881164072,2.1179414542612056,0.4721565829820478,153.60894999045289,145.42241663628946,137.8323005086011,data/tiles/train/H366/H366__Motorola_Edge_H366_01__x36_y16__t256.png
19.4351806640625,8.953968048095703,8.614275932312012,8.444305419921875,7.520676612854004,0.10629875212907791,70.33333333333333,140.0,178.66666666666666,40.0050320390358,26.09333107603259,2.3079447440655736,0.43328593657681946,139.30532708658686,131.509300711435,125.50683671698768,data/tiles/train/H366/H366__Motorola_Edge_H366_01__x292_y16__t256.png
23.270477294921875,9.791619300842285,8.744218826293945,7.732535362243652,6.318408966064453,0.10749901086091995,66.66666666666667,136.66666666666666,178.33333333333334,41.338457177910534,32.39973006835863,2.2711464410539213,0.44030626203740164,136.74653018736987,128.65357390700902,122.99798750867453,data/tiles/train/H366/H366__Motorola_Edge_H366_01__x548_y16__t256.png
20.028444290161133,8.493706703186035,8.141231536865234,8.701501846313477,8.564175605773926,0.1034603863954544,61.333333333333336,135.0,173.0,41.480970544042336,26.488979525933,1.9375028102761522,0.5161282836319964,132.43677502257415,124.89343265958186,119.55923108981038,data/tiles/train/H366/H366__Motorola_Edge_H366_01__x804_y16__t256.png
16.9830379486084,7.696948051452637,7.173206806182861,6.927616119384766,6.407259941101074,0.12390998750925064,80.0,138.33333333333334,175.33333333333334,34.821152877934146,23.1674349410778,2.078697978853693,0.481070367207195,141.66772464748425,132.81976169415682,125.25790450422325,data/tiles/train/H366/H366__Motorola_Edge_H366_01__x1060_y16__t256.png
20.535865783691406,8.402213096618652,6.9429216384887695,6.307853698730469,5.8515753746032715,0.12274019420146942,89.0,149.33333333333334,185.0,35.43121525498273,28.80579480733045,2.393870034170433,0.4177336220119979,152.46415991393522,143.18557720671166,135.1109125297149,data/tiles/train/H366/H366__Motorola_Edge_H366_01__x36_y272__t256.png
20.569711685180664,9.489049911499023,9.2113618850708,9.122984886169434,7.591740131378174,0.10157876461744308,60.333333333333336,131.66666666666666,174.33333333333334,42.0153666054902,27.889466021211017,1.8701719517605901,0.5347101901825629,130.23988624737729,123.05692833237961,117.94712930690666,data/tiles/train/H366/H366__Motorola_Edge_H366_01__x292_y272__t256.png
24.27806282043457,9.65781307220459,8.31223201751709,7.659036636352539,6.341613292694092,0.09678804874420166,65.33333333333333,137.0,178.66666666666666,41.767389811853285,33.43474888233977,2.0261562056155835,0.4935453630023464,135.98817347876602,128.38545441933863,123.63285761353981,data/tiles/train/H366/H366__Motorola_Edge_H366_01__x548_y272__t256.png
20.788928985595703,9.067105293273926,9.006943702697754,9.164573669433594,8.515522956848145,0.098182313144207,55.333333333333336,127.66666666666667,174.0,43.70116672050838,27.189413642829802,1.9834171128249551,0.504180383205282,126.57118064594505,119.94370108120303,116.07788826990159,data/tiles/train/H366/H366__Motorola_Edge_H366_01__x804_y272__t256.png
18.831798553466797,8.68867015838623,8.227354049682617,7.6850714683532715,6.02625846862793,0.11735227704048157,69.66666666666667,129.0,173.33333333333334,37.892043245382176,26.134718216378744,2.1368755377174287,0.4679729737877863,132.97682412374357,124.6751905282711,118.46039268788084,data/tiles/train/H366/H366__Motorola_Edge_H366_01__x1060_y272__t256.png
13.118063926696777,6.363123416900635,6.280933380126953,6.204320430755615,5.52343225479126,0.05807711184024811,120.66666666666667,174.33333333333334,197.0,28.751118927665225,17.86135797384932,1.7872952648344476,0.5595046435109463,170.93020190106154,166.22602858530493,161.86657878304308,data/tiles/train/H366/H366__Motorola_Edge_H366_02__x119_y18__t256.png
18.293397903442383,8.00088882446289,7.362405776977539,6.644176006317139,5.752762317657471,0.06990648061037064,102.33333333333333,167.0,195.66666666666666,34.66872267755359,25.220310972274184,1.9435095538345046,0.5145331022566987,163.43992153867518,157.5809436189418,152.63699486182475,data/tiles/train/H366/H366__Motorola_Edge_H366_02__x375_y18__t256.png
18.662841796875,7.8401923179626465,7.288490295410156,7.149809837341309,6.198092937469482,0.07406090945005417,95.0,161.33333333333334,191.0,35.86499185379594,24.96067965865388,1.7627913134172741,0.5672821237480694,157.57519637933726,151.9508921604328,147.22910055662487,data/tiles/train/H366/H366__Motorola_Edge_H366_02__x631_y18__t256.png
18.565343856811523,7.726436138153076,6.89056921005249,6.424167156219482,6.010097503662109,0.0879126638174057,97.0,161.0,191.66666666666666,35.219200484296316,24.78714716152536,2.1201011563636842,0.47167560708054207,159.27090562109646,152.57562456627343,145.96774809160306,data/tiles/train/H366/H366__Motorola_Edge_H366_02__x887_y18__t256.png
16.64522933959961,7.659365177154541,7.612433910369873,8.02049732208252,7.7762556076049805,0.09255091100931168,92.33333333333333,157.66666666666666,193.0,36.68780035336041,21.725498447656744,2.0071092134632242,0.49822899187160885,157.06302163766028,150.1456334264545,143.39022401138277,data/tiles/train/H366/H366__Motorola_Edge_H366_02__x1143_y18__t256.png
14.525111198425293,7.2760701179504395,7.272493839263916,7.603017330169678,6.737057209014893,0.07792230695486069,100.0,159.33333333333334,191.33333333333334,33.43335131059088,19.42813522392668,2.1670976991230937,0.46144666223615366,158.47926467269602,152.7223080528408,146.90945544812263,data/tiles/train/H366/H366__Motorola_Edge_H366_02__x119_y274__t256.png
20.046855926513672,8.863840103149414,8.486543655395508,8.752694129943848,7.774271488189697,0.07544445246458054,76.33333333333333,148.0,186.33333333333334,40.75594224037165,26.81999715146719,1.9890993996765691,0.502740084363105,144.90426400347374,139.31933999131567,134.92415110725142,data/tiles/train/H366/H366__Motorola_Edge_H366_02__x375_y274__t256.png
23.664854049682617,9.713530540466309,8.994749069213867,8.914183616638184,7.542686939239502,0.0839056521654129,67.0,143.33333333333334,184.66666666666666,43.619833856260136,32.10260342505699,2.128264551557215,0.4698663985491451,140.01831152150518,133.80945603499148,129.13737980352,data/tiles/train/H366/H366__Motorola_Edge_H366_02__x631_y274__t256.png
21.60544204711914,9.360246658325195,9.302443504333496,9.360218048095703,8.347433090209961,0.09659136831760406,67.33333333333333,146.0,185.33333333333334,43.74915799858838,28.73358295865309,2.2417817225987084,0.4460737590637434,142.58995590737075,135.3235774051314,129.7580981147797,data/tiles/train/H366/H366__Motorola_Edge_H366_02__x887_y274__t256.png
16.635217666625977,7.575857639312744,7.67439079284668,8.615863800048828,9.454370498657227,0.10365568101406097,73.0,143.33333333333334,186.0,41.323384158584105,21.13918084848211,2.2367046548588525,0.4470862962741521,143.29366263137814,136.10248361025356,129.42870026709215,data/tiles/train/H366/H366__Motorola_Edge_H366_02__x1143_y274__t256.png
14.920690536499023,6.808014392852783,6.147448539733887,5.540462017059326,4.575978755950928,0.10993094742298126,107.03333333333346,158.0,182.0,28.303030545014444,20.67421219319635,2.032607016603691,0.4919790160278561,159.56412481343932,151.23539620283918,142.94658290236367,data/tiles/train/H366/H366__Motorola_Edge_H366_03__x117_y17__t256.png
18.381864547729492,7.721286773681641,6.633294582366943,6.054056644439697,5.34394645690918,0.11256752163171768,92.33333333333333,147.0,179.66666666666666,32.47573756035631,26.204104304759777,2.279639584068151,0.43866583427869815,149.7570156713698,141.51812707172732,133.84005831207372,data/tiles/train/H366/H366__Motorola_Edge_H366_03__x373_y17__t256.png
18.490354537963867,7.996376991271973,7.272294521331787,7.122280597686768,6.579415321350098,0.09825317561626434,80.66666666666667,147.33333333333334,178.33333333333334,36.53718015113112,24.575309160213305,2.345861772211968,0.4262825763416898,145.3667522375633,138.19409560813156,131.8114202456116,data/tiles/train/H366/H366__Motorola_Edge_H366_03__x629_y17__t256.png
15.589946746826172,7.406487941741943,7.667325496673584,7.937873840332031,7.353516578674316,0.09701856225728989,76.66666666666667,148.0,175.0,36.05397308809204,19.95820000413586,2.2551314231003006,0.4434331364268003,144.23406690598824,137.2076548219829,130.92555017949118,data/tiles/train/H366/H366__Motorola_Edge_H366_03__x885_y17__t256.png
13.829174995422363,6.4987897872924805,6.279178619384766,6.501925468444824,6.53924560546875,0.08511993288993835,93.33333333333333,148.66666666666666,181.33333333333334,32.42272275606239,17.75840453691468,1.5727548534836306,0.6358269998563435,149.70749444598724,143.41188211607886,137.5636802277145,data/tiles/train/H366/H366__Motorola_Edge_H366_03__x1141_y17__t256.png
17.049564361572266,7.35473108291626,6.216125011444092,5.386842727661133,4.783299446105957,0.10536579042673111,91.33333333333333,144.0,176.33333333333334,31.25855845843664,24.350378184573742,2.248796230197495,0.44468235341722245,146.33827610128338,138.92369060006936,131.8716441207076,data/tiles/train/H366/H366__Motorola_Edge_H366_03__x117_y273__t256.png
18.318721771240234,8.675620079040527,8.617999076843262,8.235795974731445,6.768755912780762,0.10230802744626999,64.66666666666667,131.33333333333334,167.96666666666715,37.97488809272826,25.321972756350753,2.105648128643063,0.4749131568551424,130.0375290889514,123.23726164426384,117.57203640026397,data/tiles/train/H366/H366__Motorola_Edge_H366_03__x373_y273__t256.png
16.798185348510742,7.986221790313721,7.905545711517334,7.955015659332275,7.463624477386475,0.09092570096254349,64.66666666666667,129.33333333333334,165.0,37.16910786936461,22.601283522498463,1.7875742445157337,0.55941732382193,127.47517521337866,121.45886822566095,117.3154014294636,data/tiles/train/H366/H366__Motorola_Edge_H366_03__x629_y273__t256.png
20.22335433959961,9.18437385559082,9.083369255065918,9.079936027526855,7.495513439178467,0.10146908462047577,61.0,133.66666666666666,170.66666666666666,40.64758448843519,27.747635706728445,1.997152074929706,0.5007129965479454,130.89057914387428,123.7517409047495,118.40913432317444,data/tiles/train/H366/H366__Motorola_Edge_H366_03__x885_y273__t256.png
16.777446746826172,7.687011241912842,7.532042980194092,7.965695858001709,8.424579620361328,0.09741474688053131,67.66666666666667,132.0,169.33333333333334,37.7904552744632,21.974925873926786,2.3137655125173446,0.4321959137994126,131.21474575976944,124.74358974358974,119.1402010311963,data/tiles/train/H366/H366__Motorola_Edge_H366_03__x1141_y273__t256.png
17.10393524169922,7.598466396331787,7.0102033615112305,6.58371114730835,5.283391952514648,0.08538322150707245,107.33333333333333,163.33333333333334,194.66666666666666,32.457985154538925,23.916647435803096,1.826087896497915,0.5476187657329132,163.84942654382039,157.19738691374732,150.66833237901898,data/tiles/train/H366/H366__Motorola_Edge_H366_04__x32_y19__t256.png
16.938060760498047,8.747856140136719,8.772687911987305,8.55505657196045,7.897055149078369,0.08393274247646332,79.33333333333333,146.66666666666666,186.33333333333334,39.33822605812095,22.930329341847433,2.2446763534510845,0.44549852296637193,145.6014742867054,139.61547133813198,134.13773306738358,data/tiles/train/H366/H366__Motorola_Edge_H366_04__x288_y19__t256.png
19.492616653442383,8.727131843566895,8.495391845703125,8.532868385314941,7.7172698974609375,0.08003582805395126,77.33333333333333,146.66666666666666,186.33333333333334,40.32940811292019,26.257544441606683,2.2130310148261163,0.4518689495540453,144.7716676213786,138.70744154559185,134.0270791022236,data/tiles/train/H366/H366__Motorola_Edge_H366_04__x544_y19__t256.png
18.03430938720703,8.94321060180664,9.293607711791992,9.52115535736084,8.296184539794922,0.09132961183786392,68.33333333333333,138.66666666666666,183.0,42.60884837373721,24.343313650420146,1.9168291444294188,0.5216949058324493,137.85304379524032,131.45702928361888,126.41238348174764,data/tiles/train/H366/H366__Motorola_Edge_H366_04__x800_y19__t256.png
14.30163860321045,7.5830078125,7.595569610595703,7.641037464141846,7.22496223449707,0.09358628839254379,85.33333333333333,150.0,189.66666666666666,38.04732842707336,18.96523240501718,2.085417998899709,0.4795201731871557,149.94047040022235,143.47203307392996,137.39818996664815,data/tiles/train/H366/H366__Motorola_Edge_H366_04__x1056_y19__t256.png
17.215423583984375,7.800082206726074,7.108603477478027,6.6997904777526855,6.069065093994141,0.081552654504776,105.66666666666667,164.0,196.0,33.3945797427743,23.77766169765821,2.027934300963464,0.4931126218067832,163.68506476616554,157.5550295652777,150.99330662921153,data/tiles/train/H366/H366__Motorola_Edge_H366_04__x32_y275__t256.png
17.49591827392578,8.815302848815918,8.456982612609863,7.860998630523682,6.800150394439697,0.09036756306886673,83.33333333333333,148.33333333333334,185.33333333333334,37.74711511081739,23.99178586319326,1.8886860749159804,0.5294686148646941,147.56678806798473,140.93283038501562,134.99340964273327,data/tiles/train/H366/H366__Motorola_Edge_H366_04__x288_y275__t256.png
19.754486083984375,8.946352005004883,8.929455757141113,8.749551773071289,7.58104133605957,0.09030794352293015,68.33333333333333,143.33333333333334,183.66666666666666,42.79345863644538,26.224496813457225,1.8866195840446505,0.5300485632912486,140.68223212891812,133.93408385227843,128.78348280108935,data/tiles/train/H366/H366__Motorola_Edge_H366_04__x544_y275__t256.png
20.288286209106445,8.961438179016113,8.522679328918457,8.406341552734375,7.953711986541748,0.09174750000238419,71.66666666666667,144.0,184.66666666666666,41.23251749642884,27.504705618714645,1.8914126654384669,0.5287053524980918,142.25274400833624,135.53577631121917,130.1997221257381,data/tiles/train/H366/H366__Motorola_Edge_H366_04__x800_y275__t256.png
14.143945693969727,6.880695819854736,6.759777069091797,7.000331401824951,6.756562232971191,0.0821823999285698,89.66666666666667,155.33333333333334,190.0,36.72092596237209,18.1411743133032,1.9723066866053665,0.5070205393468239,153.39267597804184,147.0510040997846,141.73907303175596,data/tiles/train/H366/H366__Motorola_Edge_H366_04__x1056_y275__t256.png
16.68682289123535,7.001619338989258,6.145473480224609,6.081027984619141,5.769279956817627,0.11254167556762695,111.33333333333333,162.66666666666666,192.66666666666666,30.488256370822484,23.158495209790168,1.7577536359501886,0.56890793996818,166.49131513647643,156.99632129656945,148.90870915684812,data/tiles/train/H367/H367__Motorola_Edge_H367_01__x40_y16__t256.png
21.6901912689209,9.50929069519043,8.787078857421875,8.710453987121582,7.471963405609131,0.08948618173599243,76.66666666666667,147.0,189.0,41.383211568580066,29.87459042425951,1.967627562032609,0.5082262615629224,146.49296312364424,138.97891540130152,134.42760954446854,data/tiles/train/H367/H367__Motorola_Edge_H367_01__x296_y16__t256.png
23.149322509765625,9.339001655578613,8.076249122619629,7.508810520172119,6.206912517547607,0.08697955310344696,79.66666666666667,151.66666666666666,188.66666666666666,40.292447542818145,31.978264729996088,2.3644551814901313,0.42293041028156775,149.66189071986122,141.57989592367736,137.44046834345187,data/tiles/train/H367/H367__Motorola_Edge_H367_01__x552_y16__t256.png
17.485260009765625,7.36465311050415,6.9546661376953125,7.477118015289307,7.380682468414307,0.07436522096395493,80.0,151.33333333333334,185.0,38.27083364531127,22.322834885344772,2.080337937040274,0.48069113301020416,147.36067904766858,141.01161802701625,138.12672319617124,data/tiles/train/H367/H367__Motorola_Edge_H367_01__x808_y16__t256.png
20.466463088989258,8.87105655670166,7.572574615478516,6.502972602844238,4.991415977478027,0.10063527524471283,90.66666666666667,151.66666666666666,188.66666666666666,36.27582094111117,29.27932530425467,1.9252772102564686,0.5194057222890976,153.00142245043108,144.58511284195188,138.62837615140424,data/tiles/train/H367/H367__Motorola_Edge_H367_01__x1064_y16__t256.png
18.512218475341797,8.048154830932617,7.498324871063232,7.316599369049072,6.528984546661377,0.11681297421455383,96.33333333333333,159.33333333333334,192.33333333333334,35.767904460711,25.388354577941712,2.158422347854246,0.4633013557305551,160.80627799576374,151.3812979617348,143.15990138546476,data/tiles/train/H367/H367__Motorola_Edge_H367_01__x40_y272__t256.png
19.072172164916992,8.223137855529785,8.06940746307373,8.519031524658203,8.004876136779785,0.09244183450937271,78.66666666666667,152.33333333333334,189.0,40.81580546037006,25.28562201008106,1.9567817359369695,0.5110431999822239,150.0310206630927,141.79680424712436,137.09762487204844,data/tiles/train/H367/H367__Motorola_Edge_H367_01__x296_y272__t256.png
24.609071731567383,10.478697776794434,9.528329849243164,8.585078239440918,6.25826358795166,0.09187773615121841,67.66666666666667,146.66666666666666,188.0,44.580372586199104,34.09442518148174,1.9735499467890567,0.5067011360046847,143.646038573609,135.4706014985431,131.44928541695575,data/tiles/train/H367/H367__Motorola_Edge_H367_01__x552_y272__t256.png
24.07036018371582,10.261281967163086,9.561687469482422,8.664666175842285,6.552811622619629,0.09635720402002335,71.33333333333333,145.33333333333334,188.33333333333334,43.40080463348883,33.43749230286186,2.111584994705896,0.47357790593661664,144.5423725874417,136.1730799243935,131.50286992560737,data/tiles/train/H367/H367__Motorola_Edge_H367_01__x808_y272__t256.png
22.729389190673828,9.556780815124512,7.874175548553467,6.449922561645508,4.949407577514648,0.09408554434776306,90.33333333333333,156.33333333333334,193.66666666666666,38.02678440274077,32.36942272843884,1.9361641194426278,0.5164851419144543,156.3,148.131070994619,142.5966325290748,data/tiles/train/H367/H367__Motorola_Edge_H367_01__x1064_y272__t256.png
13.879881858825684,6.8275146484375,6.381014347076416,6.367795467376709,6.067842483520508,0.13011430203914642,108.33333333333333,162.0,190.33333333333334,30.490535041571462,18.95065620939415,2.3840724088195455,0.4194503473554908,165.23217724725436,156.83854121484464,145.15040685670664,data/tiles/train/H367/H367__Motorola_Edge_H367_02__x42_y19__t256.png
17.309823989868164,8.58128833770752,8.5911283493042,8.798013687133789,8.643203735351562,0.10289378464221954,71.96666666666685,142.66666666666666,182.33333333333334,41.11208992631751,23.26313455143283,2.133897284313698,0.46862611773819235,141.20013872030518,134.737940003468,127.86960291312641,data/tiles/train/H367/H367__Motorola_Edge_H367_02__x298_y19__t256.png
20.0314998626709,9.504749298095703,9.044079780578613,8.658722877502441,6.919647216796875,0.1017892062664032,75.33333333333333,147.33333333333334,187.66666666666666,41.65196306290863,27.50383018215674,2.1130366336189437,0.47325256178229413,146.11418799263862,139.01343796659606,132.2731518455502,data/tiles/train/H367/H367__Motorola_Edge_H367_02__x554_y19__t256.png
19.490785598754883,9.33238697052002,9.171207427978516,9.268765449523926,8.829631805419922,0.10154731571674347,70.0,148.66666666666666,186.66666666666666,43.240018313297284,25.97423601638635,1.9307321439376193,0.5179382355755244,144.88888310516543,138.05784880190168,131.10211163742994,data/tiles/train/H367/H367__Motorola_Edge_H367_02__x810_y19__t256.png
18.832773208618164,9.366703987121582,9.144506454467773,8.552231788635254,7.701718330383301,0.11147334426641464,83.33333333333333,155.66666666666666,194.66666666666666,40.75194479685591,25.4938338222325,2.311198352625708,0.432675974722775,155.47797410351652,147.91873502968028,139.1473426597702,data/tiles/train/H367/H367__Motorola_Edge_H367_02__x1066_y19__t256.png
16.56659507751465,8.471302032470703,8.099271774291992,7.797822952270508,6.589219570159912,0.1194448471069336,97.33333333333333,158.0,193.33333333333334,35.635394087274086,23.645573068385264,2.1911428164702054,0.45638284847673133,160.05059270701355,152.34717184164396,142.10868320113855,data/tiles/train/H367/H367__Motorola_Edge_H367_02__x42_y275__t256.png
17.10233497619629,9.023758888244629,9.531083106994629,10.022371292114258,9.255629539489746,0.09561894088983536,66.66666666666667,145.0,184.66666666666666,43.95678681418203,22.510965851782746,1.9610073726803459,0.5099419889651813,140.94079563994862,134.84663449855938,128.3333044051793,data/tiles/train/H367/H367__Motorola_Edge_H367_02__x298_y275__t256.png
18.89919090270996,9.230209350585938,9.275520324707031,9.454183578491211,8.501521110534668,0.09633024036884308,64.0,143.0,180.66666666666666,43.01262744363169,25.66943154040352,1.7961787888308482,0.5567374507584018,138.37089527642374,131.76749874234565,125.91038562284247,data/tiles/train/H367/H367__Motorola_Edge_H367_02__x554_y275__t256.png
18.599166870117188,9.10211181640625,9.6012601852417,10.146599769592285,10.464159965515137,0.10041730105876923,57.333333333333336,136.33333333333334,180.66666666666666,45.59626306819934,24.564338525566434,2.082724513803745,0.48014031302376553,133.32912468131602,127.04785029223538,121.00280962208849,data/tiles/train/H367/H367__Motorola_Edge_H367_02__x810_y275__t256.png
19.572574615478516,10.154074668884277,10.539834976196289,10.831944465637207,9.973081588745117,0.1065085157752037,63.333333333333336,149.66666666666666,192.33333333333334,47.6727096882646,25.663780870794945,2.213671401546078,0.45173822966750055,145.0698913533965,138.19669200597036,130.46579194001873,data/tiles/train/H367/H367__Motorola_Edge_H367_02__x1066_y275__t256.png
10.204826354980469,6.147540092468262,5.975761890411377,5.772363185882568,5.629034042358398,0.08727183192968369,126.0,171.0,194.0,25.679426710904938,14.327550972158615,2.034452482384967,0.49153273849272244,172.4105491454845,166.2766374598768,158.2240478875683,data/tiles/train/H367/H367__Motorola_Edge_H367_03__x46_y18__t256.png
14.433473587036133,8.2385892868042,8.205936431884766,8.28345012664795,7.916428565979004,0.07611661404371262,83.66666666666667,154.66666666666666,185.66666666666666,37.9897115568372,19.388524216413543,1.7090947507760001,0.5851050677827887,149.58738698089306,144.2828731582875,138.88296340003123,data/tiles/train/H367/H367__Motorola_Edge_H367_03__x302_y18__t256.png
14.885778427124023,8.814056396484375,9.128318786621094,9.502762794494629,8.396097183227539,0.08003827929496765,77.66666666666667,149.66666666666666,188.33333333333334,41.09486650011324,20.52809075753948,2.223958830600221,0.44964861140442575,146.80690612528198,141.09781363872983,136.04516744750998,data/tiles/train/H367/H367__Motorola_Edge_H367_03__x558_y18__t256.png
14.73812484741211,8.850163459777832,8.435134887695312,7.831362247467041,7.095403671264648,0.0996422991156578,85.33333333333333,150.0,188.0,37.80397983999887,21.420286027521467,2.1416406180218543,0.4669317492323521,150.2346420082927,143.15454277337312,136.19168647317014,data/tiles/train/H367/H367__Motorola_Edge_H367_03__x814_y18__t256.png
14.64670467376709,8.362282752990723,7.788801193237305,7.008883476257324,5.613396167755127,0.09280957281589508,106.33333333333333,165.66666666666666,196.33333333333334,32.95344716071331,21.76083048251815,1.9318011452120338,0.5176516239668345,165.5820688459204,158.50463886239487,150.99875140900025,data/tiles/train/H367/H367__Motorola_Edge_H367_03__x1070_y18__t256.png
12.879096031188965,7.144903182983398,6.556791305541992,6.18562126159668,5.290757179260254,0.09584034234285355,118.33333333333333,167.66666666666666,194.33333333333334,28.22860773227274,19.36613726874103,2.028243348168108,0.4930374853210743,169.31410523393032,162.71539636262668,153.9487713452728,data/tiles/train/H367/H367__Motorola_Edge_H367_03__x46_y274__t256.png
15.817643165588379,9.515231132507324,10.327522277832031,10.230365753173828,8.823991775512695,0.08678042888641357,70.66666666666667,143.33333333333334,187.33333333333334,43.10239967716714,22.375114955084456,2.2532447401663536,0.443804431082871,141.50489141747033,135.87807881773398,129.94015819052245,data/tiles/train/H367/H367__Motorola_Edge_H367_03__x302_y274__t256.png
13.497040748596191,8.641292572021484,9.210586547851562,8.993732452392578,7.818287372589111,0.08263638615608215,74.66666666666667,145.66666666666666,181.33333333333334,39.15125542221768,18.801861263386073,2.322119533269345,0.4306410525697985,141.18137671482336,135.94242009053227,131.81090549610641,data/tiles/train/H367/H367__Motorola_Edge_H367_03__x558_y274__t256.png
16.40909194946289,9.45429515838623,8.924511909484863,8.206347465515137,7.074914932250977,0.10156969726085663,80.33333333333333,143.0,184.66666666666666,38.8982944855987,24.226786422442878,2.2485704769008557,0.4447269988967716,144.84099148323534,137.72633605661653,130.92185738321973,data/tiles/train/H367/H367__Motorola_Edge_H367_03__x814_y274__t256.png
16.925142288208008,8.546947479248047,6.849530220031738,5.233260154724121,3.493387222290039,0.0939846783876419,115.66666666666667,167.0,198.66666666666666,30.601734765753303,26.188609790552935,2.163117586757158,0.4622957189762171,169.46784011098586,161.97345009971386,154.28221624902454,data/tiles/train/H367/H367__Motorola_Edge_H367_03__x1070_y274__t256.png
6.5133795738220215,4.534873962402344,4.984118938446045,4.85676383972168,3.8873140811920166,0.12391628324985504,163.66666666666666,194.0,215.0,19.3051390055262,10.571364326069252,1.6829631617739653,0.5941900706524839,203.27341090656478,192.7730114623133,179.51873914553664,data/tiles/train/H367/H367__Samsung_A52_H367_01__x79_y194__t256.png
8.938528060913086,5.982560634613037,6.673892021179199,6.476207733154297,5.537734508514404,0.12009669840335846,139.0,182.33333333333334,209.66666666666666,26.090589040420927,13.739438815629969,1.7142524634673997,0.5833446480673629,188.64837052719258,178.8719154548294,167.25814736403706,data/tiles/train/H367/H367__Samsung_A52_H367_01__x335_y194__t256.png
11.76575756072998,6.988059997558594,7.906028747558594,8.396699905395508,7.312837600708008,0.12664386630058289,115.66666666666667,173.33333333333334,204.66666666666666,32.78384463690256,16.594546550318128,1.6662681768964045,0.6001434906250221,176.86380836660302,167.59937510848812,155.78514146849506,data/tiles/train/H367/H367__Samsung_A52_H367_01__x591_y194__t256.png
11.455366134643555,6.879118919372559,7.424557685852051,7.741454601287842,7.514586925506592,0.15482507646083832,114.33333333333333,168.33333333333334,204.66666666666666,33.04954228148105,16.245007153956664,1.781239905527424,0.5614066903042466,176.0262181376799,164.70339864747703,150.69752037454484,data/tiles/train/H367/H367__Samsung_A52_H367_01__x847_y194__t256.png
10.948508262634277,6.6750054359436035,7.151058673858643,7.147419452667236,6.37147855758667,0.1548061966896057,127.66666666666667,176.0,207.0,29.24304711900194,16.34478143032374,2.0416645128658617,0.4897964350647948,184.4432034962367,172.73256217266137,157.87688599077381,data/tiles/train/H367/H367__Samsung_A52_H367_01__x1103_y194__t256.png
8.425673484802246,5.563645839691162,5.418389797210693,4.571680068969727,3.309389114379883,0.13309206068515778,151.33333333333334,182.33333333333334,206.66666666666666,20.37394424812716,14.032670265473401,1.783821524751461,0.5605941996575747,192.3916711510754,181.53826791882932,168.34259725380596,data/tiles/train/H367/H367__Samsung_A52_H367_01__x79_y450__t256.png
13.111955642700195,7.544578552246094,7.2902631759643555,6.336855411529541,4.894838809967041,0.14255933463573456,115.66666666666667,161.33333333333334,196.66666666666666,29.590353885676258,20.111405432675845,1.6995664865181905,0.5883853370447694,169.904449534916,159.52424337081771,147.2694710537276,data/tiles/train/H367/H367__Samsung_A52_H367_01__x335_y450__t256.png
16.190099716186523,8.007189750671387,7.842418670654297,7.503375053405762,6.6519341468811035,0.1511300504207611,87.33333333333333,144.0,186.0,36.21974762566685,22.64274902099135,2.260402584935862,0.442399069380101,150.77898588422988,140.94438664030798,129.82702112163147,data/tiles/train/H367/H367__Samsung_A52_H367_01__x591_y450__t256.png
14.66083812713623,8.12120246887207,8.865455627441406,8.926148414611816,7.839694976806641,0.15082083642482758,83.66666666666667,144.0,186.0,37.36075683154973,20.45018286497652,1.7548870437204511,0.5698372459802019,149.34408135640282,139.40272113565763,128.49514950627355,data/tiles/train/H367/H367__Samsung_A52_H367_01__x847_y450__t256.png
13.642756462097168,8.097163200378418,8.752126693725586,8.7448091506958,7.808243274688721,0.15352079272270203,98.0,158.66666666666666,201.0,37.4905958422769,19.495374629489678,1.9965712285764374,0.5008586649387929,165.80239219498645,154.42488368863275,142.1565689882647,data/tiles/train/H367/H367__Samsung_A52_H367_01__x1103_y450__t256.png
8.618287086486816,5.546213150024414,5.7899017333984375,5.73516845703125,5.429986953735352,0.14125996828079224,141.66666666666666,182.0,211.0,25.44389041154757,12.90385423788469,1.7118525807144516,0.5841624514084293,191.4718113240267,180.02505852770312,166.18068152258735,data/tiles/train/H367/H367__Samsung_A52_H367_01__x79_y706__t256.png
13.071778297424316,7.557032585144043,7.677977085113525,7.0452423095703125,5.744908332824707,0.1486697942018509,113.33333333333333,163.0,200.33333333333334,31.67106469939188,19.681541618837286,2.0141588711376177,0.49648516526166064,171.6591718031079,160.3634864137512,147.91851723239864,data/tiles/train/H367/H367__Samsung_A52_H367_01__x335_y706__t256.png
14.67289924621582,7.81634521484375,8.173103332519531,8.513675689697266,7.692789077758789,0.1588977575302124,88.0,146.33333333333334,190.66666666666666,37.71494594481722,20.25512588159749,1.7253850833492625,0.5795807612169869,154.09535948392468,142.98550272257484,131.42680262199562,data/tiles/train/H367/H367__Samsung_A52_H367_01__x591_y706__t256.png
14.181801795959473,7.579287528991699,7.9606852531433105,8.359859466552734,7.792455196380615,0.15006425976753235,97.0,156.33333333333334,195.66666666666666,36.368166345495645,19.45804450627547,1.9249427746492385,0.5194959627733449,162.67840897253376,151.5694815792215,139.98895794992882,data/tiles/train/H367/H367__Samsung_A52_H367_01__x847_y706__t256.png
11.247719764709473,6.266080856323242,6.575828552246094,7.005154132843018,7.290853023529053,0.12530754506587982,110.0,170.66666666666666,199.33333333333334,33.50170345442939,14.729746879144376,1.9265809061309715,0.5190542462129117,173.01276780293173,162.95378610460577,152.61075548616532,data/tiles/train/H367/H367__Samsung_A52_H367_01__x1103_y706__t256.png
14.194692611694336,7.2044997215271,7.55188512802124,7.763416290283203,6.697762966156006,0.13798201084136963,109.63333333333352,174.0,201.66666666666666,34.23018283108196,18.53726522003016,2.1972128776804145,0.4551220367212186,176.09977457950407,164.74761574475463,153.73195769030693,data/tiles/train/H368/H368__Motorola_Edge_H368_01__x155_y17__t256.png
21.094158172607422,9.816943168640137,9.464554786682129,9.33545970916748,8.272902488708496,0.13437055051326752,81.0,161.0,202.33333333333334,44.62069215171395,28.09549899017395,2.2314473139626703,0.4481396418112917,161.18544849230983,150.28320993220163,142.15621369492465,data/tiles/train/H368/H368__Motorola_Edge_H368_01__x411_y17__t256.png
23.08820343017578,10.657678604125977,10.601014137268066,10.695898056030273,8.637852668762207,0.13973766565322876,66.66666666666667,156.0,199.66666666666666,49.00532532200156,30.788434807753724,2.1323778949565204,0.46896002925428476,154.76545158157603,143.03341773029967,134.97143798557158,data/tiles/train/H368/H368__Motorola_Edge_H368_01__x667_y17__t256.png
21.647369384765625,10.369820594787598,10.16317081451416,9.653398513793945,7.821009635925293,0.1386106163263321,73.33333333333333,158.0,199.66666666666666,46.57887071495857,29.021029362908596,2.232978307858826,0.4478323844349778,157.44070854803172,145.97093981505577,137.4544839431635,data/tiles/train/H368/H368__Motorola_Edge_H368_01__x923_y17__t256.png
21.182266235351562,10.080066680908203,9.6338472366333,9.2208251953125,7.652641773223877,0.13397440314292908,83.33333333333333,162.66666666666666,201.66666666666666,43.827985241605795,29.038697038950193,2.0980006402411058,0.47664427780397545,162.32826985174125,151.67792784972744,142.78238602826292,data/tiles/train/H368/H368__Motorola_Edge_H368_01__x1179_y17__t256.png
17.918785095214844,9.059216499328613,9.258670806884766,9.143475532531738,8.145119667053223,0.16367202997207642,88.33333333333333,161.0,200.0,40.768735970129974,23.676049100474206,2.1220533791835843,0.4712416802562851,164.43921534589012,151.73146428261435,139.6235222636924,data/tiles/train/H368/H368__Motorola_Edge_H368_01__x155_y273__t256.png
22.791200637817383,10.764971733093262,11.168069839477539,11.295866012573242,9.484878540039062,0.16473397612571716,56.666666666666664,138.66666666666666,189.33333333333334,49.22358938641053,30.204190876637174,2.317083107436297,0.43157709656190774,140.5152849785854,129.08031766399057,120.59527318756395,data/tiles/train/H368/H368__Motorola_Edge_H368_01__x411_y273__t256.png
26.333066940307617,12.047651290893555,11.579599380493164,10.685274124145508,8.661121368408203,0.16288329660892487,50.666666666666664,128.66666666666666,189.33333333333334,51.67208826063918,36.00723556055633,1.9551608813432633,0.5114668616492395,134.85645152897507,122.69330303713596,114.97221306783689,data/tiles/train/H368/H368__Motorola_Edge_H368_01__x667_y273__t256.png
25.967247009277344,12.017867088317871,11.351017951965332,10.548369407653809,8.568660736083984,0.14983299374580383,52.0,136.66666666666666,189.66666666666666,51.138872162757565,35.66771067927901,1.7717012003413808,0.564429261439409,138.10689673130003,126.85543423542278,119.1294460742618,data/tiles/train/H368/H368__Motorola_Edge_H368_01__x923_y273__t256.png
22.355052947998047,11.089118957519531,10.720148086547852,10.36829662322998,8.413453102111816,0.13831619918346405,65.66666666666667,152.33333333333334,193.66666666666666,47.52836190711791,30.23067322238306,1.8783506267179928,0.5323819662718038,149.71710195227766,139.23111496746205,130.96558785249456,data/tiles/train/H368/H368__Motorola_Edge_H368_01__x1179_y273__t256.png
16.422826766967773,7.211973190307617,6.012903690338135,5.2200927734375,4.486097812652588,0.08952928334474564,120.0,174.0,199.66666666666666,29.958948145686556,23.27484451058699,2.101676067029988,0.47581071873419745,174.6085025931001,166.22115067732815,159.97247324510434,data/tiles/train/H368/H368__Motorola_Edge_H368_02__x116_y16__t256.png
20.319276809692383,9.096549034118652,7.70053768157959,6.69989013671875,5.078948974609375,0.09814686328172684,98.33333333333333,164.33333333333334,196.33333333333334,36.576541707174776,29.09008936472933,1.569822673260419,0.6370146240295188,163.83535474467752,154.93125466312702,148.71752294692277,data/tiles/train/H368/H368__Motorola_Edge_H368_02__x372_y16__t256.png
18.72694206237793,8.586255073547363,7.72678804397583,6.86215353012085,5.656578063964844,0.1109129935503006,97.0,164.0,192.66666666666666,35.58478028155555,26.150442124145826,1.7484572621200773,0.5719327670540019,163.09404350618914,153.3901668373813,146.38275377163592,data/tiles/train/H368/H368__Motorola_Edge_H368_02__x628_y16__t256.png
19.41943359375,9.047420501708984,8.159601211547852,6.836205959320068,5.330321788787842,0.11438669264316559,95.33333333333333,162.0,192.0,36.14616363951154,27.87751575110356,2.0433419199230083,0.48939435453743313,161.7154089141905,151.94643848930852,144.3995070813663,data/tiles/train/H368/H368__Motorola_Edge_H368_02__x884_y16__t256.png
17.61922836303711,8.395706176757812,8.140856742858887,7.559107303619385,6.3847198486328125,0.10241826623678207,100.33333333333333,166.66666666666666,196.66666666666666,35.847967936670486,24.748851886233815,1.6991497254333747,0.5885296539979408,165.52444035997294,156.78210885887188,149.71812522758407,data/tiles/train/H368/H368__Motorola_Edge_H368_02__x1140_y16__t256.png
17.555620193481445,8.57181453704834,8.130346298217773,7.305731773376465,5.818109035491943,0.10462725162506104,90.0,154.66666666666666,189.33333333333334,36.585362140841234,24.56510067319909,2.074216061352056,0.48210985279332974,155.19435867189398,146.80335149012942,140.35757901675746,data/tiles/train/H368/H368__Motorola_Edge_H368_02__x116_y272__t256.png
15.499200820922852,7.598259925842285,7.695379257202148,7.963259696960449,7.565759181976318,0.07983105629682541,75.66666666666667,157.0,185.66666666666666,41.39127251759851,19.585550923593924,1.9407993532252727,0.5152516144124704,148.17404431796493,142.2916760658696,139.14105745371253,data/tiles/train/H368/H368__Motorola_Edge_H368_02__x372_y272__t256.png
15.209734916687012,8.626853942871094,9.678396224975586,10.70549488067627,10.04056453704834,0.10446338355541229,59.333333333333336,135.33333333333334,174.33333333333334,43.4073714002764,20.02412282552578,2.0341473102874414,0.4916064804857677,131.69275854893527,123.7438267323299,119.79480821252687,data/tiles/train/H368/H368__Motorola_Edge_H368_02__x628_y272__t256.png
15.709978103637695,8.097257614135742,8.259920120239258,8.793688774108887,9.087085723876953,0.1033366248011589,69.66666666666667,145.33333333333334,179.66666666666666,41.179078221951436,20.19942855390993,2.1456829278922136,0.4660520839313096,141.47727549017904,133.44545943974575,128.19287612233202,data/tiles/train/H368/H368__Motorola_Edge_H368_02__x884_y272__t256.png
19.980113983154297,9.919669151306152,9.76374626159668,9.296638488769531,7.487147808074951,0.1252710372209549,74.0,147.66666666666666,188.33333333333334,42.205913116072104,27.48622363189292,1.5718294210812178,0.6362013502152973,148.41330116801748,138.88229577049236,131.21197868758568,data/tiles/train/H368/H368__Motorola_Edge_H368_02__x1140_y272__t256.png
12.07038402557373,7.626377582550049,8.888602256774902,10.229594230651855,11.034765243530273,0.11506740003824234,62.666666666666664,139.33333333333334,179.0,43.26494665596394,15.234967577160834,2.183501226259395,0.45798004964399425,136.70798333911836,129.10013884068033,122.04085387018397,data/tiles/train/H368/H368__Motorola_Edge_H368_03__x475_y113__t256.png
13.17751407623291,7.909192085266113,9.18863582611084,10.52113151550293,10.739940643310547,0.11490333080291748,60.333333333333336,141.0,182.0,45.11312273716165,16.36686733273877,2.161868022247996,0.46256292692657547,137.33465133621212,129.6058824549538,122.58533201533045,data/tiles/train/H368/H368__Motorola_Edge_H368_03__x731_y113__t256.png
16.271455764770508,9.598334312438965,10.580759048461914,11.09749984741211,9.913352966308594,0.11220952868461609,65.33333333333333,151.0,188.33333333333334,45.74436095618856,21.223862082815554,2.0288731397609125,0.4928844393483579,145.4353704892993,137.8790377171819,130.4283408258553,data/tiles/train/H368/H368__Motorola_Edge_H368_03__x987_y113__t256.png
14.6095609664917,8.198624610900879,8.238319396972656,7.541870594024658,6.360054969787598,0.13671985268592834,97.0,158.0,190.66666666666666,34.604000195660724,20.709518877871083,1.8577760413298352,0.5382780150852731,160.87710195227766,151.77376138828635,140.31496746203905,data/tiles/train/H368/H368__Motorola_Edge_H368_03__x1243_y113__t256.png
17.648195266723633,8.43718147277832,7.613218307495117,6.783186912536621,5.676794052124023,0.11015620082616806,118.0,178.66666666666666,209.66666666666666,33.94669674055435,25.103109314843557,2.068014885678984,0.48355551351443654,180.8398320231836,171.13516233709893,162.26593437104134,data/tiles/train/H368/H368__Motorola_Edge_H368_04__x104_y16__t256.png
19.545291900634766,8.905389785766602,8.459885597229004,7.754867076873779,6.6599931716918945,0.10531061887741089,100.66666666666667,171.0,203.33333333333334,38.32160034452384,27.028649357953125,2.1953079149349923,0.4555169656141891,169.91189335555092,160.8344268555162,153.11107061028952,data/tiles/train/H368/H368__Motorola_Edge_H368_04__x360_y16__t256.png
21.556636810302734,9.411717414855957,8.476710319519043,7.252431869506836,5.208281517028809,0.10167243331670761,97.33333333333333,169.33333333333334,199.66666666666666,38.31545467694808,30.217449338378234,2.045984827236864,0.4887621778459209,166.48078792086082,157.9707913918778,151.49140923290526,data/tiles/train/H368/H368__Motorola_Edge_H368_04__x616_y16__t256.png
16.588581085205078,7.900158405303955,7.595243453979492,7.41856050491333,6.6134867668151855,0.10461512207984924,96.33333333333333,169.33333333333334,200.33333333333334,38.027759024983254,21.84887526662665,1.5976138532425788,0.6259334807158572,166.73594170209074,158.06371128654465,150.4189641710766,data/tiles/train/H368/H368__Motorola_Edge_H368_04__x872_y16__t256.png
16.644010543823242,8.36071491241455,8.131484985351562,7.7111358642578125,6.618355751037598,0.10889050364494324,104.0,168.0,201.33333333333334,36.2536361638153,23.228239651948968,2.166522913610039,0.4615690855231795,168.3123970381674,160.34480725544938,151.95711585482164,data/tiles/train/H368/H368__Motorola_Edge_H368_04__x1128_y16__t256.png
16.838407516479492,8.33299446105957,8.085481643676758,8.153791427612305,7.515383720397949,0.10121547430753708,96.66666666666667,167.66666666666666,199.33333333333334,37.81737713242221,22.19766202426069,2.010591203992413,0.49736614683994884,165.6000208141814,157.92307425459214,150.02535861100029,data/tiles/train/H368/H368__Motorola_Edge_H368_04__x104_y272__t256.png
18.88731575012207,9.680389404296875,10.67929458618164,11.250589370727539,10.138572692871094,0.09269525855779648,65.33333333333333,147.0,191.66666666666666,47.01810018860176,24.436306635222966,2.186346808274787,0.4573839777912841,143.29466470026892,136.56788409820422,131.37876290448511,data/tiles/train/H368/H368__Motorola_Edge_H368_04__x360_y272__t256.png
16.32279396057129,8.124659538269043,9.136627197265625,11.016236305236816,11.75804615020752,0.09155488014221191,58.333333333333336,147.33333333333334,187.33333333333334,48.0197392475539,19.789112118654263,1.7288042383782611,0.5784344911937916,139.0580007297875,132.9164393320707,129.86955917360254,data/tiles/train/H368/H368__Motorola_Edge_H368_04__x616_y272__t256.png
16.88568115234375,8.325176239013672,9.025546073913574,9.951225280761719,9.769533157348633,0.08659530431032181,64.66666666666667,145.33333333333334,186.66666666666666,45.22187130645046,21.192391801912738,2.141796633875771,0.46689773631327985,141.357668669051,134.74039029132956,130.17544011944858,data/tiles/train/H368/H368__Motorola_Edge_H368_04__x872_y272__t256.png
16.89421272277832,8.821650505065918,9.411551475524902,10.200685501098633,9.212576866149902,0.09488870948553085,68.0,147.66666666666666,190.0,45.01726009752776,21.806566751429916,2.1675422975095335,0.46135201197641296,144.1945957195879,137.7085573554407,131.53650837698152,data/tiles/train/H368/H368__Motorola_Edge_H368_04__x1128_y272__t256.png
9.482672691345215,6.259076118469238,6.712313175201416,6.435492038726807,5.229842185974121,0.18384426832199097,145.66666666666666,188.0,217.66666666666666,26.525844007964977,14.747733042613403,1.7770621189793303,0.5627265301082204,201.3431716379041,186.4939754852599,167.35140109031565,data/tiles/train/H368/H368__Samsung_A52_H368_01__x84_y178__t256.png
9.876372337341309,6.815941333770752,7.741910457611084,7.44735050201416,6.2310967445373535,0.1868506669998169,124.33333333333333,173.0,206.33333333333334,29.96920991899366,15.101479071008866,2.0403232050877347,0.4901184270739104,184.3553046856033,170.22129157562514,152.77357541705683,data/tiles/train/H368/H368__Samsung_A52_H368_01__x340_y178__t256.png
12.987457275390625,7.467422008514404,7.74871826171875,7.041876316070557,5.497278213500977,0.1880672127008438,118.0,170.0,200.33333333333334,30.696034306309915,19.06639871438413,1.8153307686728526,0.5508637969768327,179.56101621434146,166.12872626376486,148.659134657071,data/tiles/train/H368/H368__Samsung_A52_H368_01__x596_y178__t256.png
11.20563793182373,6.338772296905518,6.7996826171875,6.70896577835083,5.913210868835449,0.20855791866779327,117.0,171.66666666666666,205.33333333333334,32.25463108101087,15.593002277251003,1.7552709023657167,0.5697126287755476,182.86661459689316,167.61355549770025,148.2000520697735,data/tiles/train/H368/H368__Samsung_A52_H368_01__x852_y178__t256.png
11.637109756469727,7.071121692657471,7.628090858459473,7.47471809387207,6.398207187652588,0.20181569457054138,124.33333333333333,174.33333333333334,208.33333333333334,31.102565468812102,16.9953531344834,1.5920778638701742,0.6281099829936112,186.80380757349624,171.92594842247752,152.63418485994933,data/tiles/train/H368/H368__Samsung_A52_H368_01__x1108_y178__t256.png
9.694530487060547,6.786355018615723,7.579874038696289,7.973979949951172,7.575616836547852,0.20281559228897095,120.0,176.0,209.0,32.73322606521302,14.081897286133808,1.6200081190428814,0.617280856956946,186.96251387732445,171.57065292811546,152.42667568692755,data/tiles/train/H368/H368__Samsung_A52_H368_01__x84_y434__t256.png
13.31313705444336,8.321577072143555,9.812112808227539,10.177268981933594,9.0299711227417,0.19724802672863007,81.33333333333333,150.33333333333334,194.33333333333334,40.858034258555186,18.209037330782706,2.3171495123784833,0.4315647284121647,157.7181636726547,144.82457693309033,129.40918163672654,data/tiles/train/H368/H368__Samsung_A52_H368_01__x340_y434__t256.png
14.166546821594238,7.355902194976807,8.4087495803833,9.8966646194458,10.900062561035156,0.17128698527812958,68.66666666666667,145.0,189.66666666666666,44.11595411634083,17.418924683778243,1.621356382450176,0.6167675477298895,147.49076965785272,137.69088763966965,125.3025019085294,data/tiles/train/H368/H368__Samsung_A52_H368_01__x596_y434__t256.png
13.846977233886719,7.436435699462891,8.63350772857666,9.605713844299316,10.092859268188477,0.1853678822517395,70.33333333333333,137.66666666666666,186.0,42.197891248913436,17.968283447853228,1.9161384754484916,0.5218829499083775,144.79026880600125,134.15032645690076,120.35747030631381,data/tiles/train/H368/H368__Samsung_A52_H368_01__x852_y434__t256.png
13.797767639160156,8.004510879516602,8.883334159851074,9.845724105834961,9.142096519470215,0.1981934905052185,80.0,148.33333333333334,193.66666666666666,42.04715641591395,18.718823677506876,1.8207194763524603,0.5492334283166733,156.34196414626103,143.18482203286882,128.1592419693525,data/tiles/train/H368/H368__Samsung_A52_H368_01__x1108_y434__t256.png
11.252279281616211,7.001595497131348,7.136112689971924,6.559447765350342,5.056919097900391,0.20715925097465515,130.33333333333334,176.66666666666666,206.66666666666666,28.249843298330838,17.151632066489107,2.020457654868255,0.49493737104092167,189.92703616965912,174.26827998959146,154.1592505854801,data/tiles/train/H368/H368__Samsung_A52_H368_01__x84_y690__t256.png
13.445561408996582,7.9710869789123535,9.414301872253418,10.426100730895996,10.054422378540039,0.19748905301094055,84.33333333333333,158.33333333333334,198.33333333333334,41.68221089789353,17.706744645953396,1.5512404658593388,0.6446453802673534,163.59572326170723,149.93805325094596,134.14041725969383,data/tiles/train/H368/H368__Samsung_A52_H368_01__x340_y690__t256.png
15.176265716552734,8.349848747253418,9.374988555908203,10.109665870666504,9.433659553527832,0.19636012613773346,79.33333333333333,150.66666666666666,193.33333333333334,41.808455001266594,19.88995579555427,1.9640550380095818,0.5091507013028631,156.83304984726465,144.0613197722855,128.8618265759511,data/tiles/train/H368/H368__Samsung_A52_H368_01__x596_y690__t256.png
13.388240814208984,7.402403831481934,8.923332214355469,10.388725280761719,10.430432319641113,0.18981608748435974,81.0,154.33333333333334,195.33333333333334,41.99783421574281,16.72236740832825,1.7075683602228142,0.5856280915567642,159.26196058001216,146.40715464096553,131.66515585655986,data/tiles/train/H368/H368__Samsung_A52_H368_01__x852_y690__t256.png
13.98837661743164,8.20372486114502,9.577999114990234,10.257092475891113,8.91590404510498,0.18409015238285065,90.33333333333333,159.33333333333334,204.0,41.313905692565534,18.36180505541769,2.026060759480211,0.49356861353780507,166.7397255521052,153.35086654060336,138.6425932029908,data/tiles/train/H368/H368__Samsung_A52_H368_01__x1108_y690__t256.png
17.201614379882812,8.604363441467285,8.236618995666504,8.240184783935547,6.5526323318481445,0.0901670828461647,99.0,166.0,197.33333333333334,36.377893851534864,24.096105466360193,2.246927118953617,0.44505226340660975,163.71996460299835,157.4088527207107,149.68125347029428,data/tiles/train/H371/H371__Motorola_Edge_H371_01__x37_y16__t256.png
20.0478515625,9.834834098815918,9.660039901733398,9.595707893371582,8.702592849731445,0.08702684938907623,74.66666666666667,153.0,193.66666666666666,44.11621623290444,27.416343082652876,2.07869900042661,0.4810701307860208,148.91257001161802,142.97511661377862,136.90643153167213,data/tiles/train/H371/H371__Motorola_Edge_H371_01__x293_y16__t256.png
21.672700881958008,10.164551734924316,9.896591186523438,9.667726516723633,8.197875022888184,0.09126509726047516,67.66666666666667,151.0,192.66666666666666,46.3347753045383,29.405297265400666,2.2916399070111315,0.4363687318153962,146.3319166652211,139.65307821742675,133.83754575259772,data/tiles/train/H371/H371__Motorola_Edge_H371_01__x549_y16__t256.png
21.902565002441406,10.324810981750488,9.367207527160645,9.194417953491211,8.866739273071289,0.10199396312236786,70.0,150.66666666666666,191.66666666666666,45.18400451987081,30.238813653162406,2.1707181282823114,0.46067703907337787,147.3010866546313,140.0397514234134,133.11380363838356,data/tiles/train/H371/H371__Motorola_Edge_H371_01__x805_y16__t256.png
17.383413314819336,8.962061882019043,8.225071907043457,7.108631610870361,5.894071578979492,0.09355197846889496,100.0,165.0,196.0,35.6123570874581,25.413964949876327,2.074426470142937,0.4820609524574258,163.34856895056376,156.15472679965308,148.85581960104076,data/tiles/train/H371/H371__Motorola_Edge_H371_01__x1061_y16__t256.png
14.266199111938477,7.51150369644165,7.457120418548584,7.6879448890686035,7.877662658691406,0.09506118297576904,103.0,168.33333333333334,200.3000000000005,36.03830151097828,19.505740018264525,1.787606541673735,0.5594072166818659,166.84872141841018,160.2974740640505,151.71907636792616,data/tiles/train/H371/H371__Motorola_Edge_H371_01__x37_y272__t256.png
16.567747116088867,8.624914169311523,8.640621185302734,8.939806938171387,8.820123672485352,0.09101971983909607,75.0,148.33333333333334,190.0,41.90923850271401,22.073422296903644,1.9600868581883213,0.5101814727354914,146.5513658832712,140.4602549648773,134.73494059491804,data/tiles/train/H371/H371__Motorola_Edge_H371_01__x293_y272__t256.png
24.4307918548584,11.114521980285645,10.455524444580078,9.887602806091309,8.946236610412598,0.09406924247741699,58.333333333333336,142.33333333333334,188.66666666666666,48.55560149868302,34.098269097078045,2.2823777164483654,0.43813957382834584,138.52252831237408,131.77520322378933,126.2769401792538,data/tiles/train/H371/H371__Motorola_Edge_H371_01__x549_y272__t256.png
25.177433013916016,11.199566841125488,10.544217109680176,10.00124454498291,8.035775184631348,0.09636779129505157,62.0,148.0,191.33333333333334,48.12688957691961,35.083565881272825,2.0200240455478573,0.49504361208174963,143.46765297627306,136.61112460108228,130.37869432496186,data/tiles/train/H371/H371__Motorola_Edge_H371_01__x805_y272__t256.png
19.840198516845703,9.863334655761719,9.166197776794434,8.375731468200684,6.8408074378967285,0.10368634760379791,77.66666666666667,151.0,188.66666666666666,41.0143880285302,27.887368706378314,1.9647255109165722,0.5089769509500011,149.07304004023098,141.65066675915168,134.46452910676817,data/tiles/train/H371/H371__Motorola_Edge_H371_01__x1061_y272__t256.png
11.178618431091309,7.034627437591553,7.497506618499756,7.956387996673584,7.238797664642334,0.11556068807840347,100.0,159.0,186.66666666666666,32.14894291387756,15.564092929992965,2.2270120708826724,0.4490321417986979,159.70586092025817,152.07373863557498,142.28931570546186,data/tiles/train/H371/H371__Motorola_Edge_H371_02__x38_y20__t256.png
14.567557334899902,8.837335586547852,9.407123565673828,9.858464241027832,8.481697082519531,0.09879513829946518,72.0,146.0,181.33333333333334,40.259069893148485,20.03389351889595,1.8987722466335148,0.5266561072677253,142.5519891736211,136.0041639918802,129.22534136058434,data/tiles/train/H371/H371__Motorola_Edge_H371_02__x294_y20__t256.png
13.389519691467285,8.162129402160645,9.011703491210938,9.911033630371094,9.259258270263672,0.09050055593252182,68.0,144.66666666666666,180.33333333333334,41.221500276876554,17.682755627436027,2.4080266702544377,0.4152777925397054,140.21021761010655,133.81197723249923,128.25401728386493,data/tiles/train/H371/H371__Motorola_Edge_H371_02__x550_y20__t256.png
13.674540519714355,8.282625198364258,8.932833671569824,9.488094329833984,9.015594482421875,0.10293356329202652,68.66666666666667,147.0,180.0,41.18297981139136,17.953882335120934,2.064245929274076,0.4844384023330328,142.5595789327645,135.48474758510656,128.7379081906942,data/tiles/train/H371/H371__Motorola_Edge_H371_02__x806_y20__t256.png
15.305041313171387,9.008913040161133,9.71477222442627,9.820571899414062,8.06094741821289,0.09831198304891586,78.33333333333333,156.0,188.66666666666666,40.37172438290073,20.9813555477622,1.8437245765812726,0.542380360224004,151.29647185470708,144.38347744556725,137.21920686182588,data/tiles/train/H371/H371__Motorola_Edge_H371_02__x1062_y20__t256.png
13.492117881774902,7.763499736785889,7.957976818084717,8.282025337219238,7.067586898803711,0.11940557509660721,95.0,154.0,186.33333333333334,33.84130258362459,18.941849955855403,2.115917235224694,0.47260827756044427,156.09546369568235,148.72391711786756,138.46869359988892,data/tiles/train/H371/H371__Motorola_Edge_H371_02__x38_y276__t256.png
14.983325004577637,8.838533401489258,9.487235069274902,9.463229179382324,7.952601432800293,0.10138266533613205,66.66666666666667,139.33333333333334,174.66666666666666,40.00603264784228,20.62393270570474,1.8474022013698137,0.5413006432808832,135.8404046714214,129.56983705554688,123.15803356065733,data/tiles/train/H371/H371__Motorola_Edge_H371_02__x294_y276__t256.png
13.930217742919922,8.11613655090332,8.822480201721191,9.490583419799805,9.1018648147583,0.09163881093263626,62.0,141.66666666666666,177.0,42.47002062734205,18.063332715962357,2.136873603959001,0.4679733972787594,135.79479748724535,129.47483774685037,124.43542845243466,data/tiles/train/H371/H371__Motorola_Edge_H371_02__x550_y276__t256.png
15.24660587310791,9.357856750488281,9.85482406616211,9.855741500854492,8.897870063781738,0.10248041152954102,65.0,137.66666666666666,178.33333333333334,41.676996785979114,21.450629978372174,1.6891116016254573,0.5920271928969555,136.26466348241425,129.28574902301347,123.12951801997394,data/tiles/train/H371/H371__Motorola_Edge_H371_02__x806_y276__t256.png
14.750617980957031,9.018449783325195,9.355301856994629,9.269134521484375,7.953853130340576,0.10423716902732849,74.66666666666667,144.33333333333334,182.0,39.82531866019333,20.769796838111702,1.953393568666435,0.5119296060151828,143.30232840796626,136.17924053270363,129.20552844963797,data/tiles/train/H371/H371__Motorola_Edge_H371_02__x1062_y276__t256.png
9.578624725341797,5.813470363616943,6.508803844451904,6.923871040344238,6.560545921325684,0.08269321173429489,119.0,170.0,195.33333333333334,28.169863873707,13.314757657699651,2.1638930372733802,0.4621300511507967,169.73091066782308,163.73710320901995,156.47972246313964,data/tiles/train/H371/H371__Motorola_Edge_H371_03__x127_y16__t256.png
11.978368759155273,7.279687881469727,8.446696281433105,9.094752311706543,8.43860149383545,0.09238162636756897,95.66666666666667,159.66666666666666,192.66666666666666,35.893918284956555,16.52220992706365,2.059229984280352,0.4856184144722787,158.37474199087646,151.6741713354032,144.5103116923664,data/tiles/train/H371/H371__Motorola_Edge_H371_03__x383_y16__t256.png
16.734691619873047,8.570804595947266,8.896992683410645,9.225576400756836,8.441473007202148,0.0886140763759613,78.66666666666667,156.33333333333334,190.33333333333334,41.16354789779736,21.852097227800332,1.6923374995438552,0.5908986831938283,151.53957508852324,145.04604943414566,138.83394084565717,data/tiles/train/H371/H371__Motorola_Edge_H371_03__x639_y16__t256.png
13.583499908447266,7.256998062133789,7.693339824676514,7.821599960327148,7.951843738555908,0.09425494819879532,88.33333333333333,158.66666666666666,189.33333333333334,37.32876908248279,17.61581552100146,2.1733458184962666,0.4601200561316551,155.53172661496018,148.83622230319435,141.70084847222944,data/tiles/train/H371/H371__Motorola_Edge_H371_03__x895_y16__t256.png
11.189099311828613,6.610595703125,7.216549873352051,7.517514228820801,6.879730701446533,0.09771498292684555,104.0,156.33333333333334,191.0,31.695777507330714,15.251406508446976,2.2714243271512506,0.4402523949605527,159.97236869492818,153.2194546589884,145.08284187885937,data/tiles/train/H371/H371__Motorola_Edge_H371_03__x1151_y16__t256.png
9.739823341369629,6.076035976409912,6.734476089477539,6.932573318481445,6.928444862365723,0.09308042377233505,105.0,158.0,188.0,30.454567912897414,13.020076987566858,1.7782584444943874,0.5623479551558267,159.13080608206624,152.67996250781087,145.05163854752482,data/tiles/train/H371/H371__Motorola_Edge_H371_03__x127_y272__t256.png
13.361367225646973,7.7548956871032715,8.429758071899414,9.118912696838379,10.181943893432617,0.08780427277088165,64.66666666666667,144.0,182.33333333333334,43.44675977631863,16.60217333106764,1.8287545401314085,0.546820241894324,138.46574462916044,132.8817894700309,126.97086384618055,data/tiles/train/H371/H371__Motorola_Edge_H371_03__x383_y272__t256.png
17.25652503967285,8.53412914276123,9.02891731262207,9.972563743591309,10.602832794189453,0.09453604370355606,54.333333333333336,133.0,179.0,46.766877929031175,21.962868240150584,1.726021429576596,0.5793670825079538,130.15595789327645,123.90082028337062,118.58779459965663,data/tiles/train/H371/H371__Motorola_Edge_H371_03__x639_y272__t256.png
14.954151153564453,8.214563369750977,9.087632179260254,9.840084075927734,8.640933990478516,0.09402593970298767,64.33333333333333,142.66666666666666,177.33333333333334,41.868350253663976,19.14909490691792,1.957954216439773,0.5107371723013729,137.69460153349755,131.41985567081844,125.45923394511328,data/tiles/train/H371/H371__Motorola_Edge_H371_03__x895_y272__t256.png
12.165184020996094,7.802051544189453,9.216009140014648,9.42963695526123,8.239407539367676,0.1033622995018959,84.66666666666667,150.66666666666666,186.33333333333334,37.17744327225147,16.482728800581246,1.8297326949040644,0.5465279178674957,150.46856775895586,143.7150270758123,135.67479519577896,data/tiles/train/H371/H371__Motorola_Edge_H371_03__x1151_y272__t256.png
8.474044799804688,5.565857410430908,6.153496742248535,6.26442813873291,6.108789443969727,0.22821563482284546,142.66666666666666,184.0,218.0,27.24055907840812,12.538210790856695,1.7899865906851753,0.5586634029572354,200.9083336225747,186.90737912602825,159.28916039012876,data/tiles/train/H371/H371__Samsung_A52_H371_01__x111_y190__t256.png
11.043221473693848,6.932934761047363,7.374500274658203,7.476317405700684,7.218388080596924,0.25316423177719116,114.66666666666667,165.33333333333334,200.33333333333334,31.548883742658425,16.68381683849933,1.9416009575071012,0.5150388889815649,179.6876529284165,165.8087982646421,138.8176312364425,data/tiles/train/H371/H371__Samsung_A52_H371_01__x367_y190__t256.png
14.100272178649902,7.2578558921813965,7.223008632659912,7.300087928771973,6.865735054016113,0.25899699330329895,107.33333333333333,164.0,199.33333333333334,33.91419163916138,19.707277783780203,1.7254745045622126,0.5795507249489728,176.93324430261194,163.11120746470567,135.848503243262,data/tiles/train/H371/H371__Samsung_A52_H371_01__x623_y190__t256.png
14.19410228729248,7.296759605407715,7.286244869232178,7.327985763549805,6.6977338790893555,0.26969408988952637,107.33333333333333,162.0,199.33333333333334,33.81312349449668,19.87358062494679,1.7741893626173508,0.5636376933997408,176.79555825453284,162.12686735490587,134.2582285069836,data/tiles/train/H371/H371__Samsung_A52_H371_01__x879_y190__t256.png
13.256665229797363,7.4973225593566895,7.714625358581543,7.5665411949157715,6.8289947509765625,0.2622729241847992,117.33333333333333,169.33333333333334,208.33333333333334,33.28768978817894,19.07633506819131,1.615164809454853,0.6191318645293652,185.65604023935478,170.57113866967305,142.0913884311855,data/tiles/train/H371/H371__Samsung_A52_H371_01__x1135_y190__t256.png
10.321599960327148,6.843482494354248,7.210735321044922,6.863218784332275,6.073037147521973,0.2716462314128876,117.0,165.0,199.0,30.04244083060675,15.670690157881825,1.98006562781514,0.5050337655239377,181.13504934695507,166.19187206216503,137.25662151145647,data/tiles/train/H371/H371__Samsung_A52_H371_01__x111_y446__t256.png
15.570541381835938,8.550970077514648,8.870818138122559,8.84151554107666,7.674415111541748,0.3095564842224121,78.0,139.33333333333334,183.0,38.21251313103235,22.415955308101697,1.731413754706468,0.5775626982757412,153.56609275201333,138.83704179394613,111.85278394890308,data/tiles/train/H371/H371__Samsung_A52_H371_01__x367_y446__t256.png
19.265600204467773,9.42210578918457,9.589662551879883,8.956892013549805,7.482210636138916,0.3018261194229126,69.66666666666667,136.0,182.33333333333334,41.2689988095967,27.209716296726985,1.7837556914967783,0.5606148895653327,149.0499418271485,134.74851963116674,109.48250473197076,data/tiles/train/H371/H371__Samsung_A52_H371_01__x623_y446__t256.png
16.255857467651367,8.280625343322754,8.831595420837402,9.218839645385742,8.859482765197754,0.29833510518074036,71.0,137.0,182.33333333333334,40.81970203805701,22.156633196793816,1.777503031755276,0.5625869447955342,149.55141403795074,135.5390184198191,110.23796461866982,data/tiles/train/H371/H371__Samsung_A52_H371_01__x879_y446__t256.png
13.590069770812988,7.432347297668457,7.785059452056885,8.196160316467285,8.267705917358398,0.29091876745224,90.66666666666667,148.33333333333334,195.33333333333334,37.795028579641645,18.668401375243807,1.7318568691033862,0.5774149225840576,165.14673215091457,150.03540314463226,122.68564090104474,data/tiles/train/H371/H371__Samsung_A52_H371_01__x1135_y446__t256.png
11.273804664611816,7.066682815551758,7.382057189941406,6.9253740310668945,5.769043445587158,0.26198315620422363,123.0,173.66666666666666,204.66666666666666,29.88559628076231,17.06937022448326,1.8433770290911549,0.5424826197888734,188.43652514877596,173.39403508163159,144.24239637732705,data/tiles/train/H371/H371__Samsung_A52_H371_01__x111_y702__t256.png
16.09679412841797,8.513702392578125,8.319812774658203,7.870516777038574,7.164134502410889,0.2852346897125244,93.66666666666667,154.66666666666666,192.66666666666666,36.497288480461,23.23286203961918,1.8496044381068704,0.5406561421443885,167.96381527568073,152.86196004928757,125.52552020964579,data/tiles/train/H371/H371__Samsung_A52_H371_01__x367_y702__t256.png
15.810419082641602,7.858833312988281,7.877607345581055,8.084574699401855,8.169422149658203,0.2885923981666565,82.0,148.66666666666666,188.33333333333334,38.91588382206902,21.206576141913494,1.4440929675573326,0.6924761926453316,160.22974004789504,145.51594766251344,119.33785097004824,data/tiles/train/H371/H371__Samsung_A52_H371_01__x623_y702__t256.png
16.101194381713867,8.756115913391113,9.365887641906738,9.428548812866211,7.399001121520996,0.3131128251552582,80.0,141.66666666666666,185.66666666666666,38.59599518009392,22.90595451971647,1.8359943366551044,0.5446639894444578,156.93059991667823,141.34767740591585,113.91011665046521,data/tiles/train/H371/H371__Samsung_A52_H371_01__x879_y702__t256.png
15.19311237335205,8.113303184509277,8.513779640197754,8.705373764038086,7.9098429679870605,0.28820136189460754,93.0,158.66666666666666,197.0,38.15743216254449,21.041114784010986,2.2222166718236003,0.45000112395852826,171.2038149125243,155.50584906970286,127.56322896417662,data/tiles/train/H371/H371__Samsung_A52_H371_01__x1135_y702__t256.png
8.428077697753906,5.590696334838867,6.416745185852051,6.905596733093262,6.388487815856934,0.20840808749198914,145.0,190.33333333333334,217.66666666666666,27.068062952784917,12.621772230725181,1.7583586478248454,0.5687121914730177,203.14334044657264,189.73202172140392,164.42792206665627,data/tiles/train/H371/H371__Samsung_A52_H371_02__x85_y200__t256.png
9.45474624633789,6.27213191986084,7.360538959503174,7.921280384063721,7.540221214294434,0.21720334887504578,124.33333333333333,176.0,209.66666666666666,31.205774360277434,13.982439787492824,2.016200338528807,0.495982458136916,187.98951734670854,174.97047848799875,150.79326263906003,data/tiles/train/H371/H371__Samsung_A52_H371_02__x341_y200__t256.png
12.457983016967773,6.994699001312256,7.694002628326416,8.162476539611816,7.749220371246338,0.2320205420255661,109.0,170.66666666666666,203.33333333333334,34.87157802492895,16.891667328993393,1.8476693537710618,0.5412223772392052,180.41640066615778,167.27374921934634,142.50464922628547,data/tiles/train/H371/H371__Samsung_A52_H371_02__x597_y200__t256.png
12.210411071777344,6.686806678771973,7.021295070648193,7.1344804763793945,6.990957260131836,0.24480324983596802,115.33333333333333,173.33333333333334,203.66666666666666,32.49352887475291,16.93270138541866,1.7624420343972735,0.5673945471585303,184.60227351614023,170.31810135369662,143.89817771607082,data/tiles/train/H371/H371__Samsung_A52_H371_02__x853_y200__t256.png
10.89238452911377,6.371870517730713,6.816658973693848,6.98581075668335,6.663440227508545,0.2519056499004364,128.33333333333334,174.0,209.66666666666666,29.90279839639177,15.922346065598132,1.8723032112736855,0.5341015247843979,191.53975715524717,176.27035559410234,148.21026886383348,data/tiles/train/H371/H371__Samsung_A52_H371_02__x1109_y200__t256.png
8.668871879577637,6.007236480712891,6.730268955230713,6.823862552642822,7.192759990692139,0.2307824045419693,125.0,175.66666666666666,208.33333333333334,30.391160204488358,12.713573151559439,1.9235419558468911,0.5198742855388996,188.7987513007284,175.07107180020813,149.32039542143602,data/tiles/train/H371/H371__Samsung_A52_H371_02__x85_y456__t256.png
12.548277854919434,7.833669662475586,8.974251747131348,9.928279876708984,10.620356559753418,0.2660839855670929,74.66666666666667,147.0,193.66666666666666,43.51836296381663,17.07009146399172,2.093290980498931,0.4777166716505186,157.15441916999478,143.78192394512936,119.83450251779823,data/tiles/train/H371/H371__Samsung_A52_H371_02__x341_y456__t256.png
15.636930465698242,7.9304518699646,8.700658798217773,9.502959251403809,9.987722396850586,0.28694820404052734,65.33333333333333,133.0,182.0,43.12000914478763,20.42815319934155,1.9741903404164196,0.5065367708105938,145.23630303451148,131.4653669884036,108.40149989584057,data/tiles/train/H371/H371__Samsung_A52_H371_02__x597_y456__t256.png
15.176546096801758,7.92873477935791,8.91241455078125,9.5263671875,8.653908729553223,0.29666411876678467,67.66666666666667,135.66666666666666,180.33333333333334,41.28613400813047,20.313465180118655,1.7711003262557714,0.564620753085213,147.2379960059043,132.89459060519232,108.7792654337067,data/tiles/train/H371/H371__Samsung_A52_H371_02__x853_y456__t256.png
14.323322296142578,8.298917770385742,9.32970905303955,9.494974136352539,8.198465347290039,0.2670418322086334,93.0,157.33333333333334,201.33333333333334,39.46685424588783,19.727023844922833,1.8559802353039971,0.538798841161262,171.00711546137694,156.07467763489007,130.29426771489562,data/tiles/train/H371/H371__Samsung_A52_H371_02__x1109_y456__t256.png
10.582671165466309,6.997878074645996,7.872659206390381,8.087719917297363,6.731362342834473,0.23695039749145508,121.0,175.0,208.0666666666681,32.047128443631124,15.714536769114613,1.7221059774922032,0.5806843557074451,187.88774961397664,173.66708305140617,147.66836690435295,data/tiles/train/H371/H371__Samsung_A52_H371_02__x85_y712__t256.png
13.017638206481934,7.740033149719238,8.6522216796875,9.393197059631348,8.896596908569336,0.24447904527187347,95.0,157.66666666666666,199.33333333333334,38.113803782030516,17.90087859390918,2.124526457718785,0.4706931261631602,169.42523607832246,155.92403832801,132.14298361338703,data/tiles/train/H371/H371__Samsung_A52_H371_02__x341_y712__t256.png
14.047720909118652,7.894670009613037,9.09762191772461,10.327018737792969,9.95833683013916,0.28004658222198486,73.66666666666667,148.0,192.33333333333334,43.435591428623496,18.25823268971488,2.0297687641660245,0.49266695677567596,157.69414907457198,143.26378601536888,118.5350136168884,data/tiles/train/H371/H371__Samsung_A52_H371_02__x597_y712__t256.png
13.961713790893555,7.731261253356934,8.843880653381348,10.157021522521973,9.445306777954102,0.2639599144458771,80.33333333333333,153.66666666666666,197.33333333333334,42.28878759095475,18.130862667544683,1.8464425267649591,0.5415819802157827,164.15985072036105,149.85972921367818,125.48989758722443,data/tiles/train/H371/H371__Samsung_A52_H371_02__x853_y712__t256.png
15.38647747039795,8.639342308044434,9.141658782958984,9.344091415405273,7.9937310218811035,0.2536706030368805,99.33333333333333,164.0,204.66666666666666,38.5016669199872,21.70233746351661,1.4826733422125706,0.6744573949833854,176.23136451971126,160.97320932815103,136.20214464186563,data/tiles/train/H371/H371__Samsung_A52_H371_02__x1109_y712__t256.png
7.820923805236816,5.350890636444092,6.062765121459961,6.137577533721924,5.728846549987793,0.2471584677696228,147.0,191.33333333333334,219.33333333333334,26.684074454088112,11.499042530654197,1.9994753706359438,0.5001311917545375,208.27304097522065,191.2332448976053,162.0118261110822,data/tiles/train/H371/H371__Samsung_A52_H371_03__x81_y183__t256.png
7.871974945068359,5.84459114074707,6.957675457000732,7.774626731872559,7.965739727020264,0.2661924362182617,110.0,162.66666666666666,209.33333333333334,35.36960648091574,11.387441752010416,1.6116170606031772,0.620494796465937,180.3983796256137,164.2927083152617,137.60418799118682,data/tiles/train/H371/H371__Samsung_A52_H371_03__x337_y183__t256.png
10.595293045043945,6.6696953773498535,7.0483527183532715,7.190777778625488,7.2698845863342285,0.2830325961112976,110.66666666666667,162.33333333333334,200.33333333333334,32.96759428717909,15.285481944028481,1.5854176049859634,0.630748641149884,179.6307721652881,162.98865941840504,134.60720664481784,data/tiles/train/H371/H371__Samsung_A52_H371_03__x593_y183__t256.png
10.928340911865234,6.90658712387085,7.868524551391602,8.66131591796875,8.021547317504883,0.27965083718299866,106.66666666666667,163.66666666666666,201.33333333333334,34.51912004539666,15.304814131926229,1.7991836786825712,0.5558076208940695,179.25459877828683,162.82561085658753,134.80129807024852,data/tiles/train/H371/H371__Samsung_A52_H371_03__x849_y183__t256.png
10.511460304260254,7.077564239501953,7.761744499206543,7.378280162811279,6.534547328948975,0.2840491831302643,124.0,173.66666666666666,208.0,30.871588670105275,16.134426324148148,1.8707874721372353,0.5345342615842806,191.67720936691722,174.52311351051088,143.42480948495842,data/tiles/train/H371/H371__Samsung_A52_H371_03__x1105_y183__t256.png
9.014655113220215,6.546920299530029,7.383783340454102,7.880737781524658,7.649483680725098,0.29657047986984253,118.0,168.66666666666666,206.0,32.07617179827303,13.631244307519255,1.419766349058269,0.7043412464757317,187.83485426786953,169.2340215128383,138.81363636363636,data/tiles/train/H371/H371__Samsung_A52_H371_03__x81_y439__t256.png
11.05003833770752,6.823147296905518,7.742827415466309,8.780946731567383,9.836495399475098,0.3276466727256775,70.0,137.66666666666666,189.33333333333334,43.86864387230348,14.254324450627218,1.566339941793756,0.6384310157185997,153.26074816600476,136.21635073966806,109.66790378245261,data/tiles/train/H371/H371__Samsung_A52_H371_03__x337_y439__t256.png
13.597564697265625,7.220271110534668,8.266310691833496,9.513908386230469,9.57944393157959,0.3278777599334717,65.40000000000023,131.0,180.0,42.26578156739542,17.456818982355415,1.9003894405809079,0.5262079333035663,146.49776882607262,130.04939836438456,104.81744309204244,data/tiles/train/H371/H371__Samsung_A52_H371_03__x593_y439__t256.png
14.666086196899414,7.941906929016113,8.80643081665039,9.719494819641113,8.778952598571777,0.31272822618484497,74.66666666666667,139.33333333333334,184.0,39.43251455837437,19.66802301129591,1.5991506270155629,0.6253319625470578,154.1769535182421,137.7163710209324,112.06725795813517,data/tiles/train/H371/H371__Samsung_A52_H371_03__x849_y439__t256.png
13.194804191589355,8.167582511901855,8.921192169189453,9.082962036132812,8.330119132995605,0.3038138747215271,88.33333333333333,150.66666666666666,193.66666666666666,38.22954148364185,18.599919115346363,1.8683379906642197,0.5352350618554228,166.1104110254808,149.0679893077831,121.8519058529473,data/tiles/train/H371/H371__Samsung_A52_H371_03__x1105_y439__t256.png
9.925071716308594,6.755869388580322,7.580657482147217,7.885353088378906,7.3293328285217285,0.2785617411136627,119.66666666666667,172.0,210.33333333333334,32.93101584375966,14.278999548492763,1.6532353980035506,0.604874539468246,190.02018816830994,172.54223371753923,143.0702506596306,data/tiles/train/H371/H371__Samsung_A52_H371_03__x81_y695__t256.png
13.097528457641602,8.157925605773926,8.92566204071045,8.883648872375488,8.269814491271973,0.29164353013038635,82.66666666666667,149.66666666666666,197.66666666666666,42.18841310457814,18.156712635833454,1.8867356971303182,0.530015943155672,164.43974439119262,148.15553587552964,122.17392512328958,data/tiles/train/H371/H371__Samsung_A52_H371_03__x337_y695__t256.png
15.499220848083496,8.616588592529297,9.094074249267578,8.93374252319336,8.571708679199219,0.30435511469841003,78.0,144.33333333333334,189.33333333333334,40.61194262830746,21.20851518651193,1.8446684454779823,0.5421028382912922,158.58869162284583,142.0511619027785,116.2904670172333,data/tiles/train/H371/H371__Samsung_A52_H371_03__x593_y695__t256.png
15.13846206665039,8.613927841186523,9.38724422454834,9.8959379196167,8.851557731628418,0.29554274678230286,77.33333333333333,147.0,190.66666666666666,41.529093885753966,20.228834059573057,1.8689648952945224,0.5350555286071407,159.58299798792757,143.35648372996602,118.1042461666551,data/tiles/train/H371/H371__Samsung_A52_H371_03__x849_y695__t256.png
13.273244857788086,7.740440845489502,8.583512306213379,8.737151145935059,7.876909255981445,0.290042519569397,101.66666666666667,163.0,202.33333333333334,36.50116474331978,18.511141034614106,1.8670431290723797,0.5356062666301872,178.6491173254179,160.92978527660608,132.96333906160496,data/tiles/train/H371/H371__Samsung_A52_H371_03__x1105_y695__t256.png
8.605842590332031,5.804202079772949,6.6042280197143555,6.75654411315918,6.29916524887085,0.2557837963104248,138.0,188.66666666666666,217.66666666666666,29.451256474164936,12.13686063195868,2.0131724655931635,0.4967284309172979,204.28149794267262,186.4395041580583,157.53796072848488,data/tiles/train/H371/H371__Samsung_A52_H371_04__x73_y203__t256.png
8.890905380249023,6.042243480682373,6.9137349128723145,7.475059986114502,7.78858757019043,0.2680489718914032,122.33333333333333,168.0,207.66666666666666,31.147929581246157,12.926493980515957,2.12167485078922,0.4713257545698014,187.46387298282144,170.22955058129446,142.74947076175604,data/tiles/train/H371/H371__Samsung_A52_H371_04__x329_y203__t256.png
12.231825828552246,7.43401575088501,8.38225269317627,9.353902816772461,8.461012840270996,0.299420565366745,100.33333333333333,160.66666666666666,201.0,37.12627272687202,17.296191881368458,2.1603966759476,0.4628779571517239,177.13563760600752,159.3147187873953,130.52813860321535,data/tiles/train/H371/H371__Samsung_A52_H371_04__x585_y203__t256.png
12.820306777954102,7.644273281097412,8.528646469116211,8.684276580810547,8.211724281311035,0.30598828196525574,101.0,162.33333333333334,200.33333333333334,36.55220375962167,17.893172919952494,1.8306752249356755,0.5462465359114351,178.6574066040846,160.29086776214191,130.75001301382937,data/tiles/train/H371/H371__Samsung_A52_H371_04__x841_y203__t256.png
10.857674598693848,6.579207420349121,7.24652624130249,7.335341453552246,6.5245256423950195,0.2802690863609314,123.66666666666667,175.0,210.66666666666666,31.976012327400166,15.730722525442733,1.9137966083581262,0.5225215655794868,192.93795677458553,175.07056679107717,145.010190087666,data/tiles/train/H371/H371__Samsung_A52_H371_04__x1097_y203__t256.png
9.717035293579102,6.891453742980957,7.950082778930664,8.210928916931152,7.919314384460449,0.2603081166744232,109.33333333333333,173.0,213.33333333333334,37.68303418645091,13.433727274756796,1.518992614959294,0.658331047927312,186.75022117369508,170.05675924159107,143.35177893038667,data/tiles/train/H371/H371__Samsung_A52_H371_04__x73_y459__t256.png
11.991857528686523,7.4758405685424805,8.538877487182617,9.292229652404785,9.526703834533691,0.3185819089412689,76.33333333333333,139.33333333333334,184.66666666666666,40.07002308804925,16.337946118380074,1.7928984471755245,0.5577560745704077,154.72854537559704,137.73260963960053,111.79914893617021,data/tiles/train/H371/H371__Samsung_A52_H371_04__x329_y459__t256.png
15.366875648498535,7.946261405944824,8.717473983764648,9.41939926147461,10.010656356811523,0.30059587955474854,71.0,140.0,185.33333333333334,42.005307022100666,19.896198674514945,1.6707434482663044,0.598535939816301,153.1362264019989,136.98856538034426,112.76702179344808,data/tiles/train/H371/H371__Samsung_A52_H371_04__x585_y459__t256.png
15.388694763183594,8.376309394836426,9.084033012390137,9.888788223266602,9.80979061126709,0.3600115180015564,63.666666666666664,124.0,179.33333333333334,42.53901409672323,20.392811394838226,1.406104258265142,0.7111848172864541,143.23350412505428,125.75676943117672,99.06541033434651,data/tiles/train/H371/H371__Samsung_A52_H371_04__x841_y459__t256.png
15.501504898071289,8.854974746704102,9.460516929626465,9.125386238098145,7.307809352874756,0.32442763447761536,87.66666666666667,149.0,194.0,38.57798069191732,22.16884963959893,1.645345439282491,0.6077751067496708,166.99065891136382,148.28705616807014,119.92657348728189,data/tiles/train/H371/H371__Samsung_A52_H371_04__x1097_y459__t256.png
9.950904846191406,6.3493266105651855,7.060976028442383,7.331009387969971,6.8559393882751465,0.26419350504875183,125.0,176.33333333333334,207.33333333333334,30.406856967706574,14.223492685690584,2.1421701758267386,0.46681632079676627,192.1538314807429,175.0226125860544,146.88345154074253,data/tiles/train/H371/H371__Samsung_A52_H371_04__x73_y715__t256.png
12.48728084564209,7.676701545715332,8.791495323181152,9.93021011352539,9.910669326782227,0.2864669859409332,77.0,151.0,193.33333333333334,41.93388524347324,16.341496653077836,1.9544439393305626,0.5116544812958517,161.95145092189478,145.85683312230066,121.00617487381403,data/tiles/train/H371/H371__Samsung_A52_H371_04__x329_y715__t256.png
13.13344669342041,7.094175815582275,7.789731979370117,8.723810195922852,8.895528793334961,0.31321409344673157,65.66666666666667,134.33333333333334,180.66666666666666,42.490756930253426,16.59032635847124,1.7327778284440665,0.5771080305765118,147.32615368607253,131.349773685032,107.05412482874634,data/tiles/train/H371/H371__Samsung_A52_H371_04__x585_y715__t256.png
13.560417175292969,7.450802326202393,7.924215793609619,8.52844524383545,7.854614734649658,0.3162042200565338,88.0,147.0,192.0,38.06549296324413,18.33915604688596,1.6919648355937642,0.5910288316654455,164.5968299161473,146.72323397163242,119.21763511050155,data/tiles/train/H371/H371__Samsung_A52_H371_04__x841_y715__t256.png
14.013280868530273,7.972057819366455,8.568122863769531,8.667803764343262,8.52718734741211,0.325565904378891,88.66666666666667,150.33333333333334,201.0,40.74698414574029,18.996870895400516,1.63484507561116,0.6116787547139085,170.02615229765377,150.83239622379563,121.96966541718729,data/tiles/train/H371/H371__Samsung_A52_H371_04__x1097_y715__t256.png
12.24731159210205,7.777215957641602,8.258890151977539,8.281294822692871,7.608777046203613,0.10935744643211365,79.33333333333333,147.33333333333334,184.33333333333334,38.09243352965595,16.458774310340495,2.341225935625531,0.42712665393945376,145.85881516423294,139.4314279768305,131.7811557004613,data/tiles/train/H372/H372__Motorola_Edge_H372_01__x30_y211__t256.png
11.118431091308594,7.8071064949035645,9.473380088806152,11.107989311218262,10.76919174194336,0.11688893288373947,52.666666666666664,117.66666666666667,166.0,42.21664824267714,15.130715593336179,1.8044863299675151,0.5541743283907296,119.91059861417432,113.0274560200059,107.13424100863102,data/tiles/train/H372/H372__Motorola_Edge_H372_01__x286_y211__t256.png
14.748147010803223,8.379744529724121,9.289804458618164,10.406584739685059,10.701251983642578,0.1008363738656044,50.0,120.66666666666667,170.0,44.782102434448774,19.239652091080643,2.071496521153327,0.482742785125818,120.69498933347208,114.14849888131536,109.83294309450717,data/tiles/train/H372/H372__Motorola_Edge_H372_01__x542_y211__t256.png
13.790493965148926,8.134743690490723,9.18637466430664,10.675559997558594,11.49423599243164,0.11829262226819992,47.666666666666664,109.0,167.66666666666666,44.63786526081753,17.9306450638816,1.9788854873704613,0.5053349505982773,114.96153179090498,107.54096569426619,102.53215512157897,data/tiles/train/H372/H372__Motorola_Edge_H372_01__x798_y211__t256.png
12.178024291992188,7.212098598480225,7.336655139923096,7.187732696533203,6.1115570068359375,0.11945128440856934,99.66666666666667,157.33333333333334,186.66666666666666,32.278772435091106,17.44941285446837,1.891377762078457,0.5287151091916659,158.90347208967395,151.15625271121445,141.23565442209923,data/tiles/train/H372/H372__Motorola_Edge_H372_02__x47_y18__t256.png
14.906315803527832,8.721007347106934,9.17288589477539,9.65180778503418,9.487324714660645,0.10362876206636429,73.0,147.33333333333334,185.0,41.16279722464123,20.086819222505717,2.329228346140551,0.4293267346058898,144.76773387908008,138.19189011065248,130.9616878837282,data/tiles/train/H372/H372__Motorola_Edge_H372_02__x303_y18__t256.png
12.820304870605469,7.3792500495910645,7.757162570953369,8.535792350769043,8.950544357299805,0.08179383724927902,75.66666666666667,154.66666666666666,182.66666666666666,39.5203323388468,16.377232024741353,2.2452797993018843,0.4453787899000053,146.4999306157849,141.30810060711187,137.36301821335647,data/tiles/train/H372/H372__Motorola_Edge_H372_02__x559_y18__t256.png
15.961498260498047,8.986584663391113,9.322624206542969,9.444351196289062,8.1299467086792,0.10290571302175522,70.33333333333333,147.33333333333334,184.33333333333334,41.96319251880145,21.62418565362014,2.034405740945433,0.4915440316911798,143.6338287381068,136.8109938190152,130.2423258559622,data/tiles/train/H372/H372__Motorola_Edge_H372_02__x815_y18__t256.png
16.801637649536133,8.784472465515137,8.56972599029541,8.255017280578613,7.13296365737915,0.10902439057826996,88.66666666666667,158.0,189.66666666666666,37.21325998014326,23.779802729893493,2.343472056831642,0.4267172706774209,156.29289109391806,148.5524060646012,140.1803594351733,data/tiles/train/H372/H372__Motorola_Edge_H372_02__x1071_y18__t256.png
15.121273040771484,8.113509178161621,7.949458599090576,7.496667385101318,6.542177200317383,0.1240188404917717,94.33333333333333,154.66666666666666,189.33333333333334,35.18032768135563,21.05731194758201,2.137444230860062,0.4678484638626671,156.91885280033313,149.21679158859047,138.8579533624818,data/tiles/train/H372/H372__Motorola_Edge_H372_02__x47_y274__t256.png
16.497289657592773,9.0852632522583,9.775049209594727,9.674257278442383,8.804323196411133,0.10783041268587112,70.0,146.33333333333334,186.66666666666666,42.85999886605302,22.22123921926753,2.0721185674453313,0.4825978666041672,144.1489819652497,137.09628369582197,129.77894846470292,data/tiles/train/H372/H372__Motorola_Edge_H372_02__x303_y274__t256.png
17.104877471923828,9.142624855041504,9.630937576293945,10.374217987060547,9.138243675231934,0.10130500793457031,62.666666666666664,144.0,181.33333333333334,44.413945328749534,22.6351971764063,1.8905161096947216,0.5289560849928324,138.47367415691315,131.45344354530616,125.54372590560206,data/tiles/train/H372/H372__Motorola_Edge_H372_02__x559_y274__t256.png
15.880681037902832,8.386533737182617,8.618149757385254,9.2432222366333,9.286408424377441,0.09706708788871765,71.0,145.0,184.0,41.25861385005199,20.582929837491722,2.2216766782982638,0.4501104997717172,142.61686575456628,135.9234495451073,129.97484200291686,data/tiles/train/H372/H372__Motorola_Edge_H372_02__x815_y274__t256.png
16.989198684692383,8.91151237487793,8.556005477905273,8.132031440734863,7.46513557434082,0.10685279965400696,85.33333333333333,154.0,188.66666666666666,38.06732447180283,23.53374896098057,2.0734778061171792,0.48228150648625107,152.79791883454735,145.31638917793964,137.45678113076656,data/tiles/train/H372/H372__Motorola_Edge_H372_02__x1071_y274__t256.png
17.03061866760254,8.49301528930664,8.115530967712402,7.637983798980713,6.416528224945068,0.11365295201539993,95.0,159.0,191.33333333333334,35.86814973130367,23.924041268347494,2.257201597364417,0.443026445297413,159.38303591557846,151.3613235523646,142.31097931082323,data/tiles/train/H372/H372__Motorola_Edge_H372_03__x42_y16__t256.png
18.958572387695312,8.929719924926758,8.943070411682129,9.154565811157227,8.889280319213867,0.10659395158290863,74.66666666666667,151.33333333333334,190.66666666666666,42.47698002654973,24.826487980336402,2.112181690614416,0.4734441191510889,149.49592466703663,141.8352178135405,134.60299320199778,data/tiles/train/H372/H372__Motorola_Edge_H372_03__x298_y16__t256.png
19.57704734802246,9.997283935546875,10.022917747497559,10.451305389404297,9.271878242492676,0.0874747708439827,63.0,144.33333333333334,185.66666666666666,45.73245589925651,26.2989180793416,1.8895090542719968,0.5292380037762174,139.43104376052352,132.9312607405093,128.0566404554844,data/tiles/train/H372/H372__Motorola_Edge_H372_03__x554_y16__t256.png
19.162113189697266,9.443548202514648,9.362125396728516,8.988465309143066,8.338080406188965,0.09020974487066269,66.0,141.33333333333334,185.33333333333334,44.303193554716074,25.823847631001975,1.9677312061242604,0.5081994923329233,139.24575079428462,132.85079602076425,127.7915762426431,data/tiles/train/H372/H372__Motorola_Edge_H372_03__x810_y16__t256.png
18.560604095458984,9.228652000427246,9.101362228393555,8.80275821685791,7.9923272132873535,0.08131420612335205,77.33333333333333,158.0,194.0,42.89527024462552,24.448793964966793,2.041144093222773,0.48992131585433285,151.91366444537,146.41189434957656,141.4051436901291,data/tiles/train/H372/H372__Motorola_Edge_H372_03__x1066_y16__t256.png
17.151500701904297,8.4096040725708,8.080345153808594,8.184120178222656,6.906388282775879,0.11781474947929382,91.33333333333333,158.66666666666666,191.66666666666666,37.31816336064261,22.82559141042102,2.0276719289340703,0.4931764284598502,158.77137556137401,150.31072809557662,141.14258466126822,data/tiles/train/H372/H372__Motorola_Edge_H372_03__x42_y272__t256.png
18.839889526367188,9.216826438903809,9.396263122558594,9.658295631408691,8.491202354431152,0.10942137986421585,67.0,140.0,184.66666666666666,43.279259831354985,25.293503661336718,2.0111125108315373,0.4972372229868575,140.46417299621962,132.85005028959873,126.00202892518989,data/tiles/train/H372/H372__Motorola_Edge_H372_03__x298_y272__t256.png
17.51546859741211,8.81491470336914,9.073076248168945,9.943413734436035,9.367673873901367,0.09191033244132996,64.33333333333333,143.33333333333334,181.0,42.85986541256355,23.19422760913053,2.103023999774292,0.4755057479645146,138.71802209618954,132.056020951489,127.12968069792046,data/tiles/train/H372/H372__Motorola_Edge_H372_03__x554_y272__t256.png
14.442529678344727,7.344071388244629,7.934894561767578,8.993489265441895,9.67692756652832,0.10266061127185822,58.666666666666664,130.0,181.33333333333334,46.241493885439226,17.87283653615512,1.9799487818861468,0.5050635699007203,131.15834113851596,124.327956429736,118.9833315988483,data/tiles/train/H372/H372__Motorola_Edge_H372_03__x810_y272__t256.png
16.59941291809082,8.498858451843262,8.73038387298584,9.500454902648926,9.766350746154785,0.0911274403333664,71.0,146.33333333333334,189.66666666666666,43.647296475117116,20.963585236750596,2.1506595287876373,0.4649736448817246,144.1983202901317,138.01763001266724,132.36302903052282,data/tiles/train/H372/H372__Motorola_Edge_H372_03__x1066_y272__t256.png
17.244457244873047,8.603728294372559,8.453484535217285,8.27876091003418,6.745423316955566,0.10877395421266556,90.33333333333333,155.66666666666666,191.0,37.35039257714318,23.96404857202238,1.6036441916617172,0.6235797224843167,156.04221292260675,148.35138654951467,140.2619250204032,data/tiles/train/H372/H372__Motorola_Edge_H372_04__x38_y17__t256.png
18.88021469116211,9.185625076293945,9.015021324157715,9.022191047668457,8.938379287719727,0.09715375304222107,68.66666666666667,139.66666666666666,187.0,43.334736167430215,25.296475600961358,1.838084203141022,0.5440447169346995,140.09535371754626,132.98940321545638,127.53483411089336,data/tiles/train/H372/H372__Motorola_Edge_H372_04__x294_y17__t256.png
16.11009979248047,7.93260383605957,7.906768321990967,8.802143096923828,8.768548965454102,0.08480844646692276,68.0,141.0,185.33333333333334,43.323392700801634,20.5583686285286,2.2327856472723187,0.4478710265903265,139.07402394586154,132.71216380357453,128.85639423911158,data/tiles/train/H372/H372__Motorola_Edge_H372_04__x550_y17__t256.png
16.9571533203125,8.523726463317871,8.857868194580078,9.7562894821167,9.961030960083008,0.08586438000202179,57.333333333333336,135.33333333333334,179.33333333333334,45.300707462605494,21.53754738285977,1.9532579235565712,0.5119651572584738,131.13184714481656,124.85351667621578,121.40146188169523,data/tiles/train/H372/H372__Motorola_Edge_H372_04__x806_y17__t256.png
17.097204208374023,8.436627388000488,8.50143051147461,9.106979370117188,8.748067855834961,0.08430462330579758,79.0,155.0,190.66666666666666,40.799525180261355,21.98948080730232,2.332032265166726,0.4288105336006173,151.2909188738848,144.4735654528413,139.62503905300795,data/tiles/train/H372/H372__Motorola_Edge_H372_04__x1062_y17__t256.png
17.933719635009766,8.487481117248535,8.327386856079102,7.717320919036865,6.5494704246521,0.07593783736228943,92.0,159.0,192.66666666666666,37.166103722608845,24.13007020843667,2.188635572311254,0.4569056688336537,156.4678370689057,151.1776941225453,145.8900839636389,data/tiles/train/H372/H372__Motorola_Edge_H372_04__x38_y273__t256.png
20.593524932861328,10.113687515258789,9.876952171325684,9.503776550292969,8.230096817016602,0.09007327258586884,66.66666666666667,143.33333333333334,187.66666666666666,44.53172320271502,27.899002705041784,2.054386507467498,0.4867633214904284,141.1411909679435,134.33908395091726,129.39457104673969,data/tiles/train/H372/H372__Motorola_Edge_H372_04__x294_y273__t256.png
18.663599014282227,9.332459449768066,9.38193130493164,9.806355476379395,9.748753547668457,0.09392032772302628,60.0,134.0,181.33333333333334,45.09004826004129,24.71986916174971,1.9096147845377236,0.5236658241741035,133.11211174735382,125.95946555613396,121.69960090230782,data/tiles/train/H372/H372__Motorola_Edge_H372_04__x550_y273__t256.png
18.625442504882812,8.945679664611816,9.152982711791992,9.868157386779785,10.0212984085083,0.08207037299871445,63.333333333333336,142.0,183.66666666666666,44.778608208846215,24.240786576905773,2.2792687950549273,0.4387371959681049,137.64617038616936,131.1403527024918,127.70791933274376,data/tiles/train/H372/H372__Motorola_Edge_H372_04__x806_y273__t256.png
17.928348541259766,8.925880432128906,8.935863494873047,9.535788536071777,9.90420913696289,0.09556092321872711,64.66666666666667,136.0,188.0,45.253074924053315,23.233701459423113,2.119857510941614,0.47172981902722916,137.11030700612625,130.1418753579424,125.26327207094636,data/tiles/train/H372/H372__Motorola_Edge_H372_04__x1062_y273__t256.png
11.573358535766602,6.289719104766846,6.701679706573486,6.930186748504639,5.950451850891113,0.24556100368499756,137.0,185.66666666666666,220.33333333333334,30.622832631296685,16.684636291718647,2.060091072179226,0.4854154330867373,202.40412124158044,186.29517047427262,157.68142837302966,data/tiles/train/H372/H372__Samsung_A52_H372_01__x111_y202__t256.png
14.526782035827637,7.468496322631836,7.324556350708008,6.62613582611084,5.755733489990234,0.26651647686958313,116.33333333333333,169.66666666666666,206.66666666666666,33.03868154490345,20.606816675510675,1.777590302055161,0.5625593247464559,185.5860244892296,169.68496999549066,141.4576988449131,data/tiles/train/H372/H372__Samsung_A52_H372_01__x367_y202__t256.png
15.459388732910156,7.657989025115967,7.730116844177246,7.35982084274292,7.0769476890563965,0.27581965923309326,106.0,162.66666666666666,200.33333333333334,34.52957445613295,21.418474186961628,2.0307922781136947,0.4924186539299095,177.527270834779,161.82973076122406,134.00728610089516,data/tiles/train/H372/H372__Samsung_A52_H372_01__x623_y202__t256.png
15.09385871887207,7.653142929077148,7.810944557189941,7.6803178787231445,7.080319881439209,0.29026082158088684,104.0,161.33333333333334,200.0,35.11904492178712,21.252448282312482,1.8825004689661702,0.5312083670019903,177.09560840131923,160.40751605624024,131.6988022912689,data/tiles/train/H372/H372__Samsung_A52_H372_01__x879_y202__t256.png
14.104805946350098,7.61496114730835,8.000859260559082,8.013284683227539,7.3747429847717285,0.25052300095558167,117.0,177.33333333333334,212.66666666666666,35.014468054263226,19.513916547894617,1.8953422515758693,0.527609195209233,190.77773535791758,175.061726681128,147.8784381778742,data/tiles/train/H372/H372__Samsung_A52_H372_01__x1135_y202__t256.png
13.870471000671387,7.542065620422363,7.504988193511963,6.953528881072998,5.686612606048584,0.26482439041137695,119.66666666666667,171.66666666666666,206.0,31.722981984119173,20.416863593150833,1.8587827156353598,0.5379864959946031,187.53061790930855,171.30052388717343,143.21304166811228,data/tiles/train/H372/H372__Samsung_A52_H372_01__x111_y458__t256.png
15.045842170715332,7.897341728210449,8.294291496276855,8.876642227172852,8.821990966796875,0.2873658835887909,83.33333333333333,148.0,191.0,39.380568694452776,20.204023098036643,1.585036288374987,0.6309003821137883,161.30808860517962,146.11287272979584,120.33402140540166,data/tiles/train/H372/H372__Samsung_A52_H372_01__x367_y458__t256.png
13.932267189025879,7.56946325302124,8.31510066986084,9.100984573364258,8.801916122436523,0.28535014390945435,78.0,143.33333333333334,183.0,38.6543845761895,18.148401397838978,1.891545880284645,0.528668117661263,154.59667789079043,140.31749227618286,115.55436178706564,data/tiles/train/H372/H372__Samsung_A52_H372_01__x623_y458__t256.png
13.571982383728027,7.725740432739258,8.578962326049805,9.41198444366455,10.234254837036133,0.30086439847946167,68.0,138.0,184.66666666666666,43.0450463136536,17.687815418681833,1.7102310829819236,0.5847163052705255,150.26406084495304,135.20556008960045,110.54902846029624,data/tiles/train/H372/H372__Samsung_A52_H372_01__x879_y458__t256.png
14.488025665283203,8.313261985778809,8.892739295959473,8.870221138000488,8.089290618896484,0.29543742537498474,92.0,153.66666666666666,196.66666666666666,37.75348289814425,19.864704536940792,1.6829150118891547,0.5942070710257976,169.58771792870152,152.94396738659034,125.46923410529968,data/tiles/train/H372/H372__Samsung_A52_H372_01__x1135_y458__t256.png
12.90308952331543,6.910405158996582,7.063685417175293,6.923124313354492,6.191379070281982,0.26602649688720703,124.33333333333333,176.0,206.66666666666666,30.342106734736888,18.62067417891323,1.5125803547086085,0.6611219013172,191.5143501648447,174.8972583723755,146.06980739198335,data/tiles/train/H372/H372__Samsung_A52_H372_01__x111_y714__t256.png
15.395685195922852,8.073039054870605,8.403343200683594,8.396069526672363,7.056867599487305,0.2722322642803192,101.33333333333333,165.0,199.66666666666666,36.39584950472544,21.269840449769553,1.6779945047529203,0.5959495082775894,177.27701085636988,161.14519094030732,134.37529048593527,data/tiles/train/H372/H372__Samsung_A52_H372_01__x367_y714__t256.png
12.689988136291504,7.645473003387451,8.516459465026855,8.936054229736328,8.35049819946289,0.26855239272117615,80.0,148.33333333333334,187.33333333333334,39.505911363816686,16.916386989949835,2.0119367865017237,0.4970335085620461,157.47119238042364,143.49114345691436,119.80708176471609,data/tiles/train/H372/H372__Samsung_A52_H372_01__x623_y714__t256.png
10.8955078125,7.140045642852783,8.075425148010254,8.879156112670898,7.834539413452148,0.25887003540992737,93.66666666666667,152.66666666666666,190.33333333333334,35.5338303448564,15.14263100009317,1.6503830852010128,0.6059199279046188,164.6671929763681,150.58942638026164,126.55106360828678,data/tiles/train/H372/H372__Samsung_A52_H372_01__x879_y714__t256.png
12.776384353637695,7.542420864105225,7.959774017333984,8.151484489440918,7.871479034423828,0.2826022803783417,97.33333333333333,160.66666666666666,197.33333333333334,36.84531710754205,17.627507163047238,2.061423036287325,0.48510178764715134,173.8517573991187,157.1562055445682,130.38817181915965,data/tiles/train/H372/H372__Samsung_A52_H372_01__x1135_y714__t256.png
8.22778606414795,5.398643493652344,5.882452487945557,6.116049289703369,6.049529075622559,0.2441750168800354,144.0,187.33333333333334,213.0,25.48012005735573,12.390919673763298,1.8725996328712498,0.534016979628851,202.81604387593939,187.69062950170957,158.15924119617475,data/tiles/train/H372/H372__Samsung_A52_H372_02__x130_y198__t256.png
11.261289596557617,7.379694938659668,8.160372734069824,8.306319236755371,8.128661155700684,0.26787105202674866,103.33333333333333,164.33333333333334,201.0,35.66810190006034,16.09510424166662,2.0909829818719565,0.4782439688269237,177.3546433961937,162.50224666470046,134.95836297080203,data/tiles/train/H372/H372__Samsung_A52_H372_02__x386_y198__t256.png
12.70019817352295,6.958719253540039,7.5973100662231445,8.096513748168945,7.802481651306152,0.2562722861766815,107.66666666666667,164.66666666666666,200.33333333333334,34.376206351964576,17.198539329701724,1.3691897627858587,0.7303589518266067,177.89403065386819,163.9858360382566,136.98745031330822,data/tiles/train/H372/H372__Samsung_A52_H372_02__x642_y198__t256.png
12.303768157958984,7.073441028594971,7.501597881317139,7.478964805603027,6.427057266235352,0.2836800813674927,103.66666666666667,157.0,194.0,33.13065075429592,17.626221456891017,1.3592994857140157,0.7356730510897809,172.84950714979868,157.5405560183257,129.3741843676246,data/tiles/train/H372/H372__Samsung_A52_H372_02__x898_y198__t256.png
9.74536418914795,5.802499771118164,6.638951778411865,7.412792205810547,6.925654411315918,0.23276513814926147,125.0,176.33333333333334,211.33333333333334,31.53094009086008,13.42054473177946,1.9711970655353508,0.5073059500159175,190.31356932153392,176.60508415755683,150.1926600728787,data/tiles/train/H372/H372__Samsung_A52_H372_02__x1154_y198__t256.png
9.757564544677734,6.4649834632873535,7.308426380157471,7.881990432739258,7.341891765594482,0.2836140990257263,114.33333333333333,165.33333333333334,201.33333333333334,31.91112931862887,14.281882714980613,1.8925386391078036,0.5283907970679153,181.90955279266157,166.07553451594444,136.1412023790945,data/tiles/train/H372/H372__Samsung_A52_H372_02__x130_y454__t256.png
16.1585636138916,9.208121299743652,9.749894142150879,9.575571060180664,7.704224586486816,0.30903351306915283,74.33333333333333,138.66666666666666,183.33333333333334,40.03248734378231,22.914940387312665,1.4646638605004123,0.6827505115462761,152.70440819160015,137.7020479000347,111.32190211732038,data/tiles/train/H372/H372__Samsung_A52_H372_02__x386_y454__t256.png
16.5418701171875,8.223406791687012,8.817107200622559,9.098982810974121,8.804987907409668,0.30416250228881836,67.33333333333333,135.0,181.66666666666666,41.50140611883935,21.77563201175275,2.025484342490068,0.49370907442840606,147.7711295110139,133.3507958825878,108.2896769601972,data/tiles/train/H372/H372__Samsung_A52_H372_02__x642_y454__t256.png
14.730244636535645,8.000051498413086,9.042769432067871,9.847760200500488,8.529156684875488,0.3055714964866638,65.0,132.0,176.33333333333334,40.837076650459,20.008345407967187,1.7573112105439543,0.5690511697643255,143.7288029708812,129.47301565265678,105.18717245687711,data/tiles/train/H372/H372__Samsung_A52_H372_02__x898_y454__t256.png
13.93498706817627,8.318703651428223,9.086833000183105,9.333139419555664,8.17910099029541,0.27067482471466064,83.0,147.83333333333331,187.33333333333334,38.171078668845986,19.511180769329435,1.8856479836013076,0.5303216765253017,158.6434913808054,144.60306614408103,120.41854254101489,data/tiles/train/H372/H372__Samsung_A52_H372_02__x1154_y454__t256.png
10.530353546142578,6.577803611755371,7.309658050537109,7.5822906494140625,6.960524082183838,0.2716813087463379,124.0,176.33333333333334,207.33333333333334,30.55907117363823,15.295547561641643,1.8581506206849903,0.5381695051348201,191.69087374596452,175.64376713993127,145.26929218592704,data/tiles/train/H372/H372__Samsung_A52_H372_02__x130_y710__t256.png
15.379608154296875,8.650578498840332,9.61238956451416,10.26159954071045,9.286717414855957,0.29863446950912476,81.0,151.0,194.66666666666666,41.65276267049333,20.893723269571723,1.6884695686152513,0.5922523085921653,163.71744446178658,148.0426443299863,120.67122765031303,data/tiles/train/H372/H372__Samsung_A52_H372_02__x386_y710__t256.png
14.006624221801758,7.451053142547607,8.248767852783203,8.959352493286133,8.794376373291016,0.28584033250808716,75.0,147.66666666666666,187.66666666666666,41.03786963254675,17.447105961081533,2.0645786192202644,0.48436033904956016,158.32200097134532,143.8267709706515,118.2649691250954,data/tiles/train/H372/H372__Samsung_A52_H372_02__x642_y710__t256.png
14.307132720947266,8.047606468200684,8.979607582092285,9.64736557006836,9.183371543884277,0.27066177129745483,78.66666666666667,147.0,190.66666666666666,40.74524182022715,18.98337198419688,1.859918559799649,0.5376579499844985,157.67348461191492,143.97170465979667,119.6631275805836,data/tiles/train/H372/H372__Samsung_A52_H372_02__x898_y710__t256.png
14.262264251708984,8.082440376281738,8.948722839355469,9.715225219726562,8.622468948364258,0.251022607088089,89.66666666666667,156.33333333333334,197.33333333333334,39.19998369165436,19.383235827382,1.8471982065675228,0.5413604216616296,167.2091038406828,153.47448218436665,129.5373312979218,data/tiles/train/H372/H372__Samsung_A52_H372_02__x1154_y710__t256.png
14.965653419494629,6.9373602867126465,6.9281325340271,7.055782794952393,6.202015399932861,0.3169400691986084,89.66666666666667,145.0,184.0,34.70883139799238,20.596867841118897,2.2536555574329578,0.44372353028918804,152.98751062464223,157.27317039324186,112.65511977657896,data/tiles/train/H374/H374__Motorola_Edge_60_fusion_H374_01__x67_y37__t256.png
14.202520370483398,6.371255397796631,6.565834045410156,7.2356157302856445,7.203075885772705,0.30723223090171814,93.33333333333333,156.66666666666666,187.66666666666666,35.13239380301278,17.712669215554712,1.5638675669550297,0.6394403344185191,160.7079341940858,165.43586005830903,119.80277315007636,data/tiles/train/H374/H374__Motorola_Edge_60_fusion_H374_01__x323_y37__t256.png
19.54037857055664,7.646579742431641,6.904346466064453,6.759037494659424,5.500504016876221,0.3239688575267792,97.33333333333333,154.66666666666666,189.0,33.76044208027597,26.634840172482185,1.939222165876658,0.5156706733227409,163.42879950022558,165.91160240169367,117.82589456148267,data/tiles/train/H374/H374__Motorola_Edge_60_fusion_H374_01__x579_y37__t256.png
19.1143798828125,8.221206665039062,7.815604209899902,6.821892261505127,4.886725425720215,0.3196365237236023,94.0,154.66666666666666,188.0,34.563698767680904,27.316418209231934,1.8291257038347535,0.5467092818735775,161.98896523006454,164.44617947116384,117.30971961968214,data/tiles/train/H374/H374__Motorola_Edge_60_fusion_H374_01__x835_y37__t256.png
14.89236068725586,7.11614465713501,7.274171352386475,7.1769585609436035,5.8505964279174805,0.32596302032470703,86.0,139.66666666666666,172.33333333333334,31.951865994292678,20.369093512599232,1.9412650843410257,0.5151279998112448,147.17115211208989,150.52460636748285,106.64207185961018,data/tiles/train/H374/H374__Motorola_Edge_60_fusion_H374_01__x1091_y37__t256.png
14.539164543151855,6.726150035858154,6.843132019042969,7.197288990020752,6.166054725646973,0.33843258023262024,90.33333333333333,148.33333333333334,177.0,32.343422608577065,19.27879002006189,2.093146837625113,0.4777495692249671,155.3212346235925,157.95702413380295,110.26023214254732,data/tiles/train/H374/H374__Motorola_Edge_60_fusion_H374_01__x67_y293__t256.png
21.387393951416016,8.037001609802246,6.557680606842041,5.243002414703369,3.4635086059570312,0.3278363049030304,101.66666666666667,155.33333333333334,190.33333333333334,32.7345044645369,30.19527251400624,1.7375360626235445,0.5755276230008588,165.47228869697915,168.19694447334652,118.8940103353796,data/tiles/train/H374/H374__Motorola_Edge_60_fusion_H374_01__x323_y293__t256.png
19.69780921936035,6.588901996612549,5.331203937530518,4.8907694816589355,4.561326503753662,0.31160131096839905,112.66666666666667,166.33333333333334,196.33333333333334,31.112593304352544,26.552715226419192,2.2758541101696985,0.4393954759804157,174.85557155496954,178.36680487847192,128.58107943998195,data/tiles/train/H374/H374__Motorola_Edge_60_fusion_H374_01__x579_y293__t256.png
17.755033493041992,7.03812313079834,6.471733093261719,6.363611698150635,5.629031658172607,0.31428423523902893,102.0,157.0,189.66666666666666,32.49297457824494,23.801747696171624,2.0528301464175676,0.4871323629697853,165.52833362233397,168.53662216056875,120.99944511877926,data/tiles/train/H374/H374__Motorola_Edge_60_fusion_H374_01__x835_y293__t256.png
11.075650215148926,5.200721740722656,5.257484436035156,5.485601902008057,5.106827735900879,0.30916333198547363,93.33333333333333,147.66666666666666,175.33333333333334,30.27697687969235,13.885646135486622,1.9986141289612491,0.5003467080059799,153.48360741049126,157.39114973633085,113.70590480155425,data/tiles/train/H374/H374__Motorola_Edge_60_fusion_H374_01__x1091_y293__t256.png
15.40517520904541,6.806164741516113,6.436957836151123,6.376712799072266,5.093998908996582,0.3487488329410553,88.33333333333333,137.66666666666666,169.0,30.007649630475058,21.165739197177956,1.8145855378983502,0.5510900308167331,147.40916112682902,149.46647458038984,103.14895943623834,data/tiles/train/H374/H374__Motorola_Edge_60_fusion_H374_01__x67_y549__t256.png
18.30795669555664,6.924802303314209,5.703005790710449,4.9218668937683105,3.4763097763061523,0.34003955125808716,102.66666666666667,149.33333333333334,181.0,29.05213100607921,26.08503845406825,1.8198515291196025,0.549495375858367,160.85733870128067,162.93192309027177,113.57638912990664,data/tiles/train/H374/H374__Motorola_Edge_60_fusion_H374_01__x323_y549__t256.png
19.08740234375,7.257870674133301,6.174355983734131,5.46664571762085,4.488945007324219,0.327739417552948,100.66666666666667,153.33333333333334,187.33333333333334,31.966289598942446,26.81573727366261,1.997409368084546,0.5006484979886567,163.14216340900813,165.65460725992472,117.1340293796285,data/tiles/train/H374/H374__Motorola_Edge_60_fusion_H374_01__x579_y549__t256.png
16.202777862548828,7.028295993804932,6.744524955749512,6.878844261169434,5.855126857757568,0.32554200291633606,91.0,145.66666666666666,177.66666666666666,32.191299753294345,21.630108505491073,1.84654386649773,0.5415522577845184,153.12578747331702,156.17884104753475,110.73473212891133,data/tiles/train/H374/H374__Motorola_Edge_60_fusion_H374_01__x835_y549__t256.png
10.242725372314453,4.817868709564209,5.0998640060424805,5.581952095031738,5.394947528839111,0.33324599266052246,90.33333333333333,138.66666666666666,165.33333333333334,28.136296597480023,13.077280025921308,2.2415534919284177,0.44611917743693724,146.6138517618469,148.73554938378754,104.45627495226523,data/tiles/train/H374/H374__Motorola_Edge_60_fusion_H374_01__x1091_y549__t256.png
13.118398666381836,5.793735027313232,5.580814838409424,5.858643054962158,5.936197757720947,0.3256104588508606,90.33333333333333,143.33333333333334,182.66666666666666,33.88563645928294,17.2386019278049,1.8664634498494572,0.5357726132170746,152.82426262521048,156.77428258944846,111.14964498376821,data/tiles/train/H374/H374__Motorola_Edge_60_fusion_H374_02__x80_y24__t256.png
16.14408302307129,7.132930278778076,7.125319957733154,7.533445835113525,7.192343711853027,0.32422128319740295,93.66666666666667,150.33333333333334,185.66666666666666,33.98825815105321,21.651833667688482,1.9311158244139597,0.5178353298945558,158.46702648294055,161.87107354829752,114.92919371073549,data/tiles/train/H374/H374__Motorola_Edge_60_fusion_H374_02__x336_y24__t256.png
18.595434188842773,7.486893177032471,7.081485271453857,7.203878879547119,6.345412731170654,0.3121121823787689,98.66666666666667,161.33333333333334,196.0,36.0571426822771,24.924964465178352,1.7464567280868961,0.5725879055105019,168.2937155151473,171.2950168303432,123.28179546795295,data/tiles/train/H374/H374__Motorola_Edge_60_fusion_H374_02__x592_y24__t256.png
16.23493003845215,7.110840797424316,6.874331951141357,7.190790176391602,6.375792980194092,0.31180083751678467,100.0,160.0,192.33333333333334,34.276761165535675,21.517120143243393,2.0926404366829243,0.47786518050139326,166.39334050527484,170.01476610216545,122.46196557468073,data/tiles/train/H374/H374__Motorola_Edge_60_fusion_H374_02__x848_y24__t256.png
11.835142135620117,5.739236831665039,6.166232585906982,7.270421504974365,7.576383113861084,0.3262425661087036,91.33333333333333,148.33333333333334,182.0,33.63063887672465,14.65488338825875,1.7271626395118242,0.5789842699947737,155.60308231659695,158.96546278137419,112.60792446935906,data/tiles/train/H374/H374__Motorola_Edge_60_fusion_H374_02__x1104_y24__t256.png
14.577248573303223,6.446134567260742,6.20601224899292,6.23508882522583,5.70405912399292,0.32759401202201843,97.33333333333333,148.66666666666666,187.66666666666666,33.051860988509745,19.49438422462681,2.122814291073408,0.47107276609408294,159.6435724327045,162.56715666707163,114.9651503844218,data/tiles/train/H374/H374__Motorola_Edge_60_fusion_H374_02__x80_y280__t256.png
19.84770393371582,7.933417320251465,7.086942672729492,6.397646427154541,5.040583610534668,0.3128332495689392,107.33333333333333,167.0,198.0,33.77513956183586,27.87905949040165,1.7238062728878372,0.5801115912664201,175.11528187337382,177.82185602775368,127.86300086730269,data/tiles/train/H374/H374__Motorola_Edge_60_fusion_H374_02__x336_y280__t256.png
22.909727096557617,8.126437187194824,6.842946529388428,5.880646228790283,4.487334728240967,0.31881189346313477,109.33333333333333,168.33333333333334,204.0,35.10229753891727,32.36870727660752,2.1125510020957847,0.4733613527000941,178.26150961738767,180.72271022845635,129.1251301992917,data/tiles/train/H374/H374__Motorola_Edge_60_fusion_H374_02__x592_y280__t256.png
20.096736907958984,7.874978542327881,7.049858570098877,6.510819911956787,5.259069919586182,0.32714125514030457,104.0,161.33333333333334,195.66666666666666,34.00299829207881,27.524840625862502,2.230179891141898,0.4483943218983915,171.16920673494184,173.58637389342127,122.80650928658218,data/tiles/train/H374/H374__Motorola_Edge_60_fusion_H374_02__x848_y280__t256.png
13.749164581298828,6.591111183166504,7.069094181060791,7.658266067504883,6.859747409820557,0.34418076276779175,89.66666666666667,146.33333333333334,178.66666666666666,33.06136619944881,17.765518514507054,2.3484235025065017,0.42581757461236763,154.80774838575297,156.86225091994723,108.82245018398945,data/tiles/train/H374/H374__Motorola_Edge_60_fusion_H374_02__x1104_y280__t256.png
14.190473556518555,6.955109119415283,6.999024391174316,7.289033889770508,6.425291538238525,0.3475884795188904,77.33333333333333,128.33333333333334,171.33333333333334,34.2108255590435,19.452036491422888,1.8676724612622206,0.5354257883762844,139.55754915060126,142.03034930330216,98.16930711967933,data/tiles/train/H374/H374__Motorola_Edge_60_fusion_H374_02__x80_y536__t256.png
17.92544174194336,7.743062973022461,7.196197986602783,6.951878547668457,6.020628929138184,0.34058934450149536,90.33333333333333,146.66666666666666,183.66666666666666,34.426039659089454,24.913138336075285,2.009042030288832,0.4977496662208874,156.5280129050163,158.63338652605287,110.51927079719698,data/tiles/train/H374/H374__Motorola_Edge_60_fusion_H374_02__x336_y536__t256.png
18.686981201171875,7.56151008605957,6.8936004638671875,6.443897247314453,5.376362323760986,0.33122915029525757,100.66666666666667,156.0,192.0,33.553409490275115,26.19265590836372,2.111521532661661,0.47359213937991823,166.07465482550475,168.7247103309512,118.80583501006036,data/tiles/train/H374/H374__Motorola_Edge_60_fusion_H374_02__x592_y536__t256.png
14.43407917022705,6.578837871551514,6.640861988067627,7.433827877044678,7.095087051391602,0.3343728184700012,92.0,147.66666666666666,185.0,34.04071484337996,19.60828867331429,2.0908266986496193,0.4782797161744011,156.96289038791684,159.61237796313316,112.01066467823885,data/tiles/train/H374/H374__Motorola_Edge_60_fusion_H374_02__x848_y536__t256.png
13.954237937927246,7.036337852478027,7.175758361816406,7.53657865524292,5.948649883270264,0.36538320779800415,80.33333333333333,132.33333333333334,165.33333333333334,31.41719706622459,19.017152056490204,1.6778078871632598,0.5960157939719439,142.5357037499783,143.78735662102835,97.34865601193884,data/tiles/train/H374/H374__Motorola_Edge_60_fusion_H374_02__x1104_y536__t256.png
12.184579849243164,6.093358516693115,6.476489543914795,7.124030590057373,6.592310905456543,0.3394114375114441,95.66666666666667,147.66666666666666,176.66666666666666,30.111256606179612,16.433155133839435,2.1321944350121096,0.46900037988060905,156.6690608789188,158.49254844809937,110.56114783393188,data/tiles/train/H374/H374__Motorola_Edge_60_fusion_H374_03__x216_y59__t256.png
16.570802688598633,7.572596549987793,7.659613609313965,7.694153308868408,6.490678787231445,0.31836557388305664,95.66666666666667,155.0,189.0,34.41354884691764,22.738912720761448,2.1515739438747397,0.4647760319123004,162.67896973376116,165.26427890035555,118.09648772873125,data/tiles/train/H374/H374__Motorola_Edge_60_fusion_H374_03__x472_y59__t256.png
16.634910583496094,7.027921199798584,6.642139434814453,6.6688947677612305,6.113038063049316,0.3113273084163666,99.0,158.0,193.0,34.68702297414401,22.18404555000054,1.956266648654632,0.511177758250759,166.07243083860897,169.12845373341426,121.88545659526494,data/tiles/train/H374/H374__Motorola_Edge_60_fusion_H374_03__x728_y59__t256.png
15.649587631225586,7.354437828063965,7.2733683586120605,7.421148300170898,6.580645561218262,0.32628345489501953,92.0,148.66666666666666,185.33333333333334,34.54592745882623,21.446023934933926,1.8524189339168493,0.5398346894919438,157.83031049863754,159.98021417290036,113.33089192425847,data/tiles/train/H374/H374__Motorola_Edge_60_fusion_H374_03__x984_y59__t256.png
15.26897144317627,7.618966579437256,7.9474263191223145,7.940795421600342,6.930241107940674,0.31927382946014404,88.66666666666667,149.0,184.33333333333334,35.666439237334096,20.95813486914785,1.9331968507169441,0.5172778962624218,156.57564511653717,159.50653787458378,113.9595588235294,data/tiles/train/H374/H374__Motorola_Edge_60_fusion_H374_03__x216_y315__t256.png
21.058347702026367,8.362421035766602,7.716546058654785,7.552474021911621,6.4690093994140625,0.3117045760154724,99.0,162.0,200.33333333333334,37.45809370956552,28.653129706984856,1.6975199508936614,0.5890946963383545,170.24468546637743,173.1702906724512,124.75283297180043,data/tiles/train/H374/H374__Motorola_Edge_60_fusion_H374_03__x472_y315__t256.png
17.539318084716797,6.1943230628967285,5.397570610046387,5.3186354637146,5.049355506896973,0.3090241849422455,115.0,169.33333333333334,200.33333333333334,31.72192176443339,22.462912315107936,1.6079595639104212,0.621906186227771,178.29646854663775,181.51729284164858,131.24147505422994,data/tiles/train/H374/H374__Motorola_Edge_60_fusion_H374_03__x728_y315__t256.png
17.27176856994629,7.7097649574279785,7.549531936645508,8.179100036621094,7.347797393798828,0.31584328413009644,94.0,152.66666666666666,192.0,36.10182804867175,23.55732392566551,2.1255556982236827,0.4704652062685045,161.86964673205452,164.3117958510546,117.82227237218991,data/tiles/train/H374/H374__Motorola_Edge_60_fusion_H374_03__x984_y315__t256.png
17.518798828125,6.815079689025879,4.679466724395752,3.019385576248169,1.603456974029541,0.18927288055419922,112.0,148.33333333333334,181.66666666666666,25.910400184933565,26.642863462314754,2.0331554657510207,0.49184630336697505,161.65966058121558,148.53033750803382,133.6569334190276,data/tiles/train/H405/H405__Motorola_Edge_H405_01__x31_y15__t256.png
22.462284088134766,8.995457649230957,6.590703010559082,4.823782444000244,2.553130865097046,0.19777581095695496,89.0,141.33333333333334,181.0,33.97584455358279,33.68220620363922,1.7493979788983347,0.5716252173960665,151.85974255776839,138.57301713968496,124.50529109707863,data/tiles/train/H405/H405__Motorola_Edge_H405_01__x287_y15__t256.png
23.57343864440918,9.007962226867676,6.627005100250244,5.119014263153076,3.7291922569274902,0.19685111939907074,83.0,139.33333333333334,179.33333333333334,35.56928786536913,34.491552255504345,2.0750305041717874,0.4819206262218939,148.64049644159,135.24808193022045,122.0068738066308,data/tiles/train/H405/H405__Motorola_Edge_H405_01__x543_y15__t256.png
23.991209030151367,8.781010627746582,6.153688907623291,4.294178009033203,2.2932584285736084,0.193441703915596,88.0,142.33333333333334,181.0,34.382449361536466,35.29177850619338,1.6481026330000272,0.6067583292308129,151.91903423873453,138.51649495264857,125.1235473687862,data/tiles/train/H405/H405__Motorola_Edge_H405_01__x799_y15__t256.png
17.622787475585938,6.850286483764648,4.910227298736572,3.4202234745025635,2.152742624282837,0.19064420461654663,108.33333333333333,149.33333333333334,178.33333333333334,26.061778077731027,26.626475937364397,2.0982323758075325,0.47659163566911256,160.2867973629424,146.94602706453853,132.35338306731435,data/tiles/train/H405/H405__Motorola_Edge_H405_01__x1055_y15__t256.png
19.4305419921875,7.5358991622924805,5.2923150062561035,3.310310125350952,1.63945734500885,0.19102643430233002,106.33333333333333,148.0,183.19999999999953,28.52892552772183,29.482188975114475,2.11417303948444,0.4729981800561883,160.608258870478,147.3502038691767,132.55820248113125,data/tiles/train/H405/H405__Motorola_Edge_H405_01__x31_y271__t256.png
22.854745864868164,8.634827613830566,6.041191101074219,3.8248775005340576,1.7338533401489258,0.19699564576148987,91.0,141.0,180.33333333333334,32.81949292702935,34.15348704801196,2.1090830360116146,0.4741397009626761,151.7922172510665,138.67348177435576,124.54090798737558,data/tiles/train/H405/H405__Motorola_Edge_H405_01__x287_y271__t256.png
25.72342872619629,9.274700164794922,6.612684726715088,4.782655239105225,2.7000465393066406,0.19917777180671692,79.33333333333333,136.0,179.0,36.85742301613433,37.783594643455025,2.189617365083946,0.4567007989369238,145.88412770096573,132.6166365594386,119.46232543597583,data/tiles/train/H405/H405__Motorola_Edge_H405_01__x543_y271__t256.png
24.807138442993164,8.757293701171875,5.96235990524292,4.05141544342041,2.364710569381714,0.20163732767105103,85.33333333333333,137.33333333333334,179.33333333333334,34.7120007870118,36.555075223384904,1.687215322382633,0.5926925785547225,148.64897477299164,135.13087487195514,121.41538621803218,data/tiles/train/H405/H405__Motorola_Edge_H405_01__x799_y271__t256.png
19.297130584716797,7.414360046386719,4.993109703063965,3.2441837787628174,1.968741774559021,0.19633880257606506,103.0,145.0,178.33333333333334,27.90876749946114,28.97809574581293,1.5142426363688757,0.6603961452293937,156.76146613932835,143.28533513738552,128.70158548431863,data/tiles/train/H405/H405__Motorola_Edge_H405_01__x1055_y271__t256.png
20.449018478393555,7.516152858734131,5.3402228355407715,3.82594895362854,2.5023131370544434,0.17656023800373077,92.0,136.66666666666666,172.0,29.73236195487515,30.12657671133023,1.9994637342173913,0.5001341024029172,146.53141420272263,134.86525622127806,122.76927078817307,data/tiles/train/H405/H405__Motorola_Edge_H405_02__x45_y14__t256.png
24.38268280029297,9.182516098022461,6.728177547454834,4.5367655754089355,2.8355274200439453,0.1712411493062973,76.0,132.0,173.0,35.599186441058,36.05367325533619,2.4659997506763256,0.4055150450545422,139.08749414682367,128.00979865073447,117.15435042749866,data/tiles/train/H405/H405__Motorola_Edge_H405_02__x301_y14__t256.png
25.441268920898438,9.277666091918945,7.097295761108398,5.524728298187256,3.4888458251953125,0.1752401739358902,67.0,127.0,169.33333333333334,37.71312420938285,36.672576088684764,2.1952447824578396,0.4555300657088364,133.4888141236863,122.14494814609274,112.01390864000555,data/tiles/train/H405/H405__Motorola_Edge_H405_02__x557_y14__t256.png
23.504716873168945,8.104925155639648,5.663640022277832,4.152323246002197,2.3741190433502197,0.17600208520889282,80.0,131.33333333333334,170.0,33.00737337803626,34.19071730306952,2.0601239010722985,0.4854076977989033,139.72490196758858,128.2308706666204,117.13280355345803,data/tiles/train/H405/H405__Motorola_Edge_H405_02__x813_y14__t256.png
19.48386001586914,7.1184539794921875,5.065491676330566,3.4743330478668213,2.0234858989715576,0.17208550870418549,94.33333333333333,137.0,170.0,27.997970904833075,28.76857894189407,2.158633001473729,0.463256143734153,146.49258674805347,134.98761856867878,123.27570360864966,data/tiles/train/H405/H405__Motorola_Edge_H405_02__x1069_y14__t256.png
20.640178680419922,7.510502338409424,5.437866687774658,4.002485275268555,2.543962001800537,0.17370019853115082,92.33333333333333,137.66666666666666,173.33333333333334,29.887863606269825,30.100836492977603,2.3793396909727713,0.4202846713287749,147.27802254986992,135.78265394622724,123.72631396357329,data/tiles/train/H405/H405__Motorola_Edge_H405_02__x45_y270__t256.png
23.996126174926758,9.076339721679688,6.906083583831787,5.124103546142578,3.03222918510437,0.17358043789863586,73.33333333333333,130.33333333333334,170.33333333333334,35.82983944375686,34.85471168437033,2.3109579772111832,0.4327209797240794,137.32111205535995,126.06196777606272,115.4044121472797,data/tiles/train/H405/H405__Motorola_Edge_H405_02__x301_y270__t256.png
26.229595184326172,9.14622688293457,6.698046684265137,5.0112080574035645,2.9648633003234863,0.17357131838798523,68.66666666666667,127.0,170.33333333333334,37.41588977140052,37.67190707144679,2.107556244501137,0.47448318525738903,134.27239453233418,122.90143630308077,112.86327366083819,data/tiles/train/H405/H405__Motorola_Edge_H405_02__x557_y270__t256.png
25.85138511657715,8.899113655090332,6.335560321807861,4.594748020172119,2.984475612640381,0.1768871396780014,71.33333333333333,127.0,170.0,36.35272230481274,37.24375097074427,2.1246557638469477,0.47066447987290816,135.13748047891724,123.93428769737984,113.18814853374978,data/tiles/train/H405/H405__Motorola_Edge_H405_02__x813_y270__t256.png
20.397716522216797,7.150467872619629,4.972400188446045,3.359499931335449,2.039236545562744,0.17404703795909882,93.0,136.0,170.33333333333334,28.574608739232428,29.701327390480458,2.0290029861551657,0.49285289712408836,145.8823325414853,134.27719304329733,122.52057359851572,data/tiles/train/H405/H405__Motorola_Edge_H405_02__x1069_y270__t256.png
8.277968406677246,4.142348289489746,3.4032506942749023,2.6084885597229004,1.6852809190750122,0.1739027500152588,123.66666666666667,145.0,163.0,14.628502263959042,12.712037909176779,1.859434554009983,0.5377979008959684,156.40164076592202,145.32183987789648,131.30029832107672,data/tiles/train/H405/H405__Motorola_Edge_H405_03__x127_y15__t256.png
13.742630004882812,6.010377407073975,4.743988513946533,3.607180595397949,2.402989149093628,0.17954958975315094,104.66666666666667,138.0,164.33333333333334,22.119272993388467,20.508165325262627,2.2059092695931564,0.4533278017297754,148.26804159505582,137.46896863010608,123.75971737583112,data/tiles/train/H405/H405__Motorola_Edge_H405_03__x383_y15__t256.png
17.14909553527832,6.770570755004883,4.987638473510742,3.8024730682373047,2.2867584228515625,0.17946501076221466,96.33333333333333,136.33333333333334,165.33333333333334,25.890547400729968,25.251078337324145,1.921971542304073,0.5202990668640145,145.43397273578688,134.5648478962156,121.42056609663881,data/tiles/train/H405/H405__Motorola_Edge_H405_03__x639_y15__t256.png
16.544477462768555,6.636541843414307,4.808935642242432,3.170531988143921,1.8984805345535278,0.17981162667274475,100.33333333333333,137.33333333333334,166.33333333333334,24.504741835004033,24.997000378539052,2.2057538463891393,0.45335974439623844,147.5582416438166,136.60306827253478,123.14543056471487,data/tiles/train/H405/H405__Motorola_Edge_H405_03__x895_y15__t256.png
14.63841724395752,6.620783805847168,5.316133975982666,3.8040268421173096,2.0230555534362793,0.17065241932868958,104.66666666666667,143.33333333333334,169.66666666666666,24.23294526257368,22.144068087474704,1.9487485821063075,0.5131498281420934,151.9676568573015,141.44688714602998,127.99607856746252,data/tiles/train/H405/H405__Motorola_Edge_H405_03__x1151_y15__t256.png
10.817633628845215,5.363255500793457,4.697901248931885,3.7597646713256836,2.5487606525421143,0.18993641436100006,106.66666666666667,136.33333333333334,160.0,19.952821947715673,16.240825098122407,2.2623524505378896,0.44201777656803354,147.32740015960584,136.18221088789426,121.6743520349745,data/tiles/train/H405/H405__Motorola_Edge_H405_03__x127_y271__t256.png
20.400854110717773,8.477874755859375,6.313694953918457,4.170759201049805,2.3039326667785645,0.18921621143817902,78.0,127.0,163.33333333333334,31.338718654916637,30.738975874994797,2.0482098091879815,0.48823123271558433,135.31640103362759,124.85655815889423,111.85201435979258,data/tiles/train/H405/H405__Motorola_Edge_H405_03__x383_y271__t256.png
23.508544921875,8.736198425292969,6.239136219024658,4.498641014099121,2.9756433963775635,0.1886373907327652,71.0,124.0,165.0,34.51340215297877,34.53588451320987,2.438113805502162,0.4101531264632812,132.43321481224524,121.53291128262943,109.5741219321828,data/tiles/train/H405/H405__Motorola_Edge_H405_03__x639_y271__t256.png
18.62578010559082,7.763723373413086,5.489934921264648,3.5127129554748535,2.1248130798339844,0.18719926476478577,81.0,125.0,159.33333333333334,28.871858817558568,27.78868188111027,2.153214371483778,0.4644219420247046,134.12259060705426,123.44232203889727,111.11693471434272,data/tiles/train/H405/H405__Motorola_Edge_H405_03__x895_y271__t256.png
16.117996215820312,7.887167453765869,6.244894981384277,4.589128017425537,2.861747980117798,0.18681471049785614,85.33333333333333,130.33333333333334,162.0,28.233323510344682,24.110922945063876,2.1175776567537934,0.4722376989625878,138.75313459237293,128.22900300019077,114.96873211591489,data/tiles/train/H405/H405__Motorola_Edge_H405_03__x1151_y271__t256.png
5.5883378982543945,3.4533190727233887,3.127042770385742,2.3503167629241943,1.7509211301803589,0.2248217612504959,157.0,176.33333333333334,191.66666666666666,12.883088911757822,8.828722618215444,1.7514530348656374,0.5709545046845718,193.894326315058,177.70281773330555,154.4798658884025,data/tiles/train/H405/H405__Samsung_A52_H405_01__x128_y216__t256.png
9.0794677734375,4.354762077331543,3.676450490951538,2.8214097023010254,1.7157822847366333,0.23710861802101135,142.0,164.66666666666666,184.33333333333334,15.790228222008757,13.582390561051499,2.147499048348238,0.46565794791348386,182.26225520009731,166.2923002067875,143.38149686343337,data/tiles/train/H405/H405__Samsung_A52_H405_01__x384_y216__t256.png
12.6842041015625,4.9924187660217285,3.8986024856567383,3.0087058544158936,1.9765413999557495,0.2512388229370117,129.33333333333334,156.33333333333334,182.0,19.63459768655181,18.180439823973636,1.7804016574124777,0.5616710116150624,174.62773608505316,158.67345910638593,135.3776318532416,data/tiles/train/H405/H405__Samsung_A52_H405_01__x640_y216__t256.png
12.217162132263184,5.2216973304748535,4.256637096405029,3.2387125492095947,2.246112108230591,0.24639467895030975,130.66666666666666,158.66666666666666,184.0,19.77684424494893,17.924019004809985,2.156625010874821,0.46368747230393864,176.58423225000868,160.17401408206445,137.62259373590928,data/tiles/train/H405/H405__Samsung_A52_H405_01__x896_y216__t256.png
11.040871620178223,4.936086177825928,4.027520179748535,2.7560312747955322,1.674804449081421,0.221731498837471,147.66666666666666,174.33333333333334,197.0,18.41539420525744,16.7742432720957,1.9446040537454181,0.5142435027192004,191.73580482722696,175.68041326619203,153.25289112693176,data/tiles/train/H405/H405__Samsung_A52_H405_01__x1152_y216__t256.png
7.910548686981201,4.507237434387207,3.962439775466919,3.007469892501831,2.2125556468963623,0.23921020328998566,144.33333333333334,167.0,187.0,15.730167981905684,12.593617440230572,1.569665642833263,0.6370783514092782,185.2495660324955,168.69089362588528,145.43129426468545,data/tiles/train/H405/H405__Samsung_A52_H405_01__x128_y472__t256.png
15.024362564086914,6.169173240661621,4.664219379425049,3.180992603302002,1.9638149738311768,0.25831976532936096,117.66666666666667,150.33333333333334,179.66666666666666,23.029407846580828,22.433346517692446,2.0614519909671474,0.48509497401918233,167.93870463622156,151.64745615558257,129.28770619899288,data/tiles/train/H405/H405__Samsung_A52_H405_01__x384_y472__t256.png
18.480865478515625,7.17146635055542,5.608842849731445,4.172898769378662,2.5880534648895264,0.2710133492946625,99.66666666666667,138.66666666666666,175.0,27.871458715234084,27.05719867570165,2.056844741184598,0.486181567318528,156.03419663935566,139.86684141091516,118.59007429523678,data/tiles/train/H405/H405__Samsung_A52_H405_01__x640_y472__t256.png
17.303869247436523,7.391239643096924,6.031039237976074,4.49061918258667,2.584829568862915,0.27463850378990173,101.0,140.0,176.33333333333334,27.779892853773873,25.838506350840376,1.672660965679206,0.5978497857717011,157.8505446094075,141.40282017483003,119.51399680865825,data/tiles/train/H405/H405__Samsung_A52_H405_01__x896_y472__t256.png
15.900849342346191,7.074132919311523,5.739614963531494,4.045147895812988,2.140428066253662,0.25054025650024414,118.33333333333333,156.0,189.33333333333334,26.103845659738692,24.28592580471943,2.1134436987598804,0.4731614097819482,173.6629312887054,156.95420403490206,134.7961038735754,data/tiles/train/H405/H405__Samsung_A52_H405_01__x1152_y472__t256.png
8.740310668945312,4.655623912811279,4.150266647338867,3.2623450756073,1.9979918003082275,0.23857979476451874,144.33333333333334,169.0,189.90000000000146,16.752388069290134,13.775061609581496,1.6958119450306528,0.5896880269833955,187.21156516908547,170.6003576140546,147.0607596694674,data/tiles/train/H405/H405__Samsung_A52_H405_01__x128_y728__t256.png
14.533952713012695,6.101982116699219,4.89010763168335,3.614518165588379,2.338804244995117,0.24735379219055176,123.0,157.0,186.0,23.23726471400308,21.670830686851883,2.053680012880662,0.48693077486658554,174.31358534427423,157.809603941502,135.7378519508006,data/tiles/train/H405/H405__Samsung_A52_H405_01__x384_y728__t256.png
16.343868255615234,7.05210018157959,5.783306121826172,4.314550399780273,2.5365164279937744,0.2635132968425751,107.33333333333333,147.33333333333334,179.66666666666666,26.797991611373277,24.092326001181213,1.9781270770079489,0.5055286951091977,163.80283914409176,147.28427884698817,125.45771653679954,data/tiles/train/H405/H405__Samsung_A52_H405_01__x640_y728__t256.png
15.653604507446289,7.166079044342041,6.330373287200928,5.393490791320801,3.5924673080444336,0.26723483204841614,106.0,147.33333333333334,182.0,28.079577478008172,23.114600213066687,1.8424719919529673,0.5427490916374955,164.4199212311536,147.62494578135573,125.44873952495793,data/tiles/train/H405/H405__Samsung_A52_H405_01__x896_y728__t256.png
14.931673049926758,6.523104667663574,5.3096537590026855,3.7132647037506104,2.2886803150177,0.24121935665607452,127.33333333333333,163.0,194.33333333333334,24.54718260165173,22.563882357346248,1.7315283748545554,0.5775244659701276,180.7265859715541,163.81093378254,141.63534376465276,data/tiles/train/H405/H405__Samsung_A52_H405_01__x1152_y728__t256.png
5.176596641540527,3.5186569690704346,3.4244956970214844,2.8981239795684814,2.0477945804595947,0.22162730991840363,159.33333333333334,178.0,195.0,13.27907519008671,8.528791559967676,1.6435920954511958,0.6084234663622435,196.2106295794701,179.90314963364239,156.83899364517137,data/tiles/train/H405/H405__Samsung_A52_H405_02__x89_y217__t256.png
7.312351703643799,4.1043243408203125,3.6906495094299316,2.9731085300445557,2.0837864875793457,0.23377902805805206,149.66666666666666,170.66666666666666,188.33333333333334,14.400028238194867,11.289191880361201,2.1508150304075038,0.46494002778590177,188.69750642494964,172.11608321178022,148.971799680489,data/tiles/train/H405/H405__Samsung_A52_H405_02__x345_y217__t256.png
11.964037895202637,5.3932204246521,4.710259914398193,3.8947856426239014,2.452042818069458,0.25491830706596375,129.33333333333334,159.66666666666666,185.0,20.638793716055233,17.37414348863006,1.9886201920300282,0.5028612321285834,177.5133629516504,160.9008191315817,137.10705980354726,data/tiles/train/H405/H405__Samsung_A52_H405_02__x601_y217__t256.png
12.613821029663086,5.569940090179443,4.843810558319092,3.996088743209839,2.7979042530059814,0.2567446827888489,129.66666666666666,161.33333333333334,187.66666666666666,21.55140743929927,18.584146487994058,2.0361477414285685,0.49112349740318767,179.5717137005797,162.81226352875836,138.42346141830677,data/tiles/train/H405/H405__Samsung_A52_H405_02__x857_y217__t256.png
11.36742115020752,5.4744672775268555,4.697303295135498,3.4967305660247803,2.255957841873169,0.23640058934688568,144.0,173.33333333333334,198.66666666666666,20.190929810898552,17.32383089011552,1.8153056326287578,0.550871424638226,191.65595151262548,175.03943940814838,150.87157445034907,data/tiles/train/H405/H405__Samsung_A52_H405_02__x1113_y217__t256.png
6.4783430099487305,4.196779251098633,3.9816243648529053,3.0524964332580566,2.06054425239563,0.2404150813817978,147.66666666666666,167.66666666666666,186.66666666666666,14.547572896402503,10.738900716575905,1.5119870132646234,0.6613813420532224,186.42356704507918,169.80471479981225,146.166617409294,data/tiles/train/H405/H405__Samsung_A52_H405_02__x89_y473__t256.png
13.29893684387207,6.471380233764648,5.715656280517578,4.4901533126831055,3.045093297958374,0.2608485221862793,115.66666666666667,152.66666666666666,181.66666666666666,24.28300479651796,20.126082045065942,1.8138930246592782,0.5513004275364255,169.51394920612861,152.74594378626273,130.17496438870165,data/tiles/train/H405/H405__Samsung_A52_H405_02__x345_y473__t256.png
19.028947830200195,7.644836902618408,6.196382999420166,4.885139465332031,2.855377674102783,0.2769022583961487,97.33333333333333,139.66666666666666,178.0,29.618434731803433,27.729338574159762,1.784551295622884,0.5603649513761708,157.30552470849528,140.57386521377012,118.84184133814547,data/tiles/train/H405/H405__Samsung_A52_H405_02__x601_y473__t256.png
18.08295249938965,7.845316410064697,6.900733947753906,5.650562286376953,3.765897750854492,0.2848842144012451,95.66666666666667,140.66666666666666,178.66666666666666,30.70270878008431,26.6740504995297,2.0016742422583436,0.49958178952823645,157.9546613476715,140.84058624577227,118.34265891943457,data/tiles/train/H405/H405__Samsung_A52_H405_02__x857_y473__t256.png
16.34280776977539,7.55150842666626,6.528056621551514,5.225324630737305,3.5715019702911377,0.26270535588264465,111.33333333333333,155.0,190.0,28.89044934981215,24.635374662744255,1.5714708391710253,0.6363465201349299,172.0051033692652,154.93846447603673,131.83092919509104,data/tiles/train/H405/H405__Samsung_A52_H405_02__x1113_y473__t256.png
7.427674293518066,4.480417728424072,4.215383529663086,3.3981175422668457,2.3234214782714844,0.23135142028331757,148.0,172.33333333333334,192.0,16.411671172051392,12.003413205148927,1.754328787935932,0.5700185774050697,190.0008674682073,173.64419924009786,150.36215062717952,data/tiles/train/H405/H405__Samsung_A52_H405_02__x89_y729__t256.png
12.89916706085205,5.916746616363525,4.968486785888672,3.521080493927002,2.0982463359832764,0.24436242878437042,128.33333333333334,160.0,187.33333333333334,21.914204870445886,19.700326228015786,1.723187705053716,0.5803198322894414,177.64850883588514,160.86175051209943,138.77189876054578,data/tiles/train/H405/H405__Samsung_A52_H405_02__x345_y729__t256.png
15.992064476013184,6.775071620941162,5.771564483642578,4.701029300689697,3.062612771987915,0.26376858353614807,109.0,148.66666666666666,181.0,26.624955358623822,23.30330731188693,1.5613437185447567,0.640473963626693,165.6361223852638,148.5841225240226,126.85548270718424,data/tiles/train/H405/H405__Samsung_A52_H405_02__x601_y729__t256.png
16.408037185668945,7.070992946624756,5.849371910095215,4.263220310211182,2.6948301792144775,0.2605271637439728,110.33333333333333,151.66666666666666,184.33333333333334,27.28868154040594,24.14355352124755,1.6367881776185085,0.6109526044200652,168.31312833156807,151.213949611932,129.33304394631293,data/tiles/train/H405/H405__Samsung_A52_H405_02__x857_y729__t256.png
15.580931663513184,7.10139799118042,6.1156439781188965,4.557473659515381,2.9053566455841064,0.24574629962444305,121.0,161.66666666666666,194.0,26.7560374926278,23.466344300275775,1.7267934359607746,0.5791080618994869,178.42814755691282,161.29823709050527,139.1969392004442,data/tiles/train/H405/H405__Samsung_A52_H405_02__x1113_y729__t256.png
5.438325881958008,3.5471205711364746,3.4994447231292725,2.874563694000244,1.783061146736145,0.22643277049064636,161.66666666666666,180.0,196.0,12.65076148845167,9.10120878805609,1.4939591039449256,0.6693623656493777,198.5820190370319,181.7871361078302,157.95091363857432,data/tiles/train/H405/H405__Samsung_A52_H405_03__x91_y215__t256.png
8.095659255981445,4.660696029663086,4.4786529541015625,3.758244514465332,2.6710073947906494,0.23948083817958832,144.66666666666666,169.0,190.66666666666666,17.06948329808967,12.585768164222468,2.2528152780326662,0.4438890350891432,187.69380779707478,170.74623939483317,147.32048857504728,data/tiles/train/H405/H405__Samsung_A52_H405_03__x347_y215__t256.png
12.248908042907715,5.430184841156006,4.7455973625183105,3.87701678276062,2.5740010738372803,0.25398656725883484,132.0,161.66666666666666,187.0,20.533467694422693,17.863732447076938,1.7106137293406514,0.5845855103626729,179.99954835235465,162.98591206767767,139.17977313391353,data/tiles/train/H405/H405__Samsung_A52_H405_03__x603_y215__t256.png
12.99311637878418,5.676781177520752,4.745344161987305,3.3951423168182373,2.2884745597839355,0.25461965799331665,134.33333333333334,164.66666666666666,190.66666666666666,21.061397336205783,19.397963795514933,1.5653660420247786,0.6388282185465799,183.35956128629192,166.18600211721014,141.66877809208128,data/tiles/train/H405/H405__Samsung_A52_H405_03__x859_y215__t256.png
12.012149810791016,5.832280158996582,5.110901355743408,4.011943817138672,2.4033632278442383,0.23612113296985626,143.33333333333334,175.33333333333334,202.33333333333334,21.87655289321097,18.21776697128489,2.0099134159044802,0.4975338699105058,193.68460456148273,176.68583786412827,152.5287567961924,data/tiles/train/H405/H405__Samsung_A52_H405_03__x1115_y215__t256.png
6.829843997955322,4.423796653747559,4.404506206512451,3.772007942199707,2.8314595222473145,0.24731844663619995,145.33333333333334,170.0,190.66666666666666,16.690082782262188,11.114554371759132,1.380867986967977,0.7241821878974377,188.82138952045403,171.37908950483364,147.00748043112276,data/tiles/train/H405/H405__Samsung_A52_H405_03__x91_y471__t256.png
15.018097877502441,7.109447479248047,6.028656482696533,4.3595290184021,2.454319953918457,0.2662906348705292,113.66666666666667,152.33333333333334,184.0,25.907573376663162,22.913727023496374,1.6539346817031964,0.6046187984704544,169.93339932617832,152.637438782953,129.78125108540863,data/tiles/train/H405/H405__Samsung_A52_H405_03__x347_y471__t256.png
19.143068313598633,7.562134265899658,6.048485279083252,4.363025188446045,2.796308755874634,0.28617623448371887,99.0,140.66666666666666,178.66666666666666,29.39692023920255,27.817837172903605,1.5690905281581773,0.6373118580824112,159.09313861523518,141.61235604273622,119.05163382822256,data/tiles/train/H405/H405__Samsung_A52_H405_03__x603_y471__t256.png
17.200071334838867,7.113829135894775,5.542305946350098,3.9385106563568115,2.676478147506714,0.2866929769515991,104.66666666666667,143.0,179.0,27.479476090468992,25.171891279490183,1.679024275861797,0.595584003385971,162.0038352741093,144.52581434496642,121.13440813564029,data/tiles/train/H405/H405__Samsung_A52_H405_03__x859_y471__t256.png
16.910364151000977,7.5583696365356445,6.201111793518066,4.546225070953369,2.964560031890869,0.26475319266319275,115.0,157.0,192.33333333333334,28.53003900229307,25.44459490234679,1.742834774117283,0.5737778559682937,174.98482114977622,157.45354404468654,133.8357041251778,data/tiles/train/H405/H405__Samsung_A52_H405_03__x1115_y471__t256.png
7.2500481605529785,4.178670883178711,3.7999048233032227,3.038914442062378,2.3304295539855957,0.23450541496276855,152.66666666666666,176.0,194.0,15.403017982770901,11.474942630184236,1.757314005615941,0.5690502646676958,194.24744844823994,177.21670832465458,153.23274665000346,data/tiles/train/H405/H405__Samsung_A52_H405_03__x91_y727__t256.png
13.180610656738281,5.970702171325684,5.074888706207275,3.584818124771118,1.9275277853012085,0.24967727065086365,128.33333333333334,161.66666666666666,189.0,22.371408527412232,19.856827951387846,2.0435389062836378,0.4893471795056701,179.55530117765406,161.98706141491925,139.5186360719427,data/tiles/train/H405/H405__Samsung_A52_H405_03__x347_y727__t256.png
15.647309303283691,6.491094589233398,5.425922870635986,4.360681056976318,2.6357922554016113,0.2671244740486145,114.66666666666667,152.0,183.66666666666666,25.411571371044126,22.890042727232988,2.1206540338633335,0.4715526361356713,170.17990694767542,152.58431998888926,129.8761327731676,data/tiles/train/H405/H405__Samsung_A52_H405_03__x603_y727__t256.png
16.009153366088867,6.580997943878174,5.209897518157959,3.7955212593078613,2.5266711711883545,0.2680739760398865,116.66666666666667,153.0,185.33333333333334,25.46076785714452,23.608118595912487,1.6018354676558155,0.6242838419999754,171.7141144167941,154.12689420269706,130.9006151814264,data/tiles/train/H405/H405__Samsung_A52_H405_03__x859_y727__t256.png
16.04034996032715,6.994427680969238,5.52487850189209,3.97597074508667,2.3847110271453857,0.24732622504234314,125.66666666666667,166.0,197.0,26.292117382280992,24.08841076890472,1.8731354634169268,0.5338642183282489,182.98534182177738,165.586864884556,142.50032091869483,data/tiles/train/H405/H405__Samsung_A52_H405_03__x1115_y727__t256.png
12.591777801513672,5.3139753341674805,3.230598211288452,1.8658723831176758,1.3011304140090942,0.08503320068120956,146.0,171.33333333333334,195.66666666666666,18.72831967163192,19.48560198247021,1.9467237496632321,0.5136835671589213,178.40164503366418,171.93527451933087,163.83228638856113,data/tiles/train/H493/H493__Motorola_Edge_H493_01__x127_y14__t256.png
20.304914474487305,7.582149028778076,4.3263163566589355,2.2765579223632812,1.2755368947982788,0.08916652947664261,124.66666666666667,164.0,200.0,28.040288130211657,30.883555543174435,2.239722689110712,0.4464838459073041,170.5697773303945,163.98771238653916,155.99227685312135,data/tiles/train/H493/H493__Motorola_Edge_H493_01__x383_y14__t256.png
22.526412963867188,8.100163459777832,4.552567958831787,2.3237040042877197,1.2303731441497803,0.0985066294670105,118.0,161.0,200.0,30.455293866409658,33.80434785849641,1.8680707848429963,0.5353116210122872,168.07296114988023,161.03805159184807,152.26792348019305,data/tiles/train/H493/H493__Motorola_Edge_H493_01__x639_y14__t256.png
20.620716094970703,7.70114278793335,4.403223514556885,2.211944818496704,1.2991831302642822,0.10237331688404083,120.66666666666667,160.33333333333334,197.33333333333334,28.516385376344203,31.55794111060617,2.0552256519988856,0.48656457699786543,167.81508693311102,160.6030604623695,151.44229065707884,data/tiles/train/H493/H493__Motorola_Edge_H493_01__x895_y14__t256.png
16.258989334106445,6.737482070922852,4.098097801208496,2.173855781555176,1.323047161102295,0.09784802794456482,134.0,168.66666666666666,197.33333333333334,23.621862636811432,24.962862359967833,2.0638509647359076,0.4845311105726866,175.15752449107205,168.2393698325575,158.78206419787398,data/tiles/train/H493/H493__Motorola_Edge_H493_01__x1151_y14__t256.png
14.67005729675293,6.416428089141846,3.9622044563293457,2.1209309101104736,1.260460376739502,0.09252449125051498,133.66666666666666,164.0,192.0,21.897750485193246,22.58277623066639,2.0695995086321157,0.4831852712706438,171.04509412683265,164.39338943350396,155.89629565368267,data/tiles/train/H493/H493__Motorola_Edge_H493_01__x127_y270__t256.png
25.035358428955078,9.900663375854492,5.803142070770264,2.7945830821990967,1.5684645175933838,0.10122925043106079,99.66666666666667,147.0,195.33333333333334,35.42745543050834,37.917688711845926,1.732643606711375,0.577152737081366,154.79657253868035,148.13080205370153,139.85785402067577,data/tiles/train/H493/H493__Motorola_Edge_H493_01__x383_y270__t256.png
29.00151824951172,10.53586196899414,5.977824687957764,2.8427765369415283,1.5119242668151855,0.1079074814915657,88.66666666666667,141.66666666666666,196.0,39.5638409641849,43.49331005475775,2.3438854083144403,0.4266420177593625,150.01141806066497,142.63689525924897,134.6427431109877,data/tiles/train/H493/H493__Motorola_Edge_H493_01__x639_y270__t256.png
26.938907623291016,10.255539894104004,5.87158727645874,2.7457120418548584,1.2947875261306763,0.1071246787905693,94.66666666666667,145.0,195.66666666666666,37.36916049368113,40.83614994434009,2.177286831894686,0.459287212576303,153.00956248589924,145.9095468665938,137.42982593151802,data/tiles/train/H493/H493__Motorola_Edge_H493_01__x895_y270__t256.png
21.444175720214844,8.770415306091309,5.152876377105713,2.5444741249084473,1.405422568321228,0.10490170866250992,113.33333333333333,156.66666666666666,197.0,30.913449217396117,32.59295540541514,2.0875927261041873,0.47902063821911023,164.1386497743839,157.0288267962513,147.7437001041305,data/tiles/train/H493/H493__Motorola_Edge_H493_01__x1151_y270__t256.png
13.150009155273438,6.015547275543213,3.703564167022705,1.9844809770584106,1.2307237386703491,0.09036348015069962,129.66666666666666,156.66666666666666,184.33333333333334,20.55118658590529,20.715743199537872,1.8556540507231458,0.5388935505571749,164.44422476586888,156.94791883454735,150.23987166146375,data/tiles/train/H493/H493__Motorola_Edge_H493_02__x55_y15__t256.png
18.0505313873291,8.208639144897461,4.989334583282471,2.497067451477051,1.2325373888015747,0.09282578527927399,112.33333333333333,149.66666666666666,186.66666666666666,27.591455466207634,28.729382096371374,1.782551663461361,0.5609935579977519,157.0689649186759,149.40707181169608,143.15869048238991,data/tiles/train/H493/H493__Motorola_Edge_H493_02__x311_y15__t256.png
17.107192993164062,8.007287979125977,5.013923168182373,2.489309310913086,1.2160420417785645,0.09187400341033936,108.33333333333333,144.0,180.33333333333334,26.725323045427317,27.028005770295287,1.7417814907935887,0.574124828680078,151.4311947286284,143.86034333275532,138.1586093289405,data/tiles/train/H493/H493__Motorola_Edge_H493_02__x567_y15__t256.png
18.029085159301758,8.263374328613281,5.187866687774658,2.6644115447998047,1.3206281661987305,0.09115853905677795,107.33333333333333,145.33333333333334,182.66666666666666,27.880058380931786,28.390584098841035,2.0054734840646584,0.4986353636415165,152.40485113470749,144.94088763966965,139.14402456797833,data/tiles/train/H493/H493__Motorola_Edge_H493_02__x823_y15__t256.png
16.67509651184082,7.207371711730957,4.35720157623291,2.2204015254974365,1.165634274482727,0.08526942133903503,121.33333333333333,156.0,188.33333333333334,24.928303351279254,26.254190827627685,1.877944755673306,0.5324970273907054,162.54810652843253,155.11150347034982,149.27926313775288,data/tiles/train/H493/H493__Motorola_Edge_H493_02__x1079_y15__t256.png
14.906216621398926,6.453629016876221,3.867800235748291,2.050333261489868,1.1553456783294678,0.08446138352155685,127.33333333333333,157.33333333333334,188.33333333333334,22.68672531770653,23.39053623511795,1.8522523112423988,0.5398832512884002,164.73820189603083,157.52720769524603,151.4058235232837,data/tiles/train/H493/H493__Motorola_Edge_H493_02__x55_y271__t256.png
18.35282325744629,7.962833881378174,4.718371868133545,2.343366861343384,1.1417711973190308,0.09161871671676636,111.66666666666667,148.33333333333334,185.33333333333334,27.271005993202607,29.052893498745927,2.2190031447007286,0.450652808847131,155.96800777251514,148.45479623171812,142.3256302156526,data/tiles/train/H493/H493__Motorola_Edge_H493_02__x311_y271__t256.png
18.068208694458008,8.28905963897705,5.143864631652832,2.603649616241455,1.2776607275009155,0.09554316103458405,105.0,141.33333333333334,180.33333333333334,27.91406514371903,28.612941370910466,2.0763669683439185,0.48161043555686406,149.57713135240212,141.8148083865593,135.96796028880865,data/tiles/train/H493/H493__Motorola_Edge_H493_02__x567_y271__t256.png
18.34219741821289,8.232234001159668,4.955670356750488,2.4148178100585938,1.2818470001220703,0.09280209243297577,106.66666666666667,144.33333333333334,182.0,27.868550885649913,28.571257269144212,1.800281668466419,0.5554686344453289,151.54451751722223,144.07629839143488,138.12811258220688,data/tiles/train/H493/H493__Motorola_Edge_H493_02__x823_y271__t256.png
18.261125564575195,8.095487594604492,4.9581990242004395,2.4645800590515137,1.3342969417572021,0.0839366540312767,114.33333333333333,153.0,189.66666666666666,27.919539326852398,28.468049293156,2.0557711839441457,0.4864354592622646,159.61873710133366,152.21258736407623,146.78971922096392,data/tiles/train/H493/H493__Motorola_Edge_H493_02__x1079_y271__t256.png
17.66891860961914,6.217988014221191,3.5221943855285645,1.8899682760238647,1.1254526376724243,0.07733859866857529,142.0,175.66666666666666,205.66666666666666,23.824626685282823,26.8421417822103,1.984795509970449,0.5038302409374599,182.0101287374694,174.51210062718255,168.48303479907574,data/tiles/train/H493/H493__Motorola_Edge_H493_03__x129_y14__t256.png
23.01033592224121,8.349637985229492,4.820590972900391,2.513749837875366,1.3177775144577026,0.08846905827522278,118.0,163.33333333333334,203.33333333333334,31.64029640601449,34.862751057499544,1.5372389561881201,0.6505169518210054,169.75084589890858,161.91756172893062,155.39319116447746,data/tiles/train/H493/H493__Motorola_Edge_H493_03__x385_y14__t256.png
22.448543548583984,8.291321754455566,4.790039539337158,2.3815276622772217,1.2034205198287964,0.0945177897810936,114.66666666666667,159.33333333333334,198.33333333333334,31.04670389904135,34.19731907729786,2.1555268930190783,0.46392369459115307,166.05282521171733,157.9596348743579,151.08643967791198,data/tiles/train/H493/H493__Motorola_Edge_H493_03__x641_y14__t256.png
22.300621032714844,8.32117748260498,4.843307971954346,2.499465227127075,1.2252310514450073,0.09330729395151138,115.66666666666667,160.33333333333334,199.33333333333334,30.954571373286274,34.07036920748506,1.802446415311384,0.5548015139341846,166.82851293439978,158.70126828252685,151.9820254350504,data/tiles/train/H493/H493__Motorola_Edge_H493_03__x897_y14__t256.png
19.667877197265625,7.330256938934326,4.245316505432129,2.1916439533233643,1.1493446826934814,0.08676670491695404,130.66666666666666,170.66666666666666,204.33333333333334,27.322135479917566,30.05362807575978,2.1571688941420266,0.46357056358247334,176.74370316402997,168.93175825700806,162.06130308076604,data/tiles/train/H493/H493__Motorola_Edge_H493_03__x1153_y14__t256.png
19.02432632446289,7.001211643218994,3.995513439178467,2.0284008979797363,1.154244303703308,0.08838915824890137,128.66666666666666,165.0,198.66666666666666,26.137580324821673,29.11457413890965,1.999785220566449,0.5000537006252826,172.10559361720578,164.26771312115167,157.55545919694737,data/tiles/train/H493/H493__Motorola_Edge_H493_03__x129_y270__t256.png
25.255050659179688,10.00535774230957,5.957208633422852,2.8297922611236572,1.2612746953964233,0.1025957316160202,97.33333333333333,145.66666666666666,194.33333333333334,35.81547408593557,38.65603051262492,1.6211052427360009,0.6168630966316918,153.83255870417258,145.70621900038154,138.84114321390172,data/tiles/train/H493/H493__Motorola_Edge_H493_03__x385_y270__t256.png
22.78512954711914,9.979817390441895,6.2410054206848145,3.220319986343384,1.5609054565429688,0.10700415819883347,94.33333333333333,139.33333333333334,186.66666666666666,34.255261640620226,35.672105668432614,1.9982147363987868,0.5004467146520075,148.21290042538413,139.74598489452208,133.193002864832,data/tiles/train/H493/H493__Motorola_Edge_H493_03__x641_y270__t256.png
24.92412757873535,9.709489822387695,5.6947526931762695,2.7701191902160645,1.2112675905227661,0.10424301773309708,97.0,143.33333333333334,191.66666666666666,35.11823742775672,37.97004779843042,2.1158637009528674,0.4726202352021331,151.98374590178153,143.67342619737366,136.95245199229794,data/tiles/train/H493/H493__Motorola_Edge_H493_03__x897_y270__t256.png
23.120580673217773,8.638853073120117,4.983689785003662,2.4743130207061768,1.2323085069656372,0.09499558061361313,111.66666666666667,156.33333333333334,198.66666666666666,32.05664946481248,35.13439422597225,1.9247126230418252,0.5195580826085066,163.7330301820643,155.8258500095458,148.90027248902234,data/tiles/train/H493/H493__Motorola_Edge_H493_03__x1153_y270__t256.png
6.238753318786621,3.9155595302581787,2.9583210945129395,1.9525432586669922,1.3921228647232056,0.18700386583805084,165.0,181.0,198.33333333333334,12.662334077390426,10.178161476853369,1.5536086907510458,0.6436627227648809,197.32218480977505,184.08983615662316,163.36436059427936,data/tiles/train/H493/H493__Samsung_A52_H493_01__x95_y210__t256.png
8.96949577331543,5.05148458480835,3.7226152420043945,2.1819510459899902,1.3160501718521118,0.19946657121181488,147.66666666666666,168.33333333333334,190.0,16.030381664920707,14.181198470614637,2.0884930240999897,0.4788141441989914,184.5933327545794,171.2530948867089,150.90032120843824,data/tiles/train/H493/H493__Samsung_A52_H493_01__x351_y210__t256.png
11.847697257995605,5.616677761077881,3.8005640506744385,2.1589527130126953,1.1690807342529297,0.21523410081863403,137.66666666666666,160.33333333333334,185.66666666666666,18.40753629482395,17.761744192425574,1.7744491696334839,0.5635551680562099,177.48449255468873,163.93378277413862,142.74824943964694,data/tiles/train/H493/H493__Samsung_A52_H493_01__x607_y210__t256.png
11.729897499084473,5.612762451171875,3.8206450939178467,2.084998369216919,1.2189552783966064,0.22962214052677155,136.66666666666666,159.0,185.66666666666666,18.71594235181001,17.78959029457417,1.7784775826702621,0.5622786644848053,177.66779077650494,163.1612286404645,140.80330975020425,data/tiles/train/H493/H493__Samsung_A52_H493_01__x863_y210__t256.png
9.464186668395996,4.984938621520996,3.5347039699554443,2.0318126678466797,1.2855411767959595,0.21251945197582245,152.33333333333334,173.66666666666666,196.66666666666666,16.730154501723412,14.738714075324246,1.8002957171414113,0.5554642998250554,191.45356870096506,177.1926855516212,154.40101020620705,data/tiles/train/H493/H493__Samsung_A52_H493_01__x1119_y210__t256.png
7.362926959991455,4.632389068603516,3.3687820434570312,1.971895694732666,1.1563465595245361,0.2103259563446045,152.33333333333334,169.66666666666666,188.66666666666666,13.925734321764027,12.01388075532364,1.8053613899232261,0.553905719697775,187.06192955058128,173.14348429637343,151.2074613916363,data/tiles/train/H493/H493__Samsung_A52_H493_01__x95_y466__t256.png
13.6091890335083,6.830737590789795,4.648700714111328,2.398474931716919,1.4036215543746948,0.2368355691432953,121.66666666666667,148.33333333333334,180.33333333333334,22.117293734138787,21.146238182272906,2.039681273442477,0.4902726779033705,166.5955194827766,152.4340957280406,131.0628801835309,data/tiles/train/H493/H493__Samsung_A52_H493_01__x351_y466__t256.png
17.530746459960938,7.359378814697266,4.6643195152282715,2.3305370807647705,1.3065851926803589,0.25332003831863403,107.33333333333333,138.66666666666666,175.66666666666666,25.717578979501827,26.2808487881463,1.880152192273208,0.5318718368170742,157.2516465374924,142.6357459379616,121.65647753931705,data/tiles/train/H493/H493__Samsung_A52_H493_01__x607_y466__t256.png
16.106735229492188,7.122844219207764,4.580421447753906,2.316997766494751,1.1300442218780518,0.25366055965423584,114.66666666666667,143.33333333333334,179.0,24.277105506868153,24.54845369515041,1.772669830745475,0.5641208434057131,162.7048926740245,147.84032328148083,125.80955939862692,data/tiles/train/H493/H493__Samsung_A52_H493_01__x863_y466__t256.png
13.555407524108887,6.328426361083984,4.1051344871521,2.198993682861328,1.2501749992370605,0.2285340279340744,133.66666666666666,161.0,191.0,21.428855737514088,21.092011228130495,1.977340126024912,0.5057298877610504,179.1249826268242,164.4609103544128,142.1249826268242,data/tiles/train/H493/H493__Samsung_A52_H493_01__x1119_y466__t256.png
7.536501884460449,4.291740417480469,3.0715157985687256,1.7747385501861572,1.1085305213928223,0.20712274312973022,157.66666666666666,175.0,194.0,13.807491996221511,12.175975789039704,1.9504021244469698,0.5127147819753051,192.55896357569858,178.59895036841374,156.15294383428332,data/tiles/train/H493/H493__Samsung_A52_H493_01__x95_y722__t256.png
11.71536636352539,5.782325744628906,3.9073541164398193,2.1944169998168945,1.4016273021697998,0.2198925018310547,136.66666666666666,161.33333333333334,187.66666666666666,19.084935139386655,18.178022048506016,1.9242744850845321,0.5196763807612772,178.80581681879707,164.23682018533302,143.1678061985909,data/tiles/train/H493/H493__Samsung_A52_H493_01__x351_y722__t256.png
14.214292526245117,6.261665344238281,4.148578643798828,2.355109214782715,1.7146520614624023,0.236547589302063,122.33333333333333,151.33333333333334,181.0,22.080666587301994,21.252230866601074,1.946141569099486,0.5138372335691476,168.56750520471894,153.8918806384455,132.68013532269256,data/tiles/train/H493/H493__Samsung_A52_H493_01__x607_y722__t256.png
13.500679969787598,6.17611837387085,4.119542121887207,2.230029344558716,1.3506038188934326,0.236797496676445,127.0,154.0,183.66666666666666,21.35780695939872,20.44877516449845,1.7086588265628986,0.5852543436138029,172.17912131784965,157.35072644899233,135.47511673523235,data/tiles/train/H493/H493__Samsung_A52_H493_01__x863_y722__t256.png
12.08670425415039,5.6425957679748535,3.7809829711914062,2.091367244720459,1.2721760272979736,0.21027617156505585,143.0,168.66666666666666,195.0,19.400770589650566,18.563259634097033,1.666672500731478,0.5999978997440197,185.75299627092187,171.39158789350446,150.1926806001214,data/tiles/train/H493/H493__Samsung_A52_H493_01__x1119_y722__t256.png
5.581681728363037,3.7316699028015137,3.0246715545654297,1.9201637506484985,1.2072187662124634,0.13499121367931366,166.66666666666666,181.66666666666666,198.33333333333334,11.921131783843776,9.158468698594215,1.75401067640242,0.570121957325288,193.8326241381107,183.92417110999185,169.22248467269918,data/tiles/train/H493/H493__Samsung_A52_H493_02__x96_y219__t256.png
8.202794075012207,4.921985149383545,3.800182342529297,2.2738876342773438,1.2173542976379395,0.15224993228912354,148.0,167.66666666666666,188.33333333333334,15.3676833702243,13.0583180066939,1.7913401875985315,0.558241258094365,180.23743283893515,170.01855297247482,154.61603867086296,data/tiles/train/H493/H493__Samsung_A52_H493_02__x352_y219__t256.png
11.764184951782227,5.526348114013672,3.8263251781463623,2.1906464099884033,1.1798497438430786,0.17448575794696808,135.33333333333334,158.0,184.33333333333334,18.68929263904644,17.56726646751507,2.0306245780586827,0.4924593205485673,172.17274352255177,161.25019523454176,144.38288530621452,data/tiles/train/H493/H493__Samsung_A52_H493_02__x608_y219__t256.png
12.038437843322754,5.697293281555176,3.999837875366211,2.277418851852417,1.260319709777832,0.17076656222343445,136.0,159.66666666666666,187.33333333333334,19.395416607096575,18.27867681705629,1.415583518291671,0.7064224661267616,173.7305317562177,162.799836969718,146.25013007735268,data/tiles/train/H493/H493__Samsung_A52_H493_02__x864_y219__t256.png
10.109448432922363,5.137589931488037,3.6142489910125732,2.130969285964966,1.265479326248169,0.15098237991333008,150.66666666666666,173.0,197.66666666666666,17.701025050616266,15.561235947383489,2.072321260712694,0.48255066381748596,186.04402308039903,175.9595745420418,159.7840557544579,data/tiles/train/H493/H493__Samsung_A52_H493_02__x1120_y219__t256.png
6.551442623138428,4.3635454177856445,3.4340970516204834,2.0629608631134033,1.1639771461486816,0.15430450439453125,155.0,171.66666666666666,189.66666666666666,13.206654563516386,10.836965823202263,1.7093733449247441,0.5850097071942031,184.61022685852151,174.00840088174544,158.0361897488414,data/tiles/train/H493/H493__Samsung_A52_H493_02__x96_y475__t256.png
13.137650489807129,6.798027515411377,4.8005218505859375,2.5679643154144287,1.2726833820343018,0.1801028847694397,120.33333333333333,147.0,178.33333333333334,21.903640130514773,20.54715963569532,2.2564339436014293,0.4431771658265027,161.28583336227555,150.44585489528706,134.49760358420448,data/tiles/train/H493/H493__Samsung_A52_H493_02__x352_y475__t256.png
17.309661865234375,7.620556354522705,5.202598571777344,2.7782959938049316,1.3798623085021973,0.19397923350334167,106.0,137.0,175.66666666666666,26.335058462111153,25.850890196785766,1.852319427898317,0.5398636892420992,152.0967439600111,140.9301062204943,125.0646348236601,data/tiles/train/H493/H493__Samsung_A52_H493_02__x608_y475__t256.png
16.03750228881836,7.056896209716797,4.627406597137451,2.3894670009613037,1.0538543462753296,0.18844784796237946,113.66666666666667,142.0,177.66666666666666,24.250683721863822,24.213027977152322,2.027606286218053,0.4931923947943699,156.9815882720767,145.8694330577364,129.80460987980268,data/tiles/train/H493/H493__Samsung_A52_H493_02__x864_y475__t256.png
13.44678020477295,6.291507720947266,4.144986152648926,2.1614513397216797,1.1172717809677124,0.16598989069461823,132.33333333333334,159.33333333333334,189.0,21.412102279637207,20.672340963656406,2.1280623961153937,0.4699110335417887,172.85069962848513,161.98156314016873,146.23360299989585,data/tiles/train/H493/H493__Samsung_A52_H493_02__x1120_y475__t256.png
6.790065765380859,4.145388126373291,3.140380620956421,1.8985871076583862,1.027351975440979,0.1496625691652298,159.33333333333334,176.0,194.0,13.069955629559326,11.124106622572196,1.7236488228769322,0.5801645826734624,188.8193367001614,178.35756061158258,162.40021867027647,data/tiles/train/H493/H493__Samsung_A52_H493_02__x96_y731__t256.png
11.441222190856934,5.8343353271484375,4.180444717407227,2.3536577224731445,1.2392284870147705,0.1626265048980713,135.0,159.66666666666666,186.66666666666666,19.361856229719017,17.860643996265622,1.5505209203420527,0.6449445388839997,173.0288013627199,161.9317075714385,146.90739066954043,data/tiles/train/H493/H493__Samsung_A52_H493_02__x352_y731__t256.png
13.699419021606445,6.253838539123535,4.306309700012207,2.375124454498291,1.2601807117462158,0.17753508687019348,121.66666666666667,149.66666666666666,180.0,21.815798704214245,20.598763724719213,2.0719295984052404,0.4826418816400411,163.32493269648285,152.0798610508033,136.57825445071646,data/tiles/train/H493/H493__Samsung_A52_H493_02__x608_y731__t256.png
14.144152641296387,6.47948694229126,4.356590270996094,2.291027784347534,1.1671698093414307,0.17272831499576569,123.66666666666667,151.0,183.0,22.309716269508158,21.410263032541017,1.7131705405462545,0.5837130491872363,165.1023212241074,153.91920821623123,138.74607057354012,data/tiles/train/H493/H493__Samsung_A52_H493_02__x864_y731__t256.png
12.022757530212402,5.617987155914307,3.811203956604004,2.1547327041625977,1.2029643058776855,0.14937236905097961,141.66666666666666,166.66666666666666,193.0,19.288527324778975,18.46387824653998,1.8719795428662003,0.5341938718352089,179.27710592160133,168.52861759799833,154.27807895468445,data/tiles/train/H493/H493__Samsung_A52_H493_02__x1120_y731__t256.png
20.243892669677734,9.565744400024414,8.73289680480957,7.406081199645996,5.512125015258789,0.10355212539434433,91.66666666666667,151.33333333333334,195.33333333333334,38.28795180972953,29.178517397290044,2.2464504363900404,0.4451467006799231,154.88534799805703,147.81078689889668,139.8612171258067,data/tiles/train/H516/H516__Motorola_Edge_H516_01__x40_y17__t256.png
25.23237419128418,11.381094932556152,10.45312213897705,9.477933883666992,6.834293365478516,0.08540341258049011,73.33333333333333,148.33333333333334,198.0,46.28935535393009,35.925626433657605,1.7729702597252466,0.5640252533931212,148.0078781148053,141.6804678281391,136.1823419171236,data/tiles/train/H516/H516__Motorola_Edge_H516_01__x296_y17__t256.png
24.874391555786133,11.978631019592285,11.218263626098633,10.035750389099121,6.8433308601379395,0.08192645758390427,61.0,137.0,191.66666666666666,48.136907343127284,35.53580414919683,2.300035934141198,0.4347758159584521,137.4344124429956,131.4894834492206,127.08239843248774,data/tiles/train/H516/H516__Motorola_Edge_H516_01__x552_y17__t256.png
24.76346778869629,11.94711685180664,11.395698547363281,10.632650375366211,7.877840995788574,0.07719017565250397,61.0,139.0,194.0,49.25147679290806,34.7875120325327,1.996596514838269,0.5008523217226007,137.93703491700057,132.4487519730794,128.69712580874574,data/tiles/train/H516/H516__Motorola_Edge_H516_01__x808_y17__t256.png
23.52438735961914,11.003173828125,9.83155632019043,8.475576400756836,6.665281295776367,0.07797371596097946,81.0,151.0,198.66666666666666,43.64346657441811,33.98114499947807,2.0711704050359683,0.482818795386676,151.2896484747585,145.26673950366785,140.33069732757573,data/tiles/train/H516/H516__Motorola_Edge_H516_01__x1064_y17__t256.png
21.215978622436523,9.9762544631958,9.098139762878418,7.982710361480713,5.6835832595825195,0.09910471737384796,88.66666666666667,152.0,197.33333333333334,40.13779915313675,30.631344144642707,1.9699824076622292,0.5076187462946414,154.59432129600722,147.60994900614008,140.37865542720365,data/tiles/train/H516/H516__Motorola_Edge_H516_01__x40_y273__t256.png
25.325925827026367,11.890941619873047,11.026226997375488,9.762924194335938,6.456902980804443,0.08918678760528564,65.0,140.0,193.33333333333334,47.275197168354104,36.28404029222993,1.9909616539692208,0.5022698443269262,140.51276090011623,134.15212450335721,128.85105054045144,data/tiles/train/H516/H516__Motorola_Edge_H516_01__x296_y273__t256.png
25.489883422851562,12.046961784362793,10.906001091003418,9.595355033874512,7.447570323944092,0.08959256857633591,62.333333333333336,136.33333333333334,192.0,48.26214637670675,36.773811895433646,2.0529933307393997,0.4870936427444911,138.15756933710773,131.46565707438216,126.67423281985377,data/tiles/train/H516/H516__Motorola_Edge_H516_01__x552_y273__t256.png
24.709745407104492,11.881814002990723,11.354037284851074,10.26282024383545,7.077836036682129,0.08802712708711624,58.666666666666664,135.33333333333334,188.33333333333334,47.960687363190964,35.05953338427458,1.954059323028145,0.5117551899347309,135.15532162119976,128.88784447026586,124.35797159258425,data/tiles/train/H516/H516__Motorola_Edge_H516_01__x808_y273__t256.png
25.54767608642578,11.63505744934082,10.554549217224121,9.037703514099121,6.382621765136719,0.06921326369047165,70.0,142.66666666666666,196.33333333333334,46.591592600403544,36.55107485110118,1.7604710964093109,0.5680297745527424,142.8744901324354,137.77187440334646,133.81361845416833,data/tiles/train/H516/H516__Motorola_Edge_H516_01__x1064_y273__t256.png
16.981746673583984,8.242977142333984,7.463122367858887,6.508101463317871,4.539186477661133,0.07874393463134766,104.0,151.33333333333334,192.0,32.471054423671774,24.91295634359839,2.0616741292528826,0.4850427067067014,155.49490760822417,150.40654116422314,143.98353431074867,data/tiles/train/H516/H516__Motorola_Edge_H516_02__x41_y16__t256.png
20.68890953063965,10.212289810180664,9.855173110961914,9.040987014770508,7.074497222900391,0.07278579473495483,79.66666666666667,143.66666666666666,192.66666666666666,41.76227934464953,29.397538201919748,1.9586290656594605,0.5105611968764004,145.05443747937974,140.23862195905468,135.09659830870478,data/tiles/train/H516/H516__Motorola_Edge_H516_02__x297_y16__t256.png
23.25619125366211,10.108577728271484,9.109971046447754,7.873971939086914,5.877997398376465,0.07092233747243881,80.0,142.66666666666666,190.66666666666666,41.09082056671322,33.0271134985454,1.9787709704934122,0.5053641957111626,144.1380088142416,139.27334559461428,134.54589304924176,data/tiles/train/H516/H516__Motorola_Edge_H516_02__x553_y16__t256.png
22.265243530273438,10.464329719543457,10.078794479370117,9.421037673950195,6.715167999267578,0.0660729706287384,74.33333333333333,143.0,192.0,43.402411338025196,31.227205503631016,1.8515514507415969,0.5400876111757373,142.44025397265978,138.24337311775727,133.7913572965096,data/tiles/train/H516/H516__Motorola_Edge_H516_02__x809_y16__t256.png
18.376745223999023,9.430667877197266,9.348243713378906,8.524209976196289,6.357065677642822,0.06813928484916687,88.66666666666667,148.33333333333334,192.66666666666666,38.35215878613415,26.530111276838277,2.2482546083538852,0.444789480819601,149.49486342970187,144.94931107486204,139.92381910942976,data/tiles/train/H516/H516__Motorola_Edge_H516_02__x1065_y16__t256.png
16.765417098999023,8.516234397888184,7.975964546203613,6.939640998840332,5.46550178527832,0.06770053505897522,103.66666666666667,153.0,194.66666666666666,33.826761785706445,24.52867660241053,1.6629884708271079,0.6013270792566816,156.32505682508284,152.06642028004788,146.2789027119879,data/tiles/train/H516/H516__Motorola_Edge_H516_02__x41_y272__t256.png
21.90890121459961,11.121594429016113,10.600467681884766,9.613255500793457,7.172146797180176,0.07495474815368652,66.66666666666667,129.66666666666666,187.33333333333334,44.687855852241626,31.34887629811127,1.901621166689382,0.5258670956744477,133.41148931005185,128.802205614607,124.29408194759931,data/tiles/train/H516/H516__Motorola_Edge_H516_02__x297_y272__t256.png
26.692405700683594,11.847245216369629,10.735626220703125,9.176180839538574,6.692178726196289,0.0733540877699852,63.666666666666664,137.66666666666666,192.33333333333334,47.719217172914995,37.7217338462025,2.2365051624790238,0.44712617559601947,137.62966752805286,132.67188123276506,128.06885308451413,data/tiles/train/H516/H516__Motorola_Edge_H516_02__x553_y272__t256.png
24.771255493164062,10.948283195495605,10.006996154785156,8.861186027526855,6.349003314971924,0.07585182785987854,66.0,134.33333333333334,187.33333333333334,44.786101060497614,34.3759120942463,2.104694529958897,0.47512833134009674,135.67302281963114,130.78182418116774,125.97049425167587,data/tiles/train/H516/H516__Motorola_Edge_H516_02__x809_y272__t256.png
21.463321685791016,10.560405731201172,9.77562141418457,8.843124389648438,6.33042573928833,0.0666976273059845,78.0,142.33333333333334,191.33333333333334,41.98156871559311,30.73293656649467,2.0243280030283173,0.4939910916136309,143.38101274615357,138.87974507692843,134.42130031604904,data/tiles/train/H516/H516__Motorola_Edge_H516_02__x1065_y272__t256.png
19.203872680664062,9.309759140014648,8.63709545135498,7.9520649909973145,5.976873874664307,0.08419201523065567,88.66666666666667,146.33333333333334,191.66666666666666,37.78602704071509,27.912383502008847,2.092426299409148,0.4779140848508627,149.5537319129741,143.06925986328463,137.89517332315486,data/tiles/train/H516/H516__Motorola_Edge_H516_03__x40_y18__t256.png
21.114479064941406,10.95518684387207,10.477224349975586,9.79880428314209,7.538325786590576,0.06679234653711319,67.66666666666667,138.0,189.0,44.69311332244374,29.790252044763346,2.0987284792660605,0.47647897757107993,137.62552083333333,132.43006944444446,129.201875,data/tiles/train/H516/H516__Motorola_Edge_H516_03__x296_y18__t256.png
21.806167602539062,10.19995403289795,9.467198371887207,8.51578426361084,6.912409782409668,0.06753882020711899,75.66666666666667,141.33333333333334,189.33333333333334,41.98469164016169,30.693138389348412,2.0864812528461476,0.4792758135909011,141.63445079078488,136.10685578375376,133.0338188573115,data/tiles/train/H516/H516__Motorola_Edge_H516_03__x552_y18__t256.png
22.107589721679688,10.84328842163086,10.342986106872559,9.285484313964844,6.811718463897705,0.07312413305044174,69.33333333333333,138.66666666666666,188.66666666666666,43.959597568422645,31.484248494945486,2.044068109647237,0.4892204889261635,138.7729128659543,133.09403179567371,129.46916862131874,data/tiles/train/H516/H516__Motorola_Edge_H516_03__x808_y18__t256.png
18.874853134155273,9.796391487121582,9.360032081604004,8.603897094726562,6.214782238006592,0.07088485360145569,86.0,148.33333333333334,192.66666666666666,39.28359106888125,27.432477303324294,1.9729846485333475,0.5068463156788207,149.29495928183223,143.35786841694014,139.50335989998436,data/tiles/train/H516/H516__Motorola_Edge_H516_03__x1064_y18__t256.png
20.88591194152832,9.593879699707031,8.278153419494629,6.663145065307617,4.290554046630859,0.07815670222043991,96.66666666666667,153.33333333333334,195.66666666666666,36.630019568783055,30.80733931315658,1.9650824839615295,0.5088844911914532,155.90180120774625,149.4376344832373,144.54057055597974,data/tiles/train/H516/H516__Motorola_Edge_H516_03__x40_y274__t256.png
21.56780242919922,11.090964317321777,10.550613403320312,9.637019157409668,6.736763000488281,0.0728362500667572,66.33333333333333,134.33333333333334,186.33333333333334,44.41461022737485,30.805412397948558,2.3961552934293717,0.41733522144501844,135.20806068074913,129.74524846822766,126.53022755280927,data/tiles/train/H516/H516__Motorola_Edge_H516_03__x296_y274__t256.png
22.840639114379883,11.426047325134277,11.690707206726074,10.831570625305176,7.915924549102783,0.06457233428955078,55.0,128.66666666666666,184.66666666666666,47.99804547165261,31.949734114233596,1.994869173476513,0.5012860057671215,128.2761081306318,123.40693091654079,120.96274111498863,data/tiles/train/H516/H516__Motorola_Edge_H516_03__x552_y274__t256.png
23.11870002746582,11.15438175201416,10.460375785827637,8.907759666442871,6.158984661102295,0.07898935675621033,66.33333333333333,135.33333333333334,185.66666666666666,44.074601812341065,33.08660209876416,1.6352887720576637,0.6115127903322618,135.98097434919094,129.8193517057181,125.98328101423888,data/tiles/train/H516/H516__Motorola_Edge_H516_03__x808_y274__t256.png
19.859180450439453,10.451582908630371,9.958724975585938,8.96875,6.813485622406006,0.0657675713300705,77.33333333333333,140.66666666666666,190.33333333333334,41.70784494075964,28.881845335135814,1.8026829225342536,0.5547287254456135,142.26971710058453,136.87414358316133,133.80759023814892,data/tiles/train/H516/H516__Motorola_Edge_H516_03__x1064_y274__t256.png
11.57211685180664,7.559240818023682,8.05802059173584,7.419940948486328,5.497714996337891,0.11740577220916748,135.33333333333334,179.33333333333334,220.0,30.914314106986343,18.002592558615653,1.6881968415783277,0.5923479865446738,189.15220634149725,178.71955873170054,168.22571636716853,data/tiles/train/H516/H516__Samsung_A52_H516_01__x84_y216__t256.png
12.732780456542969,8.038127899169922,8.436164855957031,7.691526412963867,5.609358310699463,0.11954442411661148,118.66666666666667,163.0,205.66666666666666,31.970214764777474,19.76970690135094,1.877759125893802,0.5325496684906303,172.16615507344397,162.8535976275948,153.02313441895149,data/tiles/train/H516/H516__Samsung_A52_H516_01__x340_y216__t256.png
16.512311935424805,8.892679214477539,8.550702095031738,7.605378150939941,5.373042583465576,0.1349862515926361,110.0,157.66666666666666,203.66666666666666,34.519089789152645,24.46172133389738,1.820728076986085,0.5492308338845058,167.7822387385823,157.8032507901226,146.70395582259576,data/tiles/train/H516/H516__Samsung_A52_H516_01__x596_y216__t256.png
16.639705657958984,9.071818351745605,9.200786590576172,8.017252922058105,5.663461685180664,0.1371794193983078,107.66666666666667,157.0,206.66666666666666,36.25147966885046,24.519390170114693,1.877140272301713,0.5327252388942779,167.73668490058174,157.44848484848484,146.30632977337848,data/tiles/train/H516/H516__Samsung_A52_H516_01__x852_y216__t256.png
14.694458961486816,8.291637420654297,8.575636863708496,8.2651948928833,6.1985955238342285,0.13025620579719543,122.66666666666667,174.33333333333334,217.0,34.44461262773283,21.74891140505242,1.9378621362945618,0.5160325810958497,183.1726794731636,172.70678674926683,160.8454717406771,data/tiles/train/H516/H516__Samsung_A52_H516_01__x1108_y216__t256.png
12.901229858398438,8.544333457946777,9.10694694519043,8.194494247436523,5.881328582763672,0.1260857880115509,118.33333333333333,163.0,211.66666666666666,34.01757402308203,20.240287693867053,1.6418874161443076,0.6090551582083072,174.6398785776236,164.53849089332178,153.94806591500435,data/tiles/train/H516/H516__Samsung_A52_H516_01__x84_y472__t256.png
17.242652893066406,9.912044525146484,10.021764755249023,9.415382385253906,6.999354839324951,0.13379217684268951,90.33333333333333,146.66666666666666,199.0,39.607398644633264,25.49939137616029,2.000379213826718,0.49990521451530373,155.2930014742867,145.86677651548,135.93013615471338,data/tiles/train/H516/H516__Samsung_A52_H516_01__x340_y472__t256.png
21.16053009033203,10.652841567993164,10.495804786682129,9.702877044677734,6.957409858703613,0.14299483597278595,75.66666666666667,133.33333333333334,193.0,43.30516443202706,30.17935740909607,2.1518874220696333,0.46470832523302924,144.12997273784924,134.47592422163956,124.98808800291722,data/tiles/train/H516/H516__Samsung_A52_H516_01__x596_y472__t256.png
20.134157180786133,10.253064155578613,10.023350715637207,8.931440353393555,6.755213260650635,0.1392720341682434,86.0,144.0,198.33333333333334,41.44875523057844,29.166542308183594,1.8133990185823532,0.5514506127734436,153.74568591368356,143.6602722127704,133.80089233012743,data/tiles/train/H516/H516__Samsung_A52_H516_01__x852_y472__t256.png
18.684114456176758,10.131443977355957,10.12974739074707,9.411500930786133,6.800891876220703,0.12901420891284943,94.33333333333333,153.66666666666666,209.0,41.81990355960701,27.262297945188614,1.6284385030719826,0.6140852099195278,162.4807021804368,152.6634807195268,143.18114798175162,data/tiles/train/H516/H516__Samsung_A52_H516_01__x1108_y472__t256.png
12.422113418579102,7.65115213394165,7.754436016082764,6.671829700469971,5.023982048034668,0.13182924687862396,133.0,175.0,213.33333333333334,29.71133540994412,19.217280188100805,2.2056556905824474,0.4533799197534453,185.6241064612395,174.79948296203762,162.70834200846693,data/tiles/train/H516/H516__Samsung_A52_H516_01__x84_y728__t256.png
16.908784866333008,9.552729606628418,9.681707382202148,9.036646842956543,7.09961462020874,0.1239662915468216,100.0,157.33333333333334,208.33333333333334,39.47339639507024,24.52195738345206,1.7720907173414815,0.5643051962374792,165.36131975644872,155.8356375873853,146.27099415407568,data/tiles/train/H516/H516__Samsung_A52_H516_01__x340_y728__t256.png
18.587631225585938,10.001176834106445,10.428146362304688,10.245755195617676,7.722909927368164,0.12191752344369888,83.66666666666667,142.33333333333334,199.66666666666666,42.19286228171829,26.317177168204513,2.024244262594523,0.4940115274024666,150.97010157131695,142.21312613942183,133.91981942876987,data/tiles/train/H516/H516__Samsung_A52_H516_01__x596_y728__t256.png
18.62225341796875,10.10517692565918,10.29065990447998,9.317173957824707,6.739755153656006,0.12691904604434967,90.0,147.66666666666666,201.33333333333334,41.12333878018397,26.73339065673103,2.0995515286308426,0.4762921921007192,156.4552473151859,146.9715470428009,138.14262912264266,data/tiles/train/H516/H516__Samsung_A52_H516_01__x852_y728__t256.png
17.46151351928711,9.366214752197266,9.240992546081543,8.234601974487305,6.236677169799805,0.12230747193098068,107.0,162.33333333333334,209.33333333333334,37.616723648684996,25.341053702213177,1.787670962659154,0.5593870577348885,170.25966592079928,160.00308754401485,150.87080883245739,data/tiles/train/H516/H516__Samsung_A52_H516_01__x1108_y728__t256.png
21.876527786254883,7.64877462387085,5.013613700866699,3.4607977867126465,1.9932540655136108,0.1597694456577301,115.0,159.0,198.0,30.781202086690502,32.26291548417828,2.2363649999217534,0.4471541989053613,170.56014019988896,157.89722723486952,145.3280816213215,data/tiles/train/H549/H549__Motorola_Edge_H549_01__x42_y14__t256.png
24.75921058654785,8.835538864135742,5.773528099060059,3.8781940937042236,2.1438326835632324,0.15983253717422485,102.66666666666667,153.0,196.33333333333334,34.62026104148595,36.53378793461313,1.9791420571437501,0.5052694405590955,163.7382064415314,151.17626530080736,139.52671238822813,data/tiles/train/H549/H549__Motorola_Edge_H549_01__x298_y14__t256.png
29.33702850341797,11.148487091064453,8.2533597946167,5.835074424743652,3.4104158878326416,0.1673411726951599,75.33333333333333,139.0,193.0,43.36355365912899,42.83199654510632,2.1738117425534575,0.460021436274585,148.71872938725915,135.99678875195278,125.81895504252734,data/tiles/train/H549/H549__Motorola_Edge_H549_01__x554_y14__t256.png
27.903112411499023,10.361331939697266,7.596357345581055,5.33935022354126,3.000257730484009,0.16626472771167755,83.0,142.33333333333334,193.0,40.60064281676724,40.987809949093005,1.9010871655432287,0.526014807803015,152.49222941881263,139.66530066505757,129.14310024483842,data/tiles/train/H549/H549__Motorola_Edge_H549_01__x810_y14__t256.png
22.064414978027344,8.676929473876953,6.138406276702881,3.9628653526306152,2.184588670730591,0.15383367240428925,106.0,154.33333333333334,194.33333333333334,32.62286594253436,33.01348513403846,2.0264040043476954,0.49348500982749616,164.5096700203305,152.07014891657545,141.04370188882518,data/tiles/train/H549/H549__Motorola_Edge_H549_01__x1066_y14__t256.png
21.123010635375977,7.839931488037109,5.487596035003662,3.7440788745880127,2.209320068359375,0.1571124643087387,116.33333333333333,162.33333333333334,200.33333333333334,31.15369348699698,31.416037523318145,2.0893507759007615,0.4786175741930551,173.1128710466508,160.65559237348415,147.88811783279263,data/tiles/train/H549/H549__Motorola_Edge_H549_01__x42_y270__t256.png
25.317834854125977,9.927872657775879,7.233353614807129,4.953347206115723,2.6159820556640625,0.16093474626541138,96.0,153.0,198.66666666666666,37.860252812611414,37.56411647062015,1.9426899682108387,0.5147501744300307,162.47138093914975,149.82453459294248,138.29938871908863,data/tiles/train/H549/H549__Motorola_Edge_H549_01__x298_y270__t256.png
29.331350326538086,10.714507102966309,7.680931091308594,5.583198547363281,3.7781269550323486,0.16350235044956207,80.5666666666669,144.66666666666666,196.66666666666666,42.722306925174,42.54678704325487,1.89160061230345,0.5286528210531053,153.78410984585474,140.93825510345786,130.60423899458408,data/tiles/train/H549/H549__Motorola_Edge_H549_01__x554_y270__t256.png
30.026029586791992,10.73803424835205,7.582358360290527,4.918295860290527,2.7735579013824463,0.16022787988185883,82.33333333333333,146.33333333333334,198.33333333333334,42.623197267380405,43.63678743356767,1.9062779041127875,0.5245824849789759,155.48861703973625,142.77039736248483,132.48323789692867,data/tiles/train/H549/H549__Motorola_Edge_H549_01__x810_y270__t256.png
23.11859130859375,8.290464401245117,5.483136177062988,3.55117130279541,1.9660248756408691,0.14847663044929504,111.33333333333333,160.0,199.33333333333334,32.498326653832905,33.91318470965544,2.115657524790916,0.47266629323610726,169.83881658858235,157.40987332986293,146.39722366822835,data/tiles/train/H549/H549__Motorola_Edge_H549_01__x1066_y270__t256.png
17.43895721435547,6.403066635131836,3.9881603717803955,2.5965492725372314,1.5147775411605835,0.18405357003211975,100.0,132.66666666666666,166.33333333333334,24.991558951162023,25.763554615780542,1.8361829585643794,0.5446080388317353,145.3180595797838,133.6836407169006,120.79034300883113,data/tiles/train/H549/H549__Motorola_Edge_H549_02__x37_y14__t256.png
21.72495460510254,7.501227378845215,4.736759185791016,2.8368020057678223,1.5272400379180908,0.18343670666217804,89.0,131.0,169.0,29.599592228326205,32.32528036655996,2.388166998390318,0.4187311861666391,142.22536826014453,130.42582684824902,118.3192572262368,data/tiles/train/H549/H549__Motorola_Edge_H549_02__x293_y14__t256.png
24.91802406311035,8.402079582214355,5.585761070251465,3.53987455368042,1.9191973209381104,0.18406617641448975,78.0,127.0,170.0,33.94150676123788,36.525546422853886,2.192887768423125,0.4560196898353289,137.32393999826584,125.36335732246597,114.19987860920835,data/tiles/train/H549/H549__Motorola_Edge_H549_02__x549_y14__t256.png
25.332124710083008,9.092058181762695,6.36759090423584,4.303728103637695,2.2862422466278076,0.1874941736459732,71.33333333333333,124.33333333333333,169.0,35.87283977056921,37.16812698343822,1.910844842157626,0.5233287276589408,134.19541884135873,122.25350696190459,111.2170935132042,data/tiles/train/H549/H549__Motorola_Edge_H549_02__x805_y14__t256.png
19.85887908935547,7.32467794418335,4.847827434539795,2.8299853801727295,1.4765582084655762,0.1787925809621811,93.0,133.33333333333334,168.0,27.935611550885707,29.853803586284542,2.2925062976196147,0.43620381808256453,143.8627750664328,132.06282022335307,120.25159351824513,data/tiles/train/H549/H549__Motorola_Edge_H549_02__x1061_y14__t256.png
17.76115608215332,6.663210868835449,4.683320045471191,3.1852786540985107,1.7888251543045044,0.17804156243801117,98.0,133.33333333333334,167.33333333333334,26.160609670086195,26.08137009147792,2.084603643210987,0.47970749895633175,145.11357172586017,133.90533088235293,121.35264636514984,data/tiles/train/H549/H549__Motorola_Edge_H549_02__x37_y270__t256.png
22.824527740478516,8.289984703063965,5.491983413696289,3.4978811740875244,1.838908314704895,0.18426139652729034,82.33333333333333,129.0,169.33333333333334,32.06419668705983,33.832883825276106,1.9931349080275558,0.5017221844705028,139.6004999826395,127.76203951251692,116.05105725495642,data/tiles/train/H549/H549__Motorola_Edge_H549_02__x293_y270__t256.png
27.0162410736084,9.054914474487305,6.002002716064453,3.865259885787964,2.210745096206665,0.18249724805355072,70.33333333333333,123.33333333333333,170.33333333333334,36.81341518971443,39.280325059511696,2.2618016546840414,0.442125417111207,133.3826213693306,121.60906756428497,111.11167019467675,data/tiles/train/H549/H549__Motorola_Edge_H549_02__x549_y270__t256.png
26.744674682617188,9.373014450073242,6.473820209503174,4.147758960723877,2.131601333618164,0.1853507161140442,69.33333333333333,124.33333333333333,170.33333333333334,37.296116239807006,39.08097495779717,2.1476721108998365,0.4656204245167656,133.99108320033307,122.06982513357852,111.29454930261606,data/tiles/train/H549/H549__Motorola_Edge_H549_02__x805_y270__t256.png
20.32765769958496,7.1569437980651855,4.543997764587402,2.761357545852661,1.5235399007797241,0.17917698621749878,93.0,133.0,168.33333333333334,28.022889161233387,29.94627588517492,2.055597902348078,0.4864764645156114,143.97100946098428,132.01095391025083,120.30264733964066,data/tiles/train/H549/H549__Motorola_Edge_H549_02__x1061_y270__t256.png
11.533639907836914,5.27535343170166,3.967578172683716,2.727134943008423,1.4596651792526245,0.161978617310524,120.0,146.33333333333334,169.0,18.417324065293535,17.740611207429254,1.8800047312237584,0.5319135549989102,157.3304420379287,145.9760468633211,133.73340402231918,data/tiles/train/H549/H549__Motorola_Edge_H549_03__x129_y15__t256.png
17.470640182495117,6.921207427978516,4.809420108795166,3.02449107170105,1.5904322862625122,0.1631174236536026,102.33333333333333,138.0,170.66666666666666,25.385225266032855,26.211386329781757,2.115466981046007,0.47270886710108,148.85694714206437,137.76612791342953,126.39986820199778,data/tiles/train/H549/H549__Motorola_Edge_H549_03__x385_y15__t256.png
21.045236587524414,7.398458480834961,4.881165981292725,3.199010133743286,1.7332592010498047,0.1651282012462616,94.33333333333333,136.0,172.0,28.969479488143858,30.55923116291265,1.5358447722055697,0.651107467432361,145.9815923246413,134.99779663075347,123.70657020420201,data/tiles/train/H549/H549__Motorola_Edge_H549_03__x641_y15__t256.png
18.573753356933594,6.741971969604492,4.6283464431762695,3.132276773452759,1.5865757465362549,0.1660977303981781,99.66666666666667,137.0,169.33333333333334,26.036807924602126,27.26180002663314,2.1842245759297483,0.45782838038727536,147.22804367828064,136.36984184851482,124.62633890595976,data/tiles/train/H549/H549__Motorola_Edge_H549_03__x897_y15__t256.png
17.349143981933594,6.7294511795043945,4.581601619720459,2.978487253189087,1.6888655424118042,0.16160251200199127,104.0,139.33333333333334,171.66666666666666,25.20939155945128,25.99000121374028,1.4190154322538333,0.7047139708774641,149.98329426065817,139.54425631674914,127.51808630719806,data/tiles/train/H549/H549__Motorola_Edge_H549_03__x1153_y15__t256.png
14.977694511413574,6.101977825164795,4.260552883148193,2.848090171813965,1.5265146493911743,0.17022836208343506,106.33333333333333,137.0,165.66666666666666,22.199600296710194,22.51523501487421,2.6040839061075864,0.3840122039288413,148.16057925771764,136.99653139091225,124.89318418314257,data/tiles/train/H549/H549__Motorola_Edge_H549_03__x129_y271__t256.png
24.033889770507812,9.029961585998535,6.458377838134766,4.487191677093506,3.116894483566284,0.17686894536018372,71.66666666666667,122.0,167.0,35.21972424452632,35.427008122629466,1.9019226793478132,0.5257837297270724,131.70723284628465,121.0898032138271,110.30035053621629,data/tiles/train/H549/H549__Motorola_Edge_H549_03__x385_y271__t256.png
28.037195205688477,10.084524154663086,7.138528823852539,4.630639553070068,2.4598135948181152,0.17214158177375793,64.0,120.66666666666667,171.66666666666666,39.65053493976292,40.829663055291604,2.3292906560659437,0.4293152498576328,129.8620665729996,119.34677629182495,109.291148462299,data/tiles/train/H549/H549__Motorola_Edge_H549_03__x641_y271__t256.png
25.586029052734375,9.578986167907715,6.59298038482666,4.157193183898926,2.2315287590026855,0.17233723402023315,69.33333333333333,123.0,169.0,36.642936128710836,37.86378058119276,2.36547762518459,0.4227476046922934,131.7611942887875,121.38951440814698,110.85085269166045,data/tiles/train/H549/H549__Motorola_Edge_H549_03__x897_y271__t256.png
20.07339859008789,7.61871862411499,4.796065330505371,3.0488126277923584,1.7780165672302246,0.1679602861404419,89.0,131.33333333333334,167.33333333333334,29.05444277917791,29.76622255070676,2.0373840075553145,0.49082548812185584,140.72768500981738,130.31532032458168,118.896248544769,data/tiles/train/H549/H549__Motorola_Edge_H549_03__x1153_y271__t256.png
5.5725321769714355,3.6671550273895264,3.478698968887329,2.7127487659454346,1.6442575454711914,0.23262880742549896,161.66666666666666,178.33333333333334,195.66666666666666,12.702793577270112,9.232840829535066,1.8685282602155824,0.535180559637147,198.53942674161604,180.23426323941456,156.99439619916117,data/tiles/train/H549/H549__Samsung_A52_H549_01__x91_y215__t256.png
8.334239959716797,4.845180034637451,4.360389232635498,3.1397719383239746,1.868453860282898,0.24577836692333221,142.66666666666666,165.0,187.0,16.4764190755913,13.134549004399858,2.0406128700165245,0.4900488547795458,184.70948176983768,166.5201418094609,144.12684647735568,data/tiles/train/H549/H549__Samsung_A52_H549_01__x347_y215__t256.png
11.873714447021484,5.261038780212402,4.30746603012085,3.109494924545288,1.8816670179367065,0.2642148733139038,132.0,157.33333333333334,182.66666666666666,18.95539776434328,17.196762699962168,1.854530851838549,0.5392199320969062,177.53568393485838,159.13706446521792,135.9141851228776,data/tiles/train/H549/H549__Samsung_A52_H549_01__x603_y215__t256.png
11.655842781066895,5.237362384796143,4.344126224517822,3.144880533218384,1.7384165525436401,0.26462024450302124,131.0,157.33333333333334,183.0,19.305327796079357,17.119421198760442,1.6565070637441976,0.6036798887773549,177.41823037702474,159.14182650619125,135.75670285456627,data/tiles/train/H549/H549__Samsung_A52_H549_01__x859_y215__t256.png
10.81571102142334,5.142172336578369,4.174012184143066,2.8118669986724854,1.740355134010315,0.24508154392242432,142.66666666666666,167.66666666666666,192.66666666666666,18.609494108271594,16.430388134033603,1.705818929624629,0.5862286920570481,187.70930091396264,169.71731326199685,146.53845753628968,data/tiles/train/H549/H549__Samsung_A52_H549_01__x1115_y215__t256.png
7.708141803741455,4.654819965362549,4.107078552246094,3.1590147018432617,1.8097881078720093,0.24957987666130066,145.66666666666666,167.33333333333334,188.0,15.733824199848291,12.478094674846078,1.5951696149232537,0.626892582860608,187.1866153205662,168.5165140160977,145.49065015265057,data/tiles/train/H549/H549__Samsung_A52_H549_01__x91_y471__t256.png
14.300813674926758,6.765865325927734,5.7140398025512695,4.1752424240112305,2.9404237270355225,0.28188997507095337,109.66666666666667,143.0,177.66666666666666,25.050676404450858,21.671071522053214,1.8584040798909067,0.5380961066651891,163.08438525515254,144.5215564391506,122.65558314378484,data/tiles/train/H549/H549__Samsung_A52_H549_01__x347_y471__t256.png
19.027273178100586,7.757816314697266,6.387996196746826,4.509359836578369,2.4603562355041504,0.2918430268764496,94.66666666666667,133.66666666666666,175.0,29.513047626201683,27.730076930442518,1.8615847541382393,0.5371767241738707,153.84760253186508,135.36304517471604,114.56764068325674,data/tiles/train/H549/H549__Samsung_A52_H549_01__x603_y471__t256.png
18.25092124938965,7.533792972564697,5.959249019622803,3.9750306606292725,1.9652843475341797,0.28630414605140686,99.66666666666667,137.33333333333334,175.66666666666666,28.03995181332439,27.054373223130476,1.7576996273753465,0.5689254207177776,157.04689643198193,138.89544231270077,117.5822901293515,data/tiles/train/H549/H549__Samsung_A52_H549_01__x859_y471__t256.png
15.764731407165527,6.142184257507324,4.473650932312012,3.1434946060180664,2.030247926712036,0.25801098346710205,121.66666666666667,156.33333333333334,188.0,24.656055554650557,23.13743826880111,1.7635135445830499,0.5670497984388498,175.19548167684619,156.9462624930594,135.01802817878956,data/tiles/train/H549/H549__Samsung_A52_H549_01__x1115_y471__t256.png
8.334196090698242,4.558697700500488,3.882009267807007,2.8490915298461914,1.7089053392410278,0.24693481624126434,148.66666666666666,171.33333333333334,191.33333333333334,15.763222162054962,13.106049710838176,1.7543073161241127,0.5700255541368628,191.14425551150984,172.39658529800403,148.95952430628,data/tiles/train/H549/H549__Samsung_A52_H549_01__x91_y727__t256.png
14.001343727111816,6.605499744415283,5.569855213165283,3.9837522506713867,2.29103684425354,0.2648961842060089,118.66666666666667,154.0,185.0,24.547670526452567,21.0175318052245,2.0521069623948165,0.4873040335251318,172.87379701399365,153.9527822573653,132.3307843035253,data/tiles/train/H549/H549__Samsung_A52_H549_01__x347_y727__t256.png
16.401954650878906,6.939757823944092,5.653507709503174,3.839416265487671,1.9415013790130615,0.2680630087852478,109.33333333333333,147.0,181.0,26.354408453194267,24.12385606553928,1.9306030059518975,0.5179728804508635,165.42468960255255,147.02980855933967,126.22662481792328,data/tiles/train/H549/H549__Samsung_A52_H549_01__x603_y727__t256.png
15.948155403137207,6.592300891876221,5.276780128479004,3.7723276615142822,2.3267436027526855,0.26315736770629883,113.33333333333333,147.66666666666666,181.33333333333334,25.227818445430938,23.555691103643777,1.7438485238089008,0.5734443022699056,166.77039400665927,148.4322280799112,127.9016717536071,data/tiles/train/H549/H549__Samsung_A52_H549_01__x859_y727__t256.png
14.787311553955078,6.068657875061035,4.565893173217773,3.031980514526367,1.9196842908859253,0.2378484010696411,128.66666666666666,163.33333333333334,192.33333333333334,23.537108340468627,21.662763351496096,2.054618512907612,0.4867083566695021,181.09515303910518,162.9512355848435,142.5188936096419,data/tiles/train/H549/H549__Samsung_A52_H549_01__x1115_y727__t256.png
7.9229044914245605,4.702691078186035,4.398261547088623,3.1984925270080566,1.8909366130828857,0.19699537754058838,150.0,172.0,192.66666666666666,16.069018165700182,12.828235792987144,1.8565423521752018,0.5386357056860882,188.55093952615204,172.83470945088564,154.66444749604548,data/tiles/train/H549/H549__Samsung_A52_H549_02__x85_y225__t256.png
11.29119873046875,6.235700607299805,5.91966438293457,4.611443996429443,2.553102731704712,0.209549218416214,124.66666666666667,156.0,185.66666666666666,22.362556676256855,17.847438656559138,2.0654040634686552,0.4841667631468646,171.60072248562844,156.59865575991248,138.9692248910193,data/tiles/train/H549/H549__Samsung_A52_H549_02__x341_y225__t256.png
15.233657836914062,6.932736396789551,6.125549793243408,4.651688575744629,2.87190318107605,0.22320671379566193,111.0,147.33333333333334,181.0,25.818230289071796,22.393560001479013,1.951501220264811,0.5124260182959578,162.86034159550093,148.0145976532667,130.05424217176977,data/tiles/train/H549/H549__Samsung_A52_H549_02__x597_y225__t256.png
15.144318580627441,6.983620643615723,6.170247554779053,4.690564155578613,2.9934213161468506,0.23123610019683838,109.33333333333333,146.33333333333334,180.66666666666666,26.3151488755638,22.431321655181442,1.6061436901603348,0.6226093008528858,162.07584196554058,146.88399007513055,128.36723752017073,data/tiles/train/H549/H549__Samsung_A52_H549_02__x853_y225__t256.png
13.051475524902344,6.284364700317383,5.423360347747803,4.026001453399658,2.3065474033355713,0.20865942537784576,128.66666666666666,160.66666666666666,191.0,23.005921065339408,19.989444992164,1.7072179416640068,0.5857482958650908,176.7841232391923,161.6288598986885,143.28080979807092,data/tiles/train/H549/H549__Samsung_A52_H549_02__x1109_y225__t256.png
9.207454681396484,5.622073650360107,5.2526326179504395,4.028676986694336,2.325470209121704,0.2095336765050888,132.0,160.66666666666666,185.0,19.551684401052217,14.879092965440769,1.535489374523031,0.6512581699307624,175.97596262396442,160.4698924917936,142.5226218802647,data/tiles/train/H549/H549__Samsung_A52_H549_02__x85_y481__t256.png
16.478450775146484,7.976991176605225,7.322442054748535,6.041470050811768,3.8975677490234375,0.23559699952602386,91.33333333333333,134.66666666666666,174.66666666666666,30.585723462333952,24.67659838630759,1.8118543028491876,0.5519207578818419,149.4107632501475,134.55914407691506,117.85455208080248,data/tiles/train/H549/H549__Samsung_A52_H549_02__x341_y481__t256.png
20.749252319335938,9.268682479858398,8.211164474487305,6.030361652374268,3.2510814666748047,0.2449713796377182,74.66666666666667,123.33333333333333,169.66666666666666,34.96845222048698,30.398326977472895,1.7689547357595017,0.5653055896710943,138.01113887153863,123.4808453050177,107.85160316468874,data/tiles/train/H549/H549__Samsung_A52_H549_02__x597_y481__t256.png
18.916501998901367,8.79175090789795,7.943890571594238,5.983423709869385,3.3774609565734863,0.24385960400104523,81.33333333333333,126.66666666666667,171.0,33.1379189615816,28.08603332369002,2.25474280454117,0.44350956480976356,141.9943919716647,127.2561809847906,111.07873810681298,data/tiles/train/H549/H549__Samsung_A52_H549_02__x853_y481__t256.png
17.4025936126709,8.189963340759277,7.141444683074951,5.529999732971191,3.0030956268310547,0.2182847410440445,100.33333333333333,145.66666666666666,183.66666666666666,30.64170936845912,26.19467578550791,1.8249099236338198,0.5479722516981921,159.59017047326708,144.63891923763939,128.13100254929503,data/tiles/train/H549/H549__Samsung_A52_H549_02__x1109_y481__t256.png
9.727602005004883,5.338734149932861,4.619279861450195,3.408428192138672,1.8664575815200806,0.19908441603183746,138.66666666666666,165.0,189.0,18.632396583329268,15.472704533167475,1.8328211763847748,0.5456069653082534,180.52284211074647,165.21350558246948,147.77284645170252,data/tiles/train/H549/H549__Samsung_A52_H549_02__x85_y737__t256.png
15.465353965759277,7.333607196807861,6.226640701293945,4.824097156524658,3.1636807918548584,0.21704615652561188,106.0,147.0,181.66666666666666,27.61978509349441,23.295706295217038,2.061567826360172,0.4850677174980767,161.18211328484387,145.9747079347996,129.58444286284652,data/tiles/train/H549/H549__Samsung_A52_H549_02__x341_y737__t256.png
17.415451049804688,7.605527400970459,6.600356101989746,5.140763759613037,2.7169764041900635,0.2289910614490509,96.33333333333333,137.66666666666666,175.33333333333334,29.134316557913913,25.75728860826992,1.7652777641955169,0.56648308854427,152.43901846874186,137.12196306251624,121.09360964189716,data/tiles/train/H549/H549__Samsung_A52_H549_02__x597_y737__t256.png
17.5843505859375,7.939428806304932,6.795937538146973,4.808204650878906,2.3686158657073975,0.22330668568611145,98.0,141.0,177.33333333333334,29.38430059963155,26.193705999312385,1.925682739267954,0.5192963407773747,154.98744900616265,139.58923704539538,123.84223591702109,data/tiles/train/H549/H549__Samsung_A52_H549_02__x853_y737__t256.png
16.683490753173828,7.442199230194092,6.12615442276001,4.487566947937012,2.552427291870117,0.20218604803085327,111.33333333333333,154.0,188.0,28.235072126133634,24.810154183181076,1.9362982728922116,0.5164493580352779,167.25210419450568,152.04827933290525,136.53119414122833,data/tiles/train/H549/H549__Samsung_A52_H549_02__x1109_y737__t256.png
8.134668350219727,5.074342250823975,6.072841167449951,7.002346515655518,7.030054569244385,0.09066760540008545,93.66666666666667,146.33333333333334,173.33333333333334,29.102422060818995,10.47306850633565,2.0439095517011623,0.48925844060354434,146.33307901718368,140.74425621196096,133.80692202320057,data/tiles/train/H615/H615__Motorola_Edge_H615_01__x54_y19__t256.png
10.149662971496582,6.604252815246582,7.8806962966918945,8.296503067016602,7.7653937339782715,0.0966300293803215,78.66666666666667,136.0,169.0,33.19880330559931,13.876604455742516,2.040403344849703,0.4900991769711397,136.3408123186013,129.80630528858688,123.79546047028971,data/tiles/train/H615/H615__Motorola_Edge_H615_01__x310_y19__t256.png
12.54118537902832,7.341784477233887,8.618375778198242,9.104578971862793,7.988493919372559,0.09611114114522934,70.33333333333333,139.66666666666666,167.33333333333334,36.013013887326466,16.8092105381464,2.1907289856795686,0.4564690596312158,134.98382141059247,128.3189022167445,122.6249414133699,data/tiles/train/H615/H615__Motorola_Edge_H615_01__x566_y19__t256.png
13.052666664123535,7.61962366104126,8.551660537719727,9.244991302490234,8.364839553833008,0.09487598389387131,65.0,133.33333333333334,167.66666666666666,37.98727868173496,17.40044209608926,1.739418822246998,0.574904667702854,130.47538875857876,124.30721918165233,118.72666145426115,data/tiles/train/H615/H615__Motorola_Edge_H615_01__x822_y19__t256.png
9.973596572875977,6.431817531585693,7.6637396812438965,8.208573341369629,7.247962951660156,0.10205734521150589,82.66666666666667,139.33333333333334,169.33333333333334,31.8120273508587,13.704989169952853,1.9669065176858989,0.5084125712169169,139.68311679300595,132.6209127651824,126.13556176169578,data/tiles/train/H615/H615__Motorola_Edge_H615_01__x1078_y19__t256.png
8.822831153869629,5.437474250793457,6.429193019866943,6.738183498382568,5.96558952331543,0.0931439995765686,103.0,146.0,176.0,26.77437886130175,12.252779073911684,1.4795252679097446,0.6758924782763513,149.3620133250052,143.22539732111875,136.05716913040462,data/tiles/train/H615/H615__Motorola_Edge_H615_01__x54_y275__t256.png
10.806567192077637,7.068968772888184,8.403265953063965,8.778754234313965,7.9365034103393555,0.0991334319114685,77.66666666666667,138.33333333333334,172.33333333333334,34.64978934662087,14.65475637933948,1.697642101370065,0.5890523091957722,138.27505993537403,131.58231124700322,125.23466870504846,data/tiles/train/H615/H615__Motorola_Edge_H615_01__x310_y275__t256.png
16.82563018798828,8.912252426147461,9.17885971069336,9.522199630737305,8.350300788879395,0.1051759421825409,61.333333333333336,134.33333333333334,169.66666666666666,40.17352849213528,22.748223700396178,1.8115701496106444,0.5520073292303515,131.39534117320568,124.00301800395462,118.3070385402574,data/tiles/train/H615/H615__Motorola_Edge_H615_01__x566_y275__t256.png
14.638215065002441,8.100759506225586,8.958294868469238,9.613704681396484,8.216501235961914,0.09407612681388855,68.33333333333333,140.33333333333334,174.33333333333334,39.092572514194046,19.280743838617912,1.802141490002691,0.5548953872642413,136.56696893892016,130.1937148217636,124.32690570495448,data/tiles/train/H615/H615__Motorola_Edge_H615_01__x822_y275__t256.png
8.817736625671387,5.736079692840576,7.061033248901367,8.19606876373291,8.205230712890625,0.09425461292266846,84.66666666666667,141.66666666666666,172.0,31.80673483593718,11.587609073681485,1.679203453874638,0.5955204520885029,141.13351148747137,134.46781078642326,128.4425452904838,data/tiles/train/H615/H615__Motorola_Edge_H615_01__x1078_y275__t256.png
11.507467269897461,6.91764497756958,7.842227458953857,9.078811645507812,9.229945182800293,0.08956049382686615,91.66666666666667,159.33333333333334,193.33333333333334,37.5474752148654,15.01127158050695,2.1749603483839937,0.4597784969932923,157.09706193707373,151.0062301511549,143.77278170175103,data/tiles/train/H615/H615__Motorola_Edge_H615_02__x40_y17__t256.png
10.44398021697998,6.864466667175293,7.916193962097168,9.16816520690918,9.782708168029785,0.08920812606811523,78.66666666666667,145.66666666666666,182.33333333333334,37.85379413782254,13.856627509763529,1.9442691249221518,0.514332088691703,144.42198489189894,138.4427889207259,132.13803941998785,data/tiles/train/H615/H615__Motorola_Edge_H615_02__x296_y17__t256.png
14.813830375671387,8.972976684570312,9.54259967803955,9.484563827514648,8.406596183776855,0.08845286071300507,74.66666666666667,144.66666666666666,183.0,40.29635814390694,20.616528783990532,2.124478893845127,0.4707036642713285,142.82930046866863,136.74120812358964,130.83287623676446,data/tiles/train/H615/H615__Motorola_Edge_H615_02__x552_y17__t256.png
13.882081031799316,8.123758316040039,8.445544242858887,8.726893424987793,7.816501617431641,0.08058416098356247,81.0,150.33333333333334,185.33333333333334,38.381272388861625,18.577377184570192,1.8694921170050753,0.5349046358119974,147.3898499175848,141.66147306324282,136.04728029842977,data/tiles/train/H615/H615__Motorola_Edge_H615_02__x808_y17__t256.png
10.032697677612305,7.07902193069458,8.487369537353516,9.160325050354004,7.710651397705078,0.07434128224849701,89.66666666666667,154.0,183.66666666666666,34.92659749712844,13.83289213664298,2.2296195902928466,0.44850700287785694,149.98315347513793,144.70960130469481,139.36836809049586,data/tiles/train/H615/H615__Motorola_Edge_H615_02__x1064_y17__t256.png
8.785135269165039,6.1467156410217285,7.165437698364258,7.3939595222473145,7.105746746063232,0.09774807095527649,105.0,159.33333333333334,189.33333333333334,31.137729858924132,12.609594328921538,2.074211139965423,0.4821109966734968,160.71183970856103,153.99819585393357,145.79658253100877,data/tiles/train/H615/H615__Motorola_Edge_H615_02__x40_y273__t256.png
9.66600227355957,7.038745880126953,8.748666763305664,9.797869682312012,9.689959526062012,0.08789094537496567,74.0,146.33333333333334,179.66666666666666,38.99736372029868,12.852973148185379,1.98559577280526,0.5036271801622516,141.8063385778965,135.91761930369316,130.01056429649418,data/tiles/train/H615/H615__Motorola_Edge_H615_02__x296_y273__t256.png
12.56148624420166,8.277454376220703,9.608138084411621,9.91608715057373,8.768680572509766,0.08511517941951752,66.33333333333333,137.0,177.0,41.21385182385974,17.32151285900314,1.918064191865743,0.5213589848769754,134.77550382752696,129.18946692357096,124.04046242774567,data/tiles/train/H615/H615__Motorola_Edge_H615_02__x552_y273__t256.png
12.628602027893066,8.584620475769043,10.220483779907227,10.907928466796875,9.035305976867676,0.08606424927711487,69.66666666666667,143.33333333333334,180.33333333333334,40.79491806323837,17.5209644572893,1.7698858189220654,0.5650081995735984,139.59875494208225,133.61517652771033,128.20850384962196,data/tiles/train/H615/H615__Motorola_Edge_H615_02__x808_y273__t256.png
8.869898796081543,6.7865424156188965,8.596141815185547,9.867183685302734,9.120871543884277,0.07702415436506271,87.0,154.33333333333334,186.66666666666666,36.58974476960412,12.29062183328748,1.7835306649900222,0.5606856218564621,151.21143065414722,145.45746914973012,140.09707204470902,data/tiles/train/H615/H615__Motorola_Edge_H615_02__x1064_y273__t256.png
8.198097229003906,5.23779296875,5.910630702972412,6.023273944854736,5.653854846954346,0.13481655716896057,152.66666666666666,194.0,219.33333333333334,24.819953236039595,11.901207901014134,2.2260872999801107,0.449218680690975,202.45923946057587,190.56596143499314,176.8601280871965,data/tiles/train/H615/H615__Samsung_A52_H615_01__x87_y201__t256.png
10.024436950683594,6.8532209396362305,7.533405303955078,7.115263938903809,5.917877674102783,0.14257201552391052,128.0,176.33333333333334,205.0,28.44903780517753,15.309495324223494,2.1582864286933807,0.46333053236376814,183.1978902807176,171.87445782296402,158.77872237065824,data/tiles/train/H615/H615__Samsung_A52_H615_01__x343_y201__t256.png
12.228106498718262,6.794031620025635,7.22201681137085,7.131690979003906,6.259462833404541,0.145834818482399,121.33333333333333,173.33333333333334,204.66666666666666,30.84116558811258,16.921951990270713,1.9809652143288947,0.5048044219891953,180.0215143313207,168.98232007772918,155.49788326740233,data/tiles/train/H615/H615__Samsung_A52_H615_01__x599_y201__t256.png
13.24903678894043,7.582337379455566,8.372184753417969,8.586145401000977,7.7146687507629395,0.15169741213321686,109.0,170.33333333333334,203.33333333333334,34.80481139778396,18.44095473882818,1.964947213634913,0.5089195236701152,175.21421263460905,164.03391887908163,150.4575407078572,data/tiles/train/H615/H615__Samsung_A52_H615_01__x855_y201__t256.png
11.799198150634766,6.743196964263916,7.324821472167969,7.256056308746338,6.395891189575195,0.14376167953014374,131.66666666666666,183.33333333333334,215.0,30.6670137362497,16.763902620887244,1.8204586020801146,0.5493121342376959,190.6610840174248,179.33724986549575,165.02806365955675,data/tiles/train/H615/H615__Samsung_A52_H615_01__x1111_y201__t256.png
8.38904857635498,5.689915180206299,6.590979099273682,6.936856746673584,6.176092147827148,0.1521252691745758,133.33333333333334,183.33333333333334,210.33333333333334,28.315530795065005,12.101219667407868,1.9135934884163153,0.5225770290573037,190.3422120486942,178.27100891339785,163.3690562896681,data/tiles/train/H615/H615__Samsung_A52_H615_01__x87_y457__t256.png
12.6521577835083,7.529208183288574,8.847700119018555,10.186971664428711,9.15456485748291,0.17647376656532288,88.33333333333333,153.66666666666666,193.33333333333334,38.499427261700546,16.90430769405644,1.9360746761515677,0.5165090026319388,159.8775556249783,148.0634523933493,133.89052032351,data/tiles/train/H615/H615__Samsung_A52_H615_01__x343_y457__t256.png
15.468057632446289,8.231078147888184,8.962238311767578,9.42201042175293,8.604443550109863,0.17954479157924652,79.33333333333333,143.0,186.0,39.320150457669065,20.893161839639372,1.368099190452627,0.7309411532281928,149.60341143978738,138.24574872765803,124.9042920915044,data/tiles/train/H615/H615__Samsung_A52_H615_01__x599_y457__t256.png
14.898460388183594,8.160984992980957,9.405583381652832,10.293984413146973,8.721939086914062,0.17678244411945343,79.0,146.33333333333334,187.0,39.879827589605966,20.080058216619893,1.95264921519723,0.5121247545217658,151.6648401193036,140.316969549837,126.98631823541652,data/tiles/train/H615/H615__Samsung_A52_H615_01__x855_y457__t256.png
14.196560859680176,8.21203899383545,9.140116691589355,9.367009162902832,8.23587703704834,0.16393348574638367,94.0,158.66666666666666,199.33333333333334,38.565619892936006,19.61351636035814,1.8816198364563395,0.5314569822368067,164.71852173158672,153.2141060119719,139.71385442873253,data/tiles/train/H615/H615__Samsung_A52_H615_01__x1111_y457__t256.png
10.085000991821289,6.48417329788208,7.241140365600586,7.037792205810547,6.048985004425049,0.15058016777038574,132.66666666666666,183.0,210.66666666666666,28.772370129659574,14.66797916561195,1.5442163228177175,0.6475776646210482,190.41508125075873,178.56865125474758,163.67967950607863,data/tiles/train/H615/H615__Samsung_A52_H615_01__x87_y713__t256.png
12.93231201171875,7.650495529174805,8.5341796875,9.042064666748047,7.455143928527832,0.16425013542175293,102.0,164.66666666666666,200.0,35.99489609648358,17.840796835652558,1.5903558122256642,0.6287901061590263,170.06053348605542,158.26589264330713,144.19371409729092,data/tiles/train/H615/H615__Samsung_A52_H615_01__x343_y713__t256.png
13.466734886169434,7.583409786224365,8.66184139251709,9.493915557861328,8.816640853881836,0.16737577319145203,89.66666666666667,157.33333333333334,194.0,38.280951904000865,17.917574100094278,2.0733274022342734,0.48231649228306783,161.19818709083648,150.09028079253997,136.23486203483426,data/tiles/train/H615/H615__Samsung_A52_H615_01__x599_y713__t256.png
13.984959602355957,7.745182037353516,8.614437103271484,8.834238052368164,7.550688743591309,0.16728828847408295,95.0,157.66666666666666,193.33333333333334,36.12614171818508,19.2434960313749,1.9241259829419255,0.5197164888709797,162.89300911854104,151.56654798089448,137.68257056013894,data/tiles/train/H615/H615__Samsung_A52_H615_01__x855_y713__t256.png
12.650596618652344,7.240767478942871,8.195558547973633,8.634714126586914,8.220727920532227,0.15146726369857788,108.0,170.0,205.66666666666666,35.591863713185475,17.02242606425066,2.0302489000707498,0.4925504453986662,175.16737258714068,163.8304402166366,150.46481391473407,data/tiles/train/H615/H615__Samsung_A52_H615_01__x1111_y713__t256.png
7.211799144744873,5.028258800506592,5.909788131713867,6.122305393218994,5.860833644866943,0.13672061264514923,151.66666666666666,193.66666666666666,219.0,24.978124724315222,10.506141530399516,1.6998658710952894,0.5882817091654774,202.04930347136687,190.36443280190136,176.1415089429766,data/tiles/train/H615/H615__Samsung_A52_H615_02__x87_y198__t256.png
8.757184028625488,6.492345333099365,7.465940952301025,7.1107072830200195,6.522078990936279,0.15089939534664154,124.0,174.0,203.0,28.995949064568563,13.38590801763904,1.9040224062889093,0.5252039034294136,180.80043365134432,169.32492627927147,155.37451864700782,data/tiles/train/H615/H615__Samsung_A52_H615_02__x343_y198__t256.png
10.341196060180664,6.5731024742126465,7.410829544067383,7.534514904022217,6.578200817108154,0.1507897526025772,114.66666666666667,173.33333333333334,207.33333333333334,33.934555021213654,14.269591289984216,2.0156973016443462,0.4961062353877388,178.7512670091641,167.70666134407108,153.61876909191892,data/tiles/train/H615/H615__Samsung_A52_H615_02__x599_y198__t256.png
11.639937400817871,7.242404460906982,7.9760518074035645,7.975311279296875,7.390053749084473,0.1605391800403595,112.66666666666667,168.0,201.66666666666666,32.82212145282356,16.663244194467868,1.9153396319523956,0.522100615116836,175.27057291666668,163.67850694444445,149.15350694444444,data/tiles/train/H615/H615__Samsung_A52_H615_02__x855_y198__t256.png
9.943608283996582,6.1235480308532715,6.696832656860352,6.675714492797852,6.052923679351807,0.14444494247436523,135.0,182.33333333333334,212.66666666666666,28.66628995157077,14.468665304816623,2.0668894198375414,0.48381881991471054,190.42813269944824,179.20932088697643,164.70373390706874,data/tiles/train/H615/H615__Samsung_A52_H615_02__x1111_y198__t256.png
8.122037887573242,5.814212322235107,7.043712615966797,7.563814163208008,7.170286178588867,0.1523878127336502,128.66666666666666,182.0,211.0,30.446112915924346,11.554645950775054,1.5699951197838797,0.6369446550494098,188.88470877996323,176.8350504735144,162.0750164776078,data/tiles/train/H615/H615__Samsung_A52_H615_02__x87_y454__t256.png
11.772164344787598,7.36790657043457,8.987030029296875,10.374300003051758,9.579121589660645,0.17592020332813263,88.0,153.0,194.0,38.577866486370496,15.823701512464488,1.6447051145251432,0.6080117287704297,159.52669675403575,147.81090088526298,133.67095990279466,data/tiles/train/H615/H615__Samsung_A52_H615_02__x343_y454__t256.png
15.136494636535645,8.536089897155762,9.791153907775879,10.046788215637207,8.210139274597168,0.1881796419620514,72.0,135.0,181.0,40.024716510703456,20.940262093356605,1.9641048092373516,0.509137799213624,142.54223348139922,130.99297265408106,117.98542476402,data/tiles/train/H615/H615__Samsung_A52_H615_02__x599_y454__t256.png
14.103236198425293,7.828630447387695,8.89864444732666,9.740301132202148,9.353382110595703,0.18402236700057983,74.66666666666667,142.33333333333334,185.33333333333334,41.14410481291823,18.854601671120367,1.6293722158495314,0.6137333080020726,148.17719301288835,136.6376693437874,123.15514579611094,data/tiles/train/H615/H615__Samsung_A52_H615_02__x855_y454__t256.png
12.17448902130127,7.216835021972656,8.252297401428223,9.118268966674805,9.052791595458984,0.17472536861896515,92.66666666666667,154.33333333333334,195.33333333333334,37.698849960236444,16.547357813789134,1.6051354985490571,0.6230003640838658,161.73863104016655,149.88269280818946,135.68874815650213,data/tiles/train/H615/H615__Samsung_A52_H615_02__x1111_y454__t256.png
8.791945457458496,6.079496383666992,7.010324001312256,7.113095760345459,5.775025367736816,0.14693474769592285,135.33333333333334,182.33333333333334,212.0,28.21497956336063,12.785181321346725,1.5708055831823642,0.63661602091715,191.01681620186383,179.25559238498516,164.81144681811082,data/tiles/train/H615/H615__Samsung_A52_H615_02__x87_y710__t256.png
12.178025245666504,7.30277156829834,7.876975059509277,8.107800483703613,6.917459487915039,0.16061300039291382,108.66666666666667,164.33333333333334,200.0,33.38569385511775,17.191296758394383,1.829412478064536,0.5466235810624678,171.65293168929816,159.74213967362087,146.09045661862893,data/tiles/train/H615/H615__Samsung_A52_H615_02__x343_y710__t256.png
14.055010795593262,7.746098041534424,8.207725524902344,8.647101402282715,7.977444171905518,0.17029953002929688,95.0,156.66666666666666,194.33333333333334,36.335165279125,19.162952416007325,1.5811493584824035,0.6324513207024325,163.09016805702493,151.13888551657158,137.4528174265943,data/tiles/train/H615/H615__Samsung_A52_H615_02__x599_y710__t256.png
13.659733772277832,7.558155536651611,8.16047191619873,8.604981422424316,7.966028213500977,0.17300985753536224,91.33333333333333,152.0,193.0,37.457589420424384,18.545932668254462,1.9122191438016813,0.5229526141088101,159.43963095279386,147.41627068086436,134.01872983940896,data/tiles/train/H615/H615__Samsung_A52_H615_02__x855_y710__t256.png
11.6102933883667,6.7905497550964355,7.824982166290283,9.163129806518555,9.144227981567383,0.1611652821302414,102.33333333333333,161.66666666666666,204.0,36.93885337839133,15.69500956370541,1.8518816579309827,0.5399913086872146,169.52912907702984,157.84790076335878,144.20326162387232,data/tiles/train/H615/H615__Samsung_A52_H615_02__x1111_y710__t256.png
7.137692451477051,5.057772159576416,6.0241379737854,6.412747859954834,6.015195846557617,0.12919603288173676,151.0,194.66666666666666,219.33333333333334,25.282159807760333,10.43421786929844,1.861964324545533,0.5370672181079943,201.7232842967178,190.67268059121506,177.19495524252306,data/tiles/train/H615/H615__Samsung_A52_H615_03__x59_y199__t256.png
8.323362350463867,6.262135028839111,7.647243976593018,8.139119148254395,7.045686721801758,0.14545610547065735,122.33333333333333,173.66666666666666,204.33333333333334,30.035166271144227,12.558505746846917,1.956248948276158,0.5111823834493037,180.57272474931474,169.52170292495055,156.03490510391728,data/tiles/train/H615/H615__Samsung_A52_H615_03__x315_y199__t256.png
9.855518341064453,6.2114996910095215,7.187684059143066,7.734848976135254,7.16746711730957,0.14847326278686523,118.33333333333333,172.33333333333334,202.66666666666666,31.090348508785336,13.812431638165117,2.1102830042470173,0.4738700913514754,178.01252298192668,167.18232906650016,153.34101710202242,data/tiles/train/H615/H615__Samsung_A52_H615_03__x571_y199__t256.png
11.90975284576416,6.978312015533447,7.858193874359131,8.075518608093262,7.288036346435547,0.15428593754768372,112.0,169.83333333333331,207.0,34.442110559195555,16.436806905315045,1.8502789098682522,0.5404590598026134,176.7745938628159,165.46891488475424,151.38938836434323,data/tiles/train/H615/H615__Samsung_A52_H615_03__x827_y199__t256.png
9.893253326416016,6.130503177642822,6.699065208435059,6.825982093811035,6.6743879318237305,0.1470625102519989,132.0,179.33333333333334,214.33333333333334,30.401489940852407,13.938977667460403,1.8706693310191673,0.5345680198088166,188.9083022468986,177.73087533616726,162.94973540383447,data/tiles/train/H615/H615__Samsung_A52_H615_03__x1083_y199__t256.png
7.717100620269775,5.6202497482299805,6.684897422790527,7.476325511932373,7.644528865814209,0.1440223753452301,127.33333333333333,179.33333333333334,212.66666666666666,31.46967745035565,11.067134121788285,1.6494152859044022,0.6062754532141268,186.8540452400777,175.47902789342214,161.69737024701638,data/tiles/train/H615/H615__Samsung_A52_H615_03__x59_y455__t256.png
10.86251449584961,6.920663356781006,8.068979263305664,8.964709281921387,8.626673698425293,0.17064091563224792,89.0,150.66666666666666,187.33333333333334,35.823873650351594,15.026664202577653,1.6116102176147042,0.6204974311220675,156.31846746753698,145.456825914867,131.66695021179083,data/tiles/train/H615/H615__Samsung_A52_H615_03__x315_y455__t256.png
14.011946678161621,7.608591556549072,8.809952735900879,9.575456619262695,8.889938354492188,0.17550872266292572,80.33333333333333,144.0,185.33333333333334,38.820404532800964,18.85129514655706,1.6446052754502396,0.6080486393467468,150.12518866778856,139.0000520462865,125.85043632136848,data/tiles/train/H615/H615__Samsung_A52_H615_03__x571_y455__t256.png
13.851420402526855,7.760195255279541,9.029864311218262,10.989165306091309,10.310652732849121,0.18828777968883514,73.33333333333333,139.33333333333334,185.0,40.929701612285484,18.393748740191246,1.6774373977806833,0.5961474337719189,146.44366319444444,134.78930555555556,121.1868576388889,data/tiles/train/H615/H615__Samsung_A52_H615_03__x827_y455__t256.png
12.660703659057617,7.384140491485596,8.54154109954834,9.439153671264648,9.502275466918945,0.18591362237930298,87.33333333333333,149.66666666666666,192.0,38.44533466039343,17.034289646165636,1.7484702877162461,0.5719285063208847,157.76046947704702,145.60129175637198,130.85297590110423,data/tiles/train/H615/H615__Samsung_A52_H615_03__x1083_y455__t256.png
8.323495864868164,5.52527379989624,6.303530693054199,7.096904754638672,6.92098331451416,0.1390913873910904,133.66666666666666,182.66666666666666,214.0,29.206883745228964,11.818543197529161,1.6816468673791094,0.5946551677395422,190.77363891876888,179.59403518512093,165.9112044137548,data/tiles/train/H615/H615__Samsung_A52_H615_03__x59_y711__t256.png
11.777750968933105,7.359518051147461,8.650041580200195,9.165838241577148,7.986316204071045,0.16628116369247437,96.33333333333333,154.33333333333334,193.66666666666666,35.53186411340821,16.440626831348563,2.079010590742103,0.4809980307233788,161.95612345807527,150.58578393101894,137.0392789604261,data/tiles/train/H615/H615__Samsung_A52_H615_03__x315_y711__t256.png
13.295707702636719,7.643538951873779,8.680753707885742,9.456513404846191,9.0696382522583,0.17797213792800903,86.0,146.66666666666666,190.0,38.29004146466323,18.03089844237934,2.0055136116354553,0.4986253866332627,154.41370399916755,142.8447330997884,129.12051264264161,data/tiles/train/H615/H615__Samsung_A52_H615_03__x571_y711__t256.png
12.902956008911133,7.48692512512207,8.300008773803711,8.724757194519043,8.007079124450684,0.17373709380626678,91.0,151.33333333333334,191.0,36.83440237031804,17.367569285456604,1.8767697748584928,0.5328304054104874,158.50753803716105,146.79205773668048,133.13309970333617,data/tiles/train/H615/H615__Samsung_A52_H615_03__x827_y711__t256.png
12.392871856689453,7.124786853790283,8.330798149108887,9.296416282653809,8.756692886352539,0.16556794941425323,101.0,162.0,202.33333333333334,37.02100393262788,16.597289296283957,1.8619004780311037,0.5370856347045283,169.3646615889099,157.39941357114353,143.42174297760118,data/tiles/train/H615/H615__Samsung_A52_H615_03__x1083_y711__t256.png
17.397817611694336,7.558257102966309,5.340270519256592,3.5566484928131104,2.0297632217407227,0.132437601685524,109.0,149.33333333333334,182.33333333333334,27.32838720881508,26.267543288278315,1.7154141929081754,0.582949589745833,157.71982310093654,147.8247311827957,138.13328130419703,data/tiles/train/H616/H616__Motorola_Edge_H616_01__x42_y15__t256.png
21.819507598876953,8.74255657196045,6.119475841522217,3.985243558883667,2.3118982315063477,0.1342068314552307,95.33333333333333,144.0,183.33333333333334,32.44158526965636,32.818054194849246,2.3111809830202796,0.43267922648497553,151.4800882266104,141.63042081314367,132.44332134979766,data/tiles/train/H616/H616__Motorola_Edge_H616_01__x298_y15__t256.png
26.567007064819336,10.162121772766113,7.282037258148193,5.520536422729492,3.1136980056762695,0.13542361557483673,77.80000000000018,139.0,184.33333333333334,39.34358973246861,39.0486118485897,1.8965217346399135,0.5272810649807116,144.592958112913,134.82540976498134,126.28221316451305,data/tiles/train/H616/H616__Motorola_Edge_H616_01__x554_y15__t256.png
27.138029098510742,10.231800079345703,7.556766510009766,5.247517108917236,2.7201340198516846,0.13433663547039032,79.0,141.0,186.33333333333334,39.65373738641584,39.78646073850661,1.431476197239732,0.6985795516043276,146.373137435168,136.66792138632067,127.96858575170428,data/tiles/train/H616/H616__Motorola_Edge_H616_01__x810_y15__t256.png
20.07592010498047,8.155197143554688,5.938505172729492,3.911231756210327,2.226081132888794,0.13114097714424133,102.0,148.0,183.0,30.194917823729426,30.11314126537311,1.8097670236228294,0.5525573109394927,154.83135915089923,145.01796708347064,135.78805431747628,data/tiles/train/H616/H616__Motorola_Edge_H616_01__x1066_y15__t256.png
18.706722259521484,7.9003496170043945,5.60741662979126,4.000647068023682,2.35919451713562,0.1291290819644928,107.0,150.0,184.66666666666666,29.007794922749515,28.202090026736986,1.9729581768347815,0.5068531161690922,157.83126443167416,148.08071320682652,138.69407454990537,data/tiles/train/H616/H616__Motorola_Edge_H616_01__x42_y271__t256.png
24.113496780395508,9.959394454956055,7.23320198059082,4.8129963874816895,2.8407044410705566,0.1341208517551422,85.33333333333333,141.66666666666666,185.0,36.75669687444915,35.97289345395465,2.0071983807568046,0.4982068586678287,147.7939462272333,138.16116218560276,129.23245446660886,data/tiles/train/H616/H616__Motorola_Edge_H616_01__x298_y271__t256.png
30.355518341064453,11.948559761047363,9.142027854919434,6.652754783630371,3.766324758529663,0.13229690492153168,62.666666666666664,135.33333333333334,187.33333333333334,46.12395830811661,44.210000783214646,1.9392192452504842,0.5156714499658508,138.91518368196483,129.5567350053769,121.71136434592569,data/tiles/train/H616/H616__Motorola_Edge_H616_01__x554_y271__t256.png
30.107818603515625,11.57716178894043,8.801898002624512,6.6413750648498535,3.5444371700286865,0.13505859673023224,64.33333333333333,135.33333333333334,187.33333333333334,45.23773466242872,43.710215948475025,2.0103175070710586,0.49743386130927875,139.5777874186551,130.20718438177875,121.94240347071583,data/tiles/train/H616/H616__Motorola_Edge_H616_01__x810_y271__t256.png
22.29518699645996,9.35234546661377,6.9588823318481445,4.591184139251709,2.6645619869232178,0.13121967017650604,92.0,145.0,185.33333333333334,34.459507665602665,33.4652601810903,2.2211578382888186,0.450215641032697,151.4612552533778,141.7959605432253,132.83788336632975,data/tiles/train/H616/H616__Motorola_Edge_H616_01__x1066_y271__t256.png
18.39494514465332,7.296566963195801,4.891057968139648,3.1345274448394775,1.938600778579712,0.12059543281793594,116.0,155.0,190.0,27.53635908942059,27.793548079165493,1.9117459211613277,0.5230820628049413,163.78214954567525,154.93169522091975,145.1360893389748,data/tiles/train/H616/H616__Motorola_Edge_H616_02__x39_y15__t256.png
24.324649810791016,8.899322509765625,5.790308475494385,3.7405567169189453,2.031756639480591,0.12300458550453186,101.0,152.0,194.0,34.263916892201095,36.499198285751376,2.165386394111347,0.4618113435641079,158.82126720422633,149.9758271931044,140.4033609064368,data/tiles/train/H616/H616__Motorola_Edge_H616_02__x295_y15__t256.png
29.012659072875977,10.653742790222168,7.295228004455566,4.640745639801025,2.342954397201538,0.12715241312980652,84.0,146.33333333333334,195.0,41.19279153830363,43.15830972043418,2.281204943987242,0.4383648223434644,152.0999252602854,143.02273477830116,133.91556150383258,data/tiles/train/H616/H616__Motorola_Edge_H616_02__x551_y15__t256.png
28.141284942626953,10.025405883789062,6.823075294494629,4.414482593536377,2.1676692962646484,0.1249442771077156,88.0,148.0,195.33333333333334,39.45299789017741,41.68306627627221,2.177243851014403,0.4592962793460587,154.15973571032185,145.22239178690344,136.0258913706992,data/tiles/train/H616/H616__Motorola_Edge_H616_02__x807_y15__t256.png
23.123506546020508,8.7797212600708,5.898905277252197,3.7644481658935547,2.044687032699585,0.11863259971141815,105.0,156.0,195.0,33.13611612501341,34.95546971821351,2.0521826268291243,0.48728606651598233,161.9513306662028,153.16451556792487,143.803722386502,data/tiles/train/H616/H616__Motorola_Edge_H616_02__x1063_y15__t256.png
18.67525863647461,7.608381271362305,5.427598476409912,3.519803762435913,1.992668628692627,0.1195053681731224,114.0,155.0,190.0,28.37643877406462,28.028549218878762,2.191882913099228,0.4562287492747699,163.02868191513343,154.33858185790834,144.62515823607956,data/tiles/train/H616/H616__Motorola_Edge_H616_02__x39_y271__t256.png
25.603973388671875,9.657805442810059,6.5483832359313965,4.446603775024414,2.5243594646453857,0.1265382468700409,91.33333333333333,147.0,191.66666666666666,36.95614190635485,37.835383050500035,1.9686952108285483,0.5079506439085298,153.48437472887855,144.62396973850878,135.20737103295102,data/tiles/train/H616/H616__Motorola_Edge_H616_02__x295_y271__t256.png
30.949045181274414,11.29858112335205,8.202550888061523,5.456304550170898,2.79264235496521,0.12830986082553864,72.66666666666667,139.0,193.33333333333334,44.39067731717674,45.28208123087809,2.4048155347353894,0.41583231044373375,145.0890065075922,136.22814750542298,127.59965292841649,data/tiles/train/H616/H616__Motorola_Edge_H616_02__x551_y271__t256.png
30.643320083618164,11.053434371948242,7.628581523895264,5.064273834228516,2.3459572792053223,0.1287982314825058,77.0,141.33333333333334,194.0,43.19087077038095,45.04463859058305,2.131521159261873,0.4691485213059256,147.4958613150086,138.54184670380204,129.64927898380967,data/tiles/train/H616/H616__Motorola_Edge_H616_02__x807_y271__t256.png
24.866273880004883,9.519843101501465,6.444909572601318,4.145386219024658,2.2040295600891113,0.12170984596014023,97.0,152.0,195.0,36.00488825149454,37.063053490285675,1.930628081845811,0.5179661527785986,158.02095241404473,149.07816327594296,139.8867596726837,data/tiles/train/H616/H616__Motorola_Edge_H616_02__x1063_y271__t256.png
15.484026908874512,7.05055570602417,5.043619632720947,3.5031583309173584,2.0682404041290283,0.1267780214548111,114.0,150.0,182.0,25.448996455009972,23.94011820189584,1.850670070478728,0.5403448275041924,158.50591546359513,149.93940341550703,139.5729573843401,data/tiles/train/H616/H616__Motorola_Edge_H616_03__x39_y15__t256.png
24.135848999023438,10.37275218963623,7.703644752502441,5.2778849601745605,2.7723817825317383,0.13595402240753174,84.0,145.0,187.0,37.885436038506825,36.7236346886853,2.2673056280363526,0.44105214031778806,149.94228596262494,140.75780964797914,130.83897435897435,data/tiles/train/H616/H616__Motorola_Edge_H616_03__x295_y15__t256.png
24.4261531829834,10.595108985900879,7.934471607208252,5.501611709594727,2.8465654850006104,0.13995295763015747,79.33333333333333,142.0,185.0,38.77894603984148,37.039069039065836,2.0101899861133656,0.49746541715366227,146.68452277694897,137.216424383305,127.49293966623877,data/tiles/train/H616/H616__Motorola_Edge_H616_03__x551_y15__t256.png
24.05550765991211,10.239154815673828,7.663603782653809,5.485699653625488,2.871453046798706,0.13945581018924713,82.0,142.33333333333334,185.0,37.81684336302408,36.50993064852669,2.1869688699290237,0.45725387944477425,147.48705302096178,138.11844184713706,128.2489189142252,data/tiles/train/H616/H616__Motorola_Edge_H616_03__x807_y15__t256.png
23.70090103149414,9.49812126159668,6.692733287811279,4.711434841156006,2.857203483581543,0.1307193636894226,93.0,150.0,190.0,35.802062084459926,35.566718350117654,1.6787978927727272,0.5956643168930749,155.00253564667673,145.8865211274944,135.96752288160613,data/tiles/train/H616/H616__Motorola_Edge_H616_03__x1063_y15__t256.png
18.499971389770508,8.049518585205078,5.90108060836792,4.116206645965576,2.3503305912017822,0.12847216427326202,106.0,149.33333333333334,186.0,29.575445252178252,28.087071947837785,2.043752527035359,0.4892960310858121,157.32956953757426,148.60740715005386,138.30559705381648,data/tiles/train/H616/H616__Motorola_Edge_H616_03__x39_y271__t256.png
25.547203063964844,11.110176086425781,8.91358757019043,6.4053053855896,3.4416606426239014,0.1383640319108963,74.33333333333333,141.0,187.0,41.48983121588826,38.12343996371428,1.9931286488112427,0.5017237600776185,144.9723567077932,135.79488781300432,126.20242247557569,data/tiles/train/H616/H616__Motorola_Edge_H616_03__x295_y271__t256.png
24.305898666381836,11.146101951599121,8.948882102966309,6.405694007873535,3.547933340072632,0.14476269483566284,71.0,135.0,181.0,40.64789475911469,37.11967267183357,1.8276514449147503,0.5471502800943778,139.94380791765911,130.55745257923743,121.04981136011962,data/tiles/train/H616/H616__Motorola_Edge_H616_03__x551_y271__t256.png
24.64470100402832,11.117796897888184,8.838111877441406,6.483497142791748,3.7726826667785645,0.1432301253080368,71.0,135.66666666666666,182.0,40.95709164528623,37.26553640210159,1.9700426154158572,0.5076032326279954,140.3988331915337,131.17507335960968,121.62613512058758,data/tiles/train/H616/H616__Motorola_Edge_H616_03__x807_y271__t256.png
24.555124282836914,10.107946395874023,7.615087509155273,5.536029815673828,3.4051482677459717,0.1344507336616516,85.0,145.0,189.0,38.39777915825128,36.63195159626835,2.195080083638993,0.45556424453644756,150.56322038605748,141.35974170254133,131.58299194556312,data/tiles/train/H616/H616__Motorola_Edge_H616_03__x1063_y271__t256.png
6.157337188720703,4.0713067054748535,3.8490612506866455,2.8267533779144287,1.6955913305282593,0.20780615508556366,149.0,168.0,185.66666666666666,13.664193109551135,10.267636159044837,1.761384432877188,0.5677352322039766,184.66480476000487,168.8426457578018,149.8012559196489,data/tiles/train/H616/H616__Samsung_A52_H616_01__x84_y178__t256.png
8.177763938903809,5.136166095733643,4.721174240112305,3.4292447566986084,1.9456641674041748,0.22348082065582275,130.33333333333334,154.0,176.0,17.20618401767994,13.265787460579912,1.910045472124004,0.5235477451162367,170.51574127074986,154.9783525003903,136.1278555445699,data/tiles/train/H616/H616__Samsung_A52_H616_01__x340_y178__t256.png
12.358516693115234,6.190631866455078,5.474714756011963,3.9645638465881348,2.3653502464294434,0.23174704611301422,114.0,145.0,173.66666666666666,22.043141254862135,18.7618042961919,1.6827118619869388,0.594278808267985,160.74005866731466,145.79482061340323,127.23199625084617,data/tiles/train/H616/H616__Samsung_A52_H616_01__x596_y178__t256.png
13.908259391784668,6.60699987411499,5.619138240814209,3.9926226139068604,2.380145788192749,0.2364317774772644,111.0,144.33333333333334,175.66666666666666,23.887907629331956,21.140882913169083,2.0443487954712793,0.4891533197344987,160.5786515879486,145.09777461710578,126.51721506252927,data/tiles/train/H616/H616__Samsung_A52_H616_01__x852_y178__t256.png
12.120909690856934,5.754093647003174,4.842567443847656,3.7395966053009033,2.3625361919403076,0.2154594212770462,127.33333333333333,157.66666666666666,185.33333333333334,21.514997449848565,18.491134407278647,1.6995820600571383,0.588379945576962,173.53589356121793,158.193667170375,139.67960676011324,data/tiles/train/H616/H616__Samsung_A52_H616_01__x1108_y178__t256.png
7.321325778961182,4.8554182052612305,4.592580795288086,3.5147199630737305,2.2182695865631104,0.2251945436000824,132.0,155.33333333333334,177.66666666666666,16.792336179553352,12.20041757883738,1.6832242690342278,0.5940978979430728,172.21240934170802,156.31819759169935,137.24936669327133,data/tiles/train/H616/H616__Samsung_A52_H616_01__x84_y434__t256.png
14.67376708984375,7.40688419342041,6.551520347595215,4.8860650062561035,2.6995058059692383,0.24875560402870178,96.0,134.66666666666666,169.0,26.858754075390728,22.486764800031747,1.7636801381211595,0.5669962361005525,149.91493383742912,134.66495551585993,116.64587849673089,data/tiles/train/H616/H616__Samsung_A52_H616_01__x340_y434__t256.png
20.21055793762207,9.043740272521973,8.319711685180664,6.626075744628906,3.5865769386291504,0.25553908944129944,71.33333333333333,121.0,166.33333333333334,35.06102929977436,29.62018453758336,1.9837047762743765,0.5041072703762471,135.3133618144559,121.01510888819423,104.57241846410336,data/tiles/train/H616/H616__Samsung_A52_H616_01__x596_y434__t256.png
19.453683853149414,8.5225191116333,7.07694673538208,5.320864200592041,2.9513423442840576,0.25717687606811523,81.0,125.66666666666667,167.66666666666666,31.973161981144635,28.83135425617756,1.6756953804029067,0.5967671760004247,141.13793642522148,126.14665624457183,108.89564009032482,data/tiles/train/H616/H616__Samsung_A52_H616_01__x852_y434__t256.png
17.215307235717773,7.694344520568848,6.261744499206543,4.45576810836792,2.7550899982452393,0.2353513240814209,102.33333333333333,142.33333333333334,179.66666666666666,28.655538508458683,26.11780175000835,2.023514270208847,0.4941897444077773,158.2658320038843,142.7442255670389,124.85643684539086,data/tiles/train/H616/H616__Samsung_A52_H616_01__x1108_y434__t256.png
7.5293965339660645,4.436828136444092,3.9736216068267822,2.7795090675354004,1.6025713682174683,0.22891071438789368,139.66666666666666,160.0,180.0,15.077770229089797,12.218956964835629,1.6792045520175851,0.5955200626382817,177.58705283458139,161.39446114286707,140.96539082995986,data/tiles/train/H616/H616__Samsung_A52_H616_01__x84_y690__t256.png
13.966979026794434,6.899186134338379,5.906760215759277,4.018520355224609,2.355023145675659,0.23840855062007904,106.33333333333333,141.0,173.66666666666666,24.83038703080734,21.51588129869717,1.8238204554779451,0.5482995856288622,157.08313658773696,141.42323449760434,123.5430699256996,data/tiles/train/H616/H616__Samsung_A52_H616_01__x340_y690__t256.png
17.429231643676758,7.318996906280518,6.164378643035889,4.581604957580566,2.6792104244232178,0.24992917478084564,92.0,133.66666666666666,169.0,28.399398957417848,25.54908594562646,1.949433548887097,0.5129695241835175,148.39384636731012,132.93502957143104,115.34693098843158,data/tiles/train/H616/H616__Samsung_A52_H616_01__x596_y690__t256.png
16.622642517089844,7.046043872833252,5.6344804763793945,4.127060890197754,2.310934066772461,0.24897730350494385,98.33333333333333,135.33333333333334,170.33333333333334,26.637802165028603,24.646419441602944,1.7975972116287655,0.556298148178546,151.47767795199113,135.73045303177466,117.86008394616346,data/tiles/train/H616/H616__Samsung_A52_H616_01__x852_y690__t256.png
15.887060165405273,6.69734001159668,5.034155368804932,3.2904863357543945,2.012758255004883,0.22799240052700043,115.66666666666667,150.66666666666666,183.0,24.965215817781075,23.948964158821493,2.0908400651713115,0.4782766585822363,166.85747769019758,150.87669710753846,132.63087259974304,data/tiles/train/H616/H616__Samsung_A52_H616_01__x1108_y690__t256.png
6.922427654266357,4.146878719329834,3.6340060234069824,2.6745781898498535,1.6346639394760132,0.20462141931056976,150.66666666666666,169.33333333333334,187.66666666666666,14.046872905676002,11.16467088534075,1.7148499845899219,0.583141387868475,186.3071408685969,170.2840861636971,151.6421387806236,data/tiles/train/H616/H616__Samsung_A52_H616_02__x82_y200__t256.png
9.366039276123047,5.048635482788086,4.428796291351318,3.198760509490967,2.006074905395508,0.21416117250919342,130.33333333333334,153.66666666666666,178.0,17.76310947894336,14.623455665509042,1.7954026035331334,0.5569781385145158,170.22797396963125,154.84032971800434,137.22613449023862,data/tiles/train/H616/H616__Samsung_A52_H616_02__x338_y200__t256.png
13.596292495727539,6.0467400550842285,5.1262736320495605,3.8600590229034424,2.3044168949127197,0.22790145874023438,115.0,144.66666666666666,175.0,22.44480748038188,20.112508450421352,1.820101378958198,0.549419945262822,161.24271676099863,146.1633910899684,128.1547449564221,data/tiles/train/H616/H616__Samsung_A52_H616_02__x594_y200__t256.png
14.034536361694336,5.986782550811768,4.892272472381592,3.5269505977630615,2.1849331855773926,0.2340075522661209,114.0,144.66666666666666,175.0,22.56097745595853,20.860220865689666,2.0170253481878313,0.49577958992852333,161.1975023448084,145.87562094000765,127.31432591100149,data/tiles/train/H616/H616__Samsung_A52_H616_02__x850_y200__t256.png
12.833381652832031,6.025050163269043,5.148016452789307,3.8526928424835205,2.0625505447387695,0.21301811933517456,127.66666666666667,158.66666666666666,187.33333333333334,22.153663851317763,19.579615158137695,1.8196804977542351,0.5495470228065605,174.6117181808721,159.2857910986228,140.89834183231,data/tiles/train/H616/H616__Samsung_A52_H616_02__x1106_y200__t256.png
8.340506553649902,5.047218322753906,4.557481288909912,3.4110519886016846,1.9663283824920654,0.21607188880443573,134.0,158.0,181.0,17.442669028969036,13.696079268824157,1.5335154376969264,0.6520964676441903,174.7514537154363,158.94889864782766,140.5911023936401,data/tiles/train/H616/H616__Samsung_A52_H616_02__x82_y456__t256.png
15.951111793518066,7.491014003753662,6.254293918609619,4.686030387878418,2.5472655296325684,0.23461605608463287,97.33333333333333,135.66666666666666,171.0,27.215996594106304,24.345030865077767,1.8127258276406364,0.5516554046684246,150.7623413380563,135.84740671285445,119.03847823444636,data/tiles/train/H616/H616__Samsung_A52_H616_02__x338_y456__t256.png
20.61917495727539,8.506915092468262,6.965855121612549,4.71088171005249,2.217172622680664,0.2494385540485382,80.66666666666667,123.0,167.33333333333334,32.021952921802416,30.42226177421986,1.85882887224751,0.537973137242537,139.10095436404652,124.5110359187923,108.18726357799757,data/tiles/train/H616/H616__Samsung_A52_H616_02__x594_y456__t256.png
19.34081268310547,7.971324443817139,6.475704193115234,4.524000644683838,2.600796699523926,0.25193554162979126,85.66666666666667,126.66666666666667,167.33333333333334,30.232680734896668,28.65989983540283,1.9800963236988374,0.5050259363807066,142.50035590895675,127.54068647025122,110.5397489539749,data/tiles/train/H616/H616__Samsung_A52_H616_02__x850_y456__t256.png
16.995079040527344,6.982302188873291,5.354650020599365,3.745425224304199,2.1233038902282715,0.23139850795269012,107.0,144.0,178.66666666666666,26.462617339808755,25.580679253744595,1.879386867334101,0.5320884259548403,159.84911422275434,144.49027466902643,126.60885256710566,data/tiles/train/H616/H616__Samsung_A52_H616_02__x1106_y456__t256.png
7.836562633514404,4.94382905960083,4.368194103240967,3.0290865898132324,1.5893434286117554,0.21497607231140137,137.0,160.0,181.33333333333334,16.46978465042783,13.125071444038557,1.857946382451302,0.5382286644249867,176.41244195551226,160.68267274213466,142.07568827283953,data/tiles/train/H616/H616__Samsung_A52_H616_02__x82_y712__t256.png
13.946922302246094,6.6078619956970215,5.296395301818848,3.5917108058929443,1.8876391649246216,0.22332654893398285,113.0,146.66666666666666,176.33333333333334,23.43893093820454,21.508305314452112,1.9513950693939688,0.5124538929528827,161.73089741364348,146.29158132268702,129.18427356361744,data/tiles/train/H616/H616__Samsung_A52_H616_02__x338_y712__t256.png
16.442230224609375,6.958069801330566,5.6184916496276855,3.970534086227417,2.15625262260437,0.2374567687511444,100.0,136.33333333333334,170.66666666666666,26.06600461395478,24.558286249457982,1.9784187466812457,0.505454167211809,152.06213747351603,136.64143308672848,119.73342363933173,data/tiles/train/H616/H616__Samsung_A52_H616_02__x594_y712__t256.png
16.86389923095703,7.041280269622803,5.404832363128662,3.6456053256988525,1.7230991125106812,0.23663529753684998,102.66666666666667,139.66666666666666,173.66666666666666,26.283782000224658,25.109922708285637,1.947206185844721,0.5135562978741197,155.20445864296133,139.6514514896868,122.29986457392874,data/tiles/train/H616/H616__Samsung_A52_H616_02__x850_y712__t256.png
15.277274131774902,6.404584884643555,4.809727668762207,3.1266889572143555,1.709401249885559,0.21974867582321167,118.66666666666667,152.66666666666666,183.33333333333334,23.853870484286094,23.11288308218087,1.9333967345310537,0.5172244175960866,168.37887670852703,152.69983695275099,134.97327065843336,data/tiles/train/H616/H616__Samsung_A52_H616_02__x1106_y712__t256.png
11.769340515136719,5.546511173248291,4.1073808670043945,2.792598247528076,1.9337735176086426,0.12046324461698532,122.0,149.0,174.0,19.60962530671548,18.251602571373155,2.0345693311868445,0.49150450892556247,157.76190476190476,149.07340039262695,139.8264623616685,data/tiles/train/H617/H617__Motorola_Edge_H617_01__x34_y14__t256.png
13.58651351928711,6.602869033813477,5.079346179962158,3.340118646621704,1.8561207056045532,0.12262172251939774,110.0,142.66666666666666,171.0,22.624794524073767,21.104079564354777,2.283689912272318,0.43788782120816905,150.40043057050593,141.58666967603043,133.02838640230564,data/tiles/train/H617/H617__Motorola_Edge_H617_01__x290_y14__t256.png
18.34604835510254,8.072199821472168,6.209688186645508,4.60473108291626,2.8330039978027344,0.12435697764158249,92.33333333333333,139.66666666666666,173.0,29.82135138690692,27.391947175086628,2.0422300917521574,0.48966078995635465,144.96467546888283,136.2208130194146,128.00923018200115,data/tiles/train/H617/H617__Motorola_Edge_H617_01__x546_y14__t256.png
12.812060356140137,6.54619836807251,5.0916290283203125,3.6279141902923584,1.972131609916687,0.12621912360191345,108.33333333333333,141.0,168.66666666666666,22.459756802487522,19.6734649573093,2.0099654493522063,0.4975209898868117,148.97428868841084,140.09352879944484,131.28891394864678,data/tiles/train/H617/H617__Motorola_Edge_H617_01__x802_y14__t256.png
6.581097602844238,4.2826972007751465,3.785331964492798,2.772498846054077,1.5448766946792603,0.12124617397785187,128.0,149.0,166.0,14.16596471783393,10.85263234676469,2.1047223523573164,0.47512205060206014,156.94849119134832,147.97006802721089,139.00706436420722,data/tiles/train/H617/H617__Motorola_Edge_H617_01__x1058_y14__t256.png
9.522571563720703,5.479671001434326,4.449734210968018,3.10323166847229,1.918320894241333,0.12385932356119156,121.0,147.0,170.0,18.2188256974014,14.993319386329645,2.0374039449577164,0.49082068505602783,155.5458297208254,146.90145656320445,137.38673487081672,data/tiles/train/H617/H617__Motorola_Edge_H617_01__x34_y270__t256.png
13.242318153381348,7.760894775390625,6.59566068649292,4.596447944641113,2.817715644836426,0.12799642980098724,95.66666666666667,135.0,166.66666666666666,26.161101595326755,20.89129284989654,1.8276678045282242,0.5471453825046341,141.66668404497506,133.04998001494533,124.62843438819665,data/tiles/train/H617/H617__Motorola_Edge_H617_01__x290_y270__t256.png
18.498682022094727,8.583099365234375,6.3128662109375,4.423903942108154,2.7754013538360596,0.1289946734905243,87.0,131.66666666666666,169.33333333333334,30.36337571658393,28.15383136258591,2.1211671346420533,0.4714385696762881,138.73672251708467,130.0549831754952,121.93611891629375,data/tiles/train/H617/H617__Motorola_Edge_H617_01__x546_y270__t256.png
19.74626922607422,8.56511402130127,6.303683757781982,4.531092166900635,3.0501372814178467,0.132718026638031,87.0,132.66666666666666,172.0,31.48975627410969,29.905591474263943,1.8220202184220744,0.5488413300188462,140.12018321564273,131.33171400315769,122.68606971216406,data/tiles/train/H617/H617__Motorola_Edge_H617_01__x802_y270__t256.png
9.77700138092041,5.223333835601807,4.2633233070373535,3.0441198348999023,1.8645870685577393,0.12502135336399078,119.0,144.0,166.66666666666666,17.827218717760005,15.258456049879392,2.3676771508463585,0.4223548804542614,152.40382245213254,143.44975437012863,134.4705851719409,data/tiles/train/H617/H617__Motorola_Edge_H617_01__x1058_y270__t256.png
13.112749099731445,5.68913459777832,3.880997657775879,2.60642671585083,1.8796321153640747,0.1150931864976883,109.0,137.0,163.66666666666666,20.584737457959744,19.80918693205887,2.3435602256527237,0.42670121682982654,144.8411845514459,137.13061018658598,129.07174778722592,data/tiles/train/H617/H617__Motorola_Edge_H617_02__x35_y14__t256.png
20.4855899810791,8.104653358459473,5.568414211273193,3.5560121536254883,1.9258619546890259,0.11680586636066437,85.66666666666667,130.66666666666666,167.0,30.17626764686525,31.164362353875724,2.154930650204398,0.4640520565732121,136.2789736106044,128.69564462048956,121.24153506714616,data/tiles/train/H617/H617__Motorola_Edge_H617_02__x291_y14__t256.png
22.823862075805664,8.4212646484375,5.645016670227051,3.562556028366089,1.9326035976409912,0.1206086054444313,80.66666666666667,129.66666666666666,168.33333333333334,32.37241983451222,34.04804933369017,1.9125843691790165,0.5228527515516889,134.83229285887697,126.6603544549648,119.51470537231644,data/tiles/train/H617/H617__Motorola_Edge_H617_02__x547_y14__t256.png
21.733623504638672,7.778029918670654,5.057826995849609,3.136209011077881,1.8949942588806152,0.12231674790382385,86.33333333333333,130.66666666666666,168.0,30.19438719257531,32.52049498864111,1.8182587054597241,0.5499767425819432,137.12317570498917,128.75009110629068,121.33620824295011,data/tiles/train/H617/H617__Motorola_Edge_H617_02__x803_y14__t256.png
16.166988372802734,6.2867021560668945,4.141937255859375,2.3741605281829834,1.2320834398269653,0.11777009069919586,103.0,136.33333333333334,165.66666666666666,23.166178386728664,24.614332294836295,2.0696110050138956,0.4831825872482186,143.65254957752833,135.28068775265888,127.68986935475476,data/tiles/train/H617/H617__Motorola_Edge_H617_02__x1059_y14__t256.png
14.289331436157227,5.65166711807251,3.8106868267059326,2.557143211364746,1.6355239152908325,0.11688274890184402,109.0,138.0,165.66666666666666,21.149180586604757,21.275038201455146,2.1446149155830008,0.4662841765828883,146.0089121295299,138.03618706785727,129.88193599944407,data/tiles/train/H617/H617__Motorola_Edge_H617_02__x35_y270__t256.png
22.224910736083984,8.631714820861816,6.000888824462891,4.018523693084717,2.382988452911377,0.11930260062217712,78.66666666666667,128.33333333333334,167.66666666666666,32.77603562967844,32.83071088387867,2.0030806014731266,0.49923103407050595,133.43347043612573,125.76440880928828,118.41667100536263,data/tiles/train/H617/H617__Motorola_Edge_H617_02__x291_y270__t256.png
26.117107391357422,9.47668170928955,6.310011386871338,3.885288715362549,2.158843994140625,0.12216230481863022,70.33333333333333,124.66666666666667,170.0,36.7246785060929,38.63938474454303,1.971182824411068,0.5073096151285565,130.07381456172604,122.15628360331611,115.11523119081481,data/tiles/train/H617/H617__Motorola_Edge_H617_02__x547_y270__t256.png
25.17466926574707,8.574553489685059,5.529951095581055,3.5311601161956787,2.0447001457214355,0.1253388673067093,75.66666666666667,126.0,169.66666666666666,34.44695453747296,37.09049117694311,2.2967990821596227,0.43538854041152136,132.52154872792994,124.3466043375504,116.90542888919784,data/tiles/train/H617/H617__Motorola_Edge_H617_02__x803_y270__t256.png
18.644527435302734,6.800753116607666,4.3315019607543945,2.5823216438293457,1.491734504699707,0.12034905701875687,97.66666666666667,134.66666666666666,167.66666666666666,25.97534245005043,27.731075257756757,2.4546759104697538,0.40738575538007743,142.22088437147076,133.66541568934062,126.09486578055773,data/tiles/train/H617/H617__Motorola_Edge_H617_02__x1059_y270__t256.png
11.079330444335938,4.128022193908691,2.701326847076416,1.6860694885253906,0.9959089159965515,0.12341853231191635,122.0,143.0,163.0,15.552071233587652,16.351270046722806,1.9524970182975585,0.5121646745826687,151.83769751693004,143.21144295884702,134.1795103316548,data/tiles/train/H617/H617__Motorola_Edge_H617_03__x138_y15__t256.png
19.343040466308594,6.781638145446777,4.667633056640625,3.1725239753723145,1.9356590509414673,0.12153953313827515,94.66666666666667,134.66666666666666,166.66666666666666,26.909827237714126,27.916983137242067,1.944535156834866,0.5142617229033324,140.93251832042512,132.96038967804674,124.78097106935714,data/tiles/train/H617/H617__Motorola_Edge_H617_03__x394_y15__t256.png
21.148038864135742,6.633763313293457,3.9455039501190186,2.331857442855835,1.2831655740737915,0.1164802834391594,95.66666666666667,134.66666666666666,169.66666666666666,27.451447649586534,30.485911366820968,2.140968079542344,0.4670784256688971,141.4479823509997,133.897475984505,125.87008181770805,data/tiles/train/H617/H617__Motorola_Edge_H617_03__x650_y15__t256.png
20.919309616088867,6.763284683227539,4.0799102783203125,2.350139617919922,1.249706745147705,0.115981325507164,95.66666666666667,134.66666666666666,169.66666666666666,27.487365994679447,30.650809187562665,1.7485622962574796,0.5718984117067727,141.74450501753532,134.11686169658668,126.20099656238064,data/tiles/train/H617/H617__Motorola_Edge_H617_03__x906_y15__t256.png
18.609825134277344,6.077137470245361,3.486071825027466,2.0236399173736572,1.1953909397125244,0.1096871942281723,107.66666666666667,141.66666666666666,173.66666666666666,24.661201498474806,27.455254224926517,2.1623277199287174,0.4624645888704445,149.0768963902236,141.8457735606862,133.55690471647384,data/tiles/train/H617/H617__Motorola_Edge_H617_03__x1162_y15__t256.png
14.841938018798828,5.302366733551025,3.431300401687622,2.06428599357605,1.3109331130981445,0.12369843572378159,106.66666666666667,135.66666666666666,161.0,20.466914139037907,21.64264851584058,2.089338747621304,0.47862032958441625,143.32214823292756,135.12232511358513,126.62020948219055,data/tiles/train/H617/H617__Motorola_Edge_H617_03__x138_y271__t256.png
24.086267471313477,7.470460891723633,4.391310214996338,2.6402244567871094,1.4303642511367798,0.12454824149608612,83.0,127.0,167.66666666666666,31.24445587724396,35.141111863509174,1.7607720052229312,0.567932700561871,134.22871951855845,126.38939715448569,118.48965109402721,data/tiles/train/H617/H617__Motorola_Edge_H617_03__x394_y271__t256.png
27.912160873413086,9.03466510772705,5.77732515335083,3.3940770626068115,1.6437077522277832,0.1258573681116104,68.0,120.66666666666667,168.66666666666666,37.092917491998506,40.49207110740001,2.40080084736314,0.4165276770450682,127.19835269637593,119.70215016473037,112.13589387896653,data/tiles/train/H617/H617__Motorola_Edge_H617_03__x650_y271__t256.png
26.536989212036133,8.856266021728516,5.642090797424316,3.5500519275665283,1.9664130210876465,0.12275435775518417,70.33333333333333,122.66666666666667,167.66666666666666,35.87344046104501,38.52999434701109,1.980198930999145,0.50499976762205,128.44067091044698,121.10342913638492,113.58222468908816,data/tiles/train/H617/H617__Motorola_Edge_H617_03__x906_y271__t256.png
21.76643943786621,7.136344909667969,4.169907569885254,2.5936293601989746,1.6388790607452393,0.11539129912853241,91.66666666666667,132.0,169.66666666666666,28.942234796033766,31.82464162504496,2.198530549024946,0.45484926304230916,138.92321710606245,131.8258500095458,123.79164135584983,data/tiles/train/H617/H617__Motorola_Edge_H617_03__x1162_y271__t256.png
4.908207893371582,3.342792510986328,3.13029146194458,2.39501953125,1.6066100597381592,0.19760972261428833,158.0,174.66666666666666,189.66666666666666,11.803307881178837,8.13216882847328,1.6250160890506422,0.6153785225500225,189.88268856109102,177.55639437795713,155.4406484831617,data/tiles/train/H617/H617__Samsung_A52_H617_01__x97_y219__t256.png
7.971223831176758,4.528989315032959,4.226653099060059,3.3195483684539795,2.142463445663452,0.2059679925441742,139.0,162.0,183.0,16.259480835835884,12.353784351052091,2.0420853789680917,0.4896954898650324,176.92313974907032,164.94234177875092,143.59347304764884,data/tiles/train/H617/H617__Samsung_A52_H617_01__x353_y219__t256.png
12.8580322265625,5.418807506561279,4.373392105102539,3.2468769550323486,2.025456428527832,0.22120705246925354,127.33333333333333,154.0,181.66666666666666,20.313250236412813,18.621470472469777,2.185196969906861,0.457624650670563,169.8736326700698,157.8382817654617,135.70338924193493,data/tiles/train/H617/H617__Samsung_A52_H617_01__x609_y219__t256.png
13.716586112976074,5.9029107093811035,4.842621326446533,3.5330817699432373,2.2039778232574463,0.21816709637641907,125.0,154.66666666666666,184.0,21.99076909431385,20.185409552302474,2.1250951783857555,0.47056715867174026,170.23843873003761,158.2754417298122,136.4268523174559,data/tiles/train/H617/H617__Samsung_A52_H617_01__x865_y219__t256.png
12.400665283203125,5.6471381187438965,4.706359386444092,3.719266653060913,2.4741973876953125,0.1938266009092331,139.33333333333334,171.0,197.0,21.365616537067268,18.64599857506267,1.7730134264881183,0.5640115213231869,184.52848194610726,173.1291447608141,151.63245015876322,data/tiles/train/H617/H617__Samsung_A52_H617_01__x1121_y219__t256.png
6.662585258483887,4.086779594421387,3.53848934173584,2.684664249420166,1.6804965734481812,0.1995297521352768,149.0,167.66666666666666,185.66666666666666,13.584754790572449,10.842267123806506,1.6545262653635435,0.6044026141708142,182.51252107119893,170.55370766209617,149.11264619501938,data/tiles/train/H617/H617__Samsung_A52_H617_01__x97_y475__t256.png
13.999094009399414,6.445249557495117,5.273995399475098,3.934476852416992,2.6329421997070312,0.21886587142944336,114.66666666666667,150.0,178.66666666666666,23.671260584932416,21.0491222597293,1.9284005457923632,0.5185644663822208,163.21151109105426,151.4498559377929,130.7193737633214,data/tiles/train/H617/H617__Samsung_A52_H617_01__x353_y475__t256.png
19.483680725097656,7.212038516998291,5.528467178344727,4.092499732971191,2.572050094604492,0.23374980688095093,96.0,135.66666666666666,173.2333333333348,28.579376951019913,27.96821674737661,1.8177000134766548,0.5501457845551385,149.8477626965668,138.30010066997605,118.18752386572709,data/tiles/train/H617/H617__Samsung_A52_H617_01__x609_y475__t256.png
18.51262092590332,7.476356506347656,5.899498462677002,4.168227195739746,2.538179874420166,0.2366214394569397,98.0,136.66666666666666,175.0,28.40238700860772,27.239204134874036,2.150671225552839,0.464971116049105,151.6188185859147,139.93613696346713,119.21947492707321,data/tiles/train/H617/H617__Samsung_A52_H617_01__x865_y475__t256.png
16.809526443481445,7.036083221435547,5.335879325866699,3.431079149246216,2.0121889114379883,0.2102094441652298,118.0,156.66666666666666,189.33333333333334,26.436157198523194,25.00449346579676,1.8314927449098852,0.5460027088718842,170.12082003607603,158.40935895657,137.46846815595947,data/tiles/train/H617/H617__Samsung_A52_H617_01__x1121_y475__t256.png
7.126294136047363,3.82776141166687,3.141244649887085,2.2688045501708984,1.534985065460205,0.1949714571237564,152.0,170.0,187.66666666666666,13.351391230627872,11.228683428110982,2.1072908624549003,0.4745429393809663,185.1077851580791,173.27162206690832,151.94179774891174,data/tiles/train/H617/H617__Samsung_A52_H617_01__x97_y731__t256.png
13.516119003295898,5.751824855804443,4.57779598236084,3.261570930480957,1.8753697872161865,0.20495977997779846,126.66666666666667,157.0,184.66666666666666,21.48257358995077,20.203737657222984,2.0452004279107907,0.48894963366574207,171.1413781722802,159.16083308725183,139.07392867689208,data/tiles/train/H617/H617__Samsung_A52_H617_01__x353_y731__t256.png
16.43174934387207,6.597836494445801,5.329024314880371,4.008821487426758,2.2361598014831543,0.22051343321800232,109.0,146.0,178.66666666666666,25.73358865589289,23.758383236895806,1.7184277399817431,0.5819272912869902,159.70664792545162,147.896038315373,127.70926822496399,data/tiles/train/H617/H617__Samsung_A52_H617_01__x609_y731__t256.png
16.596498489379883,6.805056095123291,5.336523532867432,3.609118938446045,2.2462668418884277,0.21880961954593658,110.0,147.66666666666666,180.66666666666666,26.211786477335174,24.200258443777987,1.9946287542762415,0.50134642742722,161.23908852493184,149.40946905882558,129.16100178890878,data/tiles/train/H617/H617__Samsung_A52_H617_01__x865_y731__t256.png
14.289095878601074,5.534486770629883,4.07102632522583,2.6753170490264893,1.6529223918914795,0.19165556132793427,135.66666666666666,166.0,193.33333333333334,21.424236356065467,21.07046813458835,1.98546553251138,0.5036602165211691,180.03726610955715,168.22060841918727,148.3136955124307,data/tiles/train/H617/H617__Samsung_A52_H617_01__x1121_y731__t256.png
5.697818756103516,3.5859830379486084,3.172349452972412,2.3252267837524414,1.5793243646621704,0.19132955372333527,159.0,175.66666666666666,191.33333333333334,12.16535718637168,9.339594491523618,1.5832340904406752,0.63161853704253,190.76022182045756,179.0420867811696,157.1528579375565,data/tiles/train/H617/H617__Samsung_A52_H617_02__x68_y204__t256.png
7.921582221984863,4.5514607429504395,4.093513011932373,3.169954776763916,1.9483017921447754,0.19520631432533264,141.66666666666666,163.33333333333334,184.0,15.803740674247425,12.451837417983164,1.6122703805926883,0.620243361186347,177.692027160794,166.66538735390654,145.79823906361253,data/tiles/train/H617/H617__Samsung_A52_H617_02__x324_y204__t256.png
12.212708473205566,5.372159004211426,4.431492805480957,3.1909468173980713,2.1014859676361084,0.21186859905719757,129.0,156.0,182.0,19.766594516384117,17.9108617186908,1.8073249757201646,0.5533039234416213,170.81480196989665,159.608829853645,137.75097107581328,data/tiles/train/H617/H617__Samsung_A52_H617_02__x580_y204__t256.png
12.807352066040039,5.521445274353027,4.624509811401367,3.4276416301727295,2.1921517848968506,0.21928547322750092,128.0,155.0,183.33333333333334,20.702323238863308,18.914367441313942,1.7429465829370507,0.5737410485150345,170.9758060311115,159.24282610584862,136.8364126184062,data/tiles/train/H617/H617__Samsung_A52_H617_02__x836_y204__t256.png
11.934686660766602,5.4306535720825195,4.53389310836792,3.3943099975585938,2.27073073387146,0.19223737716674805,142.0,172.0,197.66666666666666,20.572017782767887,17.878565955997757,2.113156746740242,0.47322566181737397,185.71929124292805,174.52443511158933,152.8457533580924,data/tiles/train/H617/H617__Samsung_A52_H617_02__x1092_y204__t256.png
7.144716739654541,4.180591106414795,3.553483009338379,2.4487814903259277,1.4172241687774658,0.20564517378807068,150.0,169.0,187.0,13.757413676527106,11.474976543266349,1.6908492484602504,0.5914187801843581,184.46087228171262,172.40977802460995,149.73394192887764,data/tiles/train/H617/H617__Samsung_A52_H617_02__x68_y460__t256.png
13.547947883605957,6.122316837310791,4.819639205932617,3.2932775020599365,2.0603718757629395,0.21797989308834076,119.33333333333333,150.66666666666666,179.0,22.125204386617014,20.49993469485204,2.1373923332622264,0.4678598235981016,164.8395149538547,153.36343765179376,132.1191277496357,data/tiles/train/H617/H617__Samsung_A52_H617_02__x324_y460__t256.png
19.679838180541992,7.60264778137207,5.722480297088623,3.8068032264709473,2.3331098556518555,0.2349085509777069,95.33333333333333,135.33333333333334,174.0,29.18782856752761,28.737266073853295,1.995931128120401,0.5010192916534727,149.80392633773454,138.6169909659486,117.98146282140375,data/tiles/train/H617/H617__Samsung_A52_H617_02__x580_y460__t256.png
19.0406436920166,7.848430633544922,6.22028112411499,4.165229797363281,2.4085750579833984,0.2406320720911026,96.0,136.33333333333334,175.33333333333334,29.388917253140182,28.169323971857125,1.587112278947496,0.6300751454479053,151.0897260155125,139.60418871787752,118.28522843608475,data/tiles/train/H617/H617__Samsung_A52_H617_02__x836_y460__t256.png
16.20279884338379,6.7038893699646,5.132187366485596,3.687506914138794,2.5102391242980957,0.21606223285198212,117.0,156.0,188.66666666666666,26.326365008775063,24.11738119057198,1.8634280640067356,0.5366453469901081,169.57629796839728,157.9081090467095,136.18265323840944,data/tiles/train/H617/H617__Samsung_A52_H617_02__x1092_y460__t256.png
7.1612138748168945,3.8660881519317627,3.1661765575408936,2.1589691638946533,1.3638710975646973,0.1990528106689453,155.0,172.66666666666666,189.66666666666666,13.007440405582573,11.29571815907761,1.5771642846629,0.6340493566361338,188.02745200243245,176.2945530362262,153.65893493180437,data/tiles/train/H617/H617__Samsung_A52_H617_02__x68_y716__t256.png
12.939591407775879,5.618043899536133,4.422346591949463,2.8966197967529297,1.5764697790145874,0.2060634195804596,128.66666666666666,158.0,184.66666666666666,20.785857098465705,19.401858027415226,1.8256430277158515,0.5477522083006268,172.2231967625962,160.5999617902982,139.76237039095471,data/tiles/train/H617/H617__Samsung_A52_H617_02__x324_y716__t256.png
16.41293716430664,6.492463111877441,4.953006744384766,3.256913185119629,1.9147088527679443,0.22177191078662872,112.66666666666667,147.66666666666666,180.0,24.938355423977665,24.06605224342556,1.7843135331499254,0.5604396208522036,161.8868731102075,150.2961109373371,129.2540923782713,data/tiles/train/H617/H617__Samsung_A52_H617_02__x580_y716__t256.png
15.920822143554688,6.497920036315918,5.069699287414551,3.4571869373321533,2.1632015705108643,0.22433364391326904,113.0,149.0,180.66666666666666,25.0645568779791,23.319101868581566,2.03979157584262,0.4902461662471122,163.2147614917606,151.58098872506505,129.95708586296618,data/tiles/train/H617/H617__Samsung_A52_H617_02__x836_y716__t256.png
15.590728759765625,6.3957133293151855,4.939838886260986,3.527859926223755,2.1544764041900635,0.2054937481880188,127.33333333333333,163.0,194.0,24.615297263772288,23.259944312554243,1.8100378380104454,0.552474638375062,177.1488520496636,165.38071374072277,143.83396337656933,data/tiles/train/H617/H617__Samsung_A52_H617_02__x1092_y716__t256.png
4.72524356842041,3.1282379627227783,2.754591226577759,1.9908403158187866,1.3349593877792358,0.19128376245498657,159.33333333333334,175.33333333333334,188.33333333333334,10.913231089625757,7.60860746444897,1.567957925487712,0.6377722155324741,189.77560280235733,178.43367001025678,156.3305460424526,data/tiles/train/H617/H617__Samsung_A52_H617_03__x98_y236__t256.png
8.23121166229248,4.628585338592529,4.266434192657471,3.342470645904541,2.281358480453491,0.19602569937705994,136.66666666666666,160.33333333333334,181.0,16.61266485551855,12.557037147899651,1.82527752581408,0.5478618927025887,173.671729620886,163.16942091376197,142.3598284960422,data/tiles/train/H617/H617__Samsung_A52_H617_03__x354_y236__t256.png
12.005132675170898,4.832605361938477,3.6423275470733643,2.457551956176758,1.5255091190338135,0.2072005718946457,132.0,155.66666666666666,178.66666666666666,17.628489630240804,17.02982088722818,1.6307993012023563,0.6131962401889182,170.07049322681488,159.33553317124,137.80213615838832,data/tiles/train/H617/H617__Samsung_A52_H617_03__x610_y236__t256.png
13.500114440917969,5.317486763000488,3.9040403366088867,2.5722951889038086,1.5285710096359253,0.21333491802215576,128.66666666666666,155.33333333333334,181.66666666666666,19.90454689354302,19.70778836294035,1.5482633491058626,0.6458849526971686,170.37123066506953,159.4214363835217,137.1658420568373,data/tiles/train/H617/H617__Samsung_A52_H617_03__x866_y236__t256.png
11.428925514221191,4.8355865478515625,3.425615072250366,2.199152946472168,1.4279974699020386,0.1903444081544876,147.66666666666666,173.33333333333334,195.66666666666666,17.928504806535106,17.126890586338764,2.1153700496211494,0.4727305277764967,187.32736670482535,176.46917820099213,154.44584937731986,data/tiles/train/H617/H617__Samsung_A52_H617_03__x1122_y236__t256.png
6.381472587585449,3.8269710540771484,3.223942756652832,2.283207654953003,1.4208104610443115,0.19794012606143951,151.0,168.66666666666666,183.66666666666666,12.345136397164167,10.173137603581281,1.486420298395555,0.6727572282748036,183.03422344462626,171.802266476343,149.74210562963478,data/tiles/train/H617/H617__Samsung_A52_H617_03__x98_y492__t256.png
13.735020637512207,5.656489372253418,4.161685943603516,2.832516670227051,1.5950837135314941,0.21601608395576477,120.0,149.0,176.33333333333334,20.948085857902797,20.502498262876884,1.920108444813047,0.5208039174565299,163.2057843205333,152.2356607180057,131.05560377751544,data/tiles/train/H617/H617__Samsung_A52_H617_03__x354_y492__t256.png
19.175907135009766,7.101489543914795,5.274223327636719,3.4378020763397217,1.7085938453674316,0.2306799739599228,97.66666666666667,134.33333333333334,172.0,27.513726424996612,27.914600398334517,1.5312347672311073,0.653067721162232,148.88669617287164,138.2833463507767,117.75126269200729,data/tiles/train/H617/H617__Samsung_A52_H617_03__x610_y492__t256.png
18.231651306152344,7.080483436584473,5.3272318840026855,3.6005191802978516,2.0185039043426514,0.2339523583650589,100.0,136.66666666666666,173.0,27.05931140613087,26.85657309982876,1.5969593577084435,0.6261900123964017,151.19542284068433,140.30336259846618,119.1697956067599,data/tiles/train/H617/H617__Samsung_A52_H617_03__x866_y492__t256.png
15.540428161621094,5.925354957580566,4.106925010681152,2.673618793487549,1.7802284955978394,0.20963609218597412,124.66666666666667,156.33333333333334,186.33333333333334,22.868442195512877,23.109134433212272,2.151470190055143,0.46479844555706795,170.78555817664608,159.75194269062652,138.04442170262956,data/tiles/train/H617/H617__Samsung_A52_H617_03__x1122_y492__t256.png
7.337523460388184,3.8697848320007324,3.174030065536499,2.2790539264678955,1.567197561264038,0.19874350726604462,150.0,170.0,187.0,13.759150781521868,11.529735141939035,2.026577289333808,0.49344281378418464,184.58582827406764,173.15968777103208,150.88983521248915,data/tiles/train/H617/H617__Samsung_A52_H617_03__x98_y748__t256.png
12.685739517211914,5.196883201599121,3.946951389312744,2.5268852710723877,1.6368166208267212,0.20353804528713226,129.33333333333334,158.0,183.0,19.886125334711085,18.821346452400164,1.785623597297197,0.5600284413320067,171.78251440072177,160.64806718023456,139.74738010965368,data/tiles/train/H617/H617__Samsung_A52_H617_03__x354_y748__t256.png
15.199082374572754,5.721138000488281,4.164881706237793,2.716876983642578,1.6078271865844727,0.2168363779783249,117.66666666666667,148.33333333333334,177.66666666666666,22.25631445947476,22.167175511634195,1.9342959064526402,0.5169839819564775,162.71844794974578,151.61044302150034,130.5622538046402,data/tiles/train/H617/H617__Samsung_A52_H617_03__x610_y748__t256.png
16.045076370239258,6.441468238830566,5.15848445892334,3.644275665283203,2.123713731765747,0.21662402153015137,113.0,148.66666666666666,180.33333333333334,24.8132044649136,23.455935416695315,1.7683823014443771,0.5654885819560743,162.24263786637033,151.2064696485623,130.20725100708432,data/tiles/train/H617/H617__Samsung_A52_H617_03__x866_y748__t256.png
14.206132888793945,5.538710594177246,4.166254997253418,2.9740936756134033,1.7365748882293701,0.19727161526679993,133.0,164.66666666666666,192.33333333333334,21.895989708331633,20.9220701750584,1.7883505048489234,0.5591745003502421,178.3464618912768,167.12519327993886,146.0273632272972,data/tiles/train/H617/H617__Samsung_A52_H617_03__x1122_y748__t256.png
9.038924217224121,6.52537727355957,7.003818988800049,6.294105052947998,4.41973876953125,0.14289988577365875,140.66666666666666,177.0,210.0,25.60695604444753,14.736633770670943,1.9299129171207368,0.518158094662589,188.853220715252,176.62600159561552,163.67510146033507,data/tiles/train/H637/H637__Samsung_A52_H637_01__x81_y203__t256.png
11.119396209716797,7.708995342254639,8.47346019744873,7.896430969238281,6.672257900238037,0.11421973258256912,117.66666666666667,165.0,206.66666666666666,32.418969546598056,17.442011198018868,1.5694446592000986,0.6371680544057359,172.64671365577584,163.69631262803375,154.75518211173224,data/tiles/train/H637/H637__Samsung_A52_H637_01__x337_y203__t256.png
15.38688850402832,8.895585060119629,8.849234580993652,7.734793186187744,5.859048366546631,0.11758280545473099,107.0,157.66666666666666,204.0,35.254504651635074,22.809557055806287,2.1351920572758294,0.46834194450678285,165.5221052997152,157.07887059804125,147.74539834687783,data/tiles/train/H637/H637__Samsung_A52_H637_01__x593_y203__t256.png
16.842985153198242,9.121782302856445,9.026902198791504,7.969640731811523,5.64192008972168,0.137320876121521,108.0,161.33333333333334,205.66666666666666,36.118890478845806,24.765621312374194,1.8538695448313414,0.5394122810788051,169.91345335856525,159.48868903974028,148.28109863018454,data/tiles/train/H637/H637__Samsung_A52_H637_01__x849_y203__t256.png
14.619380950927734,8.432808876037598,8.803122520446777,8.401535987854004,6.840412139892578,0.12221672385931015,118.66666666666667,170.0,216.33333333333334,35.59380117625108,22.045977603178688,1.9369519099420467,0.5162750788324527,178.81945962829923,168.8764468044493,158.52706196748053,data/tiles/train/H637/H637__Samsung_A52_H637_01__x1105_y203__t256.png
10.034167289733887,7.112929344177246,7.667359828948975,7.220168590545654,5.821827411651611,0.13183645904064178,126.0,170.0,208.33333333333334,30.097173421688026,15.751106643012045,1.4019187009144343,0.713308125034445,179.82044654164426,169.08132817514704,157.70502923164997,data/tiles/train/H637/H637__Samsung_A52_H637_01__x81_y459__t256.png
16.100265502929688,9.855337142944336,10.562334060668945,9.773744583129883,7.390509605407715,0.11389210820198059,88.0,148.33333333333334,199.66666666666666,41.12495918106746,23.578772971390485,1.7238015630432786,0.5801131762721887,154.3749566423864,146.21293791189734,138.34231703087062,data/tiles/train/H637/H637__Samsung_A52_H637_01__x337_y459__t256.png
21.634387969970703,11.207578659057617,11.202803611755371,10.042390823364258,7.155047416687012,0.106296107172966,72.66666666666667,142.33333333333334,197.0,45.33091205429015,30.632878568140104,1.438386273452271,0.6952235421434466,145.78641416506252,138.23725786032637,131.39784610582177,data/tiles/train/H637/H637__Samsung_A52_H637_01__x593_y459__t256.png
18.737899780273438,9.83253002166748,9.626631736755371,8.430217742919922,6.129880428314209,0.1447163075208664,71.33333333333333,129.66666666666666,180.66666666666666,40.03144413079518,26.42344903282785,1.9785114053739683,0.5054304955148767,137.19625633196864,127.91945388939006,118.95532926236902,data/tiles/train/H637/H637__Samsung_A52_H637_01__x849_y459__t256.png
17.921884536743164,10.168551445007324,10.675395011901855,9.663134574890137,6.819113731384277,0.11183452606201172,87.66666666666667,152.33333333333334,204.0,42.53224625387326,25.696611987070987,1.7922190519505643,0.5579675090004476,157.56389737536452,148.72252117761423,141.14895500624914,data/tiles/train/H637/H637__Samsung_A52_H637_01__x1105_y459__t256.png
10.775279998779297,7.029627799987793,7.3339009284973145,6.914912700653076,5.597555637359619,0.12713564932346344,130.0,172.33333333333334,209.66666666666666,29.20144412137138,16.528336206287946,2.0774655885055897,0.48135574689318583,181.86364188427171,171.37688904311617,160.1352476793615,data/tiles/train/H637/H637__Samsung_A52_H637_01__x81_y715__t256.png
16.028400421142578,9.342179298400879,9.840411186218262,8.942899703979492,6.833120822906494,0.1273186355829239,92.66666666666667,152.0,200.0,39.158058675084234,23.249403730285444,1.7274496992452457,0.5788880570223944,158.95926478755902,149.18850666481532,140.08973201888364,data/tiles/train/H637/H637__Samsung_A52_H637_01__x337_y715__t256.png
18.499238967895508,9.955950736999512,9.894205093383789,8.896196365356445,7.0110673904418945,0.11691887676715851,83.33333333333333,143.0,196.0,41.80937533368379,26.01445992564709,1.9074097772370944,0.5242711932873239,150.02578876123704,141.61868730693138,133.92042969699074,data/tiles/train/H637/H637__Samsung_A52_H637_01__x593_y715__t256.png
18.76368522644043,10.426486015319824,10.54550838470459,9.415556907653809,7.324726104736328,0.11338154226541519,77.33333333333333,140.33333333333334,196.33333333333334,43.28012367363974,26.46105175890108,1.5071311807863526,0.6635122494634113,146.0555122001977,138.02126146749217,131.45169346027782,data/tiles/train/H637/H637__Samsung_A52_H637_01__x849_y715__t256.png
17.1588134765625,9.60666561126709,9.748944282531738,8.937100410461426,7.1953558921813965,0.12314416468143463,94.66666666666667,151.33333333333334,203.33333333333334,40.156770097754496,24.757662949782993,1.6407116656802405,0.6094916132539346,159.88977841066963,150.19936093359266,141.84719713809392,data/tiles/train/H637/H637__Samsung_A52_H637_01__x1105_y715__t256.png
9.447169303894043,6.348110675811768,6.614945888519287,5.924473762512207,4.592623710632324,0.12340356409549713,140.66666666666666,178.33333333333334,210.33333333333334,25.776374175026234,14.919654452400637,1.6831202196408168,0.5941346246873579,188.11205550737208,177.12619254119687,166.30105810928015,data/tiles/train/H637/H637__Samsung_A52_H637_02__x95_y199__t256.png
11.320962905883789,7.331761360168457,7.635752201080322,7.065702438354492,6.050037384033203,0.10886134207248688,117.33333333333333,160.0,200.33333333333334,30.406306869161508,17.3209613496048,1.9371796730871613,0.5162143779912592,168.1323948062769,159.55157269823636,151.43605054853492,data/tiles/train/H637/H637__Samsung_A52_H637_02__x351_y199__t256.png
15.074429512023926,8.712121963500977,8.61560344696045,7.059062480926514,5.289341449737549,0.1130697950720787,106.33333333333333,155.33333333333334,198.0,33.76991891610869,22.45547441042555,1.6732456807116336,0.5976408674037029,162.28997520245548,154.1155080028439,145.58626250715315,data/tiles/train/H637/H637__Samsung_A52_H637_02__x607_y199__t256.png
15.39677619934082,8.558257102966309,8.594064712524414,7.870874881744385,6.366583347320557,0.13741907477378845,106.33333333333333,158.66666666666666,201.33333333333334,35.183893069097486,22.67697653848314,1.6423283190041285,0.6088916499999086,167.0011447204107,156.50541140557792,145.64284723185793,data/tiles/train/H637/H637__Samsung_A52_H637_02__x863_y199__t256.png
13.137693405151367,7.772514343261719,7.897931098937988,7.625915050506592,6.615400314331055,0.12666338682174683,116.33333333333333,172.0,212.33333333333334,35.09372531855304,18.979159399143548,2.1955322275907947,0.45547042645660535,178.60449586318146,168.21934678160721,157.37083933186477,data/tiles/train/H637/H637__Samsung_A52_H637_02__x1119_y199__t256.png
11.582036018371582,7.722177028656006,7.954890251159668,6.98699426651001,5.249462127685547,0.12397182732820511,124.33333333333333,168.33333333333334,205.66666666666666,29.761852194037,18.381149492503294,1.4581877518792272,0.6857827455423751,176.8733707065623,166.5361785584116,156.2789107381502,data/tiles/train/H637/H637__Samsung_A52_H637_02__x95_y455__t256.png
15.344538688659668,8.333253860473633,8.222634315490723,7.748959064483643,6.8621954917907715,0.11404042690992355,93.66666666666667,145.0,192.66666666666666,36.388633049365275,22.072284150144466,1.6515284948167008,0.6054996950633829,152.1574871509932,144.07553132379496,136.3125954993749,data/tiles/train/H637/H637__Samsung_A52_H637_02__x351_y455__t256.png
19.78630256652832,9.488493919372559,9.217216491699219,8.267108917236328,6.576632499694824,0.11807006597518921,78.0,135.0,186.0,39.5951539329335,27.789415795848953,2.1104200197355723,0.4738393261286899,141.51275908759504,133.2512064715481,125.97810991910565,data/tiles/train/H637/H637__Samsung_A52_H637_02__x607_y455__t256.png
18.371076583862305,9.799535751342773,9.750908851623535,9.364151954650879,7.64444637298584,0.14819549024105072,71.0,131.66666666666666,184.66666666666666,41.6547612346666,25.676633419024572,2.0479517497954824,0.4882927540162333,139.52628840049263,129.87300733750803,120.47121372443581,data/tiles/train/H637/H637__Samsung_A52_H637_02__x863_y455__t256.png
17.43609619140625,9.926606178283691,9.989884376525879,9.243858337402344,6.512935638427734,0.12365207076072693,93.33333333333333,153.66666666666666,204.33333333333334,40.707431901083886,25.476914685067506,2.092078986921297,0.47799342484272056,160.81733122710781,151.31461454337148,142.3711528112903,data/tiles/train/H637/H637__Samsung_A52_H637_02__x1119_y455__t256.png
12.4223051071167,7.760105133056641,8.133041381835938,7.428033351898193,4.850033283233643,0.13008305430412292,124.0,167.66666666666666,208.66666666666666,31.055732332451473,19.145550303049728,1.6818319256658436,0.5945897355968529,178.07427193727995,167.07125388097757,156.42996895217942,data/tiles/train/H637/H637__Samsung_A52_H637_02__x95_y711__t256.png
17.614669799804688,9.67473030090332,9.23400592803955,7.856606960296631,5.818393230438232,0.1312730759382248,95.66666666666667,148.66666666666666,199.0,38.052015116999804,25.420632586473964,1.9684383298697508,0.5080169314047898,158.5172731060343,148.0764703840011,139.1294528157767,data/tiles/train/H637/H637__Samsung_A52_H637_02__x351_y711__t256.png
19.39862823486328,9.955060005187988,9.375597953796387,8.185833930969238,5.9897589683532715,0.1379590928554535,87.33333333333333,141.33333333333334,194.66666666666666,39.41856963131873,27.68297693504222,1.9527689848926553,0.5120933442390629,151.31350039018469,141.0870718806902,132.10293939131188,data/tiles/train/H637/H637__Samsung_A52_H637_02__x607_y711__t256.png
17.28968620300293,9.426804542541504,9.29893684387207,9.147068977355957,8.28908920288086,0.12563282251358032,82.0,145.33333333333334,196.0,41.89180183810503,24.28009421992877,1.9237570330115925,0.5198161632888356,151.13773827297663,141.88016041109682,133.79851394048816,data/tiles/train/H637/H637__Samsung_A52_H637_02__x863_y711__t256.png
17.590370178222656,10.111936569213867,10.184515953063965,9.079562187194824,6.4632673263549805,0.11481735855340958,94.33333333333333,154.66666666666666,205.66666666666666,40.767845150574956,25.439570677256338,2.198789272844769,0.45479574252525395,161.58838129621273,152.15409449092235,144.31721456590412,data/tiles/train/H637/H637__Samsung_A52_H637_02__x1119_y711__t256.png
5.282142162322998,4.996394634246826,7.012795925140381,7.845956802368164,6.720400810241699,0.1407560259103775,131.33333333333334,170.33333333333334,204.66666666666666,27.405060382309244,9.244439611100134,1.6846339687977794,0.5936007575067711,181.14388277117837,169.92437353680742,157.30196826497877,data/tiles/train/H637/H637__Samsung_A52_H637_03__x96_y231__t256.png
6.2264180183410645,5.594732284545898,7.210908889770508,8.11428451538086,7.485483169555664,0.11077140271663666,115.0,158.33333333333334,198.33333333333334,30.478381452932478,10.387061466348888,1.5349934790971986,0.6514685655786282,166.34781929300647,158.21187235224667,149.05642752968956,data/tiles/train/H637/H637__Samsung_A52_H637_03__x352_y231__t256.png
8.555685043334961,7.2851667404174805,8.726393699645996,8.492446899414062,6.471749305725098,0.10912943631410599,105.0,148.0,191.33333333333334,31.71488844903326,14.49711734745896,1.6499387928676341,0.6060830888532389,155.87230721198875,148.94109688833385,140.15417837444062,data/tiles/train/H637/H637__Samsung_A52_H637_03__x608_y231__t256.png
9.091779708862305,7.262218952178955,8.601061820983887,8.105355262756348,6.552744388580322,0.12355456501245499,104.66666666666667,152.33333333333334,190.66666666666666,31.958062146942787,14.525391845221957,1.7962842982487133,0.5567047493400402,159.1370790026201,150.9789870035224,140.7717027294338,data/tiles/train/H637/H637__Samsung_A52_H637_03__x864_y231__t256.png
8.604874610900879,7.213736057281494,9.168111801147461,9.375889778137207,7.507699966430664,0.10439737141132355,112.0,162.33333333333334,208.0,35.1054990976029,14.023804155155265,1.9968341805984458,0.5007927096381647,169.46992383364852,162.1074656904419,152.8732758471121,data/tiles/train/H637/H637__Samsung_A52_H637_03__x1120_y231__t256.png
6.678452491760254,5.975425720214844,7.440412521362305,7.3469414710998535,6.239081859588623,0.13610969483852386,124.33333333333333,162.0,199.0,27.362042258900253,11.544199876234284,1.3592215147694053,0.7357152525426675,172.7274415214826,162.0502012910391,150.7139758450753,data/tiles/train/H637/H637__Samsung_A52_H637_03__x96_y487__t256.png
9.340023040771484,7.746547222137451,9.350451469421387,9.637308120727539,8.206289291381836,0.11100402474403381,83.33333333333333,132.66666666666666,180.33333333333334,35.57404075929729,14.920052429782297,1.7042750773652313,0.5867597392470094,139.45725584057442,132.75172138682206,125.10907608789913,data/tiles/train/H637/H637__Samsung_A52_H637_03__x352_y487__t256.png
12.789490699768066,8.509110450744629,9.19603443145752,9.200949668884277,7.33396577835083,0.09945175796747208,72.66666666666667,125.33333333333333,173.33333333333334,37.00610620667132,19.2700467557356,1.9622348948012258,0.5096229827781652,129.9444888040271,124.20043395243881,118.12761673320604,data/tiles/train/H637/H637__Samsung_A52_H637_03__x608_y487__t256.png
12.925599098205566,8.950704574584961,10.113398551940918,9.863602638244629,7.823733329772949,0.1124986782670021,74.66666666666667,128.0,182.0,39.15239985512883,19.004377106973628,1.6057603816651365,0.6227579229243551,135.3581260523164,128.46706358160768,121.29791185711062,data/tiles/train/H637/H637__Samsung_A52_H637_03__x864_y487__t256.png
10.965065002441406,8.174274444580078,9.08301830291748,8.861574172973633,7.666515827178955,0.11292465031147003,89.0,134.66666666666666,189.0,36.80173878119023,17.17992503849184,1.5916552927683136,0.6282767409146317,144.43561743719727,137.25157549348103,129.3804100623253,data/tiles/train/H637/H637__Samsung_A52_H637_03__x1120_y487__t256.png
7.236428737640381,5.9942097663879395,7.152441024780273,7.395926475524902,5.940666198730469,0.13317084312438965,124.66666666666667,165.0,203.66666666666666,28.675369963685245,11.813859896215511,1.6190878665571884,0.6176317052677256,175.63028505005292,164.9270806224952,153.7130762157567,data/tiles/train/H637/H637__Samsung_A52_H637_03__x96_y743__t256.png
10.626266479492188,7.809250354766846,8.930768966674805,8.676346778869629,6.865048408508301,0.12026985734701157,94.0,142.0,189.0,34.8777051605179,16.472368241116357,1.4839801023569796,0.6738634826785868,150.50657243570822,142.1192415218184,133.57887791071212,data/tiles/train/H637/H637__Samsung_A52_H637_03__x352_y743__t256.png
13.16940689086914,8.378968238830566,8.907269477844238,8.33778190612793,6.837457656860352,0.10722852498292923,82.0,132.0,182.0,36.54933598400478,19.33542975980202,2.2317873454781503,0.448071363979239,139.25822305581605,132.23660171581398,125.38310583168351,data/tiles/train/H637/H637__Samsung_A52_H637_03__x608_y743__t256.png
13.502199172973633,8.647527694702148,8.922553062438965,8.099040031433105,6.338982582092285,0.10561719536781311,88.66666666666667,135.0,184.66666666666666,35.44810960515031,20.177918204749243,2.0596464606612734,0.48552021868788997,143.34519616178792,136.15191476809355,129.3416564002013,data/tiles/train/H637/H637__Samsung_A52_H637_03__x864_y743__t256.png
11.464301109313965,8.135913848876953,8.898287773132324,8.427428245544434,7.260737895965576,0.10653426498174667,94.66666666666667,143.0,192.33333333333334,35.703873268467795,17.395727430702287,1.8107667469195272,0.552252244360682,151.18059771390907,143.2543492966541,136.19842852930464,data/tiles/train/H637/H637__Samsung_A52_H637_03__x1120_y743__t256.png
9.978208541870117,3.548151731491089,2.095717668533325,1.3696833848953247,1.121628761291504,0.11421459168195724,147.0,164.0,185.0,14.470283211686642,14.152778604879861,1.9754899908844494,0.5062035265247224,174.41018827683862,165.7338775938325,155.53878293096517,data/tiles/train/H666/H666__Motorola_Edge_H666_01__x36_y15__t256.png
14.899002075195312,4.74850606918335,2.6672210693359375,1.4787945747375488,0.9426261782646179,0.11817450821399689,133.0,159.0,184.0,19.22265555276855,21.451166534339855,2.1360644432582494,0.46815066987148024,168.21256854382452,159.37423622595526,149.42245626251196,data/tiles/train/H666/H666__Motorola_Edge_H666_01__x292_y15__t256.png
19.985626220703125,6.154956817626953,3.8856866359710693,2.7829208374023438,1.9749330282211304,0.12725669145584106,111.0,147.0,182.0,26.627984392225905,28.214584138557445,2.095772188471184,0.47715109757682017,156.371253122398,147.25121426588953,137.65284138218152,data/tiles/train/H666/H666__Motorola_Edge_H666_01__x548_y15__t256.png
19.10262107849121,5.792436599731445,3.5300452709198,2.3570592403411865,1.5467249155044556,0.12588553130626678,116.33333333333333,151.0,184.0,25.020722156078612,27.012578979111133,2.1800666119979164,0.45870158026206026,159.95579641030088,150.92478973380733,140.99429463279284,data/tiles/train/H666/H666__Motorola_Edge_H666_01__x804_y15__t256.png
12.162042617797852,4.482432842254639,3.1154160499572754,2.043647527694702,1.3591222763061523,0.11719872802495956,136.0,162.0,183.0,17.727678388271297,17.616940639972764,2.1550625503109804,0.46402365437406806,170.16517756458077,161.31257264794158,151.30478305372912,data/tiles/train/H666/H666__Motorola_Edge_H666_01__x1060_y15__t256.png
10.669842720031738,3.7694664001464844,2.44331693649292,1.718607783317566,1.48163902759552,0.11151944100856781,146.0,166.0,187.0,15.314348632832825,15.092047217853045,2.111732634647513,0.47354479615120326,175.53007957374936,166.8794553464157,156.96674269993557,data/tiles/train/H666/H666__Motorola_Edge_H666_01__x36_y271__t256.png
15.928069114685059,5.439429759979248,3.567248821258545,2.3468284606933594,1.4491779804229736,0.12157147377729416,125.0,154.33333333333334,183.0,21.788656112691275,22.558808334597522,2.046773949418828,0.4885737383378098,163.5517767641907,154.59735349716445,144.79164426562147,data/tiles/train/H666/H666__Motorola_Edge_H666_01__x292_y271__t256.png
21.247989654541016,6.123373985290527,3.770172119140625,2.4016220569610596,1.2770792245864868,0.12760427594184875,111.0,147.0,184.0,27.162260770283417,30.12179954293616,1.8238319323533756,0.5482961353295603,156.9442628650904,147.8403685674548,138.10601529902644,data/tiles/train/H666/H666__Motorola_Edge_H666_01__x548_y271__t256.png
21.837488174438477,6.4934844970703125,3.9642465114593506,2.234170913696289,1.2853477001190186,0.12790082395076752,111.0,147.0,186.0,27.942022131951532,31.143172039067085,1.9621100384812393,0.5096554119737569,157.39071890187608,148.33400108000765,138.45398644764575,data/tiles/train/H666/H666__Motorola_Edge_H666_01__x804_y271__t256.png
13.610946655273438,4.76682186126709,3.3020615577697754,2.3756349086761475,1.7260501384735107,0.11769972741603851,132.0,160.0,185.0,19.58429386124554,19.422463116389903,2.368558645040869,0.4221976948274993,168.70875318683986,159.68991831283927,149.9418997901455,data/tiles/train/H666/H666__Motorola_Edge_H666_01__x1060_y271__t256.png
9.734244346618652,3.6039109230041504,2.3004648685455322,1.5846991539001465,1.1498264074325562,0.11771007627248764,137.0,155.0,175.0,14.47780120057251,14.017786566113642,2.0457057012140893,0.4888288669316012,164.60750282879275,155.84691443989902,146.29421185481766,data/tiles/train/H666/H666__Motorola_Edge_H666_02__x37_y15__t256.png
12.642396926879883,4.488684177398682,2.7518491744995117,1.658810019493103,1.0455671548843384,0.12080706655979156,127.0,150.0,173.0,17.434779438223917,18.525114188993488,1.9816229375769132,0.5046368716456113,159.54483239007402,150.6306660861994,141.36186329995647,data/tiles/train/H666/H666__Motorola_Edge_H666_02__x293_y15__t256.png
18.869022369384766,5.906398773193359,3.7851369380950928,2.7942495346069336,1.9331505298614502,0.1272870898246765,108.0,142.0,175.33333333333334,25.287831889288647,26.717459486720255,2.409408325519481,0.4150396549262337,151.15358676191966,142.18372703412072,133.06194920999113,data/tiles/train/H666/H666__Motorola_Edge_H666_02__x549_y15__t256.png
18.575937271118164,5.628764629364014,3.4626216888427734,2.0900022983551025,1.2415382862091064,0.1258118599653244,113.0,145.0,177.0,23.977970763681235,26.6000894835543,1.8694098301372293,0.534928181011326,154.31754297358017,145.51549138786814,136.03829742768073,data/tiles/train/H666/H666__Motorola_Edge_H666_02__x805_y15__t256.png
12.403264999389648,4.503530979156494,3.2599098682403564,2.2337820529937744,1.6092609167099,0.12039782106876373,127.0,153.0,175.0,18.035707423471386,17.977158813874755,2.565385983015472,0.3898048896425926,161.54973029406648,152.6305724725944,143.19415347137638,data/tiles/train/H666/H666__Motorola_Edge_H666_02__x1061_y15__t256.png
11.914897918701172,3.9732813835144043,2.4816155433654785,1.73765230178833,1.4185179471969604,0.1149352639913559,135.0,156.0,178.0,16.439430863791525,17.238330675209188,2.078471861913585,0.481122702849261,165.43504132231405,156.61776424532405,147.44765550239234,data/tiles/train/H666/H666__Motorola_Edge_H666_02__x37_y271__t256.png
15.319150924682617,5.078278064727783,3.2607181072235107,2.0506391525268555,1.3137420415878296,0.12382125109434128,119.0,146.0,174.0,20.60019870343918,21.916852885738034,2.14844289519205,0.46545337660027014,155.66425175458457,146.70886957733234,137.50868149283363,data/tiles/train/H666/H666__Motorola_Edge_H666_02__x293_y271__t256.png
22.128263473510742,6.374540328979492,3.936082363128662,2.493716239929199,1.2535194158554077,0.130434051156044,102.0,138.33333333333334,178.0,28.206791779140506,31.479244745391984,1.9934553177701797,0.5016415422436308,148.55949195538102,139.62503040622718,130.36192097855925,data/tiles/train/H666/H666__Motorola_Edge_H666_02__x549_y271__t256.png
21.627853393554688,6.306686878204346,3.8456881046295166,2.377345085144043,1.3453242778778076,0.1306140422821045,105.0,140.33333333333334,179.0,27.67261494122179,30.895736713867983,2.1402171412989146,0.46724230953177587,150.51778436779216,141.77007786622272,132.04325130499626,data/tiles/train/H666/H666__Motorola_Edge_H666_02__x805_y271__t256.png
12.766393661499023,4.745152473449707,3.398555040359497,2.391427516937256,1.6470189094543457,0.12117784470319748,124.0,150.0,174.0,18.80353495807347,18.519503482858962,1.9022381515241331,0.5256965323709697,159.0753768844221,150.04699970440439,140.89788040548765,data/tiles/train/H666/H666__Motorola_Edge_H666_02__x1061_y271__t256.png
13.798358917236328,4.324814796447754,2.697483777999878,1.692924976348877,1.1861947774887085,0.10118114948272705,148.66666666666666,172.0,199.0,19.030314633837826,19.12528730133569,2.144754218451344,0.46625389119041666,181.81810928013877,173.61656548135298,164.2893495229835,data/tiles/train/H666/H666__Motorola_Edge_H666_03__x41_y14__t256.png
18.993614196777344,5.578075885772705,3.160175323486328,2.0254485607147217,1.5362216234207153,0.10519799590110779,132.33333333333334,165.0,198.0,24.474951072259433,27.262866460591077,2.0945488412050675,0.4774297836018304,174.14078253147363,165.94116213063086,156.72028069442268,data/tiles/train/H666/H666__Motorola_Edge_H666_03__x297_y14__t256.png
20.71222496032715,7.107946872711182,4.610738754272461,2.6901426315307617,1.4120802879333496,0.10651367902755737,116.0,155.0,192.66666666666666,28.394951182350162,30.335638205741894,1.6785937721166253,0.5957367509704558,163.21502819956615,155.17881127982648,146.7020043383948,data/tiles/train/H666/H666__Motorola_Edge_H666_03__x553_y14__t256.png
19.245132446289062,6.149259090423584,3.794088363647461,2.347757577896118,1.3842161893844604,0.10161308199167252,124.0,159.0,193.0,25.683112975051376,27.94058624249732,1.9717007423822017,0.5071763571949583,167.12006184635698,159.37962544734373,150.9484034606164,data/tiles/train/H666/H666__Motorola_Edge_H666_03__x809_y14__t256.png
15.635351181030273,5.185366153717041,3.1816678047180176,2.072026491165161,1.2527852058410645,0.09872491657733917,141.0,170.0,198.0,21.257538338264546,22.79178197758487,2.108598950805767,0.4742485523944068,178.19185542335842,170.3098095667557,161.41147802559922,data/tiles/train/H666/H666__Motorola_Edge_H666_03__x1065_y14__t256.png
14.758234024047852,4.484099388122559,2.767293691635132,1.9618343114852905,1.5545929670333862,0.09697523713111877,151.0,176.0,204.0,19.99348478626272,20.774857865705826,2.2041103934390276,0.45369778345798767,185.55449973989943,177.6695335529738,168.37066065545343,data/tiles/train/H666/H666__Motorola_Edge_H666_03__x41_y270__t256.png
18.121557235717773,5.336078643798828,3.1470158100128174,1.9220633506774902,1.3503304719924927,0.10562761127948761,134.0,165.0,197.0,23.54625497840761,25.740181642410498,2.064162425863103,0.484457999753514,174.1393684649321,165.72133254594087,156.65736269844027,data/tiles/train/H666/H666__Motorola_Edge_H666_03__x297_y270__t256.png
19.73229217529297,6.157871246337891,3.8360798358917236,2.4120638370513916,1.4921774864196777,0.11160401999950409,120.0,154.0,190.0,26.194108580287683,28.225357778230713,2.079953273366551,0.48078003136168035,163.75511871241352,155.1579413911774,146.44391142628706,data/tiles/train/H666/H666__Motorola_Edge_H666_03__x553_y270__t256.png
19.29796600341797,5.869421482086182,3.607908010482788,2.1984150409698486,1.3621047735214233,0.10968045890331268,125.0,157.66666666666666,193.0,25.212317290491868,27.894407801224332,2.0665544473587416,0.48389724320019617,167.20724983040824,158.88123358438713,149.80838739976693,data/tiles/train/H666/H666__Motorola_Edge_H666_03__x809_y270__t256.png
17.697643280029297,5.481684684753418,3.468366861343384,2.3128387928009033,1.7481181621551514,0.09981713443994522,136.0,168.0,200.0,23.787961544455467,25.27971137111925,1.9418128218024642,0.514982694918948,176.70663629091163,168.6634551841675,159.89525581718897,data/tiles/train/H666/H666__Motorola_Edge_H666_03__x1065_y270__t256.png
3.777796983718872,2.4758856296539307,2.2583189010620117,1.8348191976547241,1.7937872409820557,0.21612298488616943,163.66666666666666,176.33333333333334,187.66666666666666,9.465832910264973,5.772450748248911,1.684264615954507,0.5937309319018613,190.7031692773074,185.07106969628484,152.65231828375724,data/tiles/train/H666/H666__Samsung_A52_H666_01__x86_y227__t256.png
6.421613693237305,3.5121827125549316,3.152846574783325,2.3883719444274902,1.6701956987380981,0.23092874884605408,142.66666666666666,159.66666666666666,176.0,12.604774316113872,9.45909693490463,1.8203080522736974,0.5493575654686179,173.62053408755705,168.41191372698722,136.7697246273707,data/tiles/train/H666/H666__Samsung_A52_H666_01__x342_y227__t256.png
9.98636531829834,3.8298087120056152,2.9445109367370605,2.165518045425415,1.422327995300293,0.24640879034996033,133.66666666666666,152.33333333333334,173.33333333333334,15.088398428838861,13.783511740447217,1.661224325752418,0.6019656614088349,167.45160897759078,162.28699083812867,129.71514751134367,data/tiles/train/H666/H666__Samsung_A52_H666_01__x598_y227__t256.png
9.787190437316895,3.777482271194458,2.935286045074463,2.166464328765869,1.5738502740859985,0.25827980041503906,134.0,153.33333333333334,173.33333333333334,14.884705893450313,13.639428824526165,1.3538387420080733,0.7386404074363805,168.9067856956771,163.11671327092415,129.20053146221582,data/tiles/train/H666/H666__Samsung_A52_H666_01__x854_y227__t256.png
7.608936786651611,3.26484751701355,2.516649007797241,1.756765604019165,1.5052220821380615,0.2263021618127823,153.0,170.66666666666666,187.0,12.737262806871119,10.957341820582819,2.178767305820143,0.45897512659048034,185.02818614673478,179.67370451464916,146.46988496159594,data/tiles/train/H666/H666__Samsung_A52_H666_01__x1110_y227__t256.png
4.683210372924805,2.792336940765381,2.393042802810669,1.7889471054077148,1.2564661502838135,0.22965392470359802,153.66666666666666,167.0,178.66666666666666,9.38998676965749,7.082375793473342,1.7579628203247124,0.5688402441954321,181.46715556791324,175.7116814958988,143.16569929097733,data/tiles/train/H666/H666__Samsung_A52_H666_01__x86_y483__t256.png
10.941046714782715,4.529642105102539,3.56966233253479,2.6734108924865723,1.8337515592575073,0.2546255886554718,120.33333333333333,144.66666666666666,167.66666666666666,17.62544311600907,15.861568682846785,1.780996173084202,0.561483519792337,158.49912288319584,153.2116891011724,121.71371254884933,data/tiles/train/H666/H666__Samsung_A52_H666_01__x342_y483__t256.png
14.90656852722168,4.763289451599121,3.3602631092071533,2.2095258235931396,1.1739320755004883,0.26724421977996826,109.66666666666667,134.0,162.66666666666666,19.951481603035756,20.754049682187684,1.8986818241156107,0.5266811886534971,149.21053910507862,144.02917693616135,113.02070677265942,data/tiles/train/H666/H666__Samsung_A52_H666_01__x598_y483__t256.png
15.053823471069336,5.031435012817383,3.4707252979278564,2.3771657943725586,1.489118218421936,0.2724873423576355,108.0,135.0,163.66666666666666,20.69837364405253,21.43416000250068,1.902023125608665,0.5257559629723171,149.75112446381743,144.34574440373027,112.79440112533213,data/tiles/train/H666/H666__Samsung_A52_H666_01__x854_y483__t256.png
11.474503517150879,4.037771701812744,2.7862167358398438,1.7783868312835693,1.2276263236999512,0.24317704141139984,133.33333333333334,155.0,177.0,16.279938506803656,16.684607503853226,2.129832827318452,0.4695204183039293,169.5585770065076,164.1950021691974,131.82191757049893,data/tiles/train/H666/H666__Samsung_A52_H666_01__x1110_y483__t256.png
4.716981887817383,2.572234630584717,2.065333127975464,1.5066485404968262,1.113545536994934,0.22480884194374084,156.66666666666666,169.66666666666666,181.33333333333334,9.182457344906137,7.094840683667393,1.9338424435069612,0.5171052085228475,184.19298215123655,178.4966544430734,146.06934427084238,data/tiles/train/H666/H666__Samsung_A52_H666_01__x86_y739__t256.png
9.751263618469238,3.9826619625091553,3.0134170055389404,2.027099609375,1.4292826652526855,0.23817335069179535,132.33333333333334,153.66666666666666,173.66666666666666,15.518264062218421,14.111376245190936,1.9331971454206294,0.5172778174066762,167.60660801360473,162.09224842521735,131.03092300484147,data/tiles/train/H666/H666__Samsung_A52_H666_01__x342_y739__t256.png
13.244624137878418,4.485327243804932,3.192606210708618,2.3434829711914062,1.750078797340393,0.2554592490196228,115.66666666666667,142.33333333333334,168.0,19.503443129218354,18.18689768127053,1.8972824930722425,0.5270696396827624,156.11897653103736,150.7038084988196,119.80209345924177,data/tiles/train/H666/H666__Samsung_A52_H666_01__x598_y739__t256.png
12.233312606811523,4.023242473602295,2.736128330230713,1.8076592683792114,1.3252085447311401,0.2475317120552063,123.66666666666667,147.66666666666666,171.0,17.72038858910522,16.931477238675242,1.9922880330690795,0.501935454814493,161.79161239906225,156.43431449162108,125.20458452722063,data/tiles/train/H666/H666__Samsung_A52_H666_01__x854_y739__t256.png
10.186017036437988,3.488748073577881,2.2342443466186523,1.4811831712722778,1.0004162788391113,0.22406208515167236,143.66666666666666,163.66666666666666,182.66666666666666,14.668309479349015,14.664835198614512,1.7589552742825925,0.5685192879096145,177.66098869615044,172.23218905731798,140.9977427028529,data/tiles/train/H666/H666__Samsung_A52_H666_01__x1110_y739__t256.png
20.529970169067383,7.213019847869873,4.267035961151123,2.4203667640686035,1.3474119901657104,0.11345409601926804,117.0,157.66666666666666,193.0,28.221607460645856,30.947857322840726,1.954341312192896,0.5116813494966935,165.3657643588409,156.2972583723755,147.61846260628144,data/tiles/train/H668/H668__Motorola_Edge_H668_01__x54_y15__t256.png
24.286890029907227,9.159295082092285,6.100222110748291,3.748997211456299,2.0042829513549805,0.11316435039043427,97.0,149.0,191.66666666666666,34.67294421903192,36.46083389704842,2.054352602784993,0.48677135494868073,155.37770833333335,146.61651041666667,138.75211805555554,data/tiles/train/H668/H668__Motorola_Edge_H668_01__x310_y15__t256.png
27.202014923095703,9.793390274047852,6.552516460418701,4.131336688995361,1.8006505966186523,0.11166836321353912,89.33333333333333,145.66666666666666,192.66666666666666,38.03840322109456,40.32611971456207,2.2426327075370964,0.44590449280400435,151.73339115351257,143.03627059843885,135.7097484822203,data/tiles/train/H668/H668__Motorola_Edge_H668_01__x566_y15__t256.png
26.606298446655273,9.829052925109863,6.771660804748535,4.4563422203063965,2.3822555541992188,0.11544913053512573,88.0,145.0,190.66666666666666,37.93910268396335,39.0648370309798,2.288232023875361,0.43701861942583736,150.91768419592063,142.14380116553352,134.46520743721382,data/tiles/train/H668/H668__Motorola_Edge_H668_01__x822_y15__t256.png
20.661447525024414,8.132574081420898,5.62116003036499,3.4555840492248535,1.8940396308898926,0.1143726259469986,108.33333333333333,154.0,190.0,30.18573512467015,31.104217348258704,2.1055610562754272,0.47493279618731254,160.6419047949724,151.58464983854728,143.27622304781084,data/tiles/train/H668/H668__Motorola_Edge_H668_01__x1078_y15__t256.png
21.721776962280273,7.706177234649658,4.654239654541016,2.640118360519409,1.4956101179122925,0.10850746929645538,113.66666666666667,157.0,194.0,29.70961982781137,32.76170133035616,2.0476383583648317,0.48836748731282953,164.2957648612028,155.49204391481084,147.3980474585693,data/tiles/train/H668/H668__Motorola_Edge_H668_01__x54_y271__t256.png
25.31032943725586,9.493731498718262,6.508166313171387,4.319494724273682,2.466813087463379,0.1123831644654274,90.66666666666667,145.0,189.66666666666666,36.35734039278317,37.51003026181882,2.0151695989390075,0.49623614832543267,150.98302257285349,142.39642379272595,134.93780735746432,data/tiles/train/H668/H668__Motorola_Edge_H668_01__x310_y271__t256.png
29.654178619384766,10.424409866333008,7.054652214050293,4.352659225463867,2.4729418754577637,0.11338093131780624,77.33333333333333,137.0,189.33333333333334,41.15189271366099,43.42847601537671,1.903299986899329,0.5254032506084879,143.31637379221814,134.9014345933006,127.96523669922112,data/tiles/train/H668/H668__Motorola_Edge_H668_01__x566_y271__t256.png
30.147045135498047,11.163704872131348,7.856368064880371,5.396533966064453,2.751753091812134,0.11782421171665192,72.0,135.66666666666666,189.66666666666666,43.321808245699856,44.134644914583866,1.7761471372224298,0.563016418540537,141.4769449698905,132.9946375579196,125.75803064748452,data/tiles/train/H668/H668__Motorola_Edge_H668_01__x822_y271__t256.png
23.28759002685547,9.273374557495117,6.640480995178223,4.140954494476318,2.0789215564727783,0.11283523589372635,97.0,149.0,190.66666666666666,34.4221438386219,34.63008233811419,2.026045627108515,0.49357229996204816,155.20862359501763,146.50200649722913,138.64603999096641,data/tiles/train/H668/H668__Motorola_Edge_H668_01__x1078_y271__t256.png
22.282018661499023,7.675856113433838,4.726829528808594,2.8681437969207764,1.5110503435134888,0.10674355179071426,116.0,160.66666666666666,198.66666666666666,30.517167310489803,33.09812365583045,2.0606793850417895,0.4852768495957563,167.79035588485362,158.95950096302337,150.79861532855583,data/tiles/train/H668/H668__Motorola_Edge_H668_02__x65_y15__t256.png
28.34725570678711,9.911055564880371,6.44407320022583,4.061398506164551,2.2331888675689697,0.10994964838027954,91.66666666666667,150.0,198.0,39.19433433257589,42.34064249901075,2.0132538134630007,0.49670836002535546,156.05094094180905,147.33381319920215,139.80797849275865,data/tiles/train/H668/H668__Motorola_Edge_H668_02__x321_y15__t256.png
28.095348358154297,10.643163681030273,7.351027965545654,4.709752082824707,2.6792285442352295,0.11642328649759293,83.0,145.33333333333334,193.66666666666666,40.76132412747386,41.89971009811358,2.1720163547740143,0.46040168979484697,150.39196197810966,141.46146640994954,133.8705659919169,data/tiles/train/H668/H668__Motorola_Edge_H668_02__x577_y15__t256.png
27.758798599243164,10.435929298400879,7.1171088218688965,4.743863582611084,2.5218257904052734,0.11934083700180054,85.0,147.0,193.66666666666666,40.02709743156386,41.19348335062153,1.6706368359632544,0.5985741356070489,152.21868328328677,143.18608647353895,135.09334698765903,data/tiles/train/H668/H668__Motorola_Edge_H668_02__x833_y15__t256.png
26.1132755279541,10.156688690185547,7.030400276184082,4.779262542724609,2.6548116207122803,0.11510220170021057,94.33333333333333,154.33333333333334,198.66666666666666,38.44855977858849,39.18120856019544,1.8966225171794544,0.5272530463716846,159.36203875578994,150.24205887965581,142.03386360876428,data/tiles/train/H668/H668__Motorola_Edge_H668_02__x1089_y15__t256.png
22.981908798217773,7.679041862487793,4.586860656738281,2.6959171295166016,1.472156047821045,0.10192909836769104,118.66666666666667,163.66666666666666,201.66666666666666,30.745135050112072,34.18707409228633,2.094719217586054,0.4773909513048703,170.53550717088586,161.80353856304475,154.01112963155884,data/tiles/train/H668/H668__Motorola_Edge_H668_02__x65_y271__t256.png
28.293310165405273,10.091646194458008,6.794801235198975,4.357412815093994,2.452317476272583,0.10948590934276581,88.66666666666667,148.0,196.66666666666666,39.66018749848952,41.87598834042025,2.2583855095587095,0.4427941977875163,153.9670964718949,145.22202939798345,138.011332280513,data/tiles/train/H668/H668__Motorola_Edge_H668_02__x321_y271__t256.png
28.99125099182129,10.979212760925293,7.7892608642578125,5.2341389656066895,3.130643606185913,0.11751323938369751,76.33333333333333,140.33333333333334,191.33333333333334,42.37241921816951,43.056467893564346,1.896395912076544,0.527316049160328,145.37164451394318,136.4523325514725,129.26871687950657,data/tiles/train/H668/H668__Motorola_Edge_H668_02__x577_y271__t256.png
29.835731506347656,11.718871116638184,8.801481246948242,6.333968639373779,3.388009786605835,0.12107454240322113,70.0,140.33333333333334,192.66666666666666,45.025548889984606,44.00087373106765,2.01688915694218,0.4958130676432943,144.26443584358782,135.28250342780777,127.82371522293768,data/tiles/train/H668/H668__Motorola_Edge_H668_02__x833_y271__t256.png
27.549877166748047,10.341930389404297,7.1929168701171875,4.538335800170898,2.5162947177886963,0.11470938473939896,91.33333333333333,152.66666666666666,199.33333333333334,39.731882867889624,40.89987918908262,2.2612205851639557,0.44223903079649896,157.76894353844284,148.71513920005557,140.67130377394537,data/tiles/train/H668/H668__Motorola_Edge_H668_02__x1089_y271__t256.png
23.52109146118164,8.180420875549316,5.176217079162598,3.2321901321411133,1.9571559429168701,0.10190132260322571,110.66666666666667,157.66666666666666,198.66666666666666,32.52729719465521,35.008175122539974,1.892663013152265,0.5283560745103174,164.62478324200598,156.15179995838247,148.67912880627037,data/tiles/train/H668/H668__Motorola_Edge_H668_03__x52_y14__t256.png
30.374948501586914,12.34822940826416,9.521565437316895,6.51277494430542,3.464597463607788,0.09914620965719223,72.0,148.33333333333334,199.33333333333334,46.853778428390115,44.39392542529938,2.1014672847222484,0.47585799087620356,148.95360180524216,141.1498177399757,134.90838396111786,data/tiles/train/H668/H668__Motorola_Edge_H668_03__x308_y14__t256.png
30.062236785888672,10.887779235839844,7.496155738830566,5.061275482177734,2.7760937213897705,0.10479673743247986,79.33333333333333,144.33333333333334,195.33333333333334,42.71876105735671,44.602058676423795,2.225788323384978,0.4492790215015597,148.40340761067787,139.86670024488944,133.66429303367664,data/tiles/train/H668/H668__Motorola_Edge_H668_03__x564_y14__t256.png
28.734697341918945,10.23750114440918,6.911590099334717,4.27512264251709,2.216277837753296,0.10705907642841339,84.66666666666667,144.66666666666666,193.66666666666666,40.18186476642989,42.413810742977,2.2608514220354636,0.4423112417974338,150.19882005899706,141.5603331598126,134.97039736248482,data/tiles/train/H668/H668__Motorola_Edge_H668_03__x820_y14__t256.png
24.38544273376465,8.353681564331055,5.002839088439941,2.8161284923553467,1.5884191989898682,0.10036889463663101,107.66666666666667,155.66666666666666,197.0,32.89050889422706,36.46486277974737,2.1697288307152864,0.4608870868302624,162.0775286549099,153.47007924534844,146.61526990237388,data/tiles/train/H668/H668__Motorola_Edge_H668_03__x1076_y14__t256.png
24.324676513671875,8.530172348022461,5.523210048675537,3.674847364425659,1.9118667840957642,0.09881848841905594,110.66666666666667,161.66666666666666,202.0,33.80117885313003,36.25024695989414,2.151691864274176,0.4647505605256946,167.28542675203443,158.8997102354554,151.549303350511,data/tiles/train/H668/H668__Motorola_Edge_H668_03__x52_y270__t256.png
29.71514892578125,11.345231056213379,8.01422119140625,5.383849620819092,2.6004247665405273,0.10088681429624557,81.33333333333333,148.66666666666666,199.66666666666666,43.28706738618997,43.923245439784125,2.3123118419195996,0.43246762044423703,152.16414334328772,144.06967497742897,137.5760295853879,data/tiles/train/H668/H668__Motorola_Edge_H668_03__x308_y270__t256.png
30.6265811920166,11.329492568969727,7.800099849700928,5.275457382202148,3.0289502143859863,0.10702191293239594,74.33333333333333,140.66666666666666,194.66666666666666,44.201971040586336,45.07166644773931,2.1042817591161875,0.4752215313694525,145.6617417271433,137.08746831487204,130.90513559498595,data/tiles/train/H668/H668__Motorola_Edge_H668_03__x564_y270__t256.png
29.836820602416992,10.446711540222168,7.0934600830078125,4.391932964324951,2.452561140060425,0.10688330233097076,82.33333333333333,144.66666666666666,195.66666666666666,41.595352476637224,43.58642744380501,2.6162848317545744,0.38222138043332393,149.9322722302258,141.31775814486315,134.75470813878812,data/tiles/train/H668/H668__Motorola_Edge_H668_03__x820_y270__t256.png
26.34442710876465,9.4464111328125,6.053137302398682,3.8466732501983643,2.285008192062378,0.0992141142487526,99.66666666666667,154.66666666666666,199.66666666666666,36.72458793173827,39.05516171978492,1.9385429997218366,0.5158513379086721,160.31875629318426,151.86788653171766,145.1925974792542,data/tiles/train/H668/H668__Motorola_Edge_H668_03__x1076_y270__t256.png
6.675995349884033,4.368636131286621,4.020837783813477,2.983816623687744,1.9477269649505615,0.18750303983688354,141.66666666666666,161.33333333333334,181.0,14.697511665106628,11.0315451576766,1.620395387037204,0.6171333293094842,176.56626631491253,161.8616183004721,146.2726499583449,data/tiles/train/H668/H668__Samsung_A52_H668_01__x83_y226__t256.png
9.143730163574219,5.349997520446777,4.823777675628662,3.520541191101074,2.2431623935699463,0.19442003965377808,121.33333333333333,147.33333333333334,171.33333333333334,18.606024771906014,14.688944038021402,2.0146031544219145,0.4963756746856418,161.12365152436377,147.40436028836967,132.5395292278294,data/tiles/train/H668/H668__Samsung_A52_H668_01__x339_y226__t256.png
12.688986778259277,5.888763427734375,4.865779876708984,3.4172096252441406,2.005012035369873,0.21044296026229858,110.0,138.66666666666666,166.0,20.993080634091438,19.075259534304774,1.7140728915418295,0.5834057611753534,152.87683967263817,139.25566888498898,123.7066949314521,data/tiles/train/H668/H668__Samsung_A52_H668_01__x595_y226__t256.png
13.06773567199707,5.583425998687744,4.2692060470581055,2.866347074508667,1.7161669731140137,0.21955931186676025,112.33333333333333,140.0,167.0,20.323488632707434,19.42510367623403,1.7092779100768463,0.5850423702925183,155.255264117208,140.81722707309876,124.47676497647855,data/tiles/train/H668/H668__Samsung_A52_H668_01__x851_y226__t256.png
11.640703201293945,5.658646583557129,4.569572925567627,3.180269479751587,1.837428331375122,0.20935676991939545,124.0,151.66666666666666,178.33333333333334,20.30718781390114,17.85678495754757,1.923944463957532,0.5197655227235672,167.1572263761428,152.14222021754594,135.42407577676389,data/tiles/train/H668/H668__Samsung_A52_H668_01__x1107_y226__t256.png
7.168621063232422,4.433656692504883,3.698389768600464,2.416149377822876,1.3621459007263184,0.19857706129550934,130.66666666666666,150.0,169.33333333333334,14.384189685182788,11.855494821533592,1.5033008883719872,0.6652028264833654,164.97882990927104,150.53079917961554,135.14869468488197,data/tiles/train/H668/H668__Samsung_A52_H668_01__x83_y482__t256.png
14.364521026611328,6.860659599304199,5.634443283081055,4.01071834564209,2.5188519954681396,0.2109900414943695,94.0,129.0,161.33333333333334,24.91184597386516,21.765253717488218,1.7598508911437079,0.5682299591587051,142.0371083584886,128.73743103986678,114.91180042330245,data/tiles/train/H668/H668__Samsung_A52_H668_01__x339_y482__t256.png
20.168498992919922,8.084830284118652,6.2863874435424805,4.261204242706299,2.1662585735321045,0.2206045687198639,75.66666666666667,116.33333333333333,158.0,30.50856774652707,29.522425915657085,1.9561891597319125,0.5111980071175969,129.81751571344236,116.9675139771504,104.02104385873528,data/tiles/train/H668/H668__Samsung_A52_H668_01__x595_y482__t256.png
19.542808532714844,8.584094047546387,6.967946529388428,5.052326679229736,2.8753559589385986,0.2259785681962967,73.66666666666667,116.33333333333333,159.66666666666666,31.93329010060561,29.128486415164,2.125484965761833,0.47048086253650456,130.07405865000868,116.92937706055874,103.66005552663543,data/tiles/train/H668/H668__Samsung_A52_H668_01__x851_y482__t256.png
17.88408660888672,8.132950782775879,6.733280658721924,4.714440822601318,2.3600785732269287,0.20954588055610657,93.0,135.66666666666666,174.0,29.904167695879302,27.18133480130136,1.6864580898273691,0.5929587020465851,149.02337057566334,134.88771698145993,120.7578843113065,data/tiles/train/H668/H668__Samsung_A52_H668_01__x1107_y482__t256.png
8.49718189239502,4.812661170959473,4.11274528503418,2.8027753829956055,1.7129099369049072,0.18290264904499054,133.0,155.33333333333334,177.0,16.569931821442683,13.665694449124143,1.8413464851066523,0.5430808422468513,169.4292050791442,155.86623760654027,141.0002957036006,data/tiles/train/H668/H668__Samsung_A52_H668_01__x83_y738__t256.png
13.020975112915039,5.841580390930176,4.554198265075684,3.095951795578003,1.8525687456130981,0.19431757926940918,110.33333333333333,140.33333333333334,168.33333333333334,21.542395982710996,19.7063196608111,1.944196908584173,0.5143511933306345,153.7270865157617,140.0165949173726,126.50642271906679,data/tiles/train/H668/H668__Samsung_A52_H668_01__x339_y738__t256.png
17.183618545532227,7.281263828277588,5.765927791595459,4.100179195404053,2.2452540397644043,0.20549578964710236,90.33333333333333,128.33333333333334,164.33333333333334,27.392867624441305,25.405719911829095,1.6913110842303023,0.5912572851463865,141.4799784957425,128.19197752458248,115.12212337200631,data/tiles/train/H668/H668__Samsung_A52_H668_01__x595_y738__t256.png
18.115558624267578,8.146439552307129,6.965170860290527,5.020030498504639,3.003258466720581,0.20597177743911743,84.33333333333333,129.0,167.33333333333334,30.75157465283574,26.958018519247158,1.4682972700809411,0.6810609951926657,141.00748614802077,127.34762822850989,114.70760599586612,data/tiles/train/H668/H668__Samsung_A52_H668_01__x851_y738__t256.png
17.56028175354004,8.460546493530273,7.414834976196289,5.3963494300842285,2.95609188079834,0.18912239372730255,94.66666666666667,142.0,180.0,31.311718528421885,26.248886613201865,1.9841855252523697,0.5039851300562277,153.40001388214063,139.18581245228015,126.95217602554314,data/tiles/train/H668/H668__Samsung_A52_H668_01__x1107_y738__t256.png
6.366354465484619,4.1743621826171875,3.9234464168548584,2.821404457092285,1.714948058128357,0.19729088246822357,140.33333333333334,160.33333333333334,179.0,14.283977892814114,10.664874062366524,1.61670750045826,0.6185410779108449,176.18658168050297,159.95744902566952,144.5728924241898,data/tiles/train/H668/H668__Samsung_A52_H668_02__x79_y181__t256.png
8.02456283569336,5.145208358764648,4.937985897064209,3.696540117263794,2.2089338302612305,0.20975898206233978,122.66666666666667,148.0,170.33333333333334,17.955479967901812,13.07789075314061,1.9863999255271785,0.5034232971664082,163.0531064036503,147.19918804975796,132.12241711341278,data/tiles/train/H668/H668__Samsung_A52_H668_02__x335_y181__t256.png
12.042192459106445,5.973872661590576,5.265843391418457,4.064996719360352,2.5497946739196777,0.21956641972064972,110.66666666666667,139.66666666666666,168.33333333333334,21.553495360495617,17.929586061050706,1.89660170970488,0.5272588308251629,155.2844740771608,139.72373858388028,124.57565024134459,data/tiles/train/H668/H668__Samsung_A52_H668_02__x591_y181__t256.png
13.168951034545898,6.372101783752441,5.4756364822387695,3.798784017562866,2.112200975418091,0.22049541771411896,109.33333333333333,139.33333333333334,170.33333333333334,22.72801154337357,19.95812446339866,1.566437526587547,0.6383912432042407,155.15870040612307,139.6615120274914,124.35030719566802,data/tiles/train/H668/H668__Samsung_A52_H668_02__x847_y181__t256.png
11.960917472839355,5.723454475402832,4.578983783721924,3.018904685974121,1.891268014907837,0.203809455037117,123.33333333333333,152.33333333333334,179.33333333333334,20.76726410307644,18.369957645599513,1.9940252308331767,0.5014981678953798,167.7621009089803,152.04583137806978,136.74546813354885,data/tiles/train/H668/H668__Samsung_A52_H668_02__x1103_y181__t256.png
7.780549049377441,5.27371072769165,4.858035564422607,3.552189350128174,2.1031582355499268,0.2137155532836914,124.33333333333333,148.33333333333334,171.33333333333334,17.416931572030435,13.117657230516715,1.630461137399689,0.6133234194068751,164.02601572397992,147.71372290390323,132.38707717940264,data/tiles/train/H668/H668__Samsung_A52_H668_02__x79_y437__t256.png
15.564411163330078,8.188531875610352,7.16592264175415,5.405808925628662,3.1255030632019043,0.2276192307472229,84.33333333333333,126.33333333333333,164.0,29.25925279132335,24.076078893500114,1.8067235355041178,0.553488112790304,139.91979148566463,125.21244135534317,111.35457862728063,data/tiles/train/H668/H668__Samsung_A52_H668_02__x335_y437__t256.png
20.56320571899414,8.803054809570312,7.590351581573486,6.025603771209717,3.587839126586914,0.23549479246139526,68.0,114.33333333333333,160.0,34.02480278630247,30.014704921434458,1.7595329813805825,0.5683326260900037,128.02387152777777,114.07777777777778,101.08446180555555,data/tiles/train/H668/H668__Samsung_A52_H668_02__x591_y437__t256.png
19.80960464477539,8.359610557556152,6.837569236755371,4.703380584716797,2.6842989921569824,0.23577269911766052,76.33333333333333,119.0,161.33333333333334,31.30207445163161,29.374862990769515,2.0213898678146713,0.49470911867244194,133.49000225839515,119.05797126626479,105.3615690634609,data/tiles/train/H668/H668__Samsung_A52_H668_02__x847_y437__t256.png
16.770313262939453,6.975438594818115,5.2271952629089355,3.4120683670043945,1.922393798828125,0.2210320681333542,101.0,137.33333333333334,171.33333333333334,26.01214654782034,25.240499292029256,2.149497196250679,0.46522507763409887,152.13348129909312,136.61564737909868,121.87945414506424,data/tiles/train/H668/H668__Samsung_A52_H668_02__x1103_y437__t256.png
8.276079177856445,5.1295905113220215,4.550356864929199,3.371358633041382,1.9601393938064575,0.20688490569591522,129.66666666666666,153.66666666666666,176.0,17.3972824484766,13.516108386352482,2.0342863480305,0.49157288056725784,169.50807082167742,153.219137143155,137.7526280124407,data/tiles/train/H668/H668__Samsung_A52_H668_02__x79_y693__t256.png
14.725199699401855,7.3161725997924805,6.112818717956543,4.35352087020874,2.6299030780792236,0.2187839299440384,97.66666666666667,136.33333333333334,169.33333333333334,26.312961547200175,22.645143954819627,2.0740725329181795,0.48214321540289606,150.26429761243753,134.82178303720156,120.67313298167684,data/tiles/train/H668/H668__Samsung_A52_H668_02__x335_y693__t256.png
18.24767303466797,7.430055618286133,5.822073459625244,3.8383426666259766,1.7194410562515259,0.2286682277917862,88.66666666666667,128.33333333333334,165.0,28.147725386334407,26.903119152218512,1.875016203460943,0.5333287243887171,142.60091655527975,127.48978422761122,113.37316645546548,data/tiles/train/H668/H668__Samsung_A52_H668_02__x591_y693__t256.png
18.32033348083496,7.463533401489258,5.843448638916016,3.9550299644470215,2.4737119674682617,0.23014016449451447,89.0,130.33333333333334,166.33333333333334,28.640569310631545,26.89803708742834,1.852917858636846,0.5396893312559897,144.21645675028626,128.8509420214427,114.4859303979737,data/tiles/train/H668/H668__Samsung_A52_H668_02__x847_y693__t256.png
16.77834701538086,6.895519733428955,5.364349842071533,3.549321174621582,2.0612754821777344,0.21585975587368011,105.0,142.66666666666666,176.33333333333334,26.374361512297963,25.078522791330855,1.783084690121612,0.5608258573134834,157.33143699592404,141.39642702280807,126.71913971034603,data/tiles/train/H668/H668__Samsung_A52_H668_02__x1103_y693__t256.png
6.239123821258545,4.053701400756836,3.72035551071167,2.7075307369232178,1.7118725776672363,0.19066360592842102,144.33333333333334,163.0,180.33333333333334,13.813110814222435,10.203257233572481,1.7449552808015654,0.5730805889424504,178.7700479066861,162.54750746372284,147.69160938693327,data/tiles/train/H668/H668__Samsung_A52_H668_03__x75_y199__t256.png
8.234683990478516,4.956409454345703,4.515240669250488,3.418438673019409,2.2711925506591797,0.20504143834114075,124.66666666666667,147.33333333333334,170.33333333333334,17.14855789825863,13.095391501741936,1.7593538297398474,0.5683904983160029,163.13307839388145,147.42000695289414,132.82916739092647,data/tiles/train/H668/H668__Samsung_A52_H668_03__x331_y199__t256.png
12.4988374710083,5.939924240112305,5.0482869148254395,3.859745740890503,2.3877763748168945,0.21989597380161285,109.33333333333333,139.0,166.66666666666666,21.42978485662559,18.456735271202078,1.706645647470353,0.5859447164572407,154.09828525807907,138.67586518101982,123.58007914193482,data/tiles/train/H668/H668__Samsung_A52_H668_03__x587_y199__t256.png
13.619550704956055,6.171579360961914,5.020801544189453,3.4593451023101807,1.9303874969482422,0.2258002907037735,109.0,139.0,169.0,22.271141826362236,20.4558250000239,1.6824317265708544,0.5943777594103078,154.99047800749273,139.05916123213544,123.55846746218954,data/tiles/train/H668/H668__Samsung_A52_H668_03__x843_y199__t256.png
11.520557403564453,5.55743932723999,4.464199542999268,3.039944887161255,1.838560700416565,0.20918016135692596,125.0,153.66666666666666,179.0,20.149878076442366,17.676002274795426,1.799525122124378,0.5557021614788453,169.16158192090396,152.69140373750542,137.15636679704477,data/tiles/train/H668/H668__Samsung_A52_H668_03__x1099_y199__t256.png
7.561729907989502,4.789524555206299,4.294175624847412,2.9808690547943115,1.6851178407669067,0.20531736314296722,130.0,152.33333333333334,172.33333333333334,15.865398227744828,12.412989550700091,1.8652271640910087,0.5361277270950187,167.72191742768845,151.53369908677385,136.52845584916142,data/tiles/train/H668/H668__Samsung_A52_H668_03__x75_y455__t256.png
16.1863956451416,8.269390106201172,7.131574630737305,4.999887466430664,2.545609712600708,0.22111257910728455,86.0,127.66666666666667,166.0,29.382623408170282,25.04387669256728,1.776493173650568,0.5629067506885324,141.24321559243268,126.658360644367,113.1576236799667,data/tiles/train/H668/H668__Samsung_A52_H668_03__x331_y455__t256.png
20.6697940826416,8.61365795135498,7.007129192352295,5.037032127380371,3.089336395263672,0.23412832617759705,71.33333333333333,115.33333333333333,159.66666666666666,32.60374273138673,30.39287879528133,1.7343383819450617,0.5765887501598732,129.5132042712041,115.36246201927251,102.41017449431374,data/tiles/train/H668/H668__Samsung_A52_H668_03__x587_y455__t256.png
19.076566696166992,7.830437183380127,6.100736141204834,4.160183906555176,2.363980531692505,0.2388739138841629,82.0,122.0,161.0,29.24886586680758,28.38826750285847,1.5319626419291446,0.6527574319571765,136.6661463482318,121.52581646634407,107.54451324210417,data/tiles/train/H668/H668__Samsung_A52_H668_03__x843_y455__t256.png
17.562917709350586,7.516812324523926,5.633061408996582,3.6648178100585938,1.9902292490005493,0.2244555503129959,96.66666666666667,136.33333333333334,171.33333333333334,27.59677141304967,26.64163705141439,2.018336045394601,0.49545763317351443,150.94637995317782,135.08261510448278,120.52836209138992,data/tiles/train/H668/H668__Samsung_A52_H668_03__x1099_y455__t256.png
8.383329391479492,4.918606281280518,4.19257116317749,2.853376865386963,1.5132983922958374,0.206710085272789,131.0,153.66666666666666,174.66666666666666,16.33970527025576,13.59030123836391,1.8172545028400753,0.5502806560320316,169.45966366073606,153.2392326172487,137.73427109083946,data/tiles/train/H668/H668__Samsung_A52_H668_03__x75_y711__t256.png
15.364019393920898,7.384110927581787,6.025276184082031,4.033340930938721,2.1492879390716553,0.21199990808963776,99.33333333333333,136.33333333333334,171.0,26.38921300236279,23.63735425167343,1.9438716910190985,0.5144372463574166,150.6830949239636,135.42005763488646,121.85412471356156,data/tiles/train/H668/H668__Samsung_A52_H668_03__x331_y711__t256.png
18.306888580322266,7.6891069412231445,6.156360149383545,4.479520797729492,2.4088146686553955,0.222690612077713,87.0,128.0,165.33333333333334,29.05289831511426,26.847207075114287,1.8199524666946363,0.5494648999356457,141.80360985768831,126.72027073932662,113.44963554321416,data/tiles/train/H668/H668__Samsung_A52_H668_03__x587_y711__t256.png
17.717737197875977,7.448246479034424,5.965445518493652,4.017853260040283,1.9244524240493774,0.2281574010848999,91.66666666666667,130.33333333333334,167.33333333333334,27.95111397070665,26.333443929106313,1.7919139722964692,0.5580625049306506,145.40608194844395,129.69114942927524,115.68604933560005,data/tiles/train/H668/H668__Samsung_A52_H668_03__x843_y711__t256.png
16.44597816467285,6.6956658363342285,5.047093391418457,3.346097946166992,1.8865432739257812,0.2145141214132309,106.66666666666667,143.33333333333334,175.33333333333334,25.4002057779062,24.62022460057339,1.871448227136967,0.5343455327801662,157.79044876576404,141.5651811889604,127.2837268201294,data/tiles/train/H668/H668__Samsung_A52_H668_03__x1099_y711__t256.png
6.910012245178223,4.2062087059021,3.7572743892669678,2.685227155685425,1.6458383798599243,0.18690231442451477,142.0,161.16666666666669,180.0,14.322233739962279,11.254908605228222,1.6955764065920282,0.5897699426060777,176.37703177752255,160.7316661445825,146.26262573526853,data/tiles/train/H668/H668__Samsung_A52_H668_04__x97_y196__t256.png
9.116743087768555,4.984866142272949,4.304234027862549,3.0366814136505127,1.8546262979507446,0.2029203176498413,123.66666666666667,147.0,170.0,17.3009196907911,14.287539122559247,1.9317204797599496,0.5176732402424328,162.16048546723616,146.58559919436053,132.32630135083517,data/tiles/train/H668/H668__Samsung_A52_H668_04__x353_y196__t256.png
12.125032424926758,5.580772876739502,4.5260090827941895,3.134145498275757,1.6365184783935547,0.21400992572307587,114.33333333333333,141.33333333333334,166.66666666666666,19.676131016552922,17.883973766360384,1.6240432138529846,0.6157471620644476,156.30499201000487,140.9146981171403,126.10633641353435,data/tiles/train/H668/H668__Samsung_A52_H668_04__x609_y196__t256.png
12.858158111572266,5.905979156494141,4.839961051940918,3.2316555976867676,1.7050790786743164,0.21939504146575928,111.0,139.33333333333334,168.0,21.246335231239097,19.40226298063584,1.590640210173353,0.6286776818568021,155.00711175868588,139.26473088064387,124.38968968448076,data/tiles/train/H668/H668__Samsung_A52_H668_04__x865_y196__t256.png
11.079079627990723,5.414642810821533,4.3996124267578125,3.0096089839935303,1.9202123880386353,0.1989637166261673,124.96666666666685,153.0,178.33333333333334,19.87250924595411,17.046317276041723,1.897706230044736,0.5269519508171854,167.69644035422817,151.95917694044104,137.384945303004,data/tiles/train/H668/H668__Samsung_A52_H668_04__x1121_y196__t256.png
8.767427444458008,5.11962366104126,4.370892524719238,3.009612798690796,1.7374588251113892,0.20689643919467926,126.0,149.33333333333334,171.33333333333334,17.00034706498264,14.134078049364415,1.6507227362989838,0.6057952544120511,165.04966496545498,149.03701003367703,134.13765927160364,data/tiles/train/H668/H668__Samsung_A52_H668_04__x97_y452__t256.png
17.376781463623047,8.206456184387207,6.867739200592041,4.628696918487549,2.3017349243164062,0.22072474658489227,86.33333333333333,127.66666666666667,166.33333333333334,29.521827973380923,26.508399095430537,1.6965993198804712,0.5894143586421171,141.56078029460812,126.86968454697053,113.46300027793218,data/tiles/train/H668/H668__Samsung_A52_H668_04__x353_y452__t256.png
21.67000389099121,9.134420394897461,7.294442653656006,4.8982157707214355,2.525700092315674,0.22381117939949036,72.0,119.66666666666667,164.0,33.99256347974221,31.89665265368571,1.7841171651107202,0.560501305382565,132.76065021448048,118.6731560757889,106.0899081294177,data/tiles/train/H668/H668__Samsung_A52_H668_04__x609_y452__t256.png
20.058340072631836,8.412354469299316,6.534576416015625,4.509326934814453,2.660383462905884,0.22804999351501465,79.0,123.0,164.0,31.291562830978172,29.731144824342906,1.8560496266829793,0.5387786973062461,136.72765321894374,122.07999166391691,108.78466855386326,data/tiles/train/H668/H668__Samsung_A52_H668_04__x865_y452__t256.png
17.34881591796875,7.487820148468018,5.616403579711914,3.714979648590088,2.0337517261505127,0.21366816759109497,98.0,137.33333333333334,172.0,27.37669745682915,26.498706992486575,1.7660973759114198,0.5662201946729781,151.04958993605783,135.85423616902975,121.93124478732277,data/tiles/train/H668/H668__Samsung_A52_H668_04__x1121_y452__t256.png
9.757429122924805,5.2362236976623535,4.344409465789795,2.8843636512756348,1.4714934825897217,0.20603251457214355,127.33333333333333,152.0,175.0,17.70495751284973,15.44609038830849,1.922833488746562,0.520065832976453,167.55413869081698,151.4669928347126,136.28485920990997,data/tiles/train/H668/H668__Samsung_A52_H668_04__x97_y708__t256.png
16.572450637817383,7.46533727645874,5.88532018661499,3.781506299972534,1.9765793085098267,0.2122209370136261,98.0,137.33333333333334,171.33333333333334,27.033303785933846,25.01059719759445,1.8766708131719085,0.5328585029304216,150.97086368366286,135.56486298994102,122.0662330905307,data/tiles/train/H668/H668__Samsung_A52_H668_04__x353_y708__t256.png
19.166196823120117,8.344278335571289,6.754933834075928,4.5605082511901855,2.2122268676757812,0.21966423094272614,84.66666666666667,128.33333333333334,168.0,30.764784991482312,28.527571615906172,1.824545266560577,0.5480817704704499,141.92113400270992,126.91752075878122,113.89672723482612,data/tiles/train/H668/H668__Samsung_A52_H668_04__x609_y708__t256.png
17.99268341064453,7.595235824584961,6.140138626098633,4.137923240661621,2.0582025051116943,0.2239076942205429,90.33333333333333,129.33333333333334,167.33333333333334,28.479970002350008,26.85159992850174,1.6974714073493626,0.5891115430106248,144.10182984996965,128.66729685196427,115.14919781458677,data/tiles/train/H668/H668__Samsung_A52_H668_04__x865_y708__t256.png
16.453710556030273,6.718780517578125,5.029318809509277,3.2535042762756348,1.9279861450195312,0.2104054093360901,105.33333333333333,142.33333333333334,174.33333333333334,25.417598935281937,24.578186448104425,1.9060464363521958,0.5246461895827714,156.4651521720281,140.7457903407613,126.73186508280587,data/tiles/train/H668/H668__Samsung_A52_H668_04__x1121_y708__t256.png
